country,year,iso_code,population,gdp,solar_electricity,wind_electricity,hydro_electricity,other_renewable_electricity,renewables_electricity,renewables_share_energy,renewables_share_elec,solar_share_elec,wind_share_elec,hydro_share_elec,fossil_electricity,electricity_generation,greenhouse_gas_emissions,carbon_intensity_elec
ASEAN (Ember),2000,,,,0.0,0.0,50.43,22.8,73.23,,19.334,0.0,0.0,13.314,305.53,378.76,216.87,572.58
ASEAN (Ember),2001,,,,0.0,0.0,54.33,22.86,77.19,,19.055,0.0,0.0,13.412,327.9,405.09,231.01,570.27
ASEAN (Ember),2002,,,,0.0,0.0,53.3,23.23,76.53,,17.667,0.0,0.0,12.304,356.66,433.19,248.08,572.68
ASEAN (Ember),2003,,,,0.0,0.0,53.21,23.18,76.39,,16.668,0.0,0.0,11.61,381.91,458.3,264.45,577.02
ASEAN (Ember),2004,,,,0.0,0.0,52.99,24.96,77.95,,15.696,0.0,0.0,10.67,418.66,496.61,289.84,583.64
ASEAN (Ember),2005,,,,0.0,0.02,53.88,25.29,79.19,,15.151,0.0,0.004,10.308,443.49,522.68,305.9,585.25
ASEAN (Ember),2006,,,,0.04,0.05,60.52,25.65,86.26,,15.765,0.007,0.009,11.061,460.91,547.17,319.81,584.48
ASEAN (Ember),2007,,,,0.04,0.06,63.25,27.47,90.82,,15.686,0.007,0.01,10.924,488.16,578.98,340.56,588.21
ASEAN (Ember),2008,,,,0.04,0.06,69.95,29.56,99.61,,16.493,0.007,0.01,11.582,504.35,603.96,349.38,578.48
ASEAN (Ember),2009,,,,0.04,0.07,73.69,30.49,104.29,,16.698,0.006,0.011,11.799,520.28,624.57,361.99,579.58
ASEAN (Ember),2010,,,,0.07,0.1,80.07,32.98,113.22,,16.484,0.01,0.015,11.657,573.64,686.86,401.35,584.33
ASEAN (Ember),2011,,,,0.1,0.13,99.6,34.86,134.69,,18.783,0.014,0.018,13.89,582.38,717.07,414.38,577.88
ASEAN (Ember),2012,,,,0.52,0.14,115.26,36.45,152.37,,19.621,0.067,0.018,14.842,624.2,776.57,447.75,576.57
ASEAN (Ember),2013,,,,1.43,0.49,127.16,37.06,166.14,,20.342,0.175,0.06,15.569,650.6,816.74,467.96,572.96
ASEAN (Ember),2014,,,,2.21,0.62,130.81,38.8,172.44,,19.959,0.256,0.072,15.141,691.53,863.97,500.48,579.28
ASEAN (Ember),2015,,,,2.84,1.2,121.66,41.07,166.77,,18.382,0.313,0.132,13.41,740.46,907.23,539.62,594.8
ASEAN (Ember),2016,,,,5.13,1.57,144.13,43.8,194.63,,20.079,0.529,0.162,14.869,774.71,969.34,573.15,591.28
ASEAN (Ember),2017,,,,6.3,2.55,179.46,47.77,236.08,,23.423,0.625,0.253,17.806,771.81,1007.89,576.41,571.9
ASEAN (Ember),2018,,,,6.78,3.47,187.37,53.28,250.9,,23.426,0.633,0.324,17.495,820.11,1071.01,618.88,577.85
ASEAN (Ember),2019,,,,13.21,5.91,162.11,53.8,235.03,,20.944,1.177,0.527,14.446,887.16,1122.19,670.69,597.66
ASEAN (Ember),2020,,,,20.1,5.7,177.4,55.3,258.5,,23.212,1.805,0.512,15.93,855.13,1113.63,656.18,589.23
ASEAN (Ember),2021,,,,36.27,8.59,194.75,58.88,298.49,,25.801,3.135,0.743,16.834,858.4,1156.89,661.06,571.41
ASEAN (Ember),2022,,,,37.4,13.5,225.39,66.51,342.8,,28.061,3.062,1.105,18.45,878.82,1221.62,677.01,554.19
ASEAN (Ember),2023,,,,38.55,17.16,207.67,69.6,332.98,,26.165,3.029,1.348,16.318,939.65,1272.63,723.78,568.73
ASEAN (Ember),2024,,,,41.41,18.1,221.4,69.03,349.94,,25.881,3.063,1.339,16.374,1002.17,1352.11,773.03,571.72
ASEAN (Ember),2025,,,,46.33,19.73,238.88,64.18,369.12,,26.946,3.382,1.44,17.438,1000.73,1369.85,773.98,565.01
Afghanistan,2000,AFG,20130334.0,11283794151.0,0.0,0.0,0.31,0.0,0.31,,64.583,0.0,0.0,64.583,0.17,0.48,0.12,250.0
Afghanistan,2001,AFG,20284303.0,11021272927.0,0.0,0.0,0.5,0.0,0.5,,72.464,0.0,0.0,72.464,0.19,0.69,0.15,217.39
Afghanistan,2002,AFG,21378123.0,18804871508.0,0.0,0.0,0.56,0.0,0.56,,78.873,0.0,0.0,78.873,0.15,0.71,0.12,169.01
Afghanistan,2003,AFG,22733053.0,21074343420.0,0.0,0.0,0.63,0.0,0.63,,69.231,0.0,0.0,69.231,0.28,0.91,0.22,241.76
Afghanistan,2004,AFG,23560656.0,22332570533.0,0.0,0.0,0.56,0.0,0.56,,70.886,0.0,0.0,70.886,0.23,0.79,0.18,227.85
Afghanistan,2005,AFG,24404575.0,25397686814.0,0.0,0.0,0.59,0.0,0.59,,71.951,0.0,0.0,71.951,0.23,0.82,0.18,219.51
Afghanistan,2006,AFG,25424100.0,28704399925.0,0.0,0.0,0.64,0.0,0.64,,71.111,0.0,0.0,71.111,0.26,0.9,0.23,255.56
Afghanistan,2007,AFG,25909852.0,34507529735.0,0.0,0.0,0.75,0.0,0.75,,74.257,0.0,0.0,74.257,0.26,1.01,0.23,227.72
Afghanistan,2008,AFG,26482631.0,36561043230.0,0.0,0.0,0.54,0.0,0.54,,69.231,0.0,0.0,69.231,0.24,0.78,0.2,256.41
Afghanistan,2009,AFG,27466102.0,44358722212.0,0.0,0.0,0.78,0.0,0.78,,87.64,0.0,0.0,87.64,0.11,0.89,0.1,112.36
Afghanistan,2010,AFG,28284088.0,47399425562.0,0.0,0.0,0.75,0.0,0.75,,85.227,0.0,0.0,85.227,0.13,0.88,0.12,136.36
Afghanistan,2011,AFG,29347708.0,53326336000.0,0.0,0.0,0.6,0.0,0.6,,77.922,0.0,0.0,77.922,0.17,0.77,0.15,194.81
Afghanistan,2012,AFG,30560036.0,59166900000.0,0.03,0.0,0.71,0.0,0.74,,84.091,3.409,0.0,80.682,0.14,0.88,0.13,147.73
Afghanistan,2013,AFG,31622709.0,62993700000.0,0.03,0.0,0.86,0.0,0.89,,80.18,2.703,0.0,77.477,0.22,1.11,0.2,180.18
Afghanistan,2014,AFG,32792528.0,64346106000.0,0.03,0.0,0.97,0.0,1.0,,86.207,2.586,0.0,83.621,0.16,1.16,0.15,129.31
Afghanistan,2015,AFG,33831767.0,62783392000.0,0.03,0.0,1.0,0.0,1.03,,87.288,2.542,0.0,84.746,0.15,1.18,0.14,118.64
Afghanistan,2016,AFG,34700613.0,64372217488.0,0.04,0.0,1.02,0.0,1.06,,87.603,3.306,0.0,84.298,0.15,1.21,0.14,115.7
Afghanistan,2017,AFG,35688941.0,65169281649.0,0.04,0.0,1.05,0.0,1.09,,86.508,3.175,0.0,83.333,0.17,1.26,0.16,126.98
Afghanistan,2018,AFG,36743040.0,65996738862.0,0.04,0.0,0.93,0.0,0.97,,82.906,3.419,0.0,79.487,0.2,1.17,0.18,153.85
Afghanistan,2019,AFG,37856125.0,73085701943.0,0.06,0.0,1.22,0.0,1.28,,87.671,4.11,0.0,83.562,0.18,1.46,0.17,116.44
Afghanistan,2020,AFG,39068977.0,71417706295.0,0.07,0.0,0.99,0.0,1.06,,89.831,5.932,0.0,83.898,0.12,1.18,0.11,93.22
Afghanistan,2021,AFG,40000410.0,56638852656.0,0.08,0.0,0.85,0.0,0.93,,87.736,7.547,0.0,80.189,0.13,1.06,0.12,113.21
Afghanistan,2022,AFG,40578847.0,53303471617.0,0.09,0.0,0.74,0.0,0.83,,86.458,9.375,0.0,77.083,0.13,0.96,0.12,125.0
Afghanistan,2023,AFG,41454762.0,53303471617.0,0.09,0.0,0.75,0.0,0.84,,86.598,9.278,0.0,77.32,0.13,0.97,0.12,123.71
Afghanistan,2024,AFG,42647502.0,53303471617.0,0.11,0.0,0.75,0.0,0.86,,86.869,11.111,0.0,75.758,0.13,0.99,0.13,131.31
Albania,2000,ALB,3166147.0,14736835655.0,0.0,0.0,4.55,0.0,4.55,,96.195,0.0,0.0,96.195,0.18,4.73,0.23,48.63
Albania,2001,ALB,3147943.0,16103903904.0,0.0,0.0,3.52,0.0,3.52,,95.393,0.0,0.0,95.393,0.17,3.69,0.19,51.49
Albania,2002,ALB,3134095.0,17037279441.0,0.0,0.0,3.48,0.0,3.48,,93.801,0.0,0.0,93.801,0.23,3.71,0.23,62.0
Albania,2003,ALB,3118093.0,18171076149.0,0.0,0.0,5.12,0.0,5.12,,97.897,0.0,0.0,97.897,0.11,5.23,0.19,36.33
Albania,2004,ALB,3098662.0,19346601376.0,0.0,0.0,5.41,0.0,5.41,,97.477,0.0,0.0,97.477,0.14,5.55,0.22,39.64
Albania,2005,ALB,3076156.0,20562850324.0,0.0,0.0,5.32,0.0,5.32,,98.701,0.0,0.0,98.701,0.07,5.39,0.18,33.4
Albania,2006,ALB,3050805.0,21889974405.0,0.0,0.0,4.95,0.0,4.95,,98.214,0.0,0.0,98.214,0.09,5.04,0.18,35.71
Albania,2007,ALB,3022887.0,23259283502.0,0.0,0.0,2.76,0.0,2.76,,97.527,0.0,0.0,97.527,0.07,2.83,0.12,42.4
Albania,2008,ALB,2992933.0,25006230217.0,0.0,0.0,3.76,0.0,3.76,,100.0,0.0,0.0,100.0,0.0,3.76,0.09,23.94
Albania,2009,ALB,2961487.0,25821550979.0,0.0,0.0,5.2,0.0,5.2,,100.0,0.0,0.0,100.0,0.0,5.2,0.12,23.08
Albania,2010,ALB,2928731.0,26747818608.0,0.0,0.0,7.57,0.0,7.57,,100.0,0.0,0.0,100.0,0.0,7.57,0.18,23.78
Albania,2011,ALB,2911499.0,27431048326.0,0.0,0.0,4.13,0.0,4.13,,98.568,0.0,0.0,98.568,0.06,4.19,0.14,33.41
Albania,2012,ALB,2910003.0,27819814441.0,0.0,0.0,4.72,0.0,4.72,,100.0,0.0,0.0,100.0,0.0,4.72,0.11,23.31
Albania,2013,ALB,2907571.0,28098562696.0,0.0,0.0,6.96,0.0,6.96,,100.0,0.0,0.0,100.0,0.0,6.96,0.17,24.43
Albania,2014,ALB,2903748.0,28597169040.0,0.0,0.0,4.72,0.0,4.72,,100.0,0.0,0.0,100.0,0.0,4.72,0.11,23.31
Albania,2015,ALB,2898634.0,29231663899.0,0.0,0.0,5.89,0.0,5.89,,100.0,0.0,0.0,100.0,0.0,5.89,0.14,23.77
Albania,2016,ALB,2897868.0,30200694449.0,0.0,0.0,7.78,0.0,7.78,,100.0,0.0,0.0,100.0,0.0,7.78,0.18,23.14
Albania,2017,ALB,2898245.0,31348975722.0,0.0,0.0,4.53,0.0,4.53,,100.0,0.0,0.0,100.0,0.0,4.53,0.11,24.28
Albania,2018,ALB,2894229.0,32609000823.0,0.0,0.0,8.55,0.0,8.55,,100.0,0.0,0.0,100.0,0.0,8.55,0.2,23.39
Albania,2019,ALB,2885011.0,33289747424.0,0.02,0.0,5.18,0.0,5.2,,100.0,0.385,0.0,99.615,0.0,5.2,0.12,23.08
Albania,2020,ALB,2871950.0,32130726850.0,0.03,0.0,5.28,0.0,5.31,,100.0,0.565,0.0,99.435,0.0,5.31,0.13,24.48
Albania,2021,ALB,2849641.0,34866976278.0,0.04,0.0,8.9,0.0,8.94,,100.0,0.447,0.0,99.553,0.0,8.94,0.21,23.49
Albania,2022,ALB,2827614.0,36171005594.0,0.16,0.0,6.81,0.0,6.97,,100.0,2.296,0.0,97.704,0.0,6.97,0.17,24.39
Albania,2023,ALB,2811660.0,36171005594.0,0.3,0.0,8.71,0.0,9.01,,100.0,3.33,0.0,96.67,0.0,9.01,0.22,24.42
Albania,2024,ALB,2791756.0,36171005594.0,0.34,0.0,8.0,0.0,8.34,,100.0,4.077,0.0,95.923,0.0,8.34,0.21,25.18
Algeria,1965,DZA,12365979.0,35661973735.0,0.0,0.0,0.4,0.0,0.4,4.487,,,,,,,,
Algeria,1966,DZA,12590068.0,33932634033.0,0.0,0.0,0.355,0.0,0.355,3.313,,,,,,,,
Algeria,1967,DZA,12876115.0,37094770661.0,0.0,0.0,0.41,0.0,0.41,4.042,,,,,,,,
Algeria,1968,DZA,13172615.0,41423886061.0,0.0,0.0,0.563,0.0,0.563,5.171,,,,,,,,
Algeria,1969,DZA,13475959.0,45387458950.0,0.0,0.0,0.361,0.0,0.361,2.996,,,,,,,,
Algeria,1970,DZA,13783722.0,49945666845.0,0.0,0.0,0.58,0.0,0.58,4.395,,,,,,,,
Algeria,1971,DZA,14098937.0,45701215972.0,0.0,0.0,0.33,0.0,0.33,2.311,,,,,,,,
Algeria,1972,DZA,14427075.0,55293908511.0,0.0,0.0,0.495,0.0,0.495,3.086,,,,,,,,
Algeria,1973,DZA,14771150.0,57097847688.0,0.0,0.0,0.752,0.0,0.752,3.933,,,,,,,,
Algeria,1974,DZA,15133508.0,60577884755.0,0.0,0.0,0.497,0.0,0.497,2.347,,,,,,,,
Algeria,1975,DZA,15678603.0,64883812851.0,0.0,0.0,0.328,0.0,0.328,1.296,,,,,,,,
Algeria,1976,DZA,16409171.0,69150103648.0,0.0,0.0,0.389,0.0,0.389,1.317,,,,,,,,
Algeria,1977,DZA,17015988.0,75438035015.0,0.0,0.0,0.269,0.0,0.269,0.829,,,,,,,,
Algeria,1978,DZA,17506977.0,85103913585.0,0.0,0.0,0.25,0.0,0.25,0.613,,,,,,,,
Algeria,1979,DZA,18036655.0,92753892187.0,0.0,0.0,0.291,0.0,0.291,0.544,,,,,,,,
Algeria,1980,DZA,18607175.0,94481648187.0,0.0,0.0,0.257,0.0,0.257,0.403,,,,,,,,
Algeria,1981,DZA,19220708.0,96860512464.0,0.0,0.0,0.366,0.0,0.366,0.473,,,,,,,,
Algeria,1982,DZA,19872353.0,103073663847.0,0.0,0.0,0.479,0.0,0.479,0.536,,,,,,,,
Algeria,1983,DZA,20558120.0,108430390837.0,0.0,0.0,0.235,0.0,0.235,0.241,,,,,,,,
Algeria,1984,DZA,21271969.0,114406671796.0,0.0,0.0,0.452,0.0,0.452,0.483,,,,,,,,
Algeria,1985,DZA,22008542.0,120364208777.0,0.0,0.0,0.646,0.0,0.646,0.684,5.263,0.0,0.0,5.263,,12.274,,
Algeria,1986,DZA,22745501.0,119145030269.0,0.0,0.0,0.25,0.0,0.25,0.25,1.926,0.0,0.0,1.926,,12.981,,
Algeria,1987,DZA,23443627.0,118321211437.0,0.0,0.0,0.499,0.0,0.499,0.486,3.922,0.0,0.0,3.922,,12.722,,
Algeria,1988,DZA,24109538.0,115821713281.0,0.0,0.0,0.183,0.0,0.183,0.166,1.31,0.0,0.0,1.31,,13.966,,
Algeria,1989,DZA,24754488.0,119762433617.0,0.0,0.0,0.226,0.0,0.226,0.211,1.475,0.0,0.0,1.475,,15.324,,
Algeria,1990,DZA,25375815.0,117843179781.0,0.0,0.0,0.135,0.0,0.135,0.119,0.838,0.0,0.0,0.838,,16.104,,
Algeria,1991,DZA,25987937.0,121105141795.0,0.0,0.0,0.293,0.0,0.293,0.261,1.689,0.0,0.0,1.689,,17.345,,
Algeria,1992,DZA,26628570.0,127982696018.0,0.0,0.0,0.199,0.0,0.199,0.173,1.088,0.0,0.0,1.088,,18.286,,
Algeria,1993,DZA,27277042.0,130275774703.0,0.0,0.0,0.353,0.0,0.353,0.329,1.818,0.0,0.0,1.818,,19.414,,
Algeria,1994,DZA,27887277.0,134279859768.0,0.0,0.0,0.166,0.0,0.166,0.153,0.835,0.0,0.0,0.835,,19.883,,
Algeria,1995,DZA,28470194.0,145054664533.0,0.0,0.0,0.193,0.0,0.193,0.171,0.979,0.0,0.0,0.979,,19.715,,
Algeria,1996,DZA,29033045.0,156579113896.0,0.0,0.0,0.135,0.0,0.135,0.121,0.654,0.0,0.0,0.654,,20.654,,
Algeria,1997,DZA,29579299.0,164644463404.0,0.0,0.0,0.075,0.0,0.075,0.07,0.349,0.0,0.0,0.349,,21.497,,
Algeria,1998,DZA,30054135.0,179962887740.0,0.0,0.0,0.215,0.0,0.215,0.194,0.924,0.0,0.0,0.924,,23.262,,
Algeria,1999,DZA,30474360.0,193179776879.0,0.0,0.0,0.203,0.0,0.203,0.181,0.82,0.0,0.0,0.82,,24.757,,
Algeria,2000,DZA,30903894.0,208554150552.0,0.0,0.0,0.05,0.0,0.05,0.05,0.197,0.0,0.0,0.197,25.35,25.4,16.22,638.58
Algeria,2001,DZA,31331226.0,223420294027.0,0.0,0.0,0.07,0.0,0.07,0.061,0.263,0.0,0.0,0.263,26.55,26.62,16.99,638.24
Algeria,2002,DZA,31750832.0,245360923720.0,0.0,0.0,0.06,0.0,0.06,0.049,0.217,0.0,0.0,0.217,27.59,27.65,17.64,637.98
Algeria,2003,DZA,32175813.0,273568638765.0,0.0,0.0,0.26,0.0,0.26,0.214,0.879,0.0,0.0,0.879,29.31,29.57,18.75,634.09
Algeria,2004,DZA,32628286.0,296773569597.0,0.0,0.0,0.25,0.0,0.25,0.194,0.8,0.0,0.0,0.8,31.0,31.25,19.83,634.56
Algeria,2005,DZA,33109258.0,326854481030.0,0.0,0.0,0.55,0.0,0.55,0.408,1.622,0.0,0.0,1.622,33.36,33.91,21.34,629.31
Algeria,2006,DZA,33623505.0,345705309468.0,0.0,0.0,0.22,0.0,0.22,0.153,0.624,0.0,0.0,0.624,35.01,35.23,22.4,635.82
Algeria,2007,DZA,34189420.0,371665260161.0,0.0,0.0,0.22,0.0,0.22,0.15,0.592,0.0,0.0,0.592,36.97,37.19,23.65,635.92
Algeria,2008,DZA,34816963.0,395658515586.0,0.0,0.0,0.28,0.0,0.28,0.176,0.696,0.0,0.0,0.696,39.95,40.23,25.56,635.35
Algeria,2009,DZA,35490442.0,418247711085.0,0.0,0.0,0.3,0.0,0.3,0.2,0.779,0.0,0.0,0.779,38.2,38.5,24.43,634.55
Algeria,2010,DZA,36188237.0,450705801593.0,0.0,0.0,0.17,0.0,0.17,0.108,0.372,0.0,0.0,0.372,45.56,45.73,29.13,637.0
Algeria,2011,DZA,36903374.0,482028679734.0,0.0,0.0,0.5,0.0,0.5,0.221,0.976,0.0,0.0,0.976,50.72,51.22,32.44,633.35
Algeria,2012,DZA,37646165.0,498417638719.0,0.0,0.0,0.62,0.0,0.62,0.211,1.08,0.0,0.0,1.08,56.78,57.4,36.32,632.75
Algeria,2013,DZA,38414176.0,512373332647.0,0.0,0.0,0.33,0.0,0.33,0.061,0.551,0.0,0.0,0.551,59.56,59.89,38.09,636.0
Algeria,2014,DZA,39205035.0,531843509827.0,0.0,0.0,0.25,0.0,0.25,0.11,0.389,0.0,0.0,0.389,64.02,64.27,40.94,637.0
Algeria,2015,DZA,40019528.0,551521739825.0,0.06,0.02,0.14,0.0,0.22,0.091,0.32,0.087,0.029,0.203,68.62,68.84,43.88,637.42
Algeria,2016,DZA,40850719.0,569170418715.0,0.09,0.03,0.22,0.0,0.34,0.137,0.479,0.127,0.042,0.31,70.7,71.04,45.21,636.4
Algeria,2017,DZA,41689302.0,577138830559.0,0.57,0.01,0.06,0.0,0.64,0.232,0.841,0.749,0.013,0.079,75.43,76.07,48.24,634.15
Algeria,2018,DZA,42505033.0,584064441740.0,0.69,0.01,0.12,0.0,0.82,0.271,1.068,0.899,0.013,0.156,75.93,76.75,48.56,632.7
Algeria,2019,DZA,43294551.0,589905104177.0,0.71,0.01,0.15,0.0,0.87,0.277,1.066,0.87,0.012,0.184,80.74,81.61,51.64,632.77
Algeria,2020,DZA,44042094.0,559819958223.0,0.82,0.01,0.05,0.0,0.88,0.283,1.109,1.033,0.013,0.063,78.49,79.37,50.21,632.61
Algeria,2021,DZA,44761099.0,578853830170.0,0.79,0.01,0.01,0.0,0.81,0.238,0.946,0.923,0.012,0.012,84.79,85.6,54.23,633.53
Algeria,2022,DZA,45477391.0,595820067103.0,0.83,0.01,0.02,0.0,0.86,0.228,0.94,0.907,0.011,0.022,90.61,91.47,57.96,633.65
Algeria,2023,DZA,46164222.0,595820067103.0,0.87,0.02,0.02,0.0,0.91,0.227,0.949,0.907,0.021,0.021,94.97,95.88,60.75,633.61
Algeria,2024,DZA,46814302.0,595820067103.0,0.99,0.02,0.02,0.0,1.03,0.242,1.069,1.027,0.021,0.021,95.33,96.36,60.99,632.94
American Samoa,2000,ASM,56877.0,,0.0,0.0,0.0,0.0,0.0,,0.0,0.0,0.0,0.0,0.17,0.17,0.11,647.06
American Samoa,2001,ASM,57072.0,,0.0,0.0,0.0,0.0,0.0,,0.0,0.0,0.0,0.0,0.17,0.17,0.11,647.06
American Samoa,2002,ASM,57081.0,,0.0,0.0,0.0,0.0,0.0,,0.0,0.0,0.0,0.0,0.18,0.18,0.12,666.67
American Samoa,2003,ASM,56988.0,,0.0,0.0,0.0,0.0,0.0,,0.0,0.0,0.0,0.0,0.19,0.19,0.13,684.21
American Samoa,2004,ASM,56841.0,,0.0,0.0,0.0,0.0,0.0,,0.0,0.0,0.0,0.0,0.19,0.19,0.13,684.21
American Samoa,2005,ASM,56638.0,,0.0,0.0,0.0,0.0,0.0,,0.0,0.0,0.0,0.0,0.19,0.19,0.13,684.21
American Samoa,2006,ASM,56391.0,,0.0,0.0,0.0,0.0,0.0,,0.0,0.0,0.0,0.0,0.19,0.19,0.13,684.21
American Samoa,2007,ASM,56134.0,,0.0,0.0,0.0,0.0,0.0,,0.0,0.0,0.0,0.0,0.19,0.19,0.13,684.21
American Samoa,2008,ASM,55848.0,,0.0,0.0,0.0,0.0,0.0,,0.0,0.0,0.0,0.0,0.19,0.19,0.13,684.21
American Samoa,2009,ASM,55542.0,,0.0,0.0,0.0,0.0,0.0,,0.0,0.0,0.0,0.0,0.18,0.18,0.12,666.67
American Samoa,2010,ASM,55246.0,,0.0,0.0,0.0,0.0,0.0,,0.0,0.0,0.0,0.0,0.16,0.16,0.11,687.5
American Samoa,2011,ASM,54917.0,,0.0,0.0,0.0,0.0,0.0,,0.0,0.0,0.0,0.0,0.16,0.16,0.11,687.5
American Samoa,2012,ASM,54506.0,,0.0,0.0,0.0,0.0,0.0,,0.0,0.0,0.0,0.0,0.16,0.16,0.11,687.5
American Samoa,2013,ASM,54026.0,,0.0,0.0,0.0,0.0,0.0,,0.0,0.0,0.0,0.0,0.15,0.15,0.1,666.67
American Samoa,2014,ASM,53489.0,,0.0,0.0,0.0,0.0,0.0,,0.0,0.0,0.0,0.0,0.15,0.15,0.1,666.67
American Samoa,2015,ASM,52896.0,,0.0,0.0,0.0,0.0,0.0,,0.0,0.0,0.0,0.0,0.16,0.16,0.11,687.5
American Samoa,2016,ASM,52260.0,,0.0,0.0,0.0,0.0,0.0,,0.0,0.0,0.0,0.0,0.17,0.17,0.11,647.06
American Samoa,2017,ASM,51605.0,,0.0,0.0,0.0,0.0,0.0,,0.0,0.0,0.0,0.0,0.16,0.16,0.11,687.5
American Samoa,2018,ASM,50927.0,,0.0,0.0,0.0,0.0,0.0,,0.0,0.0,0.0,0.0,0.16,0.16,0.11,687.5
American Samoa,2019,ASM,50230.0,,0.0,0.0,0.0,0.0,0.0,,0.0,0.0,0.0,0.0,0.16,0.16,0.11,687.5
American Samoa,2020,ASM,49779.0,,0.0,0.0,0.0,0.0,0.0,,0.0,0.0,0.0,0.0,0.17,0.17,0.11,647.06
American Samoa,2021,ASM,49249.0,,0.0,0.0,0.0,0.0,0.0,,0.0,0.0,0.0,0.0,0.17,0.17,0.11,647.06
American Samoa,2022,ASM,48365.0,,0.01,0.0,0.0,0.0,0.01,,5.556,5.556,0.0,0.0,0.17,0.18,0.11,611.11
American Samoa,2023,ASM,47544.0,,0.0,0.0,0.0,0.0,0.0,,0.0,0.0,0.0,0.0,0.17,0.17,0.11,647.06
American Samoa,2024,ASM,46792.0,,0.01,0.0,0.0,0.0,0.01,,5.556,5.556,0.0,0.0,0.17,0.18,0.11,611.11
Angola,2000,AGO,16194873.0,23512184116.0,0.0,0.0,0.91,0.0,0.91,,63.194,0.0,0.0,63.194,0.53,1.44,0.37,256.94
Angola,2001,AGO,16747204.0,26015021059.0,0.0,0.0,1.02,0.0,1.02,,62.195,0.0,0.0,62.195,0.62,1.64,0.43,262.2
Angola,2002,AGO,17327701.0,31389808151.0,0.0,0.0,1.14,0.0,1.14,,64.773,0.0,0.0,64.773,0.62,1.76,0.44,250.0
Angola,2003,AGO,17943718.0,35081368421.0,0.0,0.0,1.24,0.0,1.24,,62.312,0.0,0.0,62.312,0.75,1.99,0.52,261.31
Angola,2004,AGO,18600426.0,41307235678.0,0.0,0.0,1.75,0.0,1.75,,78.125,0.0,0.0,78.125,0.49,2.24,0.36,160.71
Angola,2005,AGO,19291160.0,51967661783.0,0.0,0.0,2.22,0.0,2.22,,84.411,0.0,0.0,84.411,0.41,2.63,0.32,121.67
Angola,2006,AGO,20015281.0,66749579296.0,0.0,0.0,2.54,0.0,2.54,,85.235,0.0,0.0,85.235,0.44,2.98,0.35,117.45
Angola,2007,AGO,20778570.0,87086353818.0,0.0,0.0,2.49,0.0,2.49,,76.852,0.0,0.0,76.852,0.75,3.24,0.55,169.75
Angola,2008,AGO,21578656.0,105593132748.0,0.0,0.0,3.15,0.0,3.15,,77.778,0.0,0.0,77.778,0.9,4.05,0.66,162.96
Angola,2009,AGO,22414775.0,115247846475.0,0.0,0.0,3.27,0.0,3.27,,66.599,0.0,0.0,66.599,1.64,4.91,1.16,236.25
Angola,2010,AGO,23294822.0,126984175354.0,0.01,0.0,3.7,0.0,3.71,,67.949,0.183,0.0,67.766,1.75,5.46,1.24,227.11
Angola,2011,AGO,24218358.0,140477268750.0,0.01,0.0,4.01,0.0,4.02,,71.025,0.177,0.0,70.848,1.64,5.66,1.18,208.48
Angola,2012,AGO,25177398.0,152476849129.0,0.01,0.0,5.47,0.0,5.48,,70.984,0.13,0.0,70.855,2.24,7.72,1.6,207.25
Angola,2013,AGO,26165616.0,160032073258.0,0.01,0.0,4.72,0.0,4.73,,58.037,0.123,0.0,57.914,3.42,8.15,2.36,289.57
Angola,2014,AGO,27160767.0,167750415635.0,0.02,0.0,4.99,0.04,5.05,,52.824,0.209,0.0,52.197,4.51,9.56,3.1,324.27
Angola,2015,AGO,28157802.0,169333972139.0,0.02,0.0,5.28,0.04,5.34,,54.601,0.204,0.0,53.988,4.44,9.78,3.06,312.88
Angola,2016,AGO,29183072.0,164965166058.0,0.02,0.0,6.36,0.05,6.43,,58.561,0.182,0.0,57.924,4.55,10.98,3.15,286.89
Angola,2017,AGO,30234836.0,164717711409.0,0.02,0.0,7.65,0.05,7.72,,71.415,0.185,0.0,70.768,3.09,10.81,2.22,205.37
Angola,2018,AGO,31297160.0,162550037080.0,0.02,0.0,10.37,0.05,10.44,,79.452,0.152,0.0,78.919,2.7,13.14,2.03,154.49
Angola,2019,AGO,32375633.0,161408924528.0,0.02,0.0,11.51,0.05,11.58,,73.198,0.126,0.0,72.756,4.24,15.82,2.95,186.47
Angola,2020,AGO,33451139.0,152308692850.0,0.02,0.0,12.64,0.05,12.71,,75.61,0.119,0.0,75.193,4.1,16.81,2.88,171.33
Angola,2021,AGO,34532427.0,153971902307.0,0.02,0.0,12.64,0.05,12.71,,75.43,0.119,0.0,75.015,4.14,16.85,2.91,172.7
Angola,2022,AGO,35635028.0,158346237030.0,0.39,0.0,12.64,0.05,13.08,,75.563,2.253,0.0,73.021,4.23,17.31,2.98,172.16
Angola,2023,AGO,36749909.0,158346237030.0,0.39,0.0,11.22,0.05,11.66,,74.032,2.476,0.0,71.238,4.09,15.75,2.89,183.49
Angola,2024,AGO,37885854.0,158346237030.0,0.44,0.0,11.0,0.05,11.49,,73.701,2.822,0.0,70.558,4.1,15.59,2.89,185.38
Antigua and Barbuda,2000,ATG,74929.0,,0.0,0.0,0.0,0.0,0.0,,0.0,0.0,0.0,0.0,0.15,0.15,0.1,666.67
Antigua and Barbuda,2001,ATG,76082.0,,0.0,0.0,0.0,0.0,0.0,,0.0,0.0,0.0,0.0,0.17,0.17,0.11,647.06
Antigua and Barbuda,2002,ATG,77049.0,,0.0,0.0,0.0,0.0,0.0,,0.0,0.0,0.0,0.0,0.19,0.19,0.13,684.21
Antigua and Barbuda,2003,ATG,77896.0,,0.0,0.0,0.0,0.0,0.0,,0.0,0.0,0.0,0.0,0.21,0.21,0.14,666.67
Antigua and Barbuda,2004,ATG,78734.0,,0.0,0.0,0.0,0.0,0.0,,0.0,0.0,0.0,0.0,0.22,0.22,0.14,636.36
Antigua and Barbuda,2005,ATG,79628.0,,0.0,0.0,0.0,0.0,0.0,,0.0,0.0,0.0,0.0,0.24,0.24,0.16,666.67
Antigua and Barbuda,2006,ATG,80619.0,,0.0,0.0,0.0,0.0,0.0,,0.0,0.0,0.0,0.0,0.26,0.26,0.17,653.85
Antigua and Barbuda,2007,ATG,81716.0,,0.0,0.0,0.0,0.0,0.0,,0.0,0.0,0.0,0.0,0.29,0.29,0.19,655.17
Antigua and Barbuda,2008,ATG,82926.0,,0.0,0.0,0.0,0.0,0.0,,0.0,0.0,0.0,0.0,0.3,0.3,0.2,666.67
Antigua and Barbuda,2009,ATG,84193.0,,0.0,0.0,0.0,0.0,0.0,,0.0,0.0,0.0,0.0,0.33,0.33,0.22,666.67
Antigua and Barbuda,2010,ATG,85337.0,,0.0,0.0,0.0,0.0,0.0,,0.0,0.0,0.0,0.0,0.33,0.33,0.22,666.67
Antigua and Barbuda,2011,ATG,86350.0,,0.0,0.0,0.0,0.0,0.0,,0.0,0.0,0.0,0.0,0.33,0.33,0.22,666.67
Antigua and Barbuda,2012,ATG,87275.0,,0.0,0.0,0.0,0.0,0.0,,0.0,0.0,0.0,0.0,0.33,0.33,0.22,666.67
Antigua and Barbuda,2013,ATG,88074.0,,0.0,0.0,0.0,0.0,0.0,,0.0,0.0,0.0,0.0,0.33,0.33,0.22,666.67
Antigua and Barbuda,2014,ATG,88784.0,,0.0,0.0,0.0,0.0,0.0,,0.0,0.0,0.0,0.0,0.34,0.34,0.22,647.06
Antigua and Barbuda,2015,ATG,89421.0,,0.01,0.0,0.0,0.0,0.01,,2.857,2.857,0.0,0.0,0.34,0.35,0.22,628.57
Antigua and Barbuda,2016,ATG,89980.0,,0.0,0.0,0.0,0.0,0.0,,0.0,0.0,0.0,0.0,0.34,0.34,0.22,647.06
Antigua and Barbuda,2017,ATG,90483.0,,0.01,0.0,0.0,0.0,0.01,,2.857,2.857,0.0,0.0,0.34,0.35,0.22,628.57
Antigua and Barbuda,2018,ATG,90942.0,,0.01,0.0,0.0,0.0,0.01,,2.778,2.778,0.0,0.0,0.35,0.36,0.23,638.89
Antigua and Barbuda,2019,ATG,91377.0,,0.01,0.0,0.0,0.0,0.01,,2.778,2.778,0.0,0.0,0.35,0.36,0.23,638.89
Antigua and Barbuda,2020,ATG,91864.0,,0.02,0.0,0.0,0.0,0.02,,5.714,5.714,0.0,0.0,0.33,0.35,0.22,628.57
Antigua and Barbuda,2021,ATG,92358.0,,0.02,0.0,0.0,0.0,0.02,,5.714,5.714,0.0,0.0,0.33,0.35,0.22,628.57
Antigua and Barbuda,2022,ATG,92850.0,,0.02,0.0,0.0,0.0,0.02,,5.556,5.556,0.0,0.0,0.34,0.36,0.22,611.11
Antigua and Barbuda,2023,ATG,93331.0,,0.02,0.0,0.0,0.0,0.02,,5.556,5.556,0.0,0.0,0.34,0.36,0.22,611.11
Antigua and Barbuda,2024,ATG,93782.0,,0.03,0.0,0.0,0.0,0.03,,8.108,8.108,0.0,0.0,0.34,0.37,0.22,594.6
Argentina,1965,ARG,22112634.0,226284876533.0,0.0,0.0,1.225,0.0,1.225,1.037,,,,,,,,
Argentina,1966,ARG,22453898.0,227834517023.0,0.0,0.0,1.241,0.0,1.241,1.017,,,,,,,,
Argentina,1967,ARG,22799063.0,233929091015.0,0.0,0.0,1.271,0.0,1.271,1.012,,,,,,,,
Argentina,1968,ARG,23150580.0,243886485849.0,0.0,0.0,1.498,0.0,1.498,1.154,,,,,,,,
Argentina,1969,ARG,23508716.0,264721484806.0,0.0,0.0,1.343,0.0,1.343,1.001,,,,,,,,
Argentina,1970,ARG,23878330.0,278897355187.0,0.0,0.0,1.557,0.056,1.613,1.274,,,,,,,,
Argentina,1971,ARG,24257212.0,292438888324.0,0.0,0.0,1.546,0.059,1.605,1.196,,,,,,,,
Argentina,1972,ARG,24644332.0,301570151738.0,0.0,0.0,1.503,0.076,1.579,1.163,,,,,,,,
Argentina,1973,ARG,25046007.0,319937928734.0,0.0,0.0,2.997,0.06,3.057,2.15,,,,,,,,
Argentina,1974,ARG,25461352.0,340686393609.0,0.0,0.0,4.995,0.061,5.056,3.419,,,,,,,,
Argentina,1975,ARG,25874106.0,337656029605.0,0.0,0.0,5.195,0.064,5.259,3.644,,,,,,,,
Argentina,1976,ARG,26282282.0,336841121953.0,0.0,0.0,5.015,0.061,5.076,3.349,,,,,,,,
Argentina,1977,ARG,26701815.0,357157949062.0,0.0,0.0,5.767,0.064,5.831,3.683,,,,,,,,
Argentina,1978,ARG,27132162.0,341466738351.0,0.0,0.0,7.747,0.064,7.811,4.903,,,,,,,,
Argentina,1979,ARG,27568894.0,365906443800.0,0.0,0.0,10.657,0.095,10.752,6.312,,,,,,,,
Argentina,1980,ARG,28011597.0,371076968671.0,0.0,0.0,15.141,0.099,15.24,9.006,,,,,,,,
Argentina,1981,ARG,28463956.0,349782000000.0,0.0,0.0,14.685,0.087,14.772,9.004,,,,,,,,
Argentina,1982,ARG,28924268.0,338761500000.0,0.0,0.0,17.592,0.115,17.707,10.539,,,,,,,,
Argentina,1983,ARG,29391334.0,350706600000.0,0.0,0.0,18.419,0.155,18.573,10.597,,,,,,,,
Argentina,1984,ARG,29863090.0,357844347000.0,0.0,0.0,19.878,0.115,19.993,11.376,,,,,,,,
Argentina,1985,ARG,30336448.0,334171440000.0,0.0,0.0,20.653,0.12,20.773,11.979,45.853,0.0,0.0,45.588,18.765,45.304,,
Argentina,1986,ARG,30811982.0,358634675000.0,0.0,0.0,21.03,0.124,21.154,11.631,43.152,0.0,0.0,42.899,22.157,49.022,,
Argentina,1987,ARG,31291764.0,367893625000.0,0.0,0.0,21.913,0.106,22.019,11.583,42.25,0.0,0.0,42.046,23.632,52.115,,
Argentina,1988,ARG,31780534.0,360921156000.0,0.0,0.0,15.259,0.123,15.382,7.946,29.3,0.0,0.0,29.065,31.288,52.5,,
Argentina,1989,ARG,32270958.0,338520796000.0,0.0,0.0,13.187,0.106,13.293,7.116,26.136,0.0,0.0,25.927,32.404,50.863,,
Argentina,1990,ARG,32755907.0,338751144000.0,0.0,0.0,17.713,0.133,17.846,9.729,34.989,0.0,0.0,34.728,25.454,51.005,,
Argentina,1991,ARG,33230293.0,376057930424.0,0.0,0.0,15.869,0.131,16.0,8.57,29.71,0.0,0.0,29.467,29.512,53.854,,
Argentina,1992,ARG,33693532.0,416679827242.0,0.0,0.0,19.165,0.13,19.295,9.64,34.39,0.0,0.0,34.158,29.29,56.107,,
Argentina,1993,ARG,34152719.0,444780261628.0,0.0,0.0,23.768,0.096,23.864,11.552,38.572,0.0,0.0,38.417,29.867,61.869,,
Argentina,1994,ARG,34613492.0,472926751991.0,0.0,0.0,27.287,0.099,27.386,12.563,41.732,0.0,0.0,41.582,29.624,65.622,,
Argentina,1995,ARG,35070016.0,461601030169.0,0.0,0.0,26.504,0.119,26.623,11.83,39.635,0.0,0.0,39.458,32.994,67.169,,
Argentina,1996,ARG,35513795.0,489406483416.0,0.0,0.01,22.472,0.223,22.704,9.646,32.546,0.0,0.014,32.213,39.086,69.76,,
Argentina,1997,ARG,35947790.0,531526379817.0,0.0,0.015,27.925,0.179,28.118,11.781,38.804,0.0,0.02,38.537,36.126,72.462,,
Argentina,1998,ARG,36372862.0,554567078807.0,0.0,0.033,26.476,0.207,26.715,10.78,36.019,0.0,0.044,35.696,39.881,74.17,,
Argentina,1999,ARG,36794687.0,538270560194.0,0.0,0.035,21.397,0.262,21.694,8.606,26.867,0.0,0.043,26.499,51.669,80.745,,
Argentina,2000,ARG,37213986.0,536480965694.0,0.0,0.03,28.58,0.39,29.0,11.557,32.592,0.0,0.034,32.12,53.8,88.98,31.63,355.47
Argentina,2001,ARG,37624817.0,514867255248.0,0.0,0.05,36.58,0.36,36.99,15.036,41.036,0.0,0.055,40.581,46.09,90.14,27.23,302.09
Argentina,2002,ARG,38029345.0,460558541367.0,0.0,0.07,35.78,0.53,36.38,15.335,43.007,0.0,0.083,42.298,42.39,84.59,24.94,294.83
Argentina,2003,ARG,38424283.0,503104157615.0,0.0,0.08,33.8,0.88,34.76,13.613,37.754,0.0,0.087,36.711,49.74,92.07,29.13,316.39
Argentina,2004,ARG,38815915.0,550306327169.0,0.0,0.07,30.46,0.87,31.4,11.465,31.319,0.0,0.07,30.381,60.99,100.26,35.86,357.67
Argentina,2005,ARG,39216786.0,601050418142.0,0.0,0.07,34.22,0.92,35.21,12.032,33.296,0.0,0.066,32.359,63.67,105.75,37.77,357.16
Argentina,2006,ARG,39622113.0,652296814311.0,0.0,0.07,38.02,1.05,39.14,12.678,34.506,0.0,0.062,33.518,66.57,113.43,39.69,349.91
Argentina,2007,ARG,40016767.0,714725198062.0,0.0,0.06,31.22,1.07,32.35,10.024,28.497,0.0,0.053,27.502,73.92,113.52,44.05,388.04
Argentina,2008,ARG,40424151.0,747157417513.0,0.0,0.04,31.2,1.21,32.45,9.872,26.618,0.0,0.033,25.593,82.07,121.91,48.84,400.62
Argentina,2009,ARG,40854832.0,705920838368.0,0.0,0.04,34.62,1.19,35.85,11.193,29.308,0.0,0.033,28.303,78.29,122.32,46.77,382.36
Argentina,2010,ARG,41288694.0,785785170150.0,0.0,0.03,33.36,1.38,34.77,11.092,27.595,0.0,0.024,26.476,84.02,126.0,50.6,401.59
Argentina,2011,ARG,41730655.0,837742673804.0,0.0,0.03,31.19,1.39,32.61,10.412,25.183,0.0,0.023,24.087,90.48,129.49,54.37,419.88
Argentina,2012,ARG,42161718.0,829147409948.0,0.01,0.37,29.16,1.45,30.99,9.701,22.783,0.007,0.272,21.438,98.63,136.02,58.78,432.14
Argentina,2013,ARG,42582453.0,849088398588.0,0.02,0.45,32.77,1.53,34.77,10.134,24.934,0.014,0.323,23.499,98.47,139.45,58.88,422.23
Argentina,2014,ARG,43024071.0,827750786191.0,0.02,0.62,32.42,1.48,34.54,10.396,24.931,0.014,0.448,23.401,98.49,138.54,58.76,424.14
Argentina,2015,ARG,43477011.0,850356641236.0,0.01,0.59,32.34,1.49,34.43,10.275,23.676,0.007,0.406,22.239,103.95,145.42,62.03,426.56
Argentina,2016,ARG,43900312.0,832669278245.0,0.01,0.55,29.75,1.18,31.49,9.586,21.396,0.007,0.374,20.213,107.41,147.18,63.57,431.92
Argentina,2017,ARG,44288898.0,856142153676.0,0.02,0.61,31.59,1.46,33.68,10.445,23.13,0.014,0.419,21.695,105.84,145.61,61.94,425.38
Argentina,2018,ARG,44654876.0,833736983405.0,0.11,1.41,32.28,1.42,35.22,10.824,23.995,0.075,0.961,21.992,104.69,146.78,60.81,414.29
Argentina,2019,ARG,44973469.0,817053926667.0,0.8,5.0,27.5,1.48,34.78,11.417,24.927,0.573,3.583,19.709,96.31,139.53,55.48,397.62
Argentina,2020,ARG,45191960.0,735814250460.0,1.34,9.41,23.67,2.2,36.62,11.833,25.318,0.926,6.506,16.365,98.01,144.64,57.09,394.7
Argentina,2021,ARG,45312282.0,812324184006.0,2.2,12.94,19.65,2.25,37.04,10.947,24.185,1.437,8.449,12.831,105.94,153.15,62.33,406.99
Argentina,2022,ARG,45407904.0,854914363923.0,2.94,14.16,22.77,2.4,42.27,12.01,29.03,2.019,9.725,15.638,95.87,145.61,57.18,392.69
Argentina,2023,ARG,45538402.0,854914363923.0,3.28,14.48,31.49,2.4,51.65,14.1,34.767,2.208,9.747,21.197,87.95,148.56,52.13,350.9
Argentina,2024,ARG,45696153.0,854914363923.0,3.97,16.17,29.67,2.63,52.44,14.803,34.385,2.603,10.603,19.454,89.62,152.51,52.59,344.83
Argentina,2025,ARG,45851379.0,854914363923.0,5.14,18.62,26.25,2.95,52.96,14.803,34.58,3.356,12.158,17.14,89.43,153.15,52.99,346.0
Armenia,2000,ARM,3125630.0,15244825874.0,0.0,0.0,1.25,0.0,1.25,,21.626,0.0,0.0,21.626,2.69,5.78,1.62,280.28
Armenia,2001,ARM,3084350.0,16184137401.0,0.0,0.0,0.96,0.0,0.96,,16.725,0.0,0.0,16.725,2.79,5.74,1.67,290.94
Armenia,2002,ARM,3055636.0,18018113990.0,0.0,0.0,1.64,0.0,1.64,,30.885,0.0,0.0,30.885,1.58,5.31,0.98,184.56
Armenia,2003,ARM,3038976.0,19928773567.0,0.0,0.0,1.96,0.0,1.96,,36.981,0.0,0.0,36.981,1.52,5.3,0.95,179.25
Armenia,2004,ARM,3022544.0,21350959248.0,0.0,0.0,1.98,0.0,1.98,,34.197,0.0,0.0,34.197,1.61,5.79,1.0,172.71
Armenia,2005,ARM,3006360.0,23626538545.0,0.0,0.0,1.75,0.0,1.75,,28.783,0.0,0.0,28.783,1.83,6.08,1.12,184.21
Armenia,2006,ARM,2990371.0,25937834265.0,0.0,0.0,1.81,0.0,1.81,,31.699,0.0,0.0,31.699,1.48,5.71,0.92,161.12
Armenia,2007,ARM,2974825.0,28610365796.0,0.0,0.0,1.83,0.0,1.83,,32.275,0.0,0.0,32.275,1.49,5.67,0.92,162.26
Armenia,2008,ARM,2959996.0,29672467967.0,0.0,0.0,1.78,0.0,1.78,,30.169,0.0,0.0,30.169,1.85,5.9,1.14,193.22
Armenia,2009,ARM,2945518.0,24704739187.0,0.0,0.0,2.0,0.0,2.0,,36.765,0.0,0.0,36.765,1.15,5.44,0.73,134.19
Armenia,2010,ARM,2931083.0,24485670654.0,0.0,0.01,2.53,0.0,2.54,,40.51,0.0,0.159,40.351,1.44,6.27,0.92,146.73
Armenia,2011,ARM,2923269.0,24860520809.0,0.0,0.0,2.46,0.0,2.46,,34.119,0.0,0.0,34.119,2.39,7.21,1.47,203.88
Armenia,2012,ARM,2922529.0,26634064691.0,0.0,0.0,2.3,0.0,2.3,,29.412,0.0,0.0,29.412,3.4,7.82,2.06,263.43
Armenia,2013,ARM,2922526.0,27542825799.0,0.0,0.0,2.15,0.0,2.15,,28.705,0.0,0.0,28.705,3.17,7.49,1.92,256.34
Armenia,2014,ARM,2922433.0,28536291283.0,0.0,0.0,1.97,0.0,1.97,,26.162,0.0,0.0,26.162,3.29,7.53,1.99,264.28
Armenia,2015,ARM,2921179.0,29464863299.0,0.0,0.0,2.18,0.0,2.18,,28.874,0.0,0.0,28.874,2.8,7.55,1.7,225.17
Armenia,2016,ARM,2918796.0,29522321034.0,0.0,0.0,2.33,0.0,2.33,,32.817,0.0,0.0,32.817,2.58,7.1,1.58,222.54
Armenia,2017,ARM,2914966.0,31741802974.0,0.0,0.0,2.25,0.0,2.25,,29.88,0.0,0.0,29.88,2.87,7.53,1.74,231.08
Armenia,2018,ARM,2909971.0,33400320594.0,0.02,0.0,2.29,0.0,2.31,,30.435,0.264,0.0,30.171,3.38,7.59,2.04,268.78
Armenia,2019,ARM,2903975.0,35949092334.0,0.06,0.0,2.35,0.0,2.41,,32.176,0.801,0.0,31.375,3.05,7.49,1.86,248.33
Armenia,2020,ARM,2890893.0,33378378959.0,0.14,0.0,1.78,0.0,1.92,,25.131,1.832,0.0,23.298,3.17,7.64,1.92,251.31
Armenia,2021,ARM,2870339.0,35275596129.0,0.29,0.0,2.2,0.0,2.49,,32.254,3.756,0.0,28.497,3.38,7.72,2.05,265.54
Armenia,2022,ARM,2880880.0,39721734780.0,0.52,0.0,2.85,0.0,3.37,,34.109,5.263,0.0,28.846,3.88,9.88,2.38,240.89
Armenia,2023,ARM,2943398.0,39721734780.0,0.77,0.0,1.65,0.0,2.42,,27.977,8.902,0.0,19.075,3.72,8.65,2.27,262.43
Armenia,2024,ARM,2973843.0,39721734780.0,0.88,0.0,2.0,0.0,2.88,,31.894,9.745,0.0,22.148,3.52,9.03,2.17,240.31
Armenia,2025,ARM,2952355.0,39721734780.0,1.07,0.0,2.72,0.0,3.79,,38.992,11.008,0.0,27.984,3.31,9.72,2.06,211.93
Aruba,2000,ABW,88772.0,,0.0,0.0,0.0,0.0,0.0,,0.0,0.0,0.0,0.0,0.78,0.78,0.51,653.85
Aruba,2001,ABW,90320.0,,0.0,0.0,0.0,0.0,0.0,,0.0,0.0,0.0,0.0,0.81,0.81,0.53,654.32
Aruba,2002,ABW,91393.0,,0.0,0.0,0.0,0.0,0.0,,0.0,0.0,0.0,0.0,0.82,0.82,0.54,658.54
Aruba,2003,ABW,92324.0,,0.0,0.0,0.0,0.0,0.0,,0.0,0.0,0.0,0.0,0.84,0.84,0.55,654.76
Aruba,2004,ABW,93223.0,,0.0,0.0,0.0,0.0,0.0,,0.0,0.0,0.0,0.0,0.87,0.87,0.57,655.17
Aruba,2005,ABW,94239.0,,0.0,0.0,0.0,0.0,0.0,,0.0,0.0,0.0,0.0,0.91,0.91,0.6,659.34
Aruba,2006,ABW,95403.0,,0.0,0.0,0.0,0.0,0.0,,0.0,0.0,0.0,0.0,0.91,0.91,0.6,659.34
Aruba,2007,ABW,96604.0,,0.0,0.0,0.0,0.0,0.0,,0.0,0.0,0.0,0.0,0.94,0.94,0.62,659.57
Aruba,2008,ABW,97815.0,,0.0,0.0,0.0,0.0,0.0,,0.0,0.0,0.0,0.0,0.91,0.91,0.6,659.34
Aruba,2009,ABW,99040.0,,0.0,0.03,0.0,0.0,0.03,,3.158,0.0,3.158,0.0,0.92,0.95,0.61,642.11
Aruba,2010,ABW,100127.0,,0.0,0.11,0.0,0.0,0.11,,11.702,0.0,11.702,0.0,0.83,0.94,0.55,585.11
Aruba,2011,ABW,100995.0,,0.0,0.11,0.0,0.0,0.11,,11.828,0.0,11.828,0.0,0.82,0.93,0.54,580.65
Aruba,2012,ABW,101774.0,,0.0,0.14,0.0,0.0,0.14,,15.217,0.0,15.217,0.0,0.78,0.92,0.51,554.35
Aruba,2013,ABW,102570.0,,0.0,0.15,0.0,0.0,0.15,,15.957,0.0,15.957,0.0,0.79,0.94,0.52,553.19
Aruba,2014,ABW,103381.0,,0.01,0.15,0.0,0.0,0.16,,17.021,1.064,15.957,0.0,0.78,0.94,0.51,542.55
Aruba,2015,ABW,104200.0,,0.01,0.17,0.0,0.0,0.18,,18.557,1.031,17.526,0.0,0.79,0.97,0.52,536.08
Aruba,2016,ABW,104989.0,,0.01,0.13,0.0,0.0,0.14,,14.894,1.064,13.83,0.0,0.8,0.94,0.53,563.83
Aruba,2017,ABW,105737.0,,0.01,0.13,0.0,0.0,0.14,,14.433,1.031,13.402,0.0,0.83,0.97,0.55,567.01
Aruba,2018,ABW,106447.0,,0.02,0.14,0.0,0.0,0.16,,16.495,2.062,14.433,0.0,0.81,0.97,0.53,546.39
Aruba,2019,ABW,107089.0,,0.03,0.14,0.0,0.0,0.17,,17.172,3.03,14.141,0.0,0.82,0.99,0.54,545.46
Aruba,2020,ABW,107411.0,,0.03,0.14,0.0,0.0,0.17,,17.172,3.03,14.141,0.0,0.82,0.99,0.54,545.46
Aruba,2021,ABW,107565.0,,0.03,0.14,0.0,0.0,0.17,,17.0,3.0,14.0,0.0,0.83,1.0,0.55,550.0
Aruba,2022,ABW,107792.0,,0.03,0.14,0.0,0.0,0.17,,17.0,3.0,14.0,0.0,0.83,1.0,0.55,550.0
Aruba,2023,ABW,107946.0,,0.03,0.14,0.0,0.0,0.17,,17.0,3.0,14.0,0.0,0.83,1.0,0.55,550.0
Aruba,2024,ABW,108076.0,,0.03,0.14,0.0,0.0,0.17,,17.0,3.0,14.0,0.0,0.83,1.0,0.55,550.0
Australia,1965,AUS,11357479.0,185112108474.0,0.0,0.0,7.69,0.296,7.986,5.252,,,,,,,,
Australia,1966,AUS,11592485.0,190257575019.0,0.0,0.0,7.345,0.284,7.629,4.787,,,,,,,,
Australia,1967,AUS,11810521.0,203110686898.0,0.0,0.0,7.606,0.29,7.896,4.671,,,,,,,,
Australia,1968,AUS,12030009.0,215046500976.0,0.0,0.0,7.951,0.282,8.233,4.591,,,,,,,,
Australia,1969,AUS,12272387.0,228127284464.0,0.0,0.0,8.684,0.281,8.965,4.8,,,,,,,,
Australia,1970,AUS,12599414.0,242644629554.0,0.0,0.0,10.171,0.261,10.432,5.115,,,,,,,,
Australia,1971,AUS,12997963.0,253439751826.0,0.0,0.0,11.507,0.263,11.77,5.494,,,,,,,,
Australia,1972,AUS,13304897.0,260535644000.0,0.0,0.0,11.553,0.28,11.833,5.283,,,,,,,,
Australia,1973,AUS,13518689.0,274659478818.0,0.0,0.0,12.286,0.338,12.624,5.274,,,,,,,,
Australia,1974,AUS,13719499.0,281474163714.0,0.0,0.0,13.874,0.429,14.303,5.622,,,,,,,,
Australia,1975,AUS,13893988.0,289103008400.0,0.0,0.0,14.888,0.489,15.377,5.946,,,,,,,,
Australia,1976,AUS,14046758.0,300755701500.0,0.0,0.0,14.154,0.484,14.638,5.469,,,,,,,,
Australia,1977,AUS,14203511.0,303887958765.0,0.0,0.0,13.544,0.429,13.973,4.973,,,,,,,,
Australia,1978,AUS,14367099.0,312728264226.0,0.0,0.0,14.675,0.405,15.08,5.198,,,,,,,,
Australia,1979,AUS,14533034.0,329194298316.0,0.0,0.0,14.246,0.418,14.664,4.874,,,,,,,,
Australia,1980,AUS,14721345.0,335756463773.0,0.0,0.0,13.467,0.385,13.852,4.587,,,,,,,,
Australia,1981,AUS,14949210.0,348726734203.0,0.0,0.0,13.866,0.404,14.27,4.651,,,,,,,,
Australia,1982,AUS,15192484.0,348301464000.0,0.0,0.0,12.77,0.516,13.286,4.375,,,,,,,,
Australia,1983,AUS,15414891.0,348353556000.0,0.0,0.0,12.124,0.431,12.555,4.173,,,,,,,,
Australia,1984,AUS,15620653.0,372379590000.0,0.0,0.0,13.126,0.441,13.567,4.354,,,,,,,,
Australia,1985,AUS,15835743.0,391229265000.0,0.0,0.0,13.941,0.456,14.397,4.492,11.641,0.0,0.0,11.272,105.542,123.673,,
Australia,1986,AUS,16069631.0,399344400000.0,0.0,0.0,14.026,0.46,14.486,4.44,11.184,0.0,0.0,10.828,110.142,129.527,,
Australia,1987,AUS,16322272.0,419094027000.0,0.0,0.0,13.614,0.47,14.084,4.201,10.37,0.0,0.0,10.024,117.136,135.815,,
Australia,1988,AUS,16594104.0,437912800000.0,0.0,0.0,14.334,0.731,15.065,4.302,10.508,0.0,0.0,9.998,123.16,143.374,,
Australia,1989,AUS,16869362.0,457176167000.0,0.0,0.0,14.254,0.81,15.064,4.101,9.947,0.0,0.0,9.413,131.712,151.433,,
Australia,1990,AUS,17126304.0,464136588000.0,0.0,0.0,14.759,0.76,15.519,4.137,9.97,0.0,0.0,9.482,139.402,155.654,,
Australia,1991,AUS,17353191.0,461302112920.0,0.005,0.0,15.653,0.72,16.378,4.394,10.369,0.003,0.0,9.91,141.303,157.964,,
Australia,1992,AUS,17549286.0,478633731062.0,0.012,0.0,15.941,0.67,16.624,4.389,10.3,0.007,0.0,9.877,144.358,161.4,,
Australia,1993,AUS,17722905.0,501524767329.0,0.015,0.002,16.387,0.67,17.074,4.407,10.324,0.009,0.001,9.909,147.895,165.383,,
Australia,1994,AUS,17897433.0,527993237904.0,0.017,0.005,16.15,0.697,16.869,4.196,9.915,0.01,0.003,9.492,152.979,170.143,,
Australia,1995,AUS,18095340.0,549038744439.0,0.021,0.007,15.631,0.826,16.485,4.002,9.408,0.012,0.004,8.921,158.386,175.225,,
Australia,1996,AUS,18305305.0,574765618472.0,0.026,0.007,15.969,0.947,16.948,4.0,9.409,0.014,0.004,8.865,162.856,180.127,,
Australia,1997,AUS,18504911.0,601472798853.0,0.031,0.007,15.953,0.997,16.988,3.914,8.989,0.016,0.004,8.441,171.652,188.98,,
Australia,1998,AUS,18701710.0,634847053105.0,0.036,0.018,15.798,1.081,16.933,3.813,8.489,0.018,0.009,7.92,182.188,199.471,,
Australia,1999,AUS,18909980.0,664520698611.0,0.041,0.043,16.281,1.133,17.499,3.786,8.458,0.02,0.021,7.869,189.041,206.9,,
Australia,2000,AUS,19132472.0,692059312020.0,0.05,0.13,16.47,0.89,17.54,3.765,8.089,0.023,0.06,7.596,199.29,216.83,174.76,805.98
Australia,2001,AUS,19365438.0,713890072308.0,0.05,0.29,16.12,0.8,17.26,3.655,7.696,0.022,0.129,7.188,207.0,224.26,180.11,803.13
Australia,2002,AUS,19595356.0,747065694937.0,0.06,0.53,16.09,1.27,17.95,3.711,8.032,0.027,0.237,7.199,205.54,223.49,177.6,794.67
Australia,2003,AUS,19819449.0,774450991263.0,0.06,0.7,16.21,1.69,18.66,3.797,8.258,0.027,0.31,7.174,207.29,225.95,178.99,792.17
Australia,2004,AUS,20046679.0,809792445090.0,0.07,0.8,15.69,2.82,19.38,3.829,8.454,0.031,0.349,6.845,209.85,229.23,181.74,792.83
Australia,2005,AUS,20294490.0,840092380696.0,0.08,1.3,15.47,3.87,20.72,4.095,8.98,0.035,0.563,6.705,210.02,230.74,182.7,791.8
Australia,2006,AUS,20590566.0,866678665246.0,0.1,2.16,14.95,3.93,21.14,4.024,8.883,0.042,0.908,6.282,216.85,237.99,188.13,790.5
Australia,2007,AUS,20954545.0,911250727265.0,0.11,2.85,13.05,4.28,20.29,3.786,8.343,0.045,1.172,5.366,222.9,243.19,192.4,791.15
Australia,2008,AUS,21370595.0,937889628737.0,0.14,3.46,11.82,3.7,19.12,3.499,7.792,0.057,1.41,4.817,226.26,245.38,194.22,791.51
Australia,2009,AUS,21783014.0,963129933389.0,0.29,4.44,12.64,2.79,20.16,3.722,8.067,0.116,1.777,5.058,229.74,249.9,196.2,785.11
Australia,2010,AUS,22141583.0,993853968687.0,0.98,4.99,13.75,2.44,22.16,4.088,8.83,0.39,1.988,5.479,228.81,250.97,194.67,775.67
Australia,2011,AUS,22479779.0,1024000293343.0,2.04,6.43,19.57,2.57,30.61,5.392,11.944,0.796,2.509,7.636,225.67,256.28,192.06,749.42
Australia,2012,AUS,22852648.0,1062662906305.0,2.41,7.72,17.04,3.1,30.27,5.4,12.076,0.961,3.08,6.798,220.39,250.66,187.24,746.99
Australia,2013,AUS,23236271.0,1086068056518.0,3.85,9.26,19.09,3.33,35.53,6.173,14.237,1.543,3.711,7.649,214.03,249.56,181.22,726.16
Australia,2014,AUS,23595599.0,1113888062929.0,4.95,9.78,14.48,3.55,32.76,5.663,13.228,1.999,3.949,5.847,214.89,247.65,181.82,734.18
Australia,2015,AUS,23947997.0,1139303344945.0,6.2,11.83,14.09,3.68,35.8,5.955,14.095,2.441,4.658,5.547,218.19,253.99,185.34,729.71
Australia,2016,AUS,24329963.0,1169967279612.0,7.44,13.04,17.63,3.63,41.74,6.785,16.164,2.881,5.05,6.827,216.49,258.23,184.25,713.51
Australia,2017,AUS,24731044.0,1197832839959.0,8.92,13.21,13.5,3.56,39.19,6.373,15.133,3.444,5.101,5.213,219.78,258.97,185.96,718.08
Australia,2018,AUS,25119700.0,1231576952488.0,12.33,16.26,17.31,3.59,49.49,7.848,18.844,4.695,6.191,6.591,213.14,262.63,180.8,688.42
Australia,2019,AUS,25482714.0,1255505542015.0,18.3,19.47,14.02,3.47,55.26,8.407,20.782,6.882,7.322,5.273,210.64,265.9,178.18,670.1
Australia,2020,AUS,25743787.0,1232259790388.0,23.84,22.61,14.42,3.41,64.28,10.292,24.243,8.991,8.527,5.438,200.87,265.15,170.31,642.32
Australia,2021,AUS,25956417.0,1296705194119.0,31.19,26.8,15.94,3.34,77.27,12.283,28.891,11.662,10.021,5.96,190.18,267.45,162.05,605.91
Australia,2022,AUS,26200987.0,1344251444393.0,37.54,30.05,16.66,3.19,87.44,13.247,32.039,13.755,11.011,6.104,185.48,272.92,157.71,577.86
Australia,2023,AUS,26451126.0,1344251444393.0,44.99,31.87,15.08,3.13,95.07,14.323,34.81,16.473,11.669,5.522,178.04,273.11,152.04,556.7
Australia,2024,AUS,26713206.0,1344251444393.0,50.21,32.74,12.85,2.99,98.79,14.733,35.077,17.828,11.625,4.563,182.85,281.64,155.98,553.83
Australia,2025,AUS,26974024.0,1344251444393.0,56.09,39.23,12.22,3.04,110.58,14.733,38.618,19.589,13.7,4.268,175.76,286.34,150.38,525.18
Austria,1965,AUT,7270413.0,89635521566.0,0.0,0.0,16.083,0.0,16.083,23.94,,,,,,,,
Austria,1966,AUT,7321524.0,94674312319.0,0.0,0.0,17.331,0.0,17.331,24.66,,,,,,,,
Austria,1967,AUT,7376293.0,97560799169.0,0.0,0.0,17.698,0.0,17.698,24.931,,,,,,,,
Austria,1968,AUT,7414627.0,101902465717.0,0.0,0.0,18.185,0.0,18.185,23.942,,,,,,,,
Austria,1969,AUT,7440306.0,108304558083.0,0.0,0.0,16.718,0.0,16.718,21.212,,,,,,,,
Austria,1970,AUT,7466320.0,116016114210.0,0.0,0.0,21.29,0.0,21.29,23.624,,,,,,,,
Austria,1971,AUT,7499635.0,121950335758.0,0.0,0.0,16.82,0.0,16.82,18.684,,,,,,,,
Austria,1972,AUT,7543263.0,129526389919.0,0.0,0.0,17.288,0.0,17.288,18.56,,,,,,,,
Austria,1973,AUT,7585107.0,135852151617.0,0.0,0.0,19.209,0.0,19.209,19.189,,,,,,,,
Austria,1974,AUT,7597963.0,141212924750.0,0.0,0.0,22.712,0.0,22.712,22.621,,,,,,,,
Austria,1975,AUT,7577833.0,140694752173.0,0.0,0.0,23.795,0.0,23.795,23.879,,,,,,,,
Austria,1976,AUT,7564457.0,147134328300.0,0.0,0.0,20.566,0.0,20.566,19.89,,,,,,,,
Austria,1977,AUT,7567332.0,154017554077.0,0.0,0.0,24.921,0.0,24.921,24.109,,,,,,,,
Austria,1978,AUT,7561203.0,153461858932.0,0.0,0.0,24.941,0.0,24.941,23.115,,,,,,,,
Austria,1979,AUT,7548345.0,161829470113.0,0.0,0.0,28.097,0.0,28.097,24.606,,,,,,,,
Austria,1980,AUT,7548407.0,165574166869.0,0.0,0.0,29.11,0.0,29.11,25.617,,,,,,,,
Austria,1981,AUT,7567550.0,165408175664.0,0.0,0.0,30.847,0.0,30.847,28.003,,,,,,,,
Austria,1982,AUT,7573078.0,168565433094.0,0.0,0.0,30.896,0.0,30.896,29.015,,,,,,,,
Austria,1983,AUT,7561166.0,173293645734.0,0.0,0.0,30.606,0.0,30.606,28.818,,,,,,,,
Austria,1984,AUT,7560715.0,173865898335.0,0.0,0.0,26.85,0.0,26.85,25.484,,,,,,,,
Austria,1985,AUT,7564310.0,177760570016.0,0.0,0.0,30.775,0.943,31.718,28.506,72.513,0.0,0.0,70.356,,43.742,,
Austria,1986,AUT,7569397.0,181932973945.0,0.0,0.0,30.904,1.288,32.191,28.914,73.201,0.0,0.0,70.273,,43.977,,
Austria,1987,AUT,7574314.0,184993439227.0,0.0,0.0,35.388,0.906,36.294,30.869,73.043,0.0,0.0,71.22,,49.688,,
Austria,1988,AUT,7585346.0,190845951984.0,0.0,0.0,35.304,1.047,36.351,31.4,75.497,0.0,0.0,73.323,,48.149,,
Austria,1989,AUT,7620405.0,198919354981.0,0.0,0.0,35.082,1.104,36.187,31.084,73.618,0.0,0.0,71.371,,49.155,,
Austria,1990,AUT,7679627.0,207979127656.0,0.0,0.0,31.51,1.13,32.64,27.764,66.247,0.0,0.0,63.954,16.63,49.27,,249.85
Austria,1991,AUT,7757140.0,215992683383.0,0.0,0.0,31.44,1.21,32.65,26.528,65.092,0.0,0.0,62.679,17.51,50.16,,262.76
Austria,1992,AUT,7842715.0,221400873854.0,0.0,0.0,34.85,1.31,36.16,29.828,72.479,0.0,0.0,69.854,13.73,49.89,,201.64
Austria,1993,AUT,7907492.0,223462931302.0,0.0,0.0,36.71,1.34,38.05,30.718,74.157,0.0,0.0,71.546,13.26,51.31,,183.59
Austria,1994,AUT,7938157.0,229749328956.0,0.0,0.0,35.71,1.19,36.9,30.028,71.03,0.0,0.0,68.739,15.05,51.95,,196.15
Austria,1995,AUT,7950322.0,236824462430.0,0.0,0.0,37.07,1.84,38.91,30.14,70.681,0.0,0.0,67.339,16.14,55.05,,207.27
Austria,1996,AUT,7960917.0,243480734505.0,0.0,0.0,34.22,1.57,35.79,27.074,66.96,0.0,0.0,64.022,17.66,53.45,,233.3
Austria,1997,AUT,7969804.0,249847313444.0,0.0,0.02,36.11,1.69,37.82,28.264,68.034,0.0,0.036,64.958,17.77,55.59,,233.32
Austria,1998,AUT,7978465.0,259776337669.0,0.0,0.05,37.16,1.82,39.03,28.532,69.921,0.0,0.09,66.571,16.79,55.82,,210.32
Austria,1999,AUT,7993894.0,270186173474.0,0.0,0.05,40.7,1.6,42.35,30.668,70.914,0.0,0.084,68.151,17.37,59.72,,204.62
Austria,2000,AUT,8012929.0,280410163017.0,0.0,0.07,41.84,1.53,43.44,31.268,72.837,0.0,0.117,70.154,16.2,59.64,12.13,203.39
Austria,2001,AUT,8042233.0,285335695766.0,0.01,0.1,40.46,1.67,42.24,29.411,69.269,0.016,0.164,66.35,18.74,60.98,13.97,229.09
Austria,2002,AUT,8081640.0,291231427735.0,0.01,0.14,40.23,1.52,41.9,28.923,69.108,0.016,0.231,66.353,18.73,60.63,13.71,226.13
Austria,2003,AUT,8122604.0,294489280951.0,0.01,0.37,33.21,1.65,35.24,24.121,60.79,0.017,0.638,57.288,22.73,57.97,16.37,282.39
Austria,2004,AUT,8173496.0,303692479841.0,0.02,0.93,36.76,1.91,39.62,26.119,64.058,0.032,1.504,59.434,22.23,61.85,16.04,259.34
Austria,2005,AUT,8229204.0,311441138652.0,0.02,1.33,37.1,2.43,40.88,26.317,63.508,0.031,2.066,57.636,23.49,64.37,16.35,254.0
Austria,2006,AUT,8269901.0,323236897651.0,0.02,1.75,35.66,3.23,40.66,26.99,65.359,0.032,2.813,57.322,21.55,62.21,15.74,253.01
Austria,2007,AUT,8296948.0,336303973991.0,0.02,2.04,37.05,4.06,43.17,29.094,68.709,0.032,3.247,58.969,19.66,62.83,14.62,232.69
Austria,2008,AUT,8323250.0,342892519161.0,0.03,2.01,38.33,4.16,44.53,29.577,69.167,0.047,3.122,59.537,19.85,64.38,14.19,220.41
Austria,2009,AUT,8345073.0,331119036991.0,0.05,1.95,40.9,4.28,47.18,32.548,71.258,0.076,2.945,61.773,19.03,66.21,12.97,195.89
Austria,2010,AUT,8365087.0,338832243101.0,0.09,2.06,38.36,4.48,44.99,30.113,66.337,0.133,3.037,56.561,22.83,67.82,15.38,226.78
Austria,2011,AUT,8393272.0,349713455451.0,0.17,1.94,34.24,4.56,40.91,29.158,65.772,0.273,3.119,55.048,21.29,62.2,14.84,238.59
Austria,2012,AUT,8431599.0,352093108730.0,0.34,2.46,43.85,4.68,51.33,34.498,74.771,0.495,3.583,63.875,17.32,68.65,12.76,185.87
Austria,2013,AUT,8481411.0,352182904722.0,0.63,3.15,42.02,4.7,50.5,34.024,78.234,0.976,4.88,65.097,14.05,64.55,11.19,173.35
Austria,2014,AUT,8547812.0,354511819035.0,0.79,3.85,41.01,4.55,50.2,35.017,81.56,1.284,6.255,66.629,11.35,61.55,9.26,150.45
Austria,2015,AUT,8644037.0,358108266932.0,0.94,4.84,37.16,4.65,47.59,33.052,77.031,1.522,7.834,60.149,14.19,61.78,10.63,172.06
Austria,2016,AUT,8737920.0,365232738553.0,1.1,5.23,39.97,4.78,51.08,34.026,78.742,1.696,8.062,61.616,13.79,64.87,10.03,154.62
Austria,2017,AUT,8798779.0,373481694490.0,1.27,6.57,38.29,4.92,51.05,33.213,76.092,1.893,9.793,57.073,16.04,67.09,10.93,162.92
Austria,2018,AUT,8841653.0,382540042762.0,1.46,6.03,37.64,4.93,50.06,33.139,77.408,2.258,9.324,58.203,14.61,64.67,10.21,157.88
Austria,2019,AUT,8880876.0,388344674039.0,1.7,7.45,40.83,4.66,54.64,34.189,77.295,2.405,10.539,57.759,16.05,70.69,10.8,152.78
Austria,2020,AUT,8921402.0,363281092036.0,2.04,6.79,42.0,4.59,55.42,36.88,80.284,2.955,9.836,60.843,13.61,69.03,9.2,133.28
Austria,2021,AUT,8967053.0,379835198584.0,2.78,6.74,38.75,4.48,52.75,34.638,79.121,4.17,10.109,58.122,13.92,66.67,9.02,135.29
Austria,2022,AUT,9064678.0,398815419150.0,3.79,7.24,34.63,4.75,50.41,35.134,78.191,5.879,11.23,53.715,14.06,64.47,9.08,140.84
Austria,2023,AUT,9130434.0,398815419150.0,6.89,8.04,40.67,4.56,60.16,40.022,84.756,9.707,11.327,57.298,10.82,70.98,7.93,111.72
Austria,2024,AUT,9120815.0,398815419150.0,8.14,9.14,45.71,4.67,67.66,43.347,86.224,10.373,11.648,58.252,10.81,78.47,8.12,103.48
Austria,2025,AUT,9113578.0,398815419150.0,10.31,8.31,37.93,4.66,61.21,43.347,83.597,14.081,11.349,51.803,12.01,73.22,8.56,116.91
Azerbaijan,1985,AZE,6799823.0,57181877446.0,0.0,0.0,1.313,0.0,1.313,1.553,6.34,0.0,0.0,6.34,,20.702,,
Azerbaijan,1986,AZE,6891349.0,58704586851.0,0.0,0.0,0.804,0.0,0.804,0.884,3.734,0.0,0.0,3.734,,21.542,,
Azerbaijan,1987,AZE,6977658.0,61831432355.0,0.0,0.0,0.804,0.0,0.804,0.912,3.511,0.0,0.0,3.511,,22.909,,
Azerbaijan,1988,AZE,7081404.0,65070242359.0,0.0,0.0,0.698,0.0,0.698,0.791,2.962,0.0,0.0,2.962,,23.572,,
Azerbaijan,1989,AZE,7167583.0,59803709283.0,0.0,0.0,0.698,0.0,0.698,0.776,2.997,0.0,0.0,2.997,,23.3,,
Azerbaijan,1990,AZE,7231084.0,53235601363.0,0.0,0.0,1.658,0.0,1.658,1.77,7.161,0.0,0.0,7.161,,23.152,,
Azerbaijan,1991,AZE,7314317.0,53426621017.0,0.0,0.0,1.759,0.0,1.759,1.954,7.503,0.0,0.0,7.503,,23.449,,
Azerbaijan,1992,AZE,7405781.0,41795295334.0,0.0,0.0,1.747,0.0,1.747,2.267,8.841,0.0,0.0,8.841,,19.763,,
Azerbaijan,1993,AZE,7504119.0,32486438953.0,0.0,0.0,2.426,0.0,2.426,3.632,12.734,0.0,0.0,12.734,,19.051,,
Azerbaijan,1994,AZE,7608894.0,26372096369.0,0.0,0.0,1.83,0.0,1.83,2.981,10.415,0.0,0.0,10.415,,17.571,,
Azerbaijan,1995,AZE,7719283.0,23188276303.0,0.0,0.0,1.556,0.0,1.556,2.695,9.129,0.0,0.0,9.129,,17.044,,
Azerbaijan,1996,AZE,7830981.0,24026379639.0,0.0,0.0,1.537,0.0,1.537,3.248,8.996,0.0,0.0,8.996,,17.085,,
Azerbaijan,1997,AZE,7936220.0,26436933201.0,0.0,0.0,1.712,0.0,1.712,3.779,10.169,0.0,0.0,10.169,,16.836,,
Azerbaijan,1998,AZE,8025808.0,28328460213.0,0.0,0.0,1.951,0.0,1.951,4.291,10.842,0.0,0.0,10.842,,17.995,,
Azerbaijan,1999,AZE,8100472.0,31898574736.0,0.0,0.0,1.506,0.0,1.506,3.318,8.286,0.0,0.0,8.286,,18.176,,
Azerbaijan,2000,AZE,8174784.0,34255707098.0,0.0,0.0,1.52,0.0,1.52,3.233,8.137,0.0,0.0,8.137,17.16,18.68,11.54,617.77
Azerbaijan,2001,AZE,8251776.0,36862177017.0,0.0,0.0,1.29,0.0,1.29,2.83,6.804,0.0,0.0,6.804,17.67,18.96,12.3,648.73
Azerbaijan,2002,AZE,8326141.0,40295217200.0,0.0,0.0,2.0,0.0,2.0,4.419,10.707,0.0,0.0,10.707,16.68,18.68,11.65,623.66
Azerbaijan,2003,AZE,8400528.0,44994637993.0,0.0,0.0,2.44,0.0,2.44,4.963,11.477,0.0,0.0,11.477,18.82,21.26,13.08,615.24
Azerbaijan,2004,AZE,8489874.0,50107477354.0,0.0,0.0,2.73,0.0,2.73,4.866,12.569,0.0,0.0,12.569,18.99,21.72,13.29,611.88
Azerbaijan,2005,AZE,8597248.0,64019175136.0,0.0,0.0,2.98,0.0,2.98,4.864,13.047,0.0,0.0,13.047,19.86,22.84,13.93,609.9
Azerbaijan,2006,AZE,8711380.0,87026407066.0,0.0,0.0,2.49,0.0,2.49,4.114,10.159,0.0,0.0,10.159,22.02,24.51,15.46,630.76
Azerbaijan,2007,AZE,8828313.0,109944254894.0,0.0,0.0,2.34,0.0,2.34,4.173,10.724,0.0,0.0,10.724,19.48,21.82,13.77,631.07
Azerbaijan,2008,AZE,8942637.0,123130002462.0,0.0,0.0,2.21,0.0,2.21,3.906,10.222,0.0,0.0,10.222,19.41,21.62,13.83,639.69
Azerbaijan,2009,AZE,9046336.0,136020226283.0,0.0,0.0,2.29,0.0,2.29,4.673,12.149,0.0,0.0,12.149,16.56,18.85,11.86,629.18
Azerbaijan,2010,AZE,9146852.0,144296577620.0,0.0,0.0,3.41,0.0,3.41,7.021,18.265,0.0,0.0,18.265,15.26,18.67,10.99,588.65
Azerbaijan,2011,AZE,9256156.0,145980469968.0,0.0,0.0,2.65,0.0,2.65,4.771,13.074,0.0,0.0,13.074,17.62,20.27,12.64,623.58
Azerbaijan,2012,AZE,9376179.0,149196415149.0,0.0,0.0,1.8,0.0,1.8,3.133,7.836,0.0,0.0,7.836,21.17,22.97,15.15,659.56
Azerbaijan,2013,AZE,9504417.0,157913964589.0,0.0,0.0,1.47,0.09,1.56,2.612,6.71,0.0,0.0,6.323,21.69,23.25,15.56,669.25
Azerbaijan,2014,AZE,9631136.0,162332395164.0,0.0,0.0,1.29,0.08,1.37,2.288,5.562,0.0,0.0,5.238,23.26,24.63,16.68,677.22
Azerbaijan,2015,AZE,9752859.0,164036906588.0,0.0,0.0,1.62,0.09,1.71,2.596,6.96,0.0,0.0,6.593,22.86,24.57,16.31,663.82
Azerbaijan,2016,AZE,9868434.0,159010796104.0,0.04,0.02,1.94,0.09,2.09,3.145,8.41,0.161,0.08,7.807,22.76,24.85,16.19,651.51
Azerbaijan,2017,AZE,9968510.0,159255674569.0,0.04,0.02,1.73,0.09,1.88,2.868,7.762,0.165,0.083,7.143,22.34,24.22,15.96,658.96
Azerbaijan,2018,AZE,10039782.0,161644514845.0,0.04,0.08,1.75,0.08,1.95,2.817,7.76,0.159,0.318,6.964,23.18,25.13,16.63,661.76
Azerbaijan,2019,AZE,10110483.0,165653307401.0,0.04,0.1,1.55,0.1,1.79,2.451,6.898,0.154,0.385,5.973,24.16,25.95,17.33,667.82
Azerbaijan,2020,AZE,10181736.0,158697520949.0,0.05,0.1,1.07,0.1,1.32,1.79,5.126,0.194,0.388,4.155,24.43,25.75,17.51,680.0
Azerbaijan,2021,AZE,10234372.0,167584576527.0,0.05,0.09,1.28,0.1,1.52,1.93,5.47,0.18,0.324,4.606,26.27,27.79,18.79,676.14
Azerbaijan,2022,AZE,10295307.0,175370552026.0,0.06,0.08,1.6,0.1,1.84,2.188,6.358,0.207,0.276,5.529,27.1,28.94,19.43,671.39
Azerbaijan,2023,AZE,10318209.0,175370552026.0,0.07,0.08,1.64,0.11,1.9,2.294,6.531,0.241,0.275,5.638,27.19,29.09,19.49,669.99
Azerbaijan,2024,AZE,10336577.0,175370552026.0,0.08,0.09,3.0,0.1,3.27,4.303,11.746,0.287,0.323,10.776,24.57,27.84,17.66,634.34
Azerbaijan,2025,AZE,10397712.0,175370552026.0,0.0,0.09,3.22,0.1,3.41,4.303,12.14,0.0,0.32,11.463,24.68,28.09,17.75,631.9
Bahamas,2000,BHS,323846.0,,0.0,0.0,0.0,0.0,0.0,,0.0,0.0,0.0,0.0,1.7,1.7,1.12,658.82
Bahamas,2001,BHS,327847.0,,0.0,0.0,0.0,0.0,0.0,,0.0,0.0,0.0,0.0,1.77,1.77,1.16,655.37
Bahamas,2002,BHS,331625.0,,0.0,0.0,0.0,0.0,0.0,,0.0,0.0,0.0,0.0,1.89,1.89,1.24,656.09
Bahamas,2003,BHS,335625.0,,0.0,0.0,0.0,0.0,0.0,,0.0,0.0,0.0,0.0,2.0,2.0,1.32,660.0
Bahamas,2004,BHS,339794.0,,0.0,0.0,0.0,0.0,0.0,,0.0,0.0,0.0,0.0,1.98,1.98,1.3,656.57
Bahamas,2005,BHS,343905.0,,0.0,0.0,0.0,0.0,0.0,,0.0,0.0,0.0,0.0,2.09,2.09,1.38,660.29
Bahamas,2006,BHS,348386.0,,0.0,0.0,0.0,0.0,0.0,,0.0,0.0,0.0,0.0,2.12,2.12,1.39,655.66
Bahamas,2007,BHS,353343.0,,0.0,0.0,0.0,0.0,0.0,,0.0,0.0,0.0,0.0,2.25,2.25,1.48,657.78
Bahamas,2008,BHS,358133.0,,0.0,0.0,0.0,0.0,0.0,,0.0,0.0,0.0,0.0,2.25,2.25,1.48,657.78
Bahamas,2009,BHS,362806.0,,0.0,0.0,0.0,0.0,0.0,,0.0,0.0,0.0,0.0,2.14,2.14,1.41,658.88
Bahamas,2010,BHS,367482.0,,0.0,0.0,0.0,0.0,0.0,,0.0,0.0,0.0,0.0,2.01,2.01,1.32,656.72
Bahamas,2011,BHS,371738.0,,0.0,0.0,0.0,0.0,0.0,,0.0,0.0,0.0,0.0,2.05,2.05,1.35,658.54
Bahamas,2012,BHS,375474.0,,0.0,0.0,0.0,0.0,0.0,,0.0,0.0,0.0,0.0,1.9,1.9,1.25,657.9
Bahamas,2013,BHS,378957.0,,0.0,0.0,0.0,0.0,0.0,,0.0,0.0,0.0,0.0,1.88,1.88,1.24,659.57
Bahamas,2014,BHS,382312.0,,0.0,0.0,0.0,0.0,0.0,,0.0,0.0,0.0,0.0,1.92,1.92,1.26,656.25
Bahamas,2015,BHS,385355.0,,0.0,0.0,0.0,0.0,0.0,,0.0,0.0,0.0,0.0,2.0,2.0,1.32,660.0
Bahamas,2016,BHS,388060.0,,0.0,0.0,0.0,0.0,0.0,,0.0,0.0,0.0,0.0,1.97,1.97,1.3,659.9
Bahamas,2017,BHS,390496.0,,0.0,0.0,0.0,0.0,0.0,,0.0,0.0,0.0,0.0,1.99,1.99,1.31,658.29
Bahamas,2018,BHS,392718.0,,0.0,0.0,0.0,0.0,0.0,,0.0,0.0,0.0,0.0,2.0,2.0,1.32,660.0
Bahamas,2019,BHS,394684.0,,0.0,0.0,0.0,0.0,0.0,,0.0,0.0,0.0,0.0,2.01,2.01,1.32,656.72
Bahamas,2020,BHS,395874.0,,0.01,0.0,0.0,0.0,0.01,,0.493,0.493,0.0,0.0,2.02,2.03,1.33,655.17
Bahamas,2021,BHS,396381.0,,0.01,0.0,0.0,0.0,0.01,,0.49,0.49,0.0,0.0,2.03,2.04,1.34,656.86
Bahamas,2022,BHS,397542.0,,0.02,0.0,0.0,0.0,0.02,,0.976,0.976,0.0,0.0,2.03,2.05,1.34,653.66
Bahamas,2023,BHS,399452.0,,0.02,0.0,0.0,0.0,0.02,,0.905,0.905,0.0,0.0,2.19,2.21,1.44,651.58
Bahamas,2024,BHS,401282.0,,0.02,0.0,0.0,0.0,0.02,,0.889,0.889,0.0,0.0,2.23,2.25,1.47,653.33
Bahrain,2000,BHR,669589.0,11032289188.0,0.0,0.0,0.0,0.0,0.0,,0.0,0.0,0.0,0.0,13.86,13.86,12.54,904.76
Bahrain,2001,BHR,699964.0,12074987722.0,0.0,0.0,0.0,0.0,0.0,,0.0,0.0,0.0,0.0,14.62,14.62,13.23,904.93
Bahrain,2002,BHR,752205.0,13787453002.0,0.0,0.0,0.0,0.0,0.0,,0.0,0.0,0.0,0.0,15.26,15.26,13.81,904.98
Bahrain,2003,BHR,811276.0,16535287306.0,0.0,0.0,0.0,0.0,0.0,,0.0,0.0,0.0,0.0,15.7,15.7,14.2,904.46
Bahrain,2004,BHR,871446.0,19633464819.0,0.0,0.0,0.0,0.0,0.0,,0.0,0.0,0.0,0.0,16.15,16.15,14.61,904.64
Bahrain,2005,BHR,932618.0,22873324996.0,0.0,0.0,0.0,0.0,0.0,,0.0,0.0,0.0,0.0,19.37,19.37,17.52,904.49
Bahrain,2006,BHR,994626.0,26149797771.0,0.0,0.0,0.0,0.0,0.0,,0.0,0.0,0.0,0.0,21.04,21.04,18.91,898.76
Bahrain,2007,BHR,1057419.0,30119518073.0,0.0,0.0,0.0,0.0,0.0,,0.0,0.0,0.0,0.0,21.72,21.72,19.58,901.47
Bahrain,2008,BHR,1120718.0,33548850204.0,0.0,0.0,0.0,0.0,0.0,,0.0,0.0,0.0,0.0,22.82,22.82,20.65,904.91
Bahrain,2009,BHR,1183616.0,35937223742.0,0.0,0.0,0.0,0.0,0.0,,0.0,0.0,0.0,0.0,22.56,22.56,20.41,904.7
Bahrain,2010,BHR,1213248.0,39778047298.0,0.0,0.0,0.0,0.0,0.0,,0.0,0.0,0.0,0.0,23.82,23.82,21.55,904.7
Bahrain,2011,BHR,1206733.0,43727144774.0,0.0,0.0,0.0,0.0,0.0,,0.0,0.0,0.0,0.0,24.34,24.34,22.02,904.68
Bahrain,2012,BHR,1216307.0,45357290589.0,0.0,0.0,0.0,0.0,0.0,,0.0,0.0,0.0,0.0,24.77,24.77,22.41,904.72
Bahrain,2013,BHR,1257206.0,47813841200.0,0.0,0.0,0.0,0.0,0.0,,0.0,0.0,0.0,0.0,25.91,25.91,23.44,904.67
Bahrain,2014,BHR,1312857.0,49894227022.0,0.01,0.0,0.0,0.0,0.01,,0.037,0.037,0.0,0.0,27.25,27.26,24.65,904.26
Bahrain,2015,BHR,1369656.0,51134096686.0,0.01,0.0,0.0,0.0,0.01,,0.035,0.035,0.0,0.0,28.48,28.49,25.77,904.53
Bahrain,2016,BHR,1429609.0,52953446666.0,0.01,0.0,0.0,0.0,0.01,,0.035,0.035,0.0,0.0,28.51,28.52,25.79,904.28
Bahrain,2017,BHR,1482003.0,55226208950.0,0.01,0.0,0.0,0.0,0.01,,0.034,0.034,0.0,0.0,29.22,29.23,26.44,904.55
Bahrain,2018,BHR,1497634.0,56391482183.0,0.01,0.0,0.0,0.0,0.01,,0.034,0.034,0.0,0.0,29.54,29.55,26.73,904.57
Bahrain,2019,BHR,1485675.0,57613480945.0,0.02,0.0,0.0,0.0,0.02,,0.06,0.06,0.0,0.0,33.09,33.11,29.94,904.26
Bahrain,2020,BHR,1483081.0,54937336615.0,0.02,0.0,0.0,0.0,0.02,,0.06,0.06,0.0,0.0,33.36,33.38,30.18,904.13
Bahrain,2021,BHR,1501762.0,56404169544.0,0.04,0.0,0.0,0.0,0.04,,0.118,0.118,0.0,0.0,33.87,33.91,30.64,903.57
Bahrain,2022,BHR,1533460.0,58769760175.0,0.08,0.0,0.0,0.0,0.08,,0.224,0.224,0.0,0.0,35.6,35.68,32.21,902.75
Bahrain,2023,BHR,1569674.0,58769760175.0,0.09,0.0,0.0,0.0,0.09,,0.24,0.24,0.0,0.0,37.38,37.47,33.82,902.59
Bahrain,2024,BHR,1607059.0,58769760175.0,0.1,0.0,0.0,0.0,0.1,,0.264,0.264,0.0,0.0,37.85,37.95,34.24,902.24
Bangladesh,1965,BGD,59902522.0,58415453390.0,0.0,0.0,0.0,0.0,0.0,,,,,,,,,
Bangladesh,1966,BGD,61669811.0,59220693140.0,0.0,0.0,0.0,0.0,0.0,,,,,,,,,
Bangladesh,1967,BGD,63510933.0,57806946351.0,0.0,0.0,0.0,0.0,0.0,,,,,,,,,
Bangladesh,1968,BGD,65408278.0,63239029300.0,0.0,0.0,0.0,0.0,0.0,,,,,,,,,
Bangladesh,1969,BGD,67294130.0,64108445625.0,0.0,0.0,0.0,0.0,0.0,,,,,,,,,
Bangladesh,1970,BGD,69058898.0,67600676968.0,0.0,0.0,0.0,0.0,0.0,,,,,,,,,
Bangladesh,1971,BGD,70276757.0,64585771640.0,0.0,0.0,0.175,0.0,0.175,3.634,,,,,,,,
Bangladesh,1972,BGD,71641525.0,57036332695.0,0.0,0.0,0.175,0.0,0.175,3.207,,,,,,,,
Bangladesh,1973,BGD,73722297.0,57327094687.0,0.0,0.0,0.331,0.0,0.331,4.734,,,,,,,,
Bangladesh,1974,BGD,75839352.0,65037827062.0,0.0,0.0,0.243,0.0,0.243,3.26,,,,,,,,
Bangladesh,1975,BGD,77854352.0,64196583843.0,0.0,0.0,0.436,0.0,0.436,5.699,,,,,,,,
Bangladesh,1976,BGD,79855318.0,67082025250.0,0.0,0.0,0.494,0.0,0.494,5.532,,,,,,,,
Bangladesh,1977,BGD,81867267.0,67704293671.0,0.0,0.0,0.437,0.0,0.437,4.787,,,,,,,,
Bangladesh,1978,BGD,83889660.0,72709601359.0,0.0,0.0,0.506,0.0,0.506,5.219,,,,,,,,
Bangladesh,1979,BGD,85935070.0,76312880671.0,0.0,0.0,0.587,0.0,0.587,5.492,,,,,,,,
Bangladesh,1980,BGD,88016435.0,76945168945.0,0.0,0.0,0.583,0.0,0.583,4.674,,,,,,,,
Bangladesh,1981,BGD,90303104.0,79474316984.0,0.0,0.0,0.625,0.0,0.625,4.727,,,,,,,,
Bangladesh,1982,BGD,92814506.0,80492428500.0,0.0,0.0,0.523,0.0,0.523,3.583,,,,,,,,
Bangladesh,1983,BGD,95335162.0,84456198492.0,0.0,0.0,0.662,0.0,0.662,4.589,,,,,,,,
Bangladesh,1984,BGD,97814965.0,89004503531.0,0.0,0.0,0.897,0.0,0.897,5.757,,,,,,,,
Bangladesh,1985,BGD,100253825.0,91717608984.0,0.0,0.0,0.739,0.0,0.739,4.264,16.321,0.0,0.0,16.321,,4.528,,
Bangladesh,1986,BGD,102635569.0,95757516250.0,0.0,0.0,0.45,0.0,0.45,2.383,9.375,0.0,0.0,9.375,,4.8,,
Bangladesh,1987,BGD,104959291.0,99663037500.0,0.0,0.0,0.517,0.0,0.517,2.481,9.254,0.0,0.0,9.254,,5.587,,
Bangladesh,1988,BGD,107216011.0,102457452156.0,0.0,0.0,0.675,0.0,0.675,2.909,10.32,0.0,0.0,10.32,,6.541,,
Bangladesh,1989,BGD,109433805.0,105141756890.0,0.0,0.0,0.92,0.0,0.92,3.68,12.93,0.0,0.0,12.93,,7.115,,
Bangladesh,1990,BGD,111633722.0,112105268328.0,0.0,0.0,0.884,0.0,0.884,3.332,11.433,0.0,0.0,11.433,,7.732,,
Bangladesh,1991,BGD,113787112.0,117331560870.0,0.0,0.0,0.838,0.0,0.838,3.274,10.133,0.0,0.0,10.133,,8.27,,
Bangladesh,1992,BGD,115952198.0,123425133934.0,0.0,0.0,0.796,0.0,0.796,2.851,8.95,0.0,0.0,8.95,,8.894,,
Bangladesh,1993,BGD,118132363.0,129907345176.0,0.0,0.0,0.608,0.0,0.608,1.979,6.604,0.0,0.0,6.604,,9.206,,
Bangladesh,1994,BGD,120343183.0,137432659561.0,0.0,0.0,0.847,0.0,0.847,2.599,8.657,0.0,0.0,8.657,,9.784,,
Bangladesh,1995,BGD,122600372.0,145833067614.0,0.0,0.0,0.372,0.0,0.372,0.965,3.443,0.0,0.0,3.443,,10.806,,
Bangladesh,1996,BGD,124862185.0,155028875281.0,0.0,0.0,0.739,0.0,0.739,1.832,6.441,0.0,0.0,6.441,,11.474,,
Bangladesh,1997,BGD,127198070.0,165329622112.0,0.0,0.0,0.719,0.0,0.719,1.696,6.063,0.0,0.0,6.063,,11.858,,
Bangladesh,1998,BGD,129622332.0,175900627375.0,0.0,0.0,0.865,0.0,0.865,1.916,6.715,0.0,0.0,6.715,,12.882,,
Bangladesh,1999,BGD,132108065.0,187794887949.0,0.0,0.0,0.833,0.0,0.833,1.824,5.765,0.0,0.0,5.765,,14.45,,
Bangladesh,2000,BGD,134544303.0,200824294390.0,0.0,0.0,0.94,0.0,0.94,1.625,5.897,0.0,0.0,5.897,15.0,15.94,10.29,645.55
Bangladesh,2001,BGD,136805810.0,213164797419.0,0.0,0.0,0.98,0.0,0.98,1.831,5.639,0.0,0.0,5.639,16.4,17.38,11.25,647.3
Bangladesh,2002,BGD,138933659.0,226285297151.0,0.0,0.0,1.05,0.0,1.05,1.454,5.541,0.0,0.0,5.541,17.9,18.95,12.27,647.49
Bangladesh,2003,BGD,140970355.0,242325893842.0,0.0,0.0,1.12,0.0,1.12,1.353,5.58,0.0,0.0,5.58,18.95,20.07,13.01,648.23
Bangladesh,2004,BGD,142902857.0,260372737862.0,0.0,0.0,1.21,0.0,1.21,1.233,4.815,0.0,0.0,4.815,23.92,25.13,16.41,653.0
Bangladesh,2005,BGD,144715789.0,280264340330.0,0.0,0.0,1.28,0.0,1.28,1.123,4.748,0.0,0.0,4.748,25.68,26.96,17.65,654.67
Bangladesh,2006,BGD,146405983.0,303255436424.0,0.01,0.0,1.38,0.0,1.39,1.051,4.609,0.033,0.0,4.576,28.77,30.16,19.78,655.84
Bangladesh,2007,BGD,147989282.0,327072515722.0,0.02,0.0,0.74,0.0,0.76,1.037,2.452,0.065,0.0,2.388,30.23,30.99,20.86,673.12
Bangladesh,2008,BGD,149474264.0,349461394439.0,0.02,0.0,0.94,0.0,0.96,1.224,2.805,0.058,0.0,2.746,33.27,34.23,23.02,672.51
Bangladesh,2009,BGD,150873716.0,372693237092.0,0.03,0.0,0.44,0.0,0.47,0.513,1.262,0.081,0.0,1.182,36.76,37.23,25.39,681.98
Bangladesh,2010,BGD,152201978.0,400087800634.0,0.07,0.0,0.76,0.0,0.83,0.834,2.031,0.171,0.0,1.86,40.03,40.86,27.59,675.23
Bangladesh,2011,BGD,153591074.0,431418704062.0,0.06,0.0,0.92,0.0,0.98,0.995,2.216,0.136,0.0,2.081,43.24,44.22,29.74,672.55
Bangladesh,2012,BGD,155070110.0,458456647637.0,0.09,0.0,0.82,0.0,0.91,0.846,1.872,0.185,0.0,1.687,47.71,48.62,32.76,673.8
Bangladesh,2013,BGD,156532134.0,486135250102.0,0.13,0.0,0.94,0.0,1.07,0.813,2.006,0.244,0.0,1.762,52.27,53.34,35.94,673.79
Bangladesh,2014,BGD,157964931.0,516793803718.0,0.16,0.0,0.62,0.0,0.78,0.686,1.392,0.285,0.0,1.106,55.27,56.05,37.92,676.54
Bangladesh,2015,BGD,159383179.0,552104723056.0,0.2,0.01,0.59,0.0,0.8,0.793,1.349,0.337,0.017,0.995,58.49,59.29,40.07,675.83
Bangladesh,2016,BGD,160811934.0,589932630231.0,0.22,0.01,1.01,0.0,1.24,0.74,1.795,0.318,0.014,1.462,67.85,69.09,46.47,672.6
Bangladesh,2017,BGD,162186146.0,630957812405.0,0.25,0.01,1.03,0.0,1.29,0.857,1.756,0.34,0.014,1.402,72.16,73.45,49.37,672.16
Bangladesh,2018,BGD,163523109.0,678912369102.0,0.31,0.01,1.08,0.0,1.4,0.708,1.769,0.392,0.013,1.364,77.75,79.15,53.27,673.03
Bangladesh,2019,BGD,164913060.0,717214595514.0,0.37,0.01,0.81,0.0,1.19,0.64,1.398,0.435,0.012,0.952,83.92,85.11,57.47,675.24
Bangladesh,2020,BGD,166298024.0,754358367084.0,0.46,0.01,0.78,0.0,1.25,0.653,1.463,0.538,0.012,0.913,84.21,85.46,58.02,678.91
Bangladesh,2021,BGD,167658855.0,807308397444.0,0.61,0.01,0.73,0.0,1.35,0.671,1.411,0.638,0.01,0.763,94.3,95.65,64.95,679.04
Bangladesh,2022,BGD,169384891.0,858143907016.0,0.87,0.01,0.71,0.0,1.59,0.693,1.555,0.851,0.01,0.694,100.66,102.25,69.17,676.48
Bangladesh,2023,BGD,171466986.0,858143907016.0,1.07,0.0,0.65,0.0,1.72,0.79,1.708,1.062,0.0,0.645,99.01,100.73,68.77,682.72
Bangladesh,2024,BGD,173562366.0,858143907016.0,1.22,0.0,0.7,0.0,1.92,1.095,1.887,1.199,0.0,0.688,99.82,101.74,70.78,695.7
Bangladesh,2025,BGD,175686904.0,858143907016.0,1.56,0.0,0.65,0.0,2.21,1.095,2.137,1.509,0.0,0.629,101.19,103.4,71.98,696.13
Barbados,2000,BRB,262071.0,3452406154.0,0.0,0.0,0.0,0.0,0.0,,0.0,0.0,0.0,0.0,0.79,0.79,0.52,658.23
Barbados,2001,BRB,262429.0,3330849682.0,0.0,0.0,0.0,0.0,0.0,,0.0,0.0,0.0,0.0,0.83,0.83,0.54,650.6
Barbados,2002,BRB,264155.0,3319030722.0,0.0,0.0,0.0,0.0,0.0,,0.0,0.0,0.0,0.0,0.86,0.86,0.57,662.79
Barbados,2003,BRB,265789.0,3362359775.0,0.0,0.0,0.0,0.0,0.0,,0.0,0.0,0.0,0.0,0.87,0.87,0.58,666.67
Barbados,2004,BRB,267297.0,3369967163.0,0.0,0.0,0.0,0.0,0.0,,0.0,0.0,0.0,0.0,0.89,0.89,0.59,662.92
Barbados,2005,BRB,268717.0,3466246054.0,0.0,0.0,0.0,0.0,0.0,,0.0,0.0,0.0,0.0,0.99,0.99,0.65,656.57
Barbados,2006,BRB,270011.0,3622055423.0,0.0,0.0,0.0,0.0,0.0,,0.0,0.0,0.0,0.0,1.02,1.02,0.67,656.86
Barbados,2007,BRB,271298.0,3642717925.0,0.0,0.0,0.0,0.0,0.0,,0.0,0.0,0.0,0.0,1.05,1.05,0.69,657.14
Barbados,2008,BRB,272719.0,3618468400.0,0.0,0.0,0.0,0.0,0.0,,0.0,0.0,0.0,0.0,1.05,1.05,0.69,657.14
Barbados,2009,BRB,274137.0,3446882402.0,0.0,0.0,0.0,0.0,0.0,,0.0,0.0,0.0,0.0,1.07,1.07,0.71,663.55
Barbados,2010,BRB,275251.0,3418936167.0,0.0,0.0,0.0,0.0,0.0,,0.0,0.0,0.0,0.0,1.03,1.03,0.68,660.19
Barbados,2011,BRB,276150.0,3406690000.0,0.0,0.0,0.0,0.0,0.0,,0.0,0.0,0.0,0.0,1.04,1.04,0.69,663.46
Barbados,2012,BRB,276949.0,3415680000.0,0.0,0.0,0.0,0.0,0.0,,0.0,0.0,0.0,0.0,1.13,1.13,0.74,654.87
Barbados,2013,BRB,277669.0,3412801000.0,0.0,0.0,0.0,0.0,0.0,,0.0,0.0,0.0,0.0,1.01,1.01,0.66,653.47
Barbados,2014,BRB,278355.0,3416200000.0,0.01,0.0,0.0,0.0,0.01,,0.971,0.971,0.0,0.0,1.02,1.03,0.67,650.49
Barbados,2015,BRB,278999.0,3448059000.0,0.01,0.0,0.0,0.0,0.01,,0.962,0.962,0.0,0.0,1.03,1.04,0.67,644.23
Barbados,2016,BRB,279604.0,3528285767.0,0.02,0.0,0.0,0.0,0.02,,1.905,1.905,0.0,0.0,1.03,1.05,0.67,638.1
Barbados,2017,BRB,280177.0,3554020089.0,0.03,0.0,0.0,0.0,0.03,,2.885,2.885,0.0,0.0,1.01,1.04,0.66,634.62
Barbados,2018,BRB,280719.0,3526291932.0,0.03,0.0,0.0,0.0,0.03,,2.885,2.885,0.0,0.0,1.01,1.04,0.66,634.62
Barbados,2019,BRB,281216.0,3535586950.0,0.04,0.0,0.0,0.0,0.04,,3.774,3.774,0.0,0.0,1.02,1.06,0.67,632.08
Barbados,2020,BRB,281706.0,3085224475.0,0.07,0.0,0.0,0.0,0.07,,6.604,6.604,0.0,0.0,0.99,1.06,0.65,613.21
Barbados,2021,BRB,282157.0,3061072053.0,0.08,0.0,0.0,0.0,0.08,,7.547,7.547,0.0,0.0,0.98,1.06,0.64,603.77
Barbados,2022,BRB,282324.0,3408005977.0,0.08,0.0,0.0,0.0,0.08,,7.339,7.339,0.0,0.0,1.01,1.09,0.66,605.51
Barbados,2023,BRB,282347.0,3408005977.0,0.09,0.0,0.0,0.0,0.09,,8.182,8.182,0.0,0.0,1.01,1.1,0.66,600.0
Barbados,2024,BRB,282476.0,3408005977.0,0.1,0.0,0.0,0.0,0.1,,9.009,9.009,0.0,0.0,1.01,1.11,0.66,594.6
Belarus,1985,BLR,9944184.0,109799185546.0,0.0,0.0,0.02,0.0,0.02,0.014,0.06,0.0,0.0,0.06,,33.175,,
Belarus,1986,BLR,10004289.0,112796181757.0,0.0,0.0,0.02,0.0,0.02,0.012,0.055,0.0,0.0,0.055,,36.282,,
Belarus,1987,BLR,10057608.0,114070850727.0,0.0,0.0,0.02,0.0,0.02,0.012,0.053,0.0,0.0,0.053,,37.453,,
Belarus,1988,BLR,10107636.0,113655358587.0,0.0,0.0,0.02,0.0,0.02,0.012,0.052,0.0,0.0,0.052,,38.15,,
Belarus,1989,BLR,10158779.0,121119310826.0,0.0,0.0,0.02,0.0,0.02,0.012,0.052,0.0,0.0,0.052,,38.489,,
Belarus,1990,BLR,10186258.0,116974867000.0,0.0,0.0,0.02,0.0,0.02,0.012,0.051,0.0,0.0,0.051,,39.526,,
Belarus,1991,BLR,10193889.0,114005544177.0,0.0,0.0,0.018,0.0,0.018,0.011,0.046,0.0,0.0,0.046,,38.735,,
Belarus,1992,BLR,10217561.0,101880793628.0,0.0,0.0,0.017,0.0,0.017,0.012,0.045,0.0,0.0,0.045,,37.595,,
Belarus,1993,BLR,10241320.0,93050209032.0,0.0,0.0,0.019,0.0,0.019,0.016,0.057,0.0,0.0,0.057,,33.369,,
Belarus,1994,BLR,10230193.0,81212667307.0,0.0,0.0,0.019,0.0,0.019,0.019,0.061,0.0,0.0,0.061,,31.397,,
Belarus,1995,BLR,10197466.0,71373341741.0,0.0,0.0,0.02,0.0,0.02,0.022,0.08,0.0,0.0,0.08,,24.918,,
Belarus,1996,BLR,10164025.0,72504136402.0,0.0,0.0,0.016,0.0,0.016,0.017,0.067,0.0,0.0,0.067,,23.728,,
Belarus,1997,BLR,10122365.0,79868071251.0,0.0,0.0,0.021,0.0,0.021,0.022,0.081,0.0,0.0,0.081,,26.057,,
Belarus,1998,BLR,10080579.0,85602469015.0,0.0,0.0,0.028,0.0,0.028,0.031,0.119,0.0,0.0,0.119,,23.492,,
Belarus,1999,BLR,10039221.0,87455010171.0,0.0,0.0,0.019,0.0,0.019,0.021,0.072,0.0,0.0,0.072,,26.516,,
Belarus,2000,BLR,9991310.0,91419114455.0,0.0,0.0,0.03,0.0,0.03,0.029,0.115,0.0,0.0,0.115,26.07,26.1,13.52,518.01
Belarus,2001,BLR,9938068.0,94624119098.0,0.0,0.0,0.03,0.0,0.03,0.033,0.12,0.0,0.0,0.12,25.04,25.07,12.95,516.55
Belarus,2002,BLR,9873451.0,98263269227.0,0.0,0.0,0.03,0.0,0.03,0.031,0.113,0.0,0.0,0.113,26.43,26.46,13.64,515.5
Belarus,2003,BLR,9803175.0,103937865617.0,0.0,0.0,0.03,0.0,0.03,0.03,0.113,0.0,0.0,0.113,26.6,26.63,13.69,514.08
Belarus,2004,BLR,9735089.0,114486408721.0,0.0,0.0,0.03,0.0,0.03,0.032,0.096,0.0,0.0,0.096,31.17,31.2,16.07,515.06
Belarus,2005,BLR,9667833.0,123858071551.0,0.0,0.0,0.04,0.0,0.04,0.035,0.129,0.0,0.0,0.129,30.92,30.96,15.87,512.6
Belarus,2006,BLR,9608041.0,134673942572.0,0.0,0.0,0.04,0.0,0.04,0.034,0.126,0.0,0.0,0.126,31.77,31.81,16.39,515.25
Belarus,2007,BLR,9563135.0,144615680573.0,0.0,0.0,0.04,0.01,0.05,0.047,0.157,0.0,0.0,0.126,31.78,31.83,16.2,508.95
Belarus,2008,BLR,9529357.0,157577029170.0,0.0,0.0,0.04,0.03,0.07,0.097,0.2,0.0,0.0,0.114,34.98,35.05,17.95,512.13
Belarus,2009,BLR,9507334.0,156010272888.0,0.0,0.0,0.04,0.07,0.11,0.193,0.362,0.0,0.0,0.132,30.26,30.37,16.22,534.08
Belarus,2010,BLR,9490752.0,166239903113.0,0.0,0.0,0.05,0.09,0.14,0.252,0.401,0.0,0.0,0.143,34.76,34.9,17.84,511.18
Belarus,2011,BLR,9472738.0,173120303880.0,0.0,0.0,0.04,0.1,0.14,0.244,0.435,0.0,0.0,0.124,32.05,32.19,16.39,509.16
Belarus,2012,BLR,9463075.0,175940441074.0,0.0,0.01,0.07,0.13,0.21,0.257,0.682,0.0,0.032,0.227,30.6,30.81,15.72,510.22
Belarus,2013,BLR,9464454.0,177632980571.0,0.0,0.01,0.14,0.15,0.3,0.305,0.952,0.0,0.032,0.444,31.21,31.51,15.94,505.87
Belarus,2014,BLR,9472704.0,180627882895.0,0.0,0.01,0.12,0.16,0.29,0.295,0.835,0.0,0.029,0.345,34.45,34.74,17.62,507.2
Belarus,2015,BLR,9487289.0,173709821418.0,0.01,0.03,0.11,0.19,0.34,0.346,0.997,0.029,0.088,0.323,33.75,34.09,17.28,506.89
Belarus,2016,BLR,9499066.0,169304543676.0,0.03,0.08,0.14,0.18,0.43,0.405,1.281,0.089,0.238,0.417,33.14,33.57,16.99,506.11
Belarus,2017,BLR,9495793.0,173606575679.0,0.09,0.1,0.4,0.19,0.78,0.726,2.26,0.261,0.29,1.159,33.73,34.51,17.25,499.86
Belarus,2018,BLR,9480031.0,179054352755.0,0.18,0.1,0.32,0.21,0.81,0.596,2.077,0.462,0.256,0.821,38.18,38.99,19.54,501.15
Belarus,2019,BLR,9435415.0,181643469714.0,0.18,0.18,0.34,0.34,1.04,0.723,2.57,0.445,0.445,0.84,39.42,40.46,20.18,498.76
Belarus,2020,BLR,9350943.0,180420997693.0,0.18,0.19,0.39,0.59,1.35,0.943,3.503,0.467,0.493,1.012,36.85,38.54,19.22,498.7
Belarus,2021,BLR,9251368.0,184521985376.0,0.18,0.17,0.37,0.55,1.27,1.106,3.079,0.436,0.412,0.897,34.2,41.25,17.87,433.21
Belarus,2022,BLR,9173240.0,175773799265.0,0.21,0.18,0.37,0.5,1.26,1.147,3.389,0.565,0.484,0.995,31.24,37.18,16.33,439.22
Belarus,2023,BLR,9115679.0,175773799265.0,0.23,0.19,0.39,0.53,1.34,1.027,3.21,0.551,0.455,0.934,28.67,41.74,15.02,359.85
Belarus,2024,BLR,9056696.0,175773799265.0,0.26,0.2,0.4,0.55,1.41,0.969,3.077,0.567,0.436,0.873,28.72,45.82,15.1,329.55
Belarus,2025,BLR,8997601.0,175773799265.0,0.37,0.48,0.93,0.46,2.24,0.969,4.831,0.798,1.035,2.006,27.16,46.37,14.34,309.25
Belgium,1965,BEL,9399851.0,128900422970.0,0.0,0.0,0.272,0.0,0.272,0.183,,,,,,,,
Belgium,1966,BEL,9455000.0,133004611467.0,0.0,0.0,0.299,0.0,0.299,0.209,,,,,,,,
Belgium,1967,BEL,9505919.0,138196546500.0,0.0,0.0,0.238,0.0,0.238,0.158,,,,,,,,
Belgium,1968,BEL,9549702.0,143933305268.0,0.0,0.0,0.244,0.0,0.244,0.146,,,,,,,,
Belgium,1969,BEL,9589190.0,153505209418.0,0.0,0.0,0.23,0.0,0.23,0.125,,,,,,,,
Belgium,1970,BEL,9630508.0,163013745896.0,0.0,0.0,0.246,0.0,0.246,0.127,,,,,,,,
Belgium,1971,BEL,9666524.0,169133335000.0,0.0,0.0,0.134,0.0,0.134,0.07,,,,,,,,
Belgium,1972,BEL,9694853.0,178026050437.0,0.0,0.0,0.18,0.0,0.18,0.089,,,,,,,,
Belgium,1973,BEL,9718032.0,188915229177.0,0.0,0.0,0.171,0.116,0.287,0.147,,,,,,,,
Belgium,1974,BEL,9735809.0,196850469463.0,0.0,0.0,0.24,0.108,0.348,0.182,,,,,,,,
Belgium,1975,BEL,9748472.0,194240674926.0,0.0,0.0,0.183,0.083,0.266,0.148,,,,,,,,
Belgium,1976,BEL,9758905.0,205206876000.0,0.0,0.0,0.109,0.057,0.166,0.088,,,,,,,,
Belgium,1977,BEL,9774018.0,206503340893.0,0.0,0.0,0.224,0.247,0.471,0.254,,,,,,,,
Belgium,1978,BEL,9791812.0,212370672719.0,0.0,0.0,0.223,0.26,0.483,0.25,,,,,,,,
Belgium,1979,BEL,9811367.0,217343101115.0,0.0,0.0,0.234,0.315,0.549,0.277,,,,,,,,
Belgium,1980,BEL,9833093.0,227067203496.0,0.0,0.0,0.278,0.3,0.578,0.302,,,,,,,,
Belgium,1981,BEL,9850674.0,224240632890.0,0.0,0.0,0.381,0.291,0.672,0.366,,,,,,,,
Belgium,1982,BEL,9862329.0,227394760384.0,0.0,0.0,0.333,0.046,0.379,0.208,,,,,,,,
Belgium,1983,BEL,9869136.0,227376691105.0,0.0,0.0,0.336,0.022,0.358,0.201,,,,,,,,
Belgium,1984,BEL,9874586.0,233018708582.0,0.0,0.0,0.351,0.024,0.375,0.202,,,,,,,,
Belgium,1985,BEL,9880338.0,235344813262.0,0.0,0.0,0.287,0.053,0.34,0.178,0.593,0.0,0.0,0.501,,57.322,,
Belgium,1986,BEL,9886981.0,238862653069.0,0.0,0.0,0.343,0.119,0.462,0.237,0.787,0.0,0.0,0.585,,58.676,,
Belgium,1987,BEL,9899150.0,244504599238.0,0.0,0.006,0.429,0.142,0.577,0.287,0.911,0.0,0.009,0.677,,63.367,,
Belgium,1988,BEL,9916566.0,256045020000.0,0.0,0.008,0.359,0.18,0.547,0.269,0.837,0.0,0.012,0.549,,65.349,,
Belgium,1989,BEL,9936575.0,265237140019.0,0.0,0.007,0.305,0.191,0.503,0.247,0.745,0.0,0.01,0.452,,67.547,,
Belgium,1990,BEL,9960968.0,273278713941.0,0.0,0.01,0.27,0.28,0.56,0.265,0.797,0.0,0.014,0.384,27.01,70.29,,312.99
Belgium,1991,BEL,9998962.0,278686606016.0,0.0,0.01,0.23,0.3,0.54,0.249,0.759,0.0,0.014,0.323,27.79,71.19,,310.72
Belgium,1992,BEL,10045988.0,283358354426.0,0.0,0.01,0.34,0.27,0.62,0.283,0.868,0.0,0.014,0.476,27.34,71.42,,301.74
Belgium,1993,BEL,10084932.0,281005275818.0,0.0,0.01,0.25,0.25,0.51,0.238,0.728,0.0,0.014,0.357,27.64,70.08,,310.79
Belgium,1994,BEL,10116005.0,290433135887.0,0.0,0.01,0.35,0.25,0.61,0.265,0.855,0.0,0.014,0.491,30.11,71.34,,325.76
Belgium,1995,BEL,10137264.0,297763645458.0,0.0,0.01,0.34,0.32,0.67,0.294,0.911,0.0,0.014,0.462,31.49,73.52,,319.91
Belgium,1996,BEL,10156972.0,302924438524.0,0.0,0.01,0.24,0.31,0.56,0.234,0.745,0.0,0.013,0.319,31.24,75.14,,304.1
Belgium,1997,BEL,10181465.0,314576090803.0,0.0,0.01,0.31,0.28,0.6,0.241,0.77,0.0,0.013,0.398,29.87,77.88,,272.86
Belgium,1998,BEL,10203185.0,321240211745.0,0.0,0.01,0.39,0.36,0.76,0.305,0.926,0.0,0.012,0.475,35.16,82.09,,291.75
Belgium,1999,BEL,10226681.0,333121577520.0,0.0,0.01,0.34,0.5,0.85,0.348,1.02,0.0,0.012,0.408,33.5,83.37,,245.65
Belgium,2000,BEL,10251719.0,345706865981.0,0.0,0.02,0.46,0.57,1.05,0.418,1.268,0.0,0.024,0.556,33.58,82.79,22.32,269.6
Belgium,2001,BEL,10287005.0,349015220419.0,0.0,0.04,0.44,0.6,1.08,0.434,1.374,0.0,0.051,0.56,31.2,78.63,19.88,252.83
Belgium,2002,BEL,10332975.0,355705534550.0,0.0,0.06,0.36,0.72,1.14,0.465,1.408,0.0,0.074,0.445,32.44,80.94,20.22,249.82
Belgium,2003,BEL,10376262.0,358937085300.0,0.0,0.09,0.25,0.86,1.2,0.473,1.436,0.0,0.108,0.299,34.99,83.57,20.82,249.13
Belgium,2004,BEL,10421298.0,372499172102.0,0.0,0.14,0.32,1.04,1.5,0.589,1.809,0.0,0.169,0.386,34.1,82.91,20.53,247.62
Belgium,2005,BEL,10478883.0,380840056202.0,0.0,0.23,0.29,1.59,2.11,0.844,2.501,0.0,0.273,0.344,34.67,84.38,20.34,241.05
Belgium,2006,BEL,10548445.0,390874955040.0,0.0,0.37,0.36,2.23,2.96,1.178,3.552,0.0,0.444,0.432,33.73,83.34,19.3,231.58
Belgium,2007,BEL,10625488.0,404721960651.0,0.01,0.49,0.39,2.6,3.49,1.378,4.02,0.012,0.564,0.449,35.09,86.81,19.47,224.28
Belgium,2008,BEL,10709711.0,408290544814.0,0.04,0.64,0.41,3.33,4.42,1.718,5.321,0.048,0.771,0.494,33.07,83.06,18.13,218.28
Belgium,2009,BEL,10812936.0,399489943721.0,0.17,0.99,0.33,3.95,5.44,2.494,6.061,0.189,1.103,0.368,37.1,89.76,19.47,216.91
Belgium,2010,BEL,10936619.0,411261674695.0,0.58,1.3,0.31,4.38,6.57,3.125,7.061,0.623,1.397,0.333,38.53,93.04,19.8,212.81
Belgium,2011,BEL,11038624.0,420934235947.0,1.21,2.32,0.2,4.63,8.36,3.983,9.364,1.355,2.599,0.224,32.69,89.28,17.22,192.88
Belgium,2012,BEL,11107522.0,424045845634.0,2.15,2.76,0.36,5.24,10.51,4.996,12.894,2.638,3.386,0.442,30.71,81.51,16.52,202.68
Belgium,2013,BEL,11160277.0,425993254852.0,2.64,3.67,0.38,5.03,11.72,5.28,14.301,3.221,4.478,0.464,27.59,81.95,15.1,184.26
Belgium,2014,BEL,11210113.0,432717694183.0,2.89,4.62,0.29,4.41,12.21,5.938,17.149,4.059,6.489,0.407,25.29,71.2,13.52,189.89
Belgium,2015,BEL,11275332.0,441551470878.0,3.06,5.57,0.32,5.49,14.44,6.551,21.102,4.472,8.14,0.468,27.89,68.43,14.75,215.55
Belgium,2016,BEL,11332707.0,447144517813.0,3.1,5.42,0.37,5.36,14.25,6.264,16.902,3.677,6.429,0.439,26.54,84.31,13.38,158.7
Belgium,2017,BEL,11376583.0,454386396677.0,3.31,6.52,0.27,5.7,15.8,6.819,18.514,3.879,7.64,0.316,27.31,85.34,13.61,159.48
Belgium,2018,BEL,11428608.0,462533269863.0,3.9,7.57,0.29,5.4,17.16,7.262,23.23,5.28,10.248,0.393,28.11,73.87,13.81,186.95
Belgium,2019,BEL,11490623.0,472897988852.0,4.25,9.75,0.3,5.15,19.45,7.77,20.984,4.585,10.519,0.324,29.72,92.69,14.51,156.54
Belgium,2020,BEL,11540102.0,447544069854.0,5.11,12.81,0.27,5.26,23.45,10.457,26.56,5.788,14.509,0.306,30.41,88.29,14.71,166.61
Belgium,2021,BEL,11570843.0,474995824355.0,5.62,12.0,0.42,4.71,22.75,9.202,22.887,5.654,12.072,0.423,26.32,99.4,13.1,131.79
Belgium,2022,BEL,11641814.0,489678394377.0,6.88,12.35,0.27,4.93,24.43,10.436,25.898,7.294,13.092,0.286,26.02,94.33,13.15,139.4
Belgium,2023,BEL,11712891.0,489678394377.0,7.83,15.44,0.4,3.79,27.46,12.149,33.435,9.534,18.799,0.487,21.74,82.13,11.06,134.67
Belgium,2024,BEL,11738761.0,489678394377.0,8.56,14.06,0.55,3.61,26.78,11.454,35.232,11.262,18.498,0.724,17.98,76.01,9.65,126.96
Belgium,2025,BEL,11758601.0,489678394377.0,10.45,13.72,0.44,3.77,28.38,11.454,38.935,14.337,18.823,0.604,20.4,72.89,10.92,149.82
Belize,2000,BLZ,240809.0,,0.0,0.0,0.09,0.0,0.09,,69.231,0.0,0.0,69.231,0.04,0.13,0.03,230.77
Belize,2001,BLZ,248393.0,,0.0,0.0,0.09,0.0,0.09,,69.231,0.0,0.0,69.231,0.04,0.13,0.03,230.77
Belize,2002,BLZ,256019.0,,0.0,0.0,0.09,0.0,0.09,,64.286,0.0,0.0,64.286,0.05,0.14,0.03,214.29
Belize,2003,BLZ,263794.0,,0.0,0.0,0.06,0.0,0.06,,37.5,0.0,0.0,37.5,0.1,0.16,0.07,437.5
Belize,2004,BLZ,271695.0,,0.0,0.0,0.06,0.0,0.06,,42.857,0.0,0.0,42.857,0.08,0.14,0.05,357.14
Belize,2005,BLZ,279747.0,,0.0,0.0,0.07,0.0,0.07,,43.75,0.0,0.0,43.75,0.09,0.16,0.06,375.0
Belize,2006,BLZ,287889.0,,0.0,0.0,0.18,0.0,0.18,,85.714,0.0,0.0,85.714,0.03,0.21,0.02,95.24
Belize,2007,BLZ,296117.0,,0.0,0.0,0.18,0.0,0.18,,81.818,0.0,0.0,81.818,0.04,0.22,0.03,136.36
Belize,2008,BLZ,304373.0,,0.0,0.0,0.2,0.0,0.2,,95.238,0.0,0.0,95.238,0.01,0.21,0.01,47.62
Belize,2009,BLZ,312619.0,,0.0,0.0,0.19,0.0,0.19,,79.167,0.0,0.0,79.167,0.05,0.24,0.03,125.0
Belize,2010,BLZ,320256.0,,0.0,0.0,0.26,0.11,0.37,,88.095,0.0,0.0,61.905,0.05,0.42,0.06,142.86
Belize,2011,BLZ,327306.0,,0.0,0.0,0.25,0.06,0.31,,93.939,0.0,0.0,75.758,0.02,0.33,0.03,90.91
Belize,2012,BLZ,334421.0,,0.0,0.0,0.21,0.14,0.35,,92.105,0.0,0.0,55.263,0.03,0.38,0.05,131.58
Belize,2013,BLZ,341635.0,,0.0,0.0,0.26,0.09,0.35,,94.595,0.0,0.0,70.27,0.02,0.37,0.04,108.11
Belize,2014,BLZ,348934.0,,0.0,0.0,0.26,0.07,0.33,,91.667,0.0,0.0,72.222,0.03,0.36,0.05,138.89
Belize,2015,BLZ,356341.0,,0.0,0.0,0.24,0.09,0.33,,91.667,0.0,0.0,66.667,0.03,0.36,0.05,138.89
Belize,2016,BLZ,364717.0,,0.0,0.0,0.26,0.1,0.36,,94.737,0.0,0.0,68.421,0.02,0.38,0.04,105.26
Belize,2017,BLZ,373215.0,,0.0,0.0,0.27,0.11,0.38,,95.0,0.0,0.0,67.5,0.02,0.4,0.04,100.0
Belize,2018,BLZ,380232.0,,0.0,0.0,0.25,0.13,0.38,,92.683,0.0,0.0,60.976,0.03,0.41,0.06,146.34
Belize,2019,BLZ,385833.0,,0.01,0.0,0.29,0.15,0.45,,86.538,1.923,0.0,55.769,0.07,0.52,0.09,173.08
Belize,2020,BLZ,390819.0,,0.01,0.0,0.24,0.14,0.39,,88.636,2.273,0.0,54.545,0.05,0.44,0.07,159.09
Belize,2021,BLZ,395355.0,,0.01,0.0,0.16,0.14,0.31,,86.111,2.778,0.0,44.444,0.05,0.36,0.06,166.67
Belize,2022,BLZ,402741.0,,0.01,0.0,0.24,0.16,0.41,,87.234,2.128,0.0,51.064,0.06,0.47,0.08,170.21
Belize,2023,BLZ,411112.0,,0.01,0.0,0.24,0.15,0.4,,88.889,2.222,0.0,53.333,0.05,0.45,0.07,155.56
Belize,2024,BLZ,417077.0,,0.01,0.0,0.24,0.16,0.41,,87.234,2.128,0.0,51.064,0.06,0.47,0.08,170.21
Benin,2000,BEN,7221618.0,12746225376.0,0.0,0.0,0.0,0.0,0.0,,0.0,0.0,0.0,0.0,0.08,0.08,0.05,625.0
Benin,2001,BEN,7445599.0,13306904218.0,0.0,0.0,0.0,0.0,0.0,,0.0,0.0,0.0,0.0,0.06,0.06,0.04,666.67
Benin,2002,BEN,7675430.0,13793055302.0,0.0,0.0,0.0,0.0,0.0,,0.0,0.0,0.0,0.0,0.06,0.06,0.04,666.67
Benin,2003,BEN,7913074.0,14127733603.0,0.0,0.0,0.0,0.0,0.0,,0.0,0.0,0.0,0.0,0.08,0.08,0.05,625.0
Benin,2004,BEN,8159098.0,14599811664.0,0.0,0.0,0.0,0.0,0.0,,0.0,0.0,0.0,0.0,0.08,0.08,0.05,625.0
Benin,2005,BEN,8426145.0,14703566396.0,0.0,0.0,0.0,0.0,0.0,,0.0,0.0,0.0,0.0,0.11,0.11,0.07,636.36
Benin,2006,BEN,8693243.0,15130030225.0,0.0,0.0,0.0,0.0,0.0,,0.0,0.0,0.0,0.0,0.15,0.15,0.1,666.67
Benin,2007,BEN,8953973.0,15874980420.0,0.0,0.0,0.0,0.0,0.0,,0.0,0.0,0.0,0.0,0.22,0.22,0.14,636.36
Benin,2008,BEN,9228468.0,16519715795.0,0.0,0.0,0.0,0.0,0.0,,0.0,0.0,0.0,0.0,0.23,0.23,0.15,652.17
Benin,2009,BEN,9509431.0,16780073808.0,0.0,0.0,0.0,0.0,0.0,,0.0,0.0,0.0,0.0,0.13,0.13,0.09,692.31
Benin,2010,BEN,9797488.0,17023196060.0,0.0,0.0,0.0,0.0,0.0,,0.0,0.0,0.0,0.0,0.11,0.11,0.07,636.36
Benin,2011,BEN,10093626.0,17416238625.0,0.0,0.0,0.0,0.0,0.0,,0.0,0.0,0.0,0.0,0.1,0.1,0.07,700.0
Benin,2012,BEN,10397659.0,18305935000.0,0.0,0.0,0.0,0.0,0.0,,0.0,0.0,0.0,0.0,0.05,0.05,0.03,600.0
Benin,2013,BEN,10708831.0,19651418479.0,0.0,0.0,0.0,0.0,0.0,,0.0,0.0,0.0,0.0,0.13,0.13,0.08,615.39
Benin,2014,BEN,11030008.0,21043177203.0,0.0,0.0,0.0,0.0,0.0,,0.0,0.0,0.0,0.0,0.34,0.34,0.22,647.06
Benin,2015,BEN,11360681.0,22279707949.0,0.0,0.0,0.0,0.0,0.0,,0.0,0.0,0.0,0.0,0.32,0.32,0.2,625.0
Benin,2016,BEN,11697845.0,23134706997.0,0.0,0.0,0.0,0.0,0.0,,0.0,0.0,0.0,0.0,0.27,0.27,0.18,666.67
Benin,2017,BEN,12039777.0,24568275710.0,0.0,0.0,0.0,0.0,0.0,,0.0,0.0,0.0,0.0,0.32,0.32,0.2,625.0
Benin,2018,BEN,12383349.0,26346543293.0,0.0,0.0,0.0,0.0,0.0,,0.0,0.0,0.0,0.0,0.19,0.19,0.12,631.58
Benin,2019,BEN,12726760.0,28155410176.0,0.01,0.0,0.0,0.0,0.01,,1.852,1.852,0.0,0.0,0.53,0.54,0.33,611.11
Benin,2020,BEN,13070169.0,29239039610.0,0.01,0.0,0.0,0.0,0.01,,1.01,1.01,0.0,0.0,0.98,0.99,0.59,595.96
Benin,2021,BEN,13413423.0,31331235336.0,0.02,0.0,0.0,0.0,0.02,,1.77,1.77,0.0,0.0,1.11,1.13,0.66,584.07
Benin,2022,BEN,13759507.0,33290362034.0,0.02,0.0,0.0,0.0,0.02,,2.02,2.02,0.0,0.0,0.97,0.99,0.59,595.96
Benin,2023,BEN,14111035.0,33290362034.0,0.03,0.0,0.0,0.0,0.03,,3.0,3.0,0.0,0.0,0.97,1.0,0.59,590.0
Benin,2024,BEN,14462721.0,33290362034.0,0.04,0.0,0.0,0.0,0.04,,3.96,3.96,0.0,0.0,0.97,1.01,0.59,584.16
Bermuda,2000,BMU,61569.0,,0.0,0.0,0.0,0.01,0.01,,1.667,0.0,0.0,0.0,0.59,0.6,0.39,650.0
Bermuda,2001,BMU,61887.0,,0.0,0.0,0.0,0.01,0.01,,1.639,0.0,0.0,0.0,0.6,0.61,0.39,639.34
Bermuda,2002,BMU,62163.0,,0.0,0.0,0.0,0.01,0.01,,1.562,0.0,0.0,0.0,0.63,0.64,0.41,640.63
Bermuda,2003,BMU,62405.0,,0.0,0.0,0.0,0.01,0.01,,1.515,0.0,0.0,0.0,0.65,0.66,0.43,651.52
Bermuda,2004,BMU,62576.0,,0.0,0.0,0.0,0.01,0.01,,1.515,0.0,0.0,0.0,0.65,0.66,0.43,651.52
Bermuda,2005,BMU,62730.0,,0.0,0.0,0.0,0.01,0.01,,1.449,0.0,0.0,0.0,0.68,0.69,0.45,652.17
Bermuda,2006,BMU,62855.0,,0.0,0.0,0.0,0.01,0.01,,1.408,0.0,0.0,0.0,0.7,0.71,0.46,647.89
Bermuda,2007,BMU,63030.0,,0.0,0.0,0.0,0.01,0.01,,1.37,0.0,0.0,0.0,0.72,0.73,0.47,643.84
Bermuda,2008,BMU,63319.0,,0.0,0.0,0.0,0.01,0.01,,1.389,0.0,0.0,0.0,0.71,0.72,0.47,652.78
Bermuda,2009,BMU,63587.0,,0.0,0.0,0.0,0.01,0.01,,1.351,0.0,0.0,0.0,0.73,0.74,0.48,648.65
Bermuda,2010,BMU,63748.0,,0.0,0.0,0.0,0.01,0.01,,1.351,0.0,0.0,0.0,0.73,0.74,0.48,648.65
Bermuda,2011,BMU,63753.0,,0.0,0.0,0.0,0.01,0.01,,1.37,0.0,0.0,0.0,0.72,0.73,0.47,643.84
Bermuda,2012,BMU,63665.0,,0.0,0.0,0.0,0.01,0.01,,1.429,0.0,0.0,0.0,0.69,0.7,0.45,642.86
Bermuda,2013,BMU,63593.0,,0.0,0.0,0.0,0.01,0.01,,1.471,0.0,0.0,0.0,0.67,0.68,0.44,647.06
Bermuda,2014,BMU,63551.0,,0.0,0.0,0.0,0.01,0.01,,1.515,0.0,0.0,0.0,0.65,0.66,0.43,651.52
Bermuda,2015,BMU,63482.0,,0.0,0.0,0.0,0.01,0.01,,1.493,0.0,0.0,0.0,0.66,0.67,0.43,641.79
Bermuda,2016,BMU,63466.0,,0.0,0.0,0.0,0.01,0.01,,1.515,0.0,0.0,0.0,0.65,0.66,0.43,651.52
Bermuda,2017,BMU,63603.0,,0.0,0.0,0.0,0.01,0.01,,1.493,0.0,0.0,0.0,0.66,0.67,0.43,641.79
Bermuda,2018,BMU,63852.0,,0.0,0.0,0.0,0.01,0.01,,1.562,0.0,0.0,0.0,0.63,0.64,0.41,640.63
Bermuda,2019,BMU,64130.0,,0.0,0.0,0.0,0.01,0.01,,1.639,0.0,0.0,0.0,0.6,0.61,0.39,639.34
Bermuda,2020,BMU,64404.0,,0.0,0.0,0.0,0.01,0.01,,1.695,0.0,0.0,0.0,0.58,0.59,0.38,644.07
Bermuda,2021,BMU,64672.0,,0.0,0.0,0.0,0.01,0.01,,1.695,0.0,0.0,0.0,0.58,0.59,0.38,644.07
Bermuda,2022,BMU,64772.0,,0.0,0.0,0.0,0.01,0.01,,1.587,0.0,0.0,0.0,0.62,0.63,0.41,650.79
Bermuda,2023,BMU,64721.0,,0.0,0.0,0.0,0.01,0.01,,1.562,0.0,0.0,0.0,0.63,0.64,0.41,640.63
Bermuda,2024,BMU,64660.0,,0.0,0.0,0.0,0.01,0.01,,1.639,0.0,0.0,0.0,0.6,0.61,0.39,639.34
Bhutan,2000,BTN,596871.0,,0.0,0.0,1.79,0.0,1.79,,100.0,0.0,0.0,100.0,0.0,1.79,0.04,22.35
Bhutan,2001,BTN,610801.0,,0.0,0.0,1.92,0.0,1.92,,100.0,0.0,0.0,100.0,0.0,1.92,0.05,26.04
Bhutan,2002,BTN,624417.0,,0.0,0.0,2.18,0.0,2.18,,100.0,0.0,0.0,100.0,0.0,2.18,0.05,22.94
Bhutan,2003,BTN,637667.0,,0.0,0.0,2.5,0.0,2.5,,100.0,0.0,0.0,100.0,0.0,2.5,0.06,24.0
Bhutan,2004,BTN,650559.0,,0.0,0.0,2.33,0.0,2.33,,100.0,0.0,0.0,100.0,0.0,2.33,0.06,25.75
Bhutan,2005,BTN,661875.0,,0.0,0.0,2.62,0.0,2.62,,100.0,0.0,0.0,100.0,0.0,2.62,0.06,22.9
Bhutan,2006,BTN,670803.0,,0.0,0.0,4.47,0.0,4.47,,100.0,0.0,0.0,100.0,0.0,4.47,0.11,24.61
Bhutan,2007,BTN,678643.0,,0.0,0.0,6.49,0.0,6.49,,100.0,0.0,0.0,100.0,0.0,6.49,0.15,23.11
Bhutan,2008,BTN,686359.0,,0.0,0.0,6.89,0.0,6.89,,100.0,0.0,0.0,100.0,0.0,6.89,0.16,23.22
Bhutan,2009,BTN,693994.0,,0.0,0.0,6.93,0.0,6.93,,100.0,0.0,0.0,100.0,0.0,6.93,0.16,23.09
Bhutan,2010,BTN,701638.0,,0.0,0.0,7.26,0.0,7.26,,100.0,0.0,0.0,100.0,0.0,7.26,0.17,23.42
Bhutan,2011,BTN,709387.0,,0.0,0.0,6.97,0.0,6.97,,100.0,0.0,0.0,100.0,0.0,6.97,0.17,24.39
Bhutan,2012,BTN,717288.0,,0.0,0.0,6.74,0.0,6.74,,100.0,0.0,0.0,100.0,0.0,6.74,0.16,23.74
Bhutan,2013,BTN,725282.0,,0.0,0.0,7.53,0.0,7.53,,100.0,0.0,0.0,100.0,0.0,7.53,0.18,23.9
Bhutan,2014,BTN,733151.0,,0.0,0.0,7.15,0.0,7.15,,100.0,0.0,0.0,100.0,0.0,7.15,0.17,23.78
Bhutan,2015,BTN,740623.0,,0.0,0.0,7.73,0.0,7.73,,100.0,0.0,0.0,100.0,0.0,7.73,0.18,23.29
Bhutan,2016,BTN,747878.0,,0.0,0.0,7.88,0.0,7.88,,100.0,0.0,0.0,100.0,0.0,7.88,0.19,24.11
Bhutan,2017,BTN,754343.0,,0.0,0.0,7.65,0.0,7.65,,100.0,0.0,0.0,100.0,0.0,7.65,0.18,23.53
Bhutan,2018,BTN,759766.0,,0.0,0.0,6.89,0.0,6.89,,100.0,0.0,0.0,100.0,0.0,6.89,0.16,23.22
Bhutan,2019,BTN,764830.0,,0.0,0.0,8.65,0.0,8.65,,100.0,0.0,0.0,100.0,0.0,8.65,0.21,24.28
Bhutan,2020,BTN,770013.0,,0.0,0.0,11.37,0.0,11.37,,100.0,0.0,0.0,100.0,0.0,11.37,0.27,23.75
Bhutan,2021,BTN,775450.0,,0.0,0.0,10.82,0.0,10.82,,100.0,0.0,0.0,100.0,0.0,10.82,0.26,24.03
Bhutan,2022,BTN,780921.0,,0.0,0.0,10.77,0.0,10.77,,100.0,0.0,0.0,100.0,0.0,10.77,0.26,24.14
Bhutan,2023,BTN,786386.0,,0.0,0.0,11.16,0.0,11.16,,100.0,0.0,0.0,100.0,0.0,11.16,0.27,24.19
Bhutan,2024,BTN,791530.0,,0.0,0.0,11.0,0.0,11.0,,100.0,0.0,0.0,100.0,0.0,11.0,0.26,23.64
Bolivia,2000,BOL,8606330.0,34126236477.0,0.0,0.0,1.95,0.05,2.0,,51.546,0.0,0.0,50.258,1.88,3.88,1.43,368.56
Bolivia,2001,BOL,8752740.0,34794954024.0,0.0,0.0,2.11,0.05,2.16,,54.545,0.0,0.0,53.283,1.8,3.96,1.37,345.96
Bolivia,2002,BOL,8900358.0,35770128530.0,0.0,0.0,2.18,0.05,2.23,,53.606,0.0,0.0,52.404,1.93,4.16,1.46,350.96
Bolivia,2003,BOL,9050703.0,36849589696.0,0.0,0.0,1.97,0.05,2.02,,46.651,0.0,0.0,45.497,2.31,4.33,1.75,404.16
Bolivia,2004,BOL,9204297.0,38518211935.0,0.0,0.0,2.13,0.06,2.19,,48.344,0.0,0.0,47.02,2.34,4.53,1.77,390.73
Bolivia,2005,BOL,9360758.0,40366066215.0,0.0,0.0,1.94,0.06,2.0,,40.9,0.0,0.0,39.673,2.89,4.89,2.17,443.76
Bolivia,2006,BOL,9521685.0,42467223163.0,0.0,0.0,2.14,0.04,2.18,,43.6,0.0,0.0,42.8,2.82,5.0,2.12,424.0
Bolivia,2007,BOL,9685960.0,44577390720.0,0.0,0.0,2.3,0.05,2.35,,43.199,0.0,0.0,42.279,3.09,5.44,2.31,424.63
Bolivia,2008,BOL,9850859.0,47500614555.0,0.0,0.0,2.29,0.06,2.35,,39.696,0.0,0.0,38.682,3.57,5.92,2.67,451.01
Bolivia,2009,BOL,10016279.0,49290119749.0,0.0,0.0,2.27,0.08,2.35,,37.842,0.0,0.0,36.554,3.86,6.21,2.89,465.38
Bolivia,2010,BOL,10182345.0,51541502268.0,0.0,0.0,2.16,0.08,2.24,,33.684,0.0,0.0,32.481,4.41,6.65,3.29,494.74
Bolivia,2011,BOL,10348931.0,54437027542.0,0.0,0.0,2.32,0.09,2.41,,33.992,0.0,0.0,32.722,4.68,7.09,3.5,493.65
Bolivia,2012,BOL,10515814.0,57225289193.0,0.0,0.0,2.33,0.08,2.41,,32.524,0.0,0.0,31.444,5.0,7.41,3.74,504.72
Bolivia,2013,BOL,10682612.0,61114326124.0,0.0,0.0,2.51,0.13,2.64,,33.803,0.0,0.0,32.138,5.17,7.81,3.87,495.52
Bolivia,2014,BOL,10848889.0,64451770571.0,0.01,0.01,2.23,0.13,2.38,,28.675,0.12,0.12,26.867,5.92,8.3,4.4,530.12
Bolivia,2015,BOL,11014707.0,67582198248.0,0.0,0.01,2.44,0.2,2.65,,29.444,0.0,0.111,27.111,6.35,9.0,4.74,526.67
Bolivia,2016,BOL,11180020.0,70463901130.0,0.01,0.04,1.7,0.18,1.93,,20.753,0.108,0.43,18.28,7.37,9.3,5.47,588.17
Bolivia,2017,BOL,11344591.0,73419862854.0,0.01,0.06,2.21,0.13,2.41,,25.13,0.104,0.626,23.045,7.18,9.59,5.32,554.75
Bolivia,2018,BOL,11508370.0,76521114837.0,0.13,0.06,2.61,0.17,2.97,,29.582,1.295,0.598,25.996,7.07,10.04,5.26,523.9
Bolivia,2019,BOL,11671386.0,78217588630.0,0.19,0.07,3.25,0.24,3.75,,36.162,1.832,0.675,31.34,6.62,10.37,4.96,478.3
Bolivia,2020,BOL,11816301.0,71382934039.0,0.33,0.06,2.94,0.33,3.66,,35.638,3.213,0.584,28.627,6.61,10.27,4.97,483.93
Bolivia,2021,BOL,11937369.0,75741579784.0,0.35,0.13,3.24,0.46,4.18,,38.454,3.22,1.196,29.807,6.69,10.87,5.08,467.34
Bolivia,2022,BOL,12077156.0,78165311428.0,0.35,0.44,2.85,0.53,4.17,,35.733,2.999,3.77,24.422,7.5,11.67,5.67,485.86
Bolivia,2023,BOL,12244161.0,78165311428.0,0.35,0.44,2.97,0.42,4.18,,33.307,2.789,3.506,23.665,8.37,12.55,6.29,501.2
Bolivia,2024,BOL,12413318.0,78165311428.0,0.4,0.48,3.3,0.42,4.6,,33.999,2.956,3.548,24.39,8.93,13.53,6.7,495.2
Bolivia,2025,BOL,12581847.0,78165311428.0,0.4,0.28,3.8,0.44,4.92,,36.097,2.935,2.054,27.88,8.71,13.63,6.56,481.29
Bosnia and Herzegovina,2000,BIH,4159785.0,27629709487.0,,,5.09,,5.09,,48.802,,,48.802,5.34,10.43,5.4,517.74
Bosnia and Herzegovina,2001,BIH,4179446.0,27937499205.0,,,5.18,,5.18,,48.73,,,48.73,5.45,10.63,5.5,517.4
Bosnia and Herzegovina,2002,BIH,4188006.0,28997438498.0,,,5.27,,5.27,,48.842,,,48.842,5.52,10.79,5.56,515.29
Bosnia and Herzegovina,2003,BIH,4178523.0,29748999379.0,0.0,,4.5,,4.5,,39.929,0.0,,39.929,6.77,11.27,6.78,601.6
Bosnia and Herzegovina,2004,BIH,4140990.0,31229543774.0,0.0,,5.98,,5.98,,46.976,0.0,,46.976,6.75,12.73,6.8,534.17
Bosnia and Herzegovina,2005,BIH,4096493.0,32159580501.0,0.0,,6.0,,6.0,,47.619,0.0,,47.619,6.6,12.6,6.64,526.98
Bosnia and Herzegovina,2006,BIH,4063269.0,33580206309.0,0.0,,5.84,,5.84,,43.943,0.0,,43.943,7.45,13.29,7.48,562.83
Bosnia and Herzegovina,2007,BIH,4013420.0,35158268243.0,0.0,,3.99,,3.99,,33.871,0.0,,33.871,7.79,11.78,7.77,659.59
Bosnia and Herzegovina,2008,BIH,3947545.0,36676627730.0,0.0,,4.87,,4.87,,33.197,0.0,,33.197,9.8,14.67,9.85,671.44
Bosnia and Herzegovina,2009,BIH,3879798.0,35937393954.0,0.0,,6.24,,6.24,,40.31,0.0,,40.31,9.24,15.48,9.3,600.78
Bosnia and Herzegovina,2010,BIH,3811480.0,35774435069.0,0.0,,8.03,,8.03,,47.431,0.0,,47.431,8.9,16.93,8.99,531.01
Bosnia and Herzegovina,2011,BIH,3741799.0,35664062419.0,0.0,0.0,4.39,,4.39,,29.131,0.0,0.0,29.131,10.68,15.07,10.68,708.69
Bosnia and Herzegovina,2012,BIH,3670109.0,35371051813.0,0.0,0.0,4.15,,4.15,,30.051,0.0,0.0,30.051,9.66,13.81,9.67,700.22
Bosnia and Herzegovina,2013,BIH,3610857.0,36202157063.0,0.0,0.0,7.24,,7.24,,41.971,0.0,0.0,41.971,10.01,17.25,10.09,584.93
Bosnia and Herzegovina,2014,BIH,3564831.0,36619951250.0,0.01,0.0,5.93,0.0,5.94,,34.88,0.059,0.0,34.821,11.09,17.03,11.13,653.55
Bosnia and Herzegovina,2015,BIH,3518541.0,38199900995.0,0.01,0.0,5.54,0.0,5.55,,33.78,0.061,0.0,33.719,10.88,16.43,10.91,664.03
Bosnia and Herzegovina,2016,BIH,3472997.0,39438504839.0,0.02,0.0,5.59,0.0,5.61,,31.677,0.113,0.0,31.564,12.1,17.71,12.14,685.49
Bosnia and Herzegovina,2017,BIH,3428684.0,40717914490.0,0.02,0.0,3.79,0.01,3.82,,23.522,0.123,0.0,23.337,12.42,16.24,12.44,766.01
Bosnia and Herzegovina,2018,BIH,3386999.0,42277004927.0,0.02,0.1,6.42,0.01,6.55,,34.347,0.105,0.524,33.665,12.52,19.07,12.6,660.72
Bosnia and Herzegovina,2019,BIH,3345532.0,43497123759.0,0.03,0.25,6.1,0.01,6.39,,36.682,0.172,1.435,35.017,11.03,17.42,11.1,637.2
Bosnia and Herzegovina,2020,BIH,3299352.0,42185625323.0,0.05,0.26,4.58,0.01,4.9,,29.184,0.298,1.549,27.278,11.89,16.79,11.94,711.14
Bosnia and Herzegovina,2021,BIH,3244912.0,45303796505.0,0.07,0.38,6.69,0.04,7.18,,39.001,0.38,2.064,36.339,11.23,18.41,11.34,615.97
Bosnia and Herzegovina,2022,BIH,3204802.0,47069138435.0,0.11,0.39,4.71,0.03,5.24,,32.049,0.673,2.385,28.807,11.11,16.35,11.17,683.18
Bosnia and Herzegovina,2023,BIH,3185072.0,47069138435.0,0.25,0.36,6.75,0.04,7.4,,43.073,1.455,2.095,39.29,9.78,17.18,9.9,576.25
Bosnia and Herzegovina,2024,BIH,3164256.0,47069138435.0,0.39,0.37,5.45,0.04,6.25,,40.349,2.518,2.389,35.184,9.24,15.49,9.31,601.03
Bosnia and Herzegovina,2025,BIH,3140098.0,47069138435.0,0.59,0.37,5.29,0.04,6.29,,43.56,4.086,2.562,36.634,8.15,14.44,8.24,570.64
Botswana,2000,BWA,1677384.0,13391002424.0,0.0,0.0,0.0,0.0,0.0,,0.0,0.0,0.0,0.0,1.14,1.14,0.97,850.88
Botswana,2001,BWA,1712264.0,13725120137.0,0.0,0.0,0.0,0.0,0.0,,0.0,0.0,0.0,0.0,1.13,1.13,0.96,849.56
Botswana,2002,BWA,1744765.0,14885467195.0,0.0,0.0,0.0,0.0,0.0,,0.0,0.0,0.0,0.0,1.15,1.15,0.98,852.17
Botswana,2003,BWA,1775744.0,15922248755.0,0.0,0.0,0.0,0.0,0.0,,0.0,0.0,0.0,0.0,1.04,1.04,0.89,855.77
Botswana,2004,BWA,1807153.0,16720998899.0,0.0,0.0,0.0,0.0,0.0,,0.0,0.0,0.0,0.0,0.97,0.97,0.82,845.36
Botswana,2005,BWA,1839881.0,17874650435.0,0.0,0.0,0.0,0.0,0.0,,0.0,0.0,0.0,0.0,1.06,1.06,0.91,858.49
Botswana,2006,BWA,1874526.0,19804034564.0,0.0,0.0,0.0,0.0,0.0,,0.0,0.0,0.0,0.0,0.99,0.99,0.85,858.59
Botswana,2007,BWA,1911200.0,21924081026.0,0.0,0.0,0.0,0.0,0.0,,0.0,0.0,0.0,0.0,0.83,0.83,0.71,855.42
Botswana,2008,BWA,1949973.0,23814412331.0,0.0,0.0,0.0,0.0,0.0,,0.0,0.0,0.0,0.0,0.7,0.7,0.6,857.14
Botswana,2009,BWA,1990671.0,22485468865.0,0.0,0.0,0.0,0.0,0.0,,0.0,0.0,0.0,0.0,0.62,0.62,0.53,854.84
Botswana,2010,BWA,2033110.0,24958864035.0,0.0,0.0,0.0,0.0,0.0,,0.0,0.0,0.0,0.0,0.53,0.53,0.45,849.06
Botswana,2011,BWA,2073538.0,27061119164.0,0.0,0.0,0.0,0.0,0.0,,0.0,0.0,0.0,0.0,0.48,0.48,0.41,854.17
Botswana,2012,BWA,2108617.0,27014847416.0,0.0,0.0,0.0,0.0,0.0,,0.0,0.0,0.0,0.0,0.35,0.35,0.28,800.0
Botswana,2013,BWA,2140687.0,30014304729.0,0.0,0.0,0.0,0.0,0.0,,0.0,0.0,0.0,0.0,0.92,0.92,0.76,826.09
Botswana,2014,BWA,2172053.0,31724220202.0,0.0,0.0,0.0,0.0,0.0,,0.0,0.0,0.0,0.0,2.31,2.31,1.97,852.81
Botswana,2015,BWA,2203276.0,30185273524.0,0.0,0.0,0.0,0.0,0.0,,0.0,0.0,0.0,0.0,2.97,2.97,2.52,848.49
Botswana,2016,BWA,2234784.0,32359220755.0,0.0,0.0,0.0,0.0,0.0,,0.0,0.0,0.0,0.0,2.69,2.69,2.31,858.74
Botswana,2017,BWA,2266749.0,33690154993.0,0.0,0.0,0.0,0.0,0.0,,0.0,0.0,0.0,0.0,3.02,3.02,2.59,857.62
Botswana,2018,BWA,2299149.0,35101769105.0,0.01,0.0,0.0,0.0,0.01,,0.322,0.322,0.0,0.0,3.1,3.11,2.66,855.31
Botswana,2019,BWA,2332082.0,36166405883.0,0.01,0.0,0.0,0.0,0.01,,0.398,0.398,0.0,0.0,2.5,2.51,2.14,852.59
Botswana,2020,BWA,2365895.0,33010529929.0,0.01,0.0,0.0,0.0,0.01,,0.459,0.459,0.0,0.0,2.17,2.18,1.85,848.62
Botswana,2021,BWA,2401448.0,36918974292.0,0.01,0.0,0.0,0.0,0.01,,0.402,0.402,0.0,0.0,2.48,2.49,2.11,847.39
Botswana,2022,BWA,2439895.0,39293967463.0,0.01,0.0,0.0,0.0,0.01,,0.391,0.391,0.0,0.0,2.55,2.56,2.17,847.66
Botswana,2023,BWA,2480242.0,39293967463.0,0.01,0.0,0.0,0.0,0.01,,0.31,0.31,0.0,0.0,3.22,3.23,2.76,854.49
Botswana,2024,BWA,2521145.0,39293967463.0,0.01,0.0,0.0,0.0,0.01,,0.292,0.292,0.0,0.0,3.42,3.43,2.92,851.31
Brazil,1965,BRA,83817586.0,300547041906.0,0.0,0.0,25.515,0.0,25.515,26.319,,,,,,,,
Brazil,1966,BRA,86139356.0,320583718312.0,0.0,0.0,27.906,0.0,27.906,26.386,,,,,,,,
Brazil,1967,BRA,88446119.0,334149068085.0,0.0,0.0,29.189,0.0,29.189,26.641,,,,,,,,
Brazil,1968,BRA,90741243.0,366804798046.0,0.0,0.0,30.55,0.0,30.55,24.385,,,,,,,,
Brazil,1969,BRA,93045768.0,401601726554.0,0.0,0.0,32.692,0.0,32.692,23.901,,,,,,,,
Brazil,1970,BRA,95375656.0,443496716015.0,0.0,0.0,39.801,0.515,40.316,25.225,,,,,,,,
Brazil,1971,BRA,97739280.0,493683360000.0,0.0,0.0,43.199,0.633,43.832,25.184,,,,,,,,
Brazil,1972,BRA,100146794.0,552789520000.0,0.0,0.0,50.681,0.717,51.398,25.688,,,,,,,,
Brazil,1973,BRA,102600970.0,629980118000.0,0.0,0.0,57.89,0.751,58.641,24.614,,,,,,,,
Brazil,1974,BRA,105089675.0,681263712000.0,0.0,0.0,65.679,0.785,66.464,25.082,,,,,,,,
Brazil,1975,BRA,107619567.0,716641578000.0,0.0,0.0,72.287,0.867,73.154,26.183,,,,,,,,
Brazil,1976,BRA,110213353.0,790037637000.0,0.0,0.0,82.913,0.864,83.777,27.343,,,,,,,,
Brazil,1977,BRA,112875287.0,828975504000.0,0.0,0.0,93.48,1.117,94.597,29.194,,,,,,,,
Brazil,1978,BRA,115600943.0,870261975000.0,0.0,0.0,102.746,1.332,104.078,29.56,,,,,,,,
Brazil,1979,BRA,118380819.0,929101336000.0,0.0,0.0,116.58,1.776,118.356,31.37,,,,,,,,
Brazil,1980,BRA,121207451.0,1014791980000.0,0.0,0.0,128.907,1.806,130.713,33.766,,,,,,,,
Brazil,1981,BRA,124063113.0,971272328000.0,0.0,0.0,130.765,1.874,132.639,35.262,,,,,,,,
Brazil,1982,BRA,126923156.0,978935436000.0,0.0,0.0,141.132,2.178,143.31,36.676,,,,,,,,
Brazil,1983,BRA,129790081.0,950507880000.0,0.0,0.0,151.475,2.984,154.459,39.906,,,,,,,,
Brazil,1984,BRA,132658861.0,1001891162000.0,0.0,0.0,166.593,2.852,169.445,41.374,,,,,,,,
Brazil,1985,BRA,135515593.0,1080097284000.0,0.0,0.0,178.375,3.067,181.442,41.843,93.68,0.0,0.0,92.097,8.859,193.682,,
Brazil,1986,BRA,138336371.0,1160963076000.0,0.0,0.0,182.419,3.194,185.613,41.582,91.829,0.0,0.0,90.249,16.372,202.129,,
Brazil,1987,BRA,141104946.0,1201712854000.0,0.0,0.0,185.6,3.566,189.166,41.232,93.033,0.0,0.0,91.28,13.193,203.331,,
Brazil,1988,BRA,143826357.0,1200534790000.0,0.0,0.0,199.093,3.34,202.433,42.244,94.175,0.0,0.0,92.622,11.912,214.953,,
Brazil,1989,BRA,146502975.0,1238775447000.0,0.0,0.0,204.69,3.403,208.093,42.685,93.846,0.0,0.0,92.311,11.816,221.739,,
Brazil,1990,BRA,149143223.0,1185475140000.0,0.0,0.0,206.708,3.859,210.567,43.267,94.501,0.0,0.0,92.769,10.016,222.82,,
Brazil,1991,BRA,151724253.0,1213090136106.0,0.0,0.0,217.782,4.0,221.782,43.701,94.626,0.0,0.0,92.92,11.153,234.376,,
Brazil,1992,BRA,154275077.0,1221828516629.0,0.0,0.0,223.343,4.929,228.272,44.017,94.42,0.0,0.0,92.381,11.731,241.762,,
Brazil,1993,BRA,156794574.0,1298220757545.0,0.0,0.0,235.065,4.984,240.049,44.217,95.256,0.0,0.0,93.279,11.512,252.003,,
Brazil,1994,BRA,159265011.0,1391783970549.0,0.0,0.0,242.705,5.388,248.093,43.932,95.406,0.0,0.0,93.334,11.892,260.041,,
Brazil,1995,BRA,161735079.0,1468835128486.0,0.0,0.0,253.905,5.594,259.499,43.373,94.157,0.0,0.0,92.128,13.584,275.601,,
Brazil,1996,BRA,164202549.0,1520364859776.0,0.0,0.002,265.736,6.753,272.491,42.834,93.56,0.0,0.001,91.241,16.328,291.246,,
Brazil,1997,BRA,166661662.0,1591956040321.0,0.0,0.004,278.973,7.379,286.355,42.148,92.978,0.0,0.001,90.581,18.456,307.981,,
Brazil,1998,BRA,169159651.0,1617675773756.0,0.0,0.005,291.469,7.505,298.979,42.033,92.923,0.0,0.002,90.589,19.504,321.749,,
Brazil,1999,BRA,171641544.0,1645887982219.0,0.0,0.002,293.0,8.376,301.378,41.786,90.037,0.0,0.001,87.534,29.005,334.726,,
Brazil,2000,BRA,174018278.0,1739728033832.0,0.0,0.0,304.4,7.86,312.26,40.939,89.491,0.0,0.0,87.238,30.62,348.93,31.21,89.45
Brazil,2001,BRA,176301201.0,1785513006345.0,0.0,0.03,267.88,9.02,276.93,37.181,84.289,0.0,0.009,81.534,37.34,328.55,34.74,105.74
Brazil,2002,BRA,178503485.0,1861742323845.0,0.0,0.06,286.09,10.27,296.42,38.819,85.74,0.0,0.017,82.752,35.46,345.72,33.64,97.3
Brazil,2003,BRA,180622688.0,1904932706436.0,0.0,0.06,305.62,11.94,317.62,40.449,87.165,0.0,0.016,83.872,33.41,364.39,33.04,90.67
Brazil,2004,BRA,182675144.0,2038447931287.0,0.0,0.06,320.8,12.52,333.38,40.444,86.036,0.0,0.015,82.789,42.5,387.49,39.44,101.78
Brazil,2005,BRA,184688101.0,2129214530430.0,0.0,0.09,337.46,13.64,351.19,41.27,87.129,0.0,0.022,83.722,42.03,403.07,39.86,98.89
Brazil,2006,BRA,186653099.0,2240805319046.0,0.0,0.24,348.8,14.85,363.89,41.147,86.754,0.0,0.057,83.157,41.81,419.45,40.25,95.96
Brazil,2007,BRA,188552311.0,2405626901513.0,0.0,0.66,374.02,18.06,392.74,42.285,88.226,0.0,0.148,84.021,40.06,445.15,40.47,90.91
Brazil,2008,BRA,190367297.0,2559842659987.0,0.0,1.18,369.56,19.79,390.53,41.389,84.315,0.0,0.255,79.788,58.68,463.18,52.63,113.63
Brazil,2009,BRA,192079958.0,2589568436235.0,0.0,1.24,390.99,22.88,415.11,44.157,89.047,0.0,0.266,83.873,38.1,466.17,40.73,87.37
Brazil,2010,BRA,193701931.0,2820492538862.0,0.0,2.18,403.29,31.94,437.41,42.505,84.802,0.0,0.423,78.187,63.87,515.8,58.88,114.15
Brazil,2011,BRA,195284736.0,2968455007203.0,0.0,2.7,428.33,32.63,463.66,42.378,87.193,0.0,0.508,80.549,52.44,531.76,53.05,99.76
Brazil,2012,BRA,196876113.0,3025484250011.0,0.0,5.05,415.34,35.77,456.16,40.259,82.563,0.0,0.914,75.175,80.3,552.5,70.91,128.34
Brazil,2013,BRA,198478290.0,3116394665745.0,0.0,6.58,390.99,40.97,438.54,38.407,76.825,0.0,1.153,68.495,116.84,570.83,95.81,167.84
Brazil,2014,BRA,200085126.0,3132099937531.0,0.02,12.21,373.44,47.08,432.75,37.566,73.279,0.003,2.068,63.236,142.42,590.55,113.94,192.94
Brazil,2015,BRA,201675534.0,3021043246476.0,0.06,21.63,359.74,49.88,431.31,38.708,74.208,0.01,3.721,61.894,135.18,581.22,109.64,188.64
Brazil,2016,BRA,203218108.0,2922076150345.0,0.09,33.49,380.91,51.33,465.82,41.536,80.468,0.016,5.785,65.8,97.21,578.89,86.63,149.65
Brazil,2017,BRA,204703440.0,2960731613785.0,0.83,42.37,370.91,52.91,467.02,41.294,79.247,0.141,7.19,62.939,106.56,589.32,91.86,155.88
Brazil,2018,BRA,206107265.0,3013541086239.0,3.46,48.48,388.97,54.38,495.29,44.126,82.358,0.575,8.061,64.678,90.43,601.39,82.36,136.95
Brazil,2019,BRA,207455459.0,3050327159562.0,6.65,55.99,397.88,54.92,515.44,45.178,81.386,1.05,8.841,62.823,101.76,633.33,89.89,141.93
Brazil,2020,BRA,208660845.0,2950377451264.0,10.75,57.05,396.38,58.74,522.92,47.116,83.167,1.71,9.073,63.042,91.79,628.76,83.85,133.36
Brazil,2021,BRA,209550291.0,3097565215045.0,16.75,72.29,362.82,56.01,507.87,43.673,77.372,2.552,11.013,55.274,133.83,656.4,110.32,168.07
Brazil,2022,BRA,210306411.0,3187412907763.0,30.13,81.63,427.11,55.02,593.89,47.66,87.703,4.449,12.055,63.074,68.71,677.16,70.01,103.39
Brazil,2023,BRA,211140731.0,3187412907763.0,50.63,95.8,426.0,57.76,630.19,48.95,88.995,7.15,13.529,60.159,63.43,708.12,68.16,96.26
Brazil,2024,BRA,211998565.0,3187412907763.0,71.32,108.49,413.21,58.24,651.26,49.616,87.333,9.564,14.548,55.411,78.68,745.72,79.09,106.06
Brazil,2025,BRA,212812397.0,3187412907763.0,88.64,117.58,388.63,55.12,649.97,49.616,86.601,11.81,15.666,51.781,84.69,750.53,82.52,109.95
British Virgin Islands,2000,VGB,20266.0,,0.0,0.0,0.0,0.0,0.0,,0.0,0.0,0.0,0.0,0.11,0.11,0.07,636.36
British Virgin Islands,2001,VGB,20825.0,,0.0,0.0,0.0,0.0,0.0,,0.0,0.0,0.0,0.0,0.12,0.12,0.08,666.67
British Virgin Islands,2002,VGB,21454.0,,0.0,0.0,0.0,0.0,0.0,,0.0,0.0,0.0,0.0,0.14,0.14,0.09,642.86
British Virgin Islands,2003,VGB,22155.0,,0.0,0.0,0.0,0.0,0.0,,0.0,0.0,0.0,0.0,0.14,0.14,0.09,642.86
British Virgin Islands,2004,VGB,22905.0,,0.0,0.0,0.0,0.0,0.0,,0.0,0.0,0.0,0.0,0.15,0.15,0.1,666.67
British Virgin Islands,2005,VGB,23693.0,,0.0,0.0,0.0,0.0,0.0,,0.0,0.0,0.0,0.0,0.16,0.16,0.11,687.5
British Virgin Islands,2006,VGB,24519.0,,0.0,0.0,0.0,0.0,0.0,,0.0,0.0,0.0,0.0,0.17,0.17,0.11,647.06
British Virgin Islands,2007,VGB,25391.0,,0.0,0.0,0.0,0.0,0.0,,0.0,0.0,0.0,0.0,0.18,0.18,0.12,666.67
British Virgin Islands,2008,VGB,26308.0,,0.0,0.0,0.0,0.0,0.0,,0.0,0.0,0.0,0.0,0.18,0.18,0.12,666.67
British Virgin Islands,2009,VGB,27240.0,,0.0,0.0,0.0,0.0,0.0,,0.0,0.0,0.0,0.0,0.19,0.19,0.13,684.21
British Virgin Islands,2010,VGB,27698.0,,0.0,0.0,0.0,0.0,0.0,,0.0,0.0,0.0,0.0,0.2,0.2,0.13,650.0
British Virgin Islands,2011,VGB,28733.0,,0.0,0.0,0.0,0.0,0.0,,0.0,0.0,0.0,0.0,0.19,0.19,0.13,684.21
British Virgin Islands,2012,VGB,30369.0,,0.0,0.0,0.0,0.0,0.0,,0.0,0.0,0.0,0.0,0.2,0.2,0.13,650.0
British Virgin Islands,2013,VGB,31727.0,,0.0,0.0,0.0,0.0,0.0,,0.0,0.0,0.0,0.0,0.2,0.2,0.13,650.0
British Virgin Islands,2014,VGB,32988.0,,0.0,0.0,0.0,0.0,0.0,,0.0,0.0,0.0,0.0,0.2,0.2,0.13,650.0
British Virgin Islands,2015,VGB,34523.0,,0.0,0.0,0.0,0.0,0.0,,0.0,0.0,0.0,0.0,0.21,0.21,0.14,666.67
British Virgin Islands,2016,VGB,33904.0,,0.0,0.0,0.0,0.0,0.0,,0.0,0.0,0.0,0.0,0.22,0.22,0.14,636.36
British Virgin Islands,2017,VGB,32724.0,,0.0,0.0,0.0,0.0,0.0,,0.0,0.0,0.0,0.0,0.17,0.17,0.11,647.06
British Virgin Islands,2018,VGB,34682.0,,0.0,0.0,0.0,0.0,0.0,,0.0,0.0,0.0,0.0,0.16,0.16,0.11,687.5
British Virgin Islands,2019,VGB,36423.0,,0.0,0.0,0.0,0.0,0.0,,0.0,0.0,0.0,0.0,0.16,0.16,0.11,687.5
British Virgin Islands,2020,VGB,37161.0,,0.0,0.0,0.0,0.0,0.0,,0.0,0.0,0.0,0.0,0.16,0.16,0.11,687.5
British Virgin Islands,2021,VGB,37833.0,,0.0,0.0,0.0,0.0,0.0,,0.0,0.0,0.0,0.0,0.17,0.17,0.11,647.06
British Virgin Islands,2022,VGB,38346.0,,0.0,0.0,0.0,0.0,0.0,,0.0,0.0,0.0,0.0,0.17,0.17,0.11,647.06
British Virgin Islands,2023,VGB,39009.0,,0.0,0.0,0.0,0.0,0.0,,0.0,0.0,0.0,0.0,0.17,0.17,0.11,647.06
Brunei,2000,BRN,326429.0,,0.0,0.0,0.0,0.0,0.0,,0.0,0.0,0.0,0.0,2.54,2.54,2.29,901.58
Brunei,2001,BRN,333353.0,,0.0,0.0,0.0,0.0,0.0,,0.0,0.0,0.0,0.0,2.58,2.58,2.33,903.1
Brunei,2002,BRN,340108.0,,0.0,0.0,0.0,0.0,0.0,,0.0,0.0,0.0,0.0,2.71,2.71,2.45,904.06
Brunei,2003,BRN,346650.0,,0.0,0.0,0.0,0.0,0.0,,0.0,0.0,0.0,0.0,3.2,3.2,2.89,903.13
Brunei,2004,BRN,352921.0,,0.0,0.0,0.0,0.0,0.0,,0.0,0.0,0.0,0.0,3.26,3.26,2.94,901.84
Brunei,2005,BRN,358930.0,,0.0,0.0,0.0,0.0,0.0,,0.0,0.0,0.0,0.0,3.26,3.26,2.94,901.84
Brunei,2006,BRN,364670.0,,0.0,0.0,0.0,0.0,0.0,,0.0,0.0,0.0,0.0,3.3,3.3,2.98,903.03
Brunei,2007,BRN,370883.0,,0.0,0.0,0.0,0.0,0.0,,0.0,0.0,0.0,0.0,3.39,3.39,3.06,902.66
Brunei,2008,BRN,377800.0,,0.0,0.0,0.0,0.0,0.0,,0.0,0.0,0.0,0.0,3.42,3.42,3.09,903.51
Brunei,2009,BRN,384965.0,,0.0,0.0,0.0,0.0,0.0,,0.0,0.0,0.0,0.0,3.62,3.62,3.27,903.32
Brunei,2010,BRN,392340.0,,0.0,0.0,0.0,0.0,0.0,,0.0,0.0,0.0,0.0,3.79,3.79,3.42,902.38
Brunei,2011,BRN,399395.0,,0.0,0.0,0.0,0.0,0.0,,0.0,0.0,0.0,0.0,3.73,3.73,3.37,903.49
Brunei,2012,BRN,405564.0,,0.0,0.0,0.0,0.0,0.0,,0.0,0.0,0.0,0.0,3.93,3.93,3.55,903.31
Brunei,2013,BRN,411205.0,,0.0,0.0,0.0,0.0,0.0,,0.0,0.0,0.0,0.0,4.4,4.4,3.98,904.55
Brunei,2014,BRN,416757.0,,0.0,0.0,0.0,0.0,0.0,,0.0,0.0,0.0,0.0,4.5,4.5,4.07,904.44
Brunei,2015,BRN,422223.0,,0.0,0.0,0.0,0.0,0.0,,0.0,0.0,0.0,0.0,4.2,4.2,3.79,902.38
Brunei,2016,BRN,427571.0,,0.0,0.0,0.0,0.0,0.0,,0.0,0.0,0.0,0.0,4.27,4.27,3.85,901.64
Brunei,2017,BRN,432787.0,,0.0,0.0,0.0,0.0,0.0,,0.0,0.0,0.0,0.0,4.16,4.16,3.75,901.44
Brunei,2018,BRN,437811.0,,0.0,0.0,0.0,0.0,0.0,,0.0,0.0,0.0,0.0,4.3,4.3,3.88,902.33
Brunei,2019,BRN,442690.0,,0.0,0.0,0.0,0.0,0.0,,0.0,0.0,0.0,0.0,4.93,4.93,4.42,896.55
Brunei,2020,BRN,447411.0,,0.0,0.0,0.0,0.0,0.0,,0.0,0.0,0.0,0.0,5.74,5.74,5.14,895.47
Brunei,2021,BRN,451722.0,,0.0,0.0,0.0,0.0,0.0,,0.0,0.0,0.0,0.0,5.7,5.7,5.1,894.74
Brunei,2022,BRN,455374.0,,0.0,0.0,0.0,0.0,0.0,,0.0,0.0,0.0,0.0,5.6,5.6,5.0,892.86
Brunei,2023,BRN,458959.0,,0.0,0.0,0.0,0.0,0.0,,0.0,0.0,0.0,0.0,5.6,5.6,5.01,894.64
Brunei,2024,BRN,462734.0,,0.01,0.0,0.0,0.0,0.01,,0.18,0.18,0.0,0.0,5.55,5.56,4.96,892.09
Bulgaria,1965,BGR,8202417.0,50331994197.0,0.0,0.0,2.0,0.0,2.0,4.646,,,,,,,,
Bulgaria,1966,BGR,8258787.0,54296722412.0,0.0,0.0,2.01,0.0,2.01,4.355,,,,,,,,
Bulgaria,1967,BGR,8311127.0,57224213384.0,0.0,0.0,2.022,0.0,2.022,3.77,,,,,,,,
Bulgaria,1968,BGR,8370645.0,58277542479.0,0.0,0.0,1.305,0.0,1.305,2.175,,,,,,,,
Bulgaria,1969,BGR,8435273.0,61114009406.0,0.0,0.0,1.839,0.0,1.839,2.75,,,,,,,,
Bulgaria,1970,BGR,8490822.0,64588680656.0,0.0,0.0,2.152,0.0,2.152,2.861,,,,,,,,
Bulgaria,1971,BGR,8538900.0,66703386867.0,0.0,0.0,2.17,0.0,2.17,2.77,,,,,,,,
Bulgaria,1972,BGR,8579912.0,69853150590.0,0.0,0.0,2.095,0.0,2.095,2.599,,,,,,,,
Bulgaria,1973,BGR,8624799.0,72614658323.0,0.0,0.0,2.57,0.0,2.57,3.069,,,,,,,,
Bulgaria,1974,BGR,8682750.0,74897570361.0,0.0,0.0,2.08,0.0,2.08,2.411,,,,,,,,
Bulgaria,1975,BGR,8723145.0,81059298632.0,0.0,0.0,2.453,0.0,2.453,2.574,,,,,,,,
Bulgaria,1976,BGR,8759433.0,83479278837.0,0.0,0.0,2.954,0.0,2.954,2.929,,,,,,,,
Bulgaria,1977,BGR,8804690.0,82674417087.0,0.0,0.0,3.529,0.0,3.529,3.321,,,,,,,,
Bulgaria,1978,BGR,8813742.0,84458680312.0,0.0,0.0,2.909,0.0,2.909,2.643,,,,,,,,
Bulgaria,1979,BGR,8824994.0,87710555583.0,0.0,0.0,3.311,0.0,3.311,2.899,,,,,,,,
Bulgaria,1980,BGR,8859539.0,85198551837.0,0.0,0.0,3.713,0.0,3.713,3.079,,,,,,,,
Bulgaria,1981,BGR,8887803.0,87452692265.0,0.0,0.0,3.618,0.0,3.618,3.047,,,,,,,,
Bulgaria,1982,BGR,8912738.0,90290359601.0,0.0,0.0,3.05,0.0,3.05,2.507,,,,,,,,
Bulgaria,1983,BGR,8933328.0,88586045314.0,0.0,0.0,3.353,0.0,3.353,2.739,,,,,,,,
Bulgaria,1984,BGR,8952608.0,91505854443.0,0.0,0.0,3.26,0.0,3.26,2.678,,,,,,,,
Bulgaria,1985,BGR,8958855.0,88756020855.0,0.0,0.0,2.237,0.0,2.237,1.851,5.373,0.0,0.0,5.373,,41.632,,
Bulgaria,1986,BGR,8963473.0,91110686132.0,0.0,0.0,2.326,0.0,2.326,1.886,5.562,0.0,0.0,5.562,,41.82,,
Bulgaria,1987,BGR,8976206.0,91271728813.0,0.0,0.0,2.537,0.0,2.537,2.042,5.836,0.0,0.0,5.836,,43.473,,
Bulgaria,1988,BGR,8985721.0,90700492394.0,0.0,0.0,2.596,0.0,2.596,2.043,5.766,0.0,0.0,5.766,,45.021,,
Bulgaria,1989,BGR,8936386.0,89073461843.0,0.0,0.0,2.691,0.0,2.691,2.136,6.07,0.0,0.0,6.07,,44.331,,
Bulgaria,1990,BGR,8822366.0,79352520673.0,0.0,0.0,1.63,0.0,1.63,1.401,3.89,0.0,0.0,3.89,25.61,41.9,,558.71
Bulgaria,1991,BGR,8695798.0,72983249507.0,0.0,0.0,2.27,0.0,2.27,2.41,5.579,0.0,0.0,5.579,25.24,40.69,,565.25
Bulgaria,1992,BGR,8559091.0,67935669606.0,0.0,0.0,1.9,0.0,1.9,2.148,5.361,0.0,0.0,5.361,21.99,35.44,,561.51
Bulgaria,1993,BGR,8466533.0,67190225135.0,0.0,0.0,1.79,0.0,1.79,1.891,4.73,0.0,0.0,4.73,22.08,37.84,,519.56
Bulgaria,1994,BGR,8416924.0,68680754016.0,0.0,0.0,1.3,0.0,1.3,1.426,3.423,0.0,0.0,3.423,21.34,37.98,,507.11
Bulgaria,1995,BGR,8357576.0,70965735433.0,0.0,0.0,2.17,0.0,2.17,2.226,5.21,0.0,0.0,5.21,22.22,41.65,,477.79
Bulgaria,1996,BGR,8291402.0,65116237713.0,0.0,0.0,2.89,0.0,2.89,2.968,6.771,0.0,0.0,6.771,21.71,42.68,,459.47
Bulgaria,1997,BGR,8217101.0,64936506648.0,0.0,0.0,2.72,0.0,2.72,2.96,6.388,0.0,0.0,6.388,22.11,42.58,,488.49
Bulgaria,1998,BGR,8138193.0,67715867197.0,0.0,0.0,3.07,0.0,3.07,3.469,7.412,0.0,0.0,7.412,21.45,41.42,,485.76
Bulgaria,1999,BGR,8067464.0,64098092292.0,0.0,0.0,2.73,0.0,2.73,3.516,7.197,0.0,0.0,7.197,19.39,37.93,,476.14
Bulgaria,2000,BGR,8000519.0,67719765830.0,0.0,0.0,2.63,0.0,2.63,3.386,6.479,0.0,0.0,6.479,19.78,40.59,18.6,458.24
Bulgaria,2001,BGR,7928455.0,68877651140.0,0.0,0.0,1.65,0.0,1.65,2.044,3.798,0.0,0.0,3.798,22.24,43.44,21.04,484.35
Bulgaria,2002,BGR,7861949.0,73450036758.0,0.0,0.0,2.12,0.0,2.12,2.681,5.038,0.0,0.0,5.038,19.74,42.08,18.71,444.63
Bulgaria,2003,BGR,7804405.0,77722336425.0,0.0,0.0,2.99,0.0,2.99,3.646,7.072,0.0,0.0,7.072,22.01,42.28,20.84,492.9
Bulgaria,2004,BGR,7749430.0,83228668873.0,0.0,0.0,3.14,0.0,3.14,3.931,7.592,0.0,0.0,7.592,21.4,41.36,20.42,493.71
Bulgaria,2005,BGR,7695047.0,89684785590.0,0.0,0.0,4.3,0.0,4.3,4.937,9.797,0.0,0.0,9.797,20.94,43.89,19.92,453.86
Bulgaria,2006,BGR,7640292.0,96404598197.0,0.0,0.02,4.21,0.0,4.23,4.738,9.309,0.0,0.044,9.265,21.72,45.44,20.53,451.81
Bulgaria,2007,BGR,7586896.0,104058200673.0,0.0,0.05,2.83,0.0,2.88,3.307,6.726,0.0,0.117,6.609,25.3,42.82,23.92,558.62
Bulgaria,2008,BGR,7535589.0,110900337989.0,0.0,0.12,2.79,0.02,2.93,3.391,6.586,0.0,0.27,6.271,25.79,44.49,24.51,550.91
Bulgaria,2009,BGR,7488016.0,107365071902.0,0.0,0.24,3.43,0.01,3.68,4.846,8.698,0.0,0.567,8.107,23.37,42.31,22.36,528.48
Bulgaria,2010,BGR,7437594.0,109045208364.0,0.01,0.68,5.03,0.04,5.76,7.258,12.541,0.022,1.481,10.951,24.92,45.93,23.93,521.01
Bulgaria,2011,BGR,7380023.0,109435363210.0,0.1,0.86,2.87,0.06,3.89,4.618,7.786,0.2,1.721,5.745,29.76,49.96,28.86,577.66
Bulgaria,2012,BGR,7317020.0,110261509885.0,0.78,1.22,3.18,0.07,5.25,6.861,11.3,1.679,2.626,6.845,25.43,46.46,24.41,525.4
Bulgaria,2013,BGR,7264605.0,109643527181.0,1.39,1.37,4.04,0.11,6.91,9.694,16.062,3.231,3.185,9.391,21.94,43.02,20.97,487.45
Bulgaria,2014,BGR,7223450.0,110703533681.0,1.26,1.33,4.6,0.2,7.39,9.634,15.75,2.685,2.835,9.804,23.66,46.92,22.85,487.0
Bulgaria,2015,BGR,7177515.0,114498611934.0,1.38,1.45,5.65,0.27,8.75,10.787,17.963,2.833,2.977,11.599,24.58,48.71,24.09,494.56
Bulgaria,2016,BGR,7127436.0,117979077002.0,1.39,1.42,3.88,0.35,7.04,9.37,15.81,3.121,3.189,8.713,21.71,44.53,21.02,472.04
Bulgaria,2017,BGR,7075642.0,121237951710.0,1.4,1.5,2.83,0.4,6.13,8.073,13.671,3.122,3.345,6.311,23.16,44.84,22.55,502.9
Bulgaria,2018,BGR,7024745.0,124492855771.0,1.34,1.32,5.15,1.57,9.38,12.096,20.168,2.881,2.838,11.073,21.0,46.51,20.59,442.7
Bulgaria,2019,BGR,6975466.0,129520075495.0,1.42,1.32,2.93,1.82,7.49,10.38,17.132,3.248,3.019,6.702,19.67,43.72,19.18,438.7
Bulgaria,2020,BGR,6933656.0,124392792956.0,1.47,1.48,2.82,1.7,7.47,11.122,18.61,3.662,3.687,7.025,16.04,40.14,15.41,383.91
Bulgaria,2021,BGR,6877222.0,133889804025.0,1.47,1.43,4.82,2.59,10.31,13.231,21.834,3.113,3.028,10.208,20.42,47.22,19.61,415.29
Bulgaria,2022,BGR,6825862.0,138390156500.0,2.09,1.5,3.8,2.24,9.63,12.026,19.153,4.157,2.983,7.558,24.19,50.28,23.95,476.33
Bulgaria,2023,BGR,6795805.0,138390156500.0,3.52,1.58,3.08,1.87,10.05,14.288,25.075,8.782,3.942,7.685,13.87,40.08,13.56,338.32
Bulgaria,2024,BGR,6757686.0,138390156500.0,5.49,1.46,2.79,1.72,11.46,16.425,29.922,14.334,3.812,7.285,11.06,38.3,10.68,278.85
Bulgaria,2025,BGR,6714556.0,138390156500.0,6.89,1.32,2.53,1.71,12.45,16.425,32.798,18.151,3.477,6.665,10.66,37.96,10.46,275.55
Burkina Faso,2000,BFA,11925548.0,14546973590.0,0.0,0.0,0.1,0.0,0.1,,25.641,0.0,0.0,25.641,0.29,0.39,0.19,487.18
Burkina Faso,2001,BFA,12294996.0,15179805834.0,0.0,0.0,0.05,0.0,0.05,,13.889,0.0,0.0,13.889,0.31,0.36,0.2,555.56
Burkina Faso,2002,BFA,12680904.0,15543232009.0,0.0,0.0,0.06,0.0,0.06,,16.667,0.0,0.0,16.667,0.3,0.36,0.2,555.56
Burkina Faso,2003,BFA,13082530.0,16390237677.0,0.0,0.0,0.1,0.0,0.1,,22.222,0.0,0.0,22.222,0.35,0.45,0.23,511.11
Burkina Faso,2004,BFA,13500536.0,16718435442.0,0.0,0.0,0.1,0.0,0.1,,21.277,0.0,0.0,21.277,0.37,0.47,0.24,510.64
Burkina Faso,2005,BFA,13932127.0,17737650575.0,0.0,0.0,0.1,0.0,0.1,,19.231,0.0,0.0,19.231,0.42,0.52,0.28,538.46
Burkina Faso,2006,BFA,14373713.0,18406718353.0,0.0,0.0,0.08,0.0,0.08,,14.545,0.0,0.0,14.545,0.47,0.55,0.31,563.64
Burkina Faso,2007,BFA,14816313.0,18724205542.0,0.0,0.0,0.11,0.0,0.11,,18.033,0.0,0.0,18.033,0.5,0.61,0.33,540.98
Burkina Faso,2008,BFA,15258103.0,19365623019.0,0.0,0.0,0.13,0.0,0.13,,21.311,0.0,0.0,21.311,0.48,0.61,0.32,524.59
Burkina Faso,2009,BFA,15710067.0,19506442026.0,0.0,0.0,0.13,0.0,0.13,,18.571,0.0,0.0,18.571,0.57,0.7,0.38,542.86
Burkina Faso,2010,BFA,16176503.0,20688336651.0,0.01,0.0,0.12,0.0,0.13,,22.414,1.724,0.0,20.69,0.45,0.58,0.3,517.24
Burkina Faso,2011,BFA,16661907.0,21589787625.0,0.01,0.0,0.08,0.0,0.09,,16.667,1.852,0.0,14.815,0.45,0.54,0.3,555.56
Burkina Faso,2012,BFA,17172284.0,22982976785.0,0.01,0.0,0.1,0.0,0.11,,17.188,1.562,0.0,15.625,0.53,0.64,0.35,546.88
Burkina Faso,2013,BFA,17695411.0,24314382909.0,0.01,0.0,0.11,0.0,0.12,,16.0,1.333,0.0,14.667,0.63,0.75,0.41,546.67
Burkina Faso,2014,BFA,18229466.0,25366464630.0,0.01,0.0,0.09,0.0,0.1,,11.364,1.136,0.0,10.227,0.78,0.88,0.51,579.55
Burkina Faso,2015,BFA,18777488.0,26361085012.0,0.01,0.0,0.09,0.0,0.1,,9.901,0.99,0.0,8.911,0.91,1.01,0.6,594.06
Burkina Faso,2016,BFA,19334854.0,27931683815.0,0.02,0.0,0.14,0.0,0.16,,16.162,2.02,0.0,14.141,0.83,0.99,0.55,555.56
Burkina Faso,2017,BFA,19894413.0,29664279937.0,0.03,0.0,0.13,0.0,0.16,,14.286,2.679,0.0,11.607,0.96,1.12,0.63,562.5
Burkina Faso,2018,BFA,20438289.0,31623015393.0,0.09,0.0,0.13,0.05,0.27,,14.439,4.813,0.0,6.952,1.6,1.87,1.06,566.85
Burkina Faso,2019,BFA,20961956.0,33422048798.0,0.09,0.0,0.11,0.06,0.26,,16.25,5.625,0.0,6.875,1.34,1.6,0.89,556.25
Burkina Faso,2020,BFA,21478691.0,34067429050.0,0.09,0.0,0.11,0.1,0.3,,18.868,5.66,0.0,6.918,1.29,1.59,0.87,547.17
Burkina Faso,2021,BFA,21995249.0,36419784717.0,0.09,0.0,0.13,0.09,0.31,,18.129,5.263,0.0,7.602,1.4,1.71,0.94,549.71
Burkina Faso,2022,BFA,22509038.0,37320442404.0,0.09,0.0,0.08,0.09,0.26,,15.385,5.325,0.0,4.734,1.43,1.69,0.96,568.05
Burkina Faso,2023,BFA,23025777.0,37320442404.0,0.09,0.0,0.09,0.09,0.27,,15.976,5.325,0.0,5.325,1.42,1.69,0.95,562.13
Burkina Faso,2024,BFA,23548782.0,37320442404.0,0.11,0.0,0.09,0.09,0.29,,17.16,6.509,0.0,5.325,1.4,1.69,0.95,562.13
Burundi,2000,BDI,6470196.0,4647178132.0,0.0,0.0,0.1,0.0,0.1,,100.0,0.0,0.0,100.0,0.0,0.1,0.0,0.0
Burundi,2001,BDI,6634368.0,4722946125.0,0.0,0.0,0.11,0.0,0.11,,100.0,0.0,0.0,100.0,0.0,0.11,0.0,0.0
Burundi,2002,BDI,6824139.0,4917697691.0,0.0,0.0,0.13,0.0,0.13,,100.0,0.0,0.0,100.0,0.0,0.13,0.0,0.0
Burundi,2003,BDI,7043158.0,4852463827.0,0.0,0.0,0.1,0.0,0.1,,100.0,0.0,0.0,100.0,0.0,0.1,0.0,0.0
Burundi,2004,BDI,7310656.0,5086686387.0,0.0,0.0,0.09,0.0,0.09,,100.0,0.0,0.0,100.0,0.0,0.09,0.0,0.0
Burundi,2005,BDI,7587303.0,5144959327.0,0.0,0.0,0.09,0.0,0.09,,100.0,0.0,0.0,100.0,0.0,0.09,0.0,0.0
Burundi,2006,BDI,7865545.0,5422209655.0,0.0,0.0,0.09,0.0,0.09,,100.0,0.0,0.0,100.0,0.0,0.09,0.0,0.0
Burundi,2007,BDI,8161879.0,5601361293.0,0.0,0.0,0.12,0.0,0.12,,100.0,0.0,0.0,100.0,0.0,0.12,0.0,0.0
Burundi,2008,BDI,8505643.0,5894788502.0,0.0,0.0,0.11,0.0,0.11,,100.0,0.0,0.0,100.0,0.0,0.11,0.0,0.0
Burundi,2009,BDI,8947653.0,6197653893.0,0.0,0.0,0.12,0.0,0.12,,100.0,0.0,0.0,100.0,0.0,0.12,0.0,0.0
Burundi,2010,BDI,9376448.0,6558969212.0,0.0,0.0,0.14,0.0,0.14,,87.5,0.0,0.0,87.5,0.02,0.16,0.01,62.5
Burundi,2011,BDI,9717980.0,6787360000.0,0.0,0.0,0.13,0.01,0.14,,93.333,0.0,0.0,86.667,0.01,0.15,0.01,66.67
Burundi,2012,BDI,10071033.0,7086796000.0,0.0,0.0,0.14,0.01,0.15,,100.0,0.0,0.0,93.333,0.0,0.15,0.0,0.0
Burundi,2013,BDI,10439346.0,7430922000.0,0.0,0.0,0.14,0.01,0.15,,88.235,0.0,0.0,82.353,0.02,0.17,0.01,58.82
Burundi,2014,BDI,10799789.0,7764240000.0,0.0,0.0,0.14,0.01,0.15,,83.333,0.0,0.0,77.778,0.03,0.18,0.02,111.11
Burundi,2015,BDI,11047581.0,7340438000.0,0.0,0.0,0.14,0.01,0.15,,83.333,0.0,0.0,77.778,0.03,0.18,0.02,111.11
Burundi,2016,BDI,11239459.0,7554391939.0,0.01,0.0,0.14,0.01,0.16,,88.889,5.556,0.0,77.778,0.02,0.18,0.01,55.56
Burundi,2017,BDI,11506764.0,7833860723.0,0.01,0.0,0.19,0.01,0.21,,75.0,3.571,0.0,67.857,0.07,0.28,0.05,178.57
Burundi,2018,BDI,11859444.0,8207327776.0,0.0,0.0,0.24,0.01,0.25,,71.429,0.0,0.0,68.571,0.1,0.35,0.08,228.57
Burundi,2019,BDI,12255339.0,8573379471.0,0.0,0.0,0.26,0.01,0.27,,69.231,0.0,0.0,66.667,0.12,0.39,0.09,230.77
Burundi,2020,BDI,12617041.0,8635657446.0,0.0,0.0,0.27,0.01,0.28,,75.676,0.0,0.0,72.973,0.09,0.37,0.07,189.19
Burundi,2021,BDI,12965487.0,8956206318.0,0.0,0.0,0.26,0.01,0.27,,69.231,0.0,0.0,66.667,0.12,0.39,0.09,230.77
Burundi,2022,BDI,13321102.0,9177077459.0,0.0,0.0,0.26,0.01,0.27,,69.231,0.0,0.0,66.667,0.12,0.39,0.09,230.77
Burundi,2023,BDI,13689455.0,9177077459.0,0.0,0.0,0.37,0.01,0.38,,76.0,0.0,0.0,74.0,0.12,0.5,0.09,180.0
Burundi,2024,BDI,14047788.0,9177077459.0,0.0,0.0,0.36,0.01,0.37,,75.51,0.0,0.0,73.469,0.12,0.49,0.09,183.67
CIS (EI),1965,,,,0.0,0.0,81.434,0.0,81.434,3.277,,,,,,,,
CIS (EI),1966,,,,0.0,0.0,91.823,0.0,91.823,3.475,,,,,,,,
CIS (EI),1967,,,,0.0,0.0,88.571,0.0,88.571,3.189,,,,,,,,
CIS (EI),1968,,,,0.0,0.0,104.04,0.0,104.04,3.612,,,,,,,,
CIS (EI),1969,,,,0.0,0.0,115.181,0.0,115.181,3.822,,,,,,,,
CIS (EI),1970,,,,0.0,0.0,124.377,0.0,124.377,3.932,,,,,,,,
CIS (EI),1971,,,,0.0,0.0,126.099,0.0,126.099,3.799,,,,,,,,
CIS (EI),1972,,,,0.0,0.0,122.899,0.0,122.899,3.523,,,,,,,,
CIS (EI),1973,,,,0.0,0.0,122.345,0.0,122.345,3.336,,,,,,,,
CIS (EI),1974,,,,0.0,0.0,132.03,0.0,132.03,3.412,,,,,,,,
CIS (EI),1975,,,,0.0,0.0,125.987,0.0,125.987,3.102,,,,,,,,
CIS (EI),1976,,,,0.0,0.0,135.735,0.0,135.735,3.217,,,,,,,,
CIS (EI),1977,,,,0.0,0.0,147.014,0.0,147.014,3.335,,,,,,,,
CIS (EI),1978,,,,0.0,0.0,169.701,0.0,169.701,3.691,,,,,,,,
CIS (EI),1979,,,,0.0,0.0,172.023,0.0,172.023,3.641,,,,,,,,
CIS (EI),1980,,,,0.0,0.0,183.938,0.0,183.938,3.809,,,,,,,,
CIS (EI),1981,,,,0.0,0.0,186.744,0.0,186.744,3.786,,,,,,,,
CIS (EI),1982,,,,0.0,0.0,174.677,0.0,174.677,3.455,,,,,,,,
CIS (EI),1983,,,,0.0,0.0,180.362,0.0,180.362,3.494,,,,,,,,
CIS (EI),1984,,,,0.0,0.0,202.988,0.0,202.988,3.79,,,,,,,,
CIS (EI),1985,,,,0.0,0.0,194.092,0.0,194.092,4.514,15.992,0.0,0.0,15.992,915.039,1213.718,,
CIS (EI),1986,,,,0.0,0.0,195.201,0.0,195.201,4.439,15.421,0.0,0.0,15.421,962.663,1265.841,,
CIS (EI),1987,,,,0.0,0.0,196.978,0.0,196.978,4.349,14.902,0.0,0.0,14.902,995.824,1321.837,,
CIS (EI),1988,,,,0.0,0.0,204.92,0.0,204.92,4.433,15.244,0.0,0.0,15.244,999.749,1344.297,,
CIS (EI),1989,,,,0.0,0.0,199.157,0.0,199.157,4.302,14.669,0.0,0.0,14.669,1020.763,1357.639,,
CIS (EI),1990,,,,0.0,0.0,211.239,0.065,211.304,4.618,15.495,0.0,0.0,15.491,1035.003,1363.653,,
CIS (EI),1991,,,,0.0,0.0,211.458,0.065,211.523,4.712,15.746,0.0,0.0,15.741,1011.279,1343.325,,
CIS (EI),1992,,,,0.0,0.0,216.001,0.063,216.064,5.042,17.072,0.0,0.0,17.067,927.67,1265.638,,
CIS (EI),1993,,,,0.0,0.0,222.579,0.06,222.639,5.617,18.619,0.0,0.0,18.614,850.903,1195.778,,
CIS (EI),1994,,,,0.0,0.0,226.33,0.061,226.391,6.262,20.671,0.0,0.0,20.666,767.993,1095.189,,
CIS (EI),1995,,,,0.0,0.0,220.315,0.059,220.374,6.479,20.628,0.0,0.0,20.622,745.496,1068.325,,
CIS (EI),1996,,,,0.0,0.0,198.816,0.057,198.873,6.04,19.002,0.0,0.0,18.997,733.738,1046.585,,
CIS (EI),1997,,,,0.0,0.0,197.854,0.057,197.911,6.37,19.302,0.0,0.0,19.296,714.575,1025.339,,
CIS (EI),1998,,,,0.0,0.0,198.338,0.058,198.396,6.406,19.58,0.0,0.0,19.574,707.026,1013.279,,
CIS (EI),1999,,,,0.0,0.0,203.164,0.058,203.222,6.492,19.651,0.0,0.0,19.646,704.046,1034.143,,
CIS (EI),2000,,,,0.0,0.002,208.43,0.079,208.511,6.573,19.456,0.0,0.0,19.449,726.654,1071.699,,
CIS (EI),2001,,,,0.0,0.003,217.306,0.114,217.423,6.689,19.964,0.0,0.0,19.953,727.932,1089.075,,
CIS (EI),2002,,,,0.0,0.006,207.324,0.173,207.503,6.347,18.98,0.0,0.001,18.964,737.099,1093.269,,
CIS (EI),2003,,,,0.0,0.009,205.714,0.366,206.088,6.141,18.243,0.0,0.001,18.21,767.539,1129.697,,
CIS (EI),2004,,,,0.0,0.008,225.788,0.45,226.245,6.581,19.555,0.0,0.001,19.516,780.053,1156.951,,
CIS (EI),2005,,,,0.0,0.008,223.522,0.451,223.981,6.452,18.972,0.0,0.001,18.933,799.911,1180.583,,
CIS (EI),2006,,,,0.0,0.009,222.011,0.508,222.528,6.141,18.141,0.0,0.001,18.099,840.423,1226.637,,
CIS (EI),2007,,,,0.0,0.01,227.409,0.498,227.918,6.184,18.131,0.0,0.001,18.091,862.582,1257.038,,
CIS (EI),2008,,,,0.0,0.008,207.667,0.522,208.197,5.594,16.241,0.0,0.001,16.199,903.736,1281.95,,
CIS (EI),2009,,,,0.0,0.011,218.319,0.557,218.887,6.12,17.85,0.0,0.001,17.804,836.688,1226.236,,
CIS (EI),2010,,,,0.0,0.01,216.838,0.621,217.469,5.801,16.937,0.0,0.001,16.888,888.954,1283.983,,
CIS (EI),2011,,,,0.002,0.013,212.748,0.652,213.414,5.429,16.31,0.0,0.001,16.259,915.076,1308.507,,
CIS (EI),2012,,,,0.006,0.018,213.037,0.598,213.659,5.323,16.06,0.0,0.001,16.013,932.466,1330.408,,
CIS (EI),2013,,,,0.019,0.021,229.437,0.634,230.111,5.788,17.384,0.001,0.002,17.333,914.033,1323.675,,
CIS (EI),2014,,,,0.177,0.126,221.144,0.733,222.181,5.501,16.606,0.013,0.009,16.529,927.266,1337.935,,
CIS (EI),2015,,,,0.411,0.329,215.426,0.682,216.847,5.48,16.172,0.031,0.025,16.066,920.762,1340.887,,
CIS (EI),2016,,,,0.64,0.524,235.868,0.643,237.676,5.826,17.357,0.047,0.038,17.225,927.937,1369.322,,
CIS (EI),2017,,,,0.786,0.607,240.349,0.736,242.478,5.857,17.532,0.057,0.044,17.378,930.063,1383.047,,
CIS (EI),2018,,,,0.953,0.829,244.313,0.727,246.822,5.703,17.427,0.067,0.059,17.249,958.231,1416.357,,
CIS (EI),2019,,,,1.685,1.355,248.451,0.782,252.273,5.839,17.687,0.118,0.095,17.419,957.953,1426.352,,
CIS (EI),2020,,,,3.399,2.501,262.703,1.219,269.821,6.407,19.273,0.243,0.179,18.765,905.438,1399.978,,
CIS (EI),2021,,,,4.407,4.671,264.778,1.496,275.352,6.278,18.465,0.296,0.313,17.756,979.763,1491.208,,
CIS (EI),2022,,,,5.468,6.913,248.207,1.497,262.085,5.787,17.405,0.363,0.459,16.483,1006.652,1505.818,,
CIS (EI),2023,,,,6.237,8.958,253.355,1.486,270.035,5.857,17.718,0.409,0.588,16.624,1016.331,1524.042,,
CIS (EI),2024,,,,10.932,10.443,269.249,1.471,292.096,6.156,18.602,0.696,0.665,17.147,1038.143,1570.211,,
Cambodia,2000,KHM,12462343.0,20435399154.0,0.0,,0.03,0.0,0.03,,6.25,0.0,,6.25,0.45,0.48,0.3,625.0
Cambodia,2001,KHM,12658486.0,21587210573.0,0.0,,0.03,0.0,0.03,,5.769,0.0,,5.769,0.49,0.52,0.32,615.39
Cambodia,2002,KHM,12855249.0,22474402661.0,0.0,,0.04,0.0,0.04,,7.018,0.0,,7.018,0.53,0.57,0.35,614.04
Cambodia,2003,KHM,13050977.0,23833222981.0,0.0,,0.04,0.0,0.04,,6.25,0.0,,6.25,0.6,0.64,0.39,609.38
Cambodia,2004,KHM,13244737.0,25705927295.0,0.0,,0.03,0.0,0.03,,4.054,0.0,,4.054,0.71,0.74,0.47,635.14
Cambodia,2005,KHM,13439203.0,28474467511.0,0.0,,0.04,0.0,0.04,,4.545,0.0,,4.545,0.84,0.88,0.55,625.0
Cambodia,2006,KHM,13639032.0,30776292972.0,0.0,,0.05,0.0,0.05,,4.63,0.0,,4.63,1.03,1.08,0.68,629.63
Cambodia,2007,KHM,13841773.0,33022342696.0,0.0,,0.05,0.0,0.05,,3.731,0.0,,3.731,1.29,1.34,0.85,634.33
Cambodia,2008,KHM,14053479.0,34271375874.0,0.0,,0.05,0.0,0.05,,3.378,0.0,,3.378,1.43,1.48,0.95,641.89
Cambodia,2009,KHM,14276819.0,34042366543.0,0.0,,0.05,0.01,0.06,,4.839,0.0,,4.032,1.18,1.24,0.79,637.1
Cambodia,2010,KHM,14500730.0,34365990229.0,0.0,,0.03,0.01,0.04,,4.124,0.0,,3.093,0.93,0.97,0.62,639.18
Cambodia,2011,KHM,14722587.0,35746712625.0,0.0,,0.05,0.01,0.06,,5.882,0.0,,4.902,0.96,1.02,0.64,627.45
Cambodia,2012,KHM,14945090.0,38360866456.0,0.0,,0.52,0.01,0.53,,37.063,0.0,,36.364,0.9,1.43,0.61,426.57
Cambodia,2013,KHM,15170210.0,41183075555.0,0.0,,1.02,0.01,1.03,,57.865,0.0,,57.303,0.75,1.78,0.55,308.99
Cambodia,2014,KHM,15396771.0,44124784572.0,0.0,,1.85,0.02,1.87,,61.111,0.0,,60.458,1.19,3.06,1.0,326.8
Cambodia,2015,KHM,15623253.0,47229402407.0,0.0,,2.16,0.04,2.2,,48.998,0.0,,48.107,2.29,4.49,2.01,447.66
Cambodia,2016,KHM,15852802.0,50470756754.0,0.0,,2.57,0.04,2.61,,47.628,0.0,,46.898,2.87,5.48,2.45,447.08
Cambodia,2017,KHM,16073374.0,54002196805.0,0.0,,2.71,0.06,2.77,,41.78,0.0,,40.875,3.86,6.63,3.34,503.77
Cambodia,2018,KHM,16274522.0,58035619609.0,0.02,,4.74,0.06,4.82,,58.924,0.244,,57.946,3.36,8.18,2.96,361.86
Cambodia,2019,KHM,16481305.0,62129452776.0,0.09,,4.03,0.09,4.21,,48.558,1.038,,46.482,4.46,8.67,3.82,440.6
Cambodia,2020,KHM,16725484.0,60205930987.0,0.29,,3.86,0.0,4.15,,55.186,3.856,,51.33,3.37,7.52,2.9,385.64
Cambodia,2021,KHM,16974309.0,62027758832.0,0.61,,5.04,0.05,5.7,,58.702,6.282,,51.905,4.01,9.71,3.46,356.33
Cambodia,2022,KHM,17201721.0,65136593996.0,0.7,,5.9,0.01,6.61,,65.446,6.931,,58.416,3.49,10.1,3.03,300.0
Cambodia,2023,KHM,17423884.0,65136593996.0,0.82,,4.84,0.07,5.73,,42.132,6.029,,35.588,7.87,13.6,6.68,491.18
Cambodia,2024,KHM,17638804.0,65136593996.0,1.07,,4.37,0.08,5.52,,35.659,6.912,,28.23,9.96,15.48,8.34,538.76
Cambodia,2025,KHM,17847981.0,65136593996.0,1.89,,5.31,0.06,7.26,,40.878,10.642,,29.899,10.5,17.76,8.86,498.87
Cameroon,2000,CMR,14912632.0,31207712778.0,0.0,0.0,3.41,0.0,3.41,,98.841,0.0,0.0,98.841,0.04,3.45,0.11,31.88
Cameroon,2001,CMR,15309489.0,33173869115.0,0.0,0.0,3.44,0.0,3.44,,98.006,0.0,0.0,98.006,0.07,3.51,0.13,37.04
Cameroon,2002,CMR,15725534.0,35058274715.0,0.0,0.0,3.15,0.0,3.15,,96.33,0.0,0.0,96.33,0.12,3.27,0.15,45.87
Cameroon,2003,CMR,16160340.0,37066671075.0,0.0,0.0,3.49,0.0,3.49,,95.616,0.0,0.0,95.616,0.16,3.65,0.19,52.06
Cameroon,2004,CMR,16610485.0,39050234319.0,0.0,0.0,3.88,0.0,3.88,,95.332,0.0,0.0,95.332,0.19,4.07,0.22,54.05
Cameroon,2005,CMR,17074599.0,40566543367.0,0.0,0.0,3.73,0.0,3.73,,94.192,0.0,0.0,94.192,0.23,3.96,0.24,60.61
Cameroon,2006,CMR,17550403.0,42544656064.0,0.0,0.0,3.85,0.64,4.49,,88.735,0.0,0.0,76.087,0.57,5.06,0.61,120.55
Cameroon,2007,CMR,18049897.0,44640871980.0,0.0,0.0,3.81,0.08,3.89,,74.664,0.0,0.0,73.129,1.32,5.21,1.04,199.62
Cameroon,2008,CMR,18574052.0,46686367319.0,0.0,0.0,4.19,0.08,4.27,,75.709,0.0,0.0,74.291,1.37,5.64,1.09,193.26
Cameroon,2009,CMR,19113978.0,48395507236.0,0.0,0.0,3.98,0.07,4.05,,70.557,0.0,0.0,69.338,1.69,5.74,1.28,223.0
Cameroon,2010,CMR,19668063.0,50826589427.0,0.0,0.0,4.22,0.06,4.28,,73.038,0.0,0.0,72.014,1.58,5.86,1.21,206.49
Cameroon,2011,CMR,20232312.0,53836234148.0,0.0,0.0,4.35,0.06,4.41,,75.0,0.0,0.0,73.98,1.47,5.88,1.13,192.18
Cameroon,2012,CMR,20809530.0,56263171005.0,0.0,0.0,4.21,0.06,4.27,,78.637,0.0,0.0,77.532,1.16,5.43,0.91,167.59
Cameroon,2013,CMR,21402379.0,59069016946.0,0.0,0.0,4.33,0.07,4.4,,69.401,0.0,0.0,68.297,1.94,6.34,1.52,239.75
Cameroon,2014,CMR,22059894.0,62482615428.0,0.01,0.0,4.33,0.07,4.41,,64.006,0.145,0.0,62.845,2.48,6.89,1.94,281.57
Cameroon,2015,CMR,22763418.0,65981645134.0,0.01,0.0,4.32,0.04,4.37,,54.899,0.126,0.0,54.271,3.59,7.96,2.68,336.68
Cameroon,2016,CMR,23454165.0,68936963106.0,0.01,0.0,4.33,0.04,4.38,,61.603,0.141,0.0,60.9,2.73,7.11,2.13,299.58
Cameroon,2017,CMR,24128609.0,71378025048.0,0.02,0.0,5.04,0.04,5.1,,63.354,0.248,0.0,62.609,2.95,8.05,2.32,288.2
Cameroon,2018,CMR,24806377.0,74248839020.0,0.02,0.0,4.97,0.04,5.03,,58.899,0.234,0.0,58.197,3.51,8.54,2.77,324.36
Cameroon,2019,CMR,25506095.0,76789634582.0,0.02,0.0,5.03,0.04,5.09,,61.473,0.242,0.0,60.749,3.19,8.28,2.53,305.56
Cameroon,2020,CMR,26210566.0,77203536828.0,0.02,0.0,5.23,0.04,5.29,,60.114,0.227,0.0,59.432,3.51,8.8,2.82,320.46
Cameroon,2021,CMR,26915765.0,80020685294.0,0.02,0.0,5.23,0.04,5.29,,62.901,0.238,0.0,62.188,3.12,8.41,2.51,298.45
Cameroon,2022,CMR,27632770.0,82727797383.0,0.02,0.0,5.23,0.04,5.29,,64.908,0.245,0.0,64.172,2.86,8.15,2.29,280.98
Cameroon,2023,CMR,28372690.0,82727797383.0,0.02,0.0,5.23,0.04,5.29,,73.269,0.277,0.0,72.438,1.93,7.22,1.62,224.38
Cameroon,2024,CMR,29123748.0,82727797383.0,0.04,0.0,5.23,0.04,5.31,,73.14,0.551,0.0,72.039,1.95,7.26,1.64,225.9
Canada,1965,CAN,19685517.0,335067002089.0,0.0,0.0,118.088,0.0,118.088,23.981,,,,,,,,
Canada,1966,CAN,20053667.0,356785359843.0,0.0,0.0,131.0,0.0,131.0,25.004,,,,,,,,
Canada,1967,CAN,20408776.0,367635455894.0,0.0,0.0,133.924,0.0,133.924,24.438,,,,,,,,
Canada,1968,CAN,20734173.0,386855293552.0,0.0,0.0,136.2,0.0,136.2,23.338,,,,,,,,
Canada,1969,CAN,21037620.0,407255996179.0,0.0,0.0,150.638,0.0,150.638,24.352,,,,,,,,
Canada,1970,CAN,21440022.0,417751987404.0,0.0,0.0,158.137,0.0,158.137,23.871,,,,,,,,
Canada,1971,CAN,21895694.0,441056641421.0,0.0,0.0,162.461,0.0,162.461,23.779,,,,,,,,
Canada,1972,CAN,22230876.0,464342126500.0,0.0,0.0,181.639,0.0,181.639,24.717,,,,,,,,
Canada,1973,CAN,22512229.0,497617451000.0,0.0,0.0,194.654,0.0,194.654,24.392,,,,,,,,
Canada,1974,CAN,22824085.0,517951814410.0,0.0,0.0,210.667,0.0,210.667,25.613,,,,,,,,
Canada,1975,CAN,23148981.0,529610716972.0,0.0,0.0,202.47,0.0,202.47,24.975,,,,,,,,
Canada,1976,CAN,23455783.0,558634695000.0,0.0,0.0,212.689,0.707,213.396,25.151,,,,,,,,
Canada,1977,CAN,23730341.0,577419655478.0,0.0,0.0,220.147,1.069,221.216,24.649,,,,,,,,
Canada,1978,CAN,23978742.0,600763301726.0,0.0,0.0,235.254,1.132,236.386,25.866,,,,,,,,
Canada,1979,CAN,24237173.0,625737107568.0,0.0,0.0,244.121,1.345,245.466,26.1,,,,,,,,
Canada,1980,CAN,24533779.0,634113667343.0,0.0,0.0,251.148,1.3,252.448,26.337,,,,,,,,
Canada,1981,CAN,24844977.0,653774400000.0,0.0,0.0,266.015,1.898,267.913,28.155,,,,,,,,
Canada,1982,CAN,25140164.0,633852996724.0,0.0,0.0,257.795,2.139,259.934,28.168,,,,,,,,
Canada,1983,CAN,25412605.0,652317707519.0,0.0,0.0,265.952,2.085,268.037,29.231,,,,,,,,
Canada,1984,CAN,25670376.0,689733525765.0,0.0,0.0,286.123,2.337,288.46,29.58,,,,,,,,
Canada,1985,CAN,25927463.0,727013329052.0,0.0,0.001,303.645,1.677,305.323,30.32,66.517,0.0,0.0,66.151,93.03,459.016,,
Canada,1986,CAN,26211036.0,746074615843.0,0.0,0.001,310.635,1.865,312.501,30.752,66.69,0.0,0.0,66.292,84.679,468.584,,
Canada,1987,CAN,26540913.0,776472503351.0,0.0,0.001,316.206,2.312,318.519,30.368,64.166,0.0,0.0,63.7,100.458,496.398,,
Canada,1988,CAN,26927938.0,814240093652.0,0.0,0.001,307.435,2.485,309.921,28.379,61.247,0.0,0.0,60.756,113.032,506.016,,
Canada,1989,CAN,27366046.0,833918743195.0,0.0,0.001,290.45,3.477,293.928,26.631,59.011,0.0,0.0,58.312,124.746,498.093,,
Canada,1990,CAN,27789437.0,835996817449.0,0.0,0.002,295.683,3.954,299.639,28.252,62.348,0.0,0.0,61.525,108.342,480.593,,
Canada,1991,CAN,28157154.0,820274272433.0,0.0,0.002,307.276,3.984,311.262,29.252,61.394,0.0,0.0,60.607,111.242,506.995,,
Canada,1992,CAN,28500066.0,829742094636.0,0.002,0.059,315.175,4.465,319.701,29.262,61.644,0.0,0.011,60.771,118.746,518.627,,
Canada,1993,CAN,28830635.0,853775990714.0,0.002,0.059,322.214,4.817,327.092,29.209,61.688,0.0,0.011,60.768,109.691,530.232,,
Canada,1994,CAN,29147383.0,894851932653.0,0.002,0.059,327.856,5.733,333.65,28.705,60.328,0.0,0.011,59.281,112.156,553.055,,
Canada,1995,CAN,29459138.0,921360066054.0,0.004,0.059,334.06,7.138,341.26,28.664,61.172,0.001,0.011,59.881,117.883,557.869,,
Canada,1996,CAN,29767210.0,938872519434.0,0.006,0.062,354.592,7.529,362.188,29.629,63.362,0.001,0.011,62.033,115.665,571.622,,
Canada,1997,CAN,30059088.0,981728042651.0,0.007,0.062,348.68,8.168,356.917,29.044,62.361,0.001,0.011,60.922,131.777,572.341,,
Canada,1998,CAN,30329971.0,1022474596969.0,0.01,0.062,330.87,8.987,339.929,28.09,60.487,0.002,0.011,58.875,149.275,561.991,,
Canada,1999,CAN,30599458.0,1078414980757.0,0.013,0.162,345.001,8.943,354.119,28.364,61.29,0.002,0.028,59.712,148.881,577.774,,
Canada,2000,CAN,30891800.0,1137681278760.0,0.02,0.26,356.76,8.92,365.96,28.536,60.607,0.003,0.043,59.084,165.57,603.82,148.35,245.69
Canada,2001,CAN,31213578.0,1161459919261.0,0.02,0.33,331.52,9.67,341.54,27.032,58.109,0.003,0.056,56.404,170.06,587.76,150.26,255.65
Canada,2002,CAN,31535579.0,1199865635264.0,0.02,0.41,349.27,10.05,359.75,27.335,59.979,0.003,0.068,58.232,165.04,599.79,147.02,245.12
Canada,2003,CAN,31836483.0,1224575760991.0,0.02,0.69,336.14,9.42,346.27,26.02,58.862,0.003,0.117,57.14,167.63,588.27,148.03,251.64
Canada,2004,CAN,32132680.0,1265917327101.0,0.01,0.94,338.4,9.8,349.15,25.7,58.338,0.002,0.157,56.541,159.59,598.5,140.85,235.34
Canada,2005,CAN,32440172.0,1310077836124.0,0.02,1.57,361.96,9.16,372.71,27.043,60.066,0.003,0.253,58.334,156.39,620.5,139.62,225.01
Canada,2006,CAN,32759174.0,1348293394113.0,0.02,2.47,352.89,8.94,364.32,27.208,59.879,0.003,0.406,58.0,146.83,608.43,131.73,216.51
Canada,2007,CAN,33092171.0,1379925831954.0,0.03,3.01,367.62,8.99,379.65,26.53,59.864,0.005,0.475,57.967,161.71,634.19,144.44,227.76
Canada,2008,CAN,33449088.0,1397938727409.0,0.04,3.79,377.49,7.98,389.3,27.374,61.296,0.006,0.597,59.437,150.46,635.11,135.58,213.48
Canada,2009,CAN,33826370.0,1360538049277.0,0.11,6.64,368.69,8.94,384.38,27.993,62.616,0.018,1.082,60.06,140.03,613.87,125.43,204.33
Canada,2010,CAN,34196900.0,1406355361431.0,0.26,8.72,351.39,10.3,370.67,26.567,61.063,0.043,1.437,57.887,146.33,607.03,130.38,214.78
Canada,2011,CAN,34555449.0,1454221365109.0,0.57,10.19,375.72,10.21,396.69,27.419,62.151,0.089,1.597,58.865,148.64,638.27,131.6,206.18
Canada,2012,CAN,34922513.0,1479829523672.0,0.88,11.31,380.27,10.91,403.37,27.863,63.369,0.138,1.777,59.74,138.97,636.54,123.1,193.39
Canada,2013,CAN,35293421.0,1514296485427.0,1.5,11.15,391.79,11.04,415.48,27.745,63.365,0.229,1.7,59.752,137.49,655.69,122.59,186.96
Canada,2014,CAN,35634265.0,1557757464897.0,2.12,12.82,382.5,9.8,407.24,27.026,62.367,0.325,1.963,58.578,139.19,652.97,123.32,188.86
Canada,2015,CAN,35962236.0,1568025782105.0,2.89,26.97,382.19,9.99,422.04,27.733,63.841,0.437,4.08,57.813,137.94,661.08,121.88,184.37
Canada,2016,CAN,36353345.0,1583727974022.0,3.01,30.93,385.43,11.36,430.73,28.46,64.565,0.451,4.636,57.774,135.68,667.13,120.67,180.88
Canada,2017,CAN,36808498.0,1631871440185.0,3.31,31.51,394.59,11.15,440.56,28.65,65.819,0.495,4.708,58.951,128.19,669.35,115.17,172.06
Canada,2018,CAN,37294996.0,1677189073139.0,3.49,33.47,385.89,10.54,433.39,27.664,65.546,0.528,5.062,58.362,127.78,661.2,112.97,170.86
Canada,2019,CAN,37782934.0,1708858221312.0,3.75,32.88,381.77,10.31,428.71,27.407,65.382,0.572,5.014,58.223,126.5,655.7,111.46,169.99
Canada,2020,CAN,38171903.0,1622144486274.0,4.07,35.76,386.55,10.41,436.79,29.457,66.595,0.621,5.452,58.935,121.59,655.89,106.05,161.69
Canada,2021,CAN,38454058.0,1703443269914.0,5.11,37.3,382.43,10.55,435.39,29.113,66.737,0.783,5.717,58.619,125.03,652.4,107.89,165.37
Canada,2022,CAN,38821259.0,1761295624423.0,5.74,39.48,397.73,9.52,452.47,29.497,68.135,0.864,5.945,59.892,124.98,664.08,106.65,160.6
Canada,2023,CAN,39299098.0,1761295624423.0,8.4,40.51,360.74,9.8,419.45,27.858,65.397,1.31,6.316,56.243,133.51,641.39,111.84,174.37
Canada,2024,CAN,39742429.0,1761295624423.0,9.42,46.83,343.2,9.83,409.28,27.157,64.272,1.479,7.354,53.895,142.04,636.79,118.03,185.35
Canada,2025,CAN,40126728.0,1761295624423.0,10.17,51.48,344.74,10.52,416.91,27.157,63.9,1.559,7.89,52.839,150.21,652.44,124.43,190.72
Cape Verde,2000,CPV,453335.0,1540942373.0,0.0,0.01,0.0,0.0,0.01,,6.667,0.0,6.667,0.0,0.14,0.15,0.09,600.0
Cape Verde,2001,CPV,460300.0,1663976329.0,0.0,0.01,0.0,0.0,0.01,,5.882,0.0,5.882,0.0,0.16,0.17,0.11,647.06
Cape Verde,2002,CPV,467056.0,1787222988.0,0.0,0.01,0.0,0.0,0.01,,5.263,0.0,5.263,0.0,0.18,0.19,0.12,631.58
Cape Verde,2003,CPV,473384.0,1904397612.0,0.0,0.0,0.0,0.0,0.0,,0.0,0.0,0.0,0.0,0.19,0.19,0.13,684.21
Cape Verde,2004,CPV,479377.0,2022409320.0,0.0,0.01,0.0,0.0,0.01,,4.545,0.0,4.545,0.0,0.21,0.22,0.14,636.36
Cape Verde,2005,CPV,485128.0,2194575514.0,0.0,0.01,0.0,0.0,0.01,,4.167,0.0,4.167,0.0,0.23,0.24,0.15,625.0
Cape Verde,2006,CPV,490728.0,2457336149.0,0.0,0.01,0.0,0.0,0.01,,4.0,0.0,4.0,0.0,0.24,0.25,0.16,640.0
Cape Verde,2007,CPV,496196.0,2720555147.0,0.0,0.01,0.0,0.0,0.01,,3.704,0.0,3.704,0.0,0.26,0.27,0.17,629.63
Cape Verde,2008,CPV,501362.0,2956642825.0,0.0,0.01,0.0,0.0,0.01,,3.448,0.0,3.448,0.0,0.28,0.29,0.18,620.69
Cape Verde,2009,CPV,506148.0,2969179680.0,0.0,0.01,0.0,0.0,0.01,,3.226,0.0,3.226,0.0,0.3,0.31,0.2,645.16
Cape Verde,2010,CPV,509793.0,3071163589.0,0.0,0.0,0.0,0.0,0.0,,0.0,0.0,0.0,0.0,0.34,0.34,0.22,647.06
Cape Verde,2011,CPV,511453.0,3248220000.0,0.01,0.02,0.0,0.0,0.03,,8.108,2.703,5.405,0.0,0.34,0.37,0.22,594.6
Cape Verde,2012,CPV,511966.0,3287052000.0,0.01,0.06,0.0,0.0,0.07,,18.421,2.632,15.789,0.0,0.31,0.38,0.2,526.32
Cape Verde,2013,CPV,512231.0,3310254000.0,0.01,0.08,0.0,0.0,0.09,,21.951,2.439,19.512,0.0,0.32,0.41,0.21,512.2
Cape Verde,2014,CPV,512334.0,3375218000.0,0.01,0.08,0.0,0.0,0.09,,20.93,2.326,18.605,0.0,0.34,0.43,0.22,511.63
Cape Verde,2015,CPV,512405.0,3421236000.0,0.01,0.08,0.0,0.0,0.09,,20.93,2.326,18.605,0.0,0.34,0.43,0.22,511.63
Cape Verde,2016,CPV,512556.0,3573126874.0,0.01,0.08,0.0,0.0,0.09,,20.0,2.222,17.778,0.0,0.36,0.45,0.24,533.33
Cape Verde,2017,CPV,512899.0,3751791578.0,0.01,0.07,0.0,0.0,0.08,,18.605,2.326,16.279,0.0,0.35,0.43,0.23,534.88
Cape Verde,2018,CPV,513418.0,3892648372.0,0.01,0.08,0.0,0.0,0.09,,20.93,2.326,18.605,0.0,0.34,0.43,0.22,511.63
Cape Verde,2019,CPV,514116.0,4189894317.0,0.01,0.07,0.0,0.0,0.08,,18.182,2.273,15.909,0.0,0.36,0.44,0.24,545.46
Cape Verde,2020,CPV,514683.0,3381126423.0,0.01,0.06,0.0,0.0,0.07,,16.667,2.381,14.286,0.0,0.35,0.42,0.23,547.62
Cape Verde,2021,CPV,516655.0,3611420923.0,0.01,0.07,0.0,0.0,0.08,,18.605,2.326,16.279,0.0,0.35,0.43,0.23,534.88
Cape Verde,2022,CPV,519750.0,4251154554.0,0.07,0.07,0.0,0.0,0.14,,28.0,14.0,14.0,0.0,0.36,0.5,0.24,480.0
Cape Verde,2023,CPV,522335.0,4251154554.0,0.07,0.07,0.0,0.0,0.14,,28.0,14.0,14.0,0.0,0.36,0.5,0.24,480.0
Cape Verde,2024,CPV,524878.0,4251154554.0,0.08,0.08,0.0,0.0,0.16,,30.769,15.385,15.385,0.0,0.36,0.52,0.24,461.54
Cayman Islands,2000,CYM,39699.0,,0.0,0.0,0.0,0.0,0.0,,0.0,0.0,0.0,0.0,0.44,0.44,0.29,659.09
Cayman Islands,2001,CYM,41109.0,,0.0,0.0,0.0,0.0,0.0,,0.0,0.0,0.0,0.0,0.47,0.47,0.31,659.57
Cayman Islands,2002,CYM,42534.0,,0.0,0.0,0.0,0.0,0.0,,0.0,0.0,0.0,0.0,0.48,0.48,0.32,666.67
Cayman Islands,2003,CYM,43952.0,,0.0,0.0,0.0,0.0,0.0,,0.0,0.0,0.0,0.0,0.51,0.51,0.34,666.67
Cayman Islands,2004,CYM,45372.0,,0.0,0.0,0.0,0.0,0.0,,0.0,0.0,0.0,0.0,0.45,0.45,0.3,666.67
Cayman Islands,2005,CYM,46809.0,,0.0,0.0,0.0,0.0,0.0,,0.0,0.0,0.0,0.0,0.48,0.48,0.32,666.67
Cayman Islands,2006,CYM,48252.0,,0.0,0.0,0.0,0.0,0.0,,0.0,0.0,0.0,0.0,0.56,0.56,0.37,660.71
Cayman Islands,2007,CYM,49709.0,,0.0,0.0,0.0,0.0,0.0,,0.0,0.0,0.0,0.0,0.6,0.6,0.39,650.0
Cayman Islands,2008,CYM,51175.0,,0.0,0.0,0.0,0.0,0.0,,0.0,0.0,0.0,0.0,0.62,0.62,0.41,661.29
Cayman Islands,2009,CYM,52639.0,,0.0,0.0,0.0,0.0,0.0,,0.0,0.0,0.0,0.0,0.63,0.63,0.41,650.79
Cayman Islands,2010,CYM,54120.0,,0.0,0.0,0.0,0.0,0.0,,0.0,0.0,0.0,0.0,0.62,0.62,0.41,661.29
Cayman Islands,2011,CYM,55630.0,,0.0,0.0,0.0,0.0,0.0,,0.0,0.0,0.0,0.0,0.63,0.63,0.41,650.79
Cayman Islands,2012,CYM,57155.0,,0.0,0.0,0.0,0.0,0.0,,0.0,0.0,0.0,0.0,0.61,0.61,0.4,655.74
Cayman Islands,2013,CYM,58678.0,,0.0,0.0,0.0,0.0,0.0,,0.0,0.0,0.0,0.0,0.62,0.62,0.41,661.29
Cayman Islands,2014,CYM,60179.0,,0.0,0.0,0.0,0.0,0.0,,0.0,0.0,0.0,0.0,0.62,0.62,0.41,661.29
Cayman Islands,2015,CYM,61665.0,,0.0,0.0,0.0,0.0,0.0,,0.0,0.0,0.0,0.0,0.64,0.64,0.42,656.25
Cayman Islands,2016,CYM,63121.0,,0.0,0.0,0.0,0.0,0.0,,0.0,0.0,0.0,0.0,0.67,0.67,0.44,656.72
Cayman Islands,2017,CYM,64561.0,,0.01,0.0,0.0,0.0,0.01,,1.471,1.471,0.0,0.0,0.67,0.68,0.44,647.06
Cayman Islands,2018,CYM,65962.0,,0.01,0.0,0.0,0.0,0.01,,1.493,1.493,0.0,0.0,0.66,0.67,0.43,641.79
Cayman Islands,2019,CYM,67346.0,,0.02,0.0,0.0,0.0,0.02,,2.778,2.778,0.0,0.0,0.7,0.72,0.46,638.89
Cayman Islands,2020,CYM,68703.0,,0.02,0.0,0.0,0.0,0.02,,2.899,2.899,0.0,0.0,0.67,0.69,0.44,637.68
Cayman Islands,2021,CYM,70126.0,,0.02,0.0,0.0,0.0,0.02,,2.857,2.857,0.0,0.0,0.68,0.7,0.45,642.86
Cayman Islands,2022,CYM,71610.0,,0.02,0.0,0.0,0.0,0.02,,2.857,2.857,0.0,0.0,0.68,0.7,0.45,642.86
Cayman Islands,2023,CYM,73055.0,,0.02,0.0,0.0,0.0,0.02,,2.857,2.857,0.0,0.0,0.68,0.7,0.45,642.86
Cayman Islands,2024,CYM,74476.0,,0.03,0.0,0.0,0.0,0.03,,4.225,4.225,0.0,0.0,0.68,0.71,0.45,633.8
Chad,2000,TCD,8512092.0,5599887930.0,0.0,0.0,0.0,0.0,0.0,,0.0,0.0,0.0,0.0,0.09,0.09,0.06,666.67
Chad,2001,TCD,8804122.0,6336850686.0,0.0,0.0,0.0,0.0,0.0,,0.0,0.0,0.0,0.0,0.1,0.1,0.07,700.0
Chad,2002,TCD,9116195.0,6982839457.0,0.0,0.0,0.0,0.0,0.0,,0.0,0.0,0.0,0.0,0.1,0.1,0.07,700.0
Chad,2003,TCD,9487830.0,8110109949.0,0.0,0.0,0.0,0.0,0.0,,0.0,0.0,0.0,0.0,0.11,0.11,0.07,636.36
Chad,2004,TCD,9920036.0,11032101494.0,0.0,0.0,0.0,0.0,0.0,,0.0,0.0,0.0,0.0,0.12,0.12,0.08,666.67
Chad,2005,TCD,10328094.0,12146441188.0,0.0,0.0,0.0,0.0,0.0,,0.0,0.0,0.0,0.0,0.12,0.12,0.08,666.67
Chad,2006,TCD,10706426.0,12214525260.0,0.0,0.0,0.0,0.0,0.0,,0.0,0.0,0.0,0.0,0.12,0.12,0.08,666.67
Chad,2007,TCD,11081667.0,14704387197.0,0.0,0.0,0.0,0.0,0.0,,0.0,0.0,0.0,0.0,0.12,0.12,0.08,666.67
Chad,2008,TCD,11476299.0,15257312990.0,0.0,0.0,0.0,0.0,0.0,,0.0,0.0,0.0,0.0,0.14,0.14,0.09,642.86
Chad,2009,TCD,11893753.0,17078193621.0,0.0,0.0,0.0,0.0,0.0,,0.0,0.0,0.0,0.0,0.17,0.17,0.11,647.06
Chad,2010,TCD,12312580.0,19869964230.0,0.0,0.0,0.0,0.0,0.0,,0.0,0.0,0.0,0.0,0.19,0.19,0.13,684.21
Chad,2011,TCD,12755004.0,19903398034.0,0.0,0.0,0.0,0.0,0.0,,0.0,0.0,0.0,0.0,0.2,0.2,0.13,650.0
Chad,2012,TCD,13211006.0,21656293766.0,0.0,0.0,0.0,0.01,0.01,,4.167,0.0,0.0,0.0,0.23,0.24,0.15,625.0
Chad,2013,TCD,13691081.0,22902174388.0,0.0,0.0,0.0,0.01,0.01,,3.571,0.0,0.0,0.0,0.27,0.28,0.18,642.86
Chad,2014,TCD,14188680.0,24480827952.0,0.0,0.0,0.0,0.01,0.01,,3.333,0.0,0.0,0.0,0.29,0.3,0.19,633.33
Chad,2015,TCD,14647626.0,24914134960.0,0.0,0.0,0.0,0.01,0.01,,3.333,0.0,0.0,0.0,0.29,0.3,0.19,633.33
Chad,2016,TCD,15114652.0,23529405356.0,0.0,0.01,0.0,0.01,0.02,,6.452,0.0,3.226,0.0,0.29,0.31,0.19,612.9
Chad,2017,TCD,15622756.0,22969403286.0,0.0,0.01,0.0,0.01,0.02,,6.25,0.0,3.125,0.0,0.3,0.32,0.2,625.0
Chad,2018,TCD,16156535.0,23510339039.0,0.0,0.01,0.0,0.01,0.02,,5.882,0.0,2.941,0.0,0.32,0.34,0.21,617.65
Chad,2019,TCD,16685223.0,24314153239.0,0.0,0.01,0.0,0.01,0.02,,5.714,0.0,2.857,0.0,0.33,0.35,0.22,628.57
Chad,2020,TCD,17224686.0,23793345004.0,0.0,0.01,0.0,0.01,0.02,,5.714,0.0,2.857,0.0,0.33,0.35,0.22,628.57
Chad,2021,TCD,17828274.0,23531147275.0,0.0,0.01,0.0,0.01,0.02,,4.651,0.0,2.326,0.0,0.41,0.43,0.27,627.91
Chad,2022,TCD,18455319.0,24118013870.0,0.0,0.01,0.0,0.01,0.02,,5.128,0.0,2.564,0.0,0.37,0.39,0.24,615.39
Chad,2023,TCD,19319075.0,24118013870.0,0.0,0.01,0.0,0.01,0.02,,5.556,0.0,2.778,0.0,0.34,0.36,0.22,611.11
Chad,2024,TCD,20299131.0,24118013870.0,0.0,0.01,0.0,0.01,0.02,,5.405,0.0,2.703,0.0,0.35,0.37,0.23,621.62
Chile,1965,CHL,9012944.0,61339721007.0,0.0,0.0,3.954,0.0,3.954,15.313,,,,,,,,
Chile,1966,CHL,9181729.0,68132623972.0,0.0,0.0,4.168,0.0,4.168,15.05,,,,,,,,
Chile,1967,CHL,9348941.0,70277718775.0,0.0,0.0,4.255,0.0,4.255,15.071,,,,,,,,
Chile,1968,CHL,9514712.0,72715538667.0,0.0,0.0,3.565,0.0,3.565,12.66,,,,,,,,
Chile,1969,CHL,9680281.0,75313212389.0,0.0,0.0,4.024,0.0,4.024,13.263,,,,,,,,
Chile,1970,CHL,9845347.0,76775329672.0,0.0,0.0,4.307,0.0,4.307,13.447,,,,,,,,
Chile,1971,CHL,10009698.0,83697033051.0,0.0,0.0,4.809,0.066,4.875,14.094,,,,,,,,
Chile,1972,CHL,10174678.0,82793308007.0,0.0,0.0,5.73,0.057,5.787,16.438,,,,,,,,
Chile,1973,CHL,10340367.0,78292277630.0,0.0,0.0,5.595,0.051,5.646,16.574,,,,,,,,
Chile,1974,CHL,10505817.0,79171405778.0,0.0,0.0,6.364,0.046,6.41,18.802,,,,,,,,
Chile,1975,CHL,10671567.0,69003129149.0,0.0,0.0,6.388,0.051,6.439,20.896,,,,,,,,
Chile,1976,CHL,10838255.0,71648444839.0,0.0,0.0,6.599,0.073,6.672,20.858,,,,,,,,
Chile,1977,CHL,11005518.0,78841260101.0,0.0,0.0,6.969,0.08,7.049,21.056,,,,,,,,
Chile,1978,CHL,11172698.0,85389957250.0,0.0,0.0,7.251,0.091,7.342,21.102,,,,,,,,
Chile,1979,CHL,11339778.0,92570918701.0,0.0,0.0,7.448,0.094,7.542,20.524,,,,,,,,
Chile,1980,CHL,11508553.0,100109709187.0,0.0,0.0,7.871,0.105,7.976,21.023,,,,,,,,
Chile,1981,CHL,11678714.0,106358277083.0,0.0,0.0,8.15,0.11,8.26,21.658,,,,,,,,
Chile,1982,CHL,11850214.0,92080692234.0,0.0,0.0,8.914,0.137,9.051,25.437,,,,,,,,
Chile,1983,CHL,12026139.0,89603038518.0,0.0,0.0,9.613,0.208,9.821,26.607,,,,,,,,
Chile,1984,CHL,12207731.0,94938076265.0,0.0,0.0,9.975,0.201,10.176,26.551,,,,,,,,
Chile,1985,CHL,12395277.0,96833632000.0,0.0,0.0,11.07,0.195,11.265,29.063,80.235,0.0,0.0,78.846,,14.04,,
Chile,1986,CHL,12588923.0,102072825000.0,0.0,0.0,11.83,0.28,12.11,30.114,81.714,0.0,0.0,79.825,,14.82,,
Chile,1987,CHL,12790156.0,108707265000.0,0.0,0.0,12.823,0.271,13.094,31.031,83.737,0.0,0.0,82.004,,15.637,,
Chile,1988,CHL,12999426.0,116634121000.0,0.0,0.0,12.558,0.327,12.885,27.316,76.175,0.0,0.0,74.242,,16.915,,
Chile,1989,CHL,13215015.0,129084510000.0,0.0,0.0,10.543,0.321,10.864,20.759,60.996,0.0,0.0,59.194,,17.811,,
Chile,1990,CHL,13437181.0,133955187000.0,0.0,0.0,8.941,0.963,9.904,18.081,53.834,0.0,0.0,48.6,,18.398,,
Chile,1991,CHL,13662482.0,143694660776.0,0.0,0.0,13.136,1.033,14.169,23.018,70.975,0.0,0.0,65.8,,19.963,,
Chile,1992,CHL,13884579.0,160277244361.0,0.0,0.0,16.74,1.743,18.483,27.187,82.699,0.0,0.0,74.9,,22.35,,
Chile,1993,CHL,14102276.0,170385338997.0,0.0,0.0,17.217,1.75,18.967,26.38,78.988,0.0,0.0,71.7,,24.013,,
Chile,1994,CHL,14316263.0,178942754051.0,0.0,0.0,16.985,1.786,18.771,24.851,74.266,0.0,0.0,67.2,,25.276,,
Chile,1995,CHL,14527382.0,196694148759.0,0.0,0.0,18.414,1.879,20.293,24.921,72.404,0.0,0.0,65.7,,28.027,,
Chile,1996,CHL,14734049.0,209865805164.0,0.0,0.0,16.873,1.738,18.611,21.55,60.445,0.0,0.0,54.8,,30.791,,
Chile,1997,CHL,14932436.0,222279419403.0,0.0,0.0,18.943,1.743,20.686,20.921,62.135,0.0,0.0,56.9,,33.292,,
Chile,1998,CHL,15127799.0,227977542773.0,0.0,0.0,15.937,1.161,17.098,17.196,48.171,0.0,0.0,44.9,,35.495,,
Chile,1999,CHL,15319311.0,224771940848.0,0.0,0.0,13.577,1.45,15.027,14.538,39.149,0.0,0.0,35.372,,38.384,,
Chile,2000,CHL,15503638.0,233340518904.0,0.0,0.0,19.55,0.94,20.49,18.856,49.83,0.0,0.0,47.544,20.63,41.12,15.96,388.13
Chile,2001,CHL,15683852.0,239642803054.0,0.0,0.01,20.79,2.07,22.87,21.061,54.041,0.0,0.024,49.126,19.45,42.32,14.24,336.48
Chile,2002,CHL,15857926.0,243288829547.0,0.0,0.01,22.04,1.94,23.99,21.834,55.226,0.0,0.023,50.737,19.45,43.44,14.34,330.11
Chile,2003,CHL,16024755.0,250723122339.0,0.0,0.01,21.46,1.81,23.28,21.012,49.925,0.0,0.021,46.022,23.35,46.63,16.57,355.35
Chile,2004,CHL,16187324.0,264146071325.0,0.0,0.01,21.76,2.03,23.8,18.554,46.667,0.0,0.02,42.667,27.2,51.0,19.98,391.77
Chile,2005,CHL,16348780.0,278000705012.0,0.0,0.01,26.22,1.79,28.02,21.083,53.658,0.0,0.019,50.211,24.2,52.22,18.15,347.57
Chile,2006,CHL,16509195.0,293258343549.0,0.0,0.01,28.84,1.43,30.28,21.915,55.015,0.0,0.018,52.398,24.76,55.04,19.56,355.38
Chile,2007,CHL,16671571.0,305709457316.0,0.0,0.01,22.9,2.7,25.61,18.572,43.943,0.0,0.017,39.293,32.67,58.28,26.63,456.93
Chile,2008,CHL,16838987.0,314032357531.0,0.0,0.04,23.95,3.08,27.07,20.647,45.526,0.0,0.067,40.279,32.39,59.46,27.02,454.42
Chile,2009,CHL,17009730.0,306660166266.0,0.0,0.08,25.04,4.27,29.39,21.976,48.683,0.0,0.133,41.478,30.98,60.37,26.32,435.98
Chile,2010,CHL,17181463.0,321457401232.0,0.0,0.33,21.64,2.25,24.22,18.941,40.199,0.0,0.548,35.917,36.03,60.25,29.02,481.66
Chile,2011,CHL,17351810.0,338708860136.0,0.0,0.34,20.94,4.67,25.95,17.672,39.528,0.0,0.518,31.896,39.7,65.65,32.37,493.07
Chile,2012,CHL,17519116.0,359556383692.0,0.0,0.41,19.98,4.85,25.24,17.976,36.28,0.0,0.589,28.719,44.33,69.57,36.97,531.41
Chile,2013,CHL,17687006.0,371454072393.0,0.01,0.55,19.68,5.76,26.0,18.024,35.695,0.014,0.755,27.018,46.84,72.84,40.19,551.76
Chile,2014,CHL,17864192.0,378114271615.0,0.48,1.44,22.81,5.33,30.06,19.519,42.839,0.684,2.052,32.507,40.11,70.17,34.64,493.66
Chile,2015,CHL,18047630.0,386251266445.0,1.24,2.11,23.4,5.61,32.36,21.0,43.199,1.655,2.817,31.237,42.55,74.91,36.81,491.39
Chile,2016,CHL,18267225.0,393022253885.0,2.59,2.45,22.81,5.96,33.81,19.341,42.89,3.286,3.108,28.936,45.02,78.83,39.13,496.39
Chile,2017,CHL,18558868.0,398359518680.0,3.84,3.52,20.89,6.12,34.37,21.426,43.545,4.865,4.46,26.466,44.56,78.93,38.46,487.27
Chile,2018,CHL,18893185.0,414254051745.0,5.12,3.58,22.9,5.9,37.5,23.426,45.866,6.262,4.379,28.009,44.26,81.76,38.45,470.28
Chile,2019,CHL,19197748.0,417331966568.0,6.3,4.89,22.03,5.59,38.81,22.541,46.213,7.502,5.823,26.232,45.17,83.98,38.34,456.54
Chile,2020,CHL,19370621.0,391686945225.0,7.53,5.55,21.93,5.48,40.49,24.874,48.445,9.009,6.64,26.238,43.09,83.58,36.51,436.83
Chile,2021,CHL,19456323.0,437659188270.0,10.56,7.62,18.96,5.93,43.07,23.421,48.888,11.986,8.649,21.521,45.03,88.1,37.97,430.99
Chile,2022,CHL,19553033.0,448338105532.0,15.71,8.88,20.68,5.1,50.37,26.079,55.327,17.256,9.754,22.715,40.67,91.04,33.94,372.8
Chile,2023,CHL,19658833.0,448338105532.0,17.94,9.46,23.3,5.64,56.34,30.347,63.14,20.105,10.602,26.112,32.89,89.23,27.11,303.82
Chile,2024,CHL,19764774.0,448338105532.0,20.19,10.43,26.0,5.45,62.07,32.254,70.041,22.783,11.769,29.339,26.55,88.62,23.03,259.87
Chile,2025,CHL,19859919.0,448338105532.0,22.18,11.58,19.68,5.3,58.74,32.254,66.373,25.062,13.085,22.237,29.76,88.5,25.62,289.49
China,1965,CHN,723415737.0,896126805000.0,0.0,0.0,22.097,0.0,22.097,4.006,,,,,,,,
China,1966,CHN,742402206.0,927339400000.0,0.0,0.0,22.486,0.0,22.486,3.751,,,,,,,,
China,1967,CHN,761026025.0,933378350000.0,0.0,0.0,19.383,0.0,19.383,3.595,,,,,,,,
China,1968,CHN,781011030.0,912372780000.0,0.0,0.0,22.87,0.0,22.87,4.2,,,,,,,,
China,1969,CHN,802140341.0,1006175600000.0,0.0,0.0,23.259,0.0,23.259,3.509,,,,,,,,
China,1970,CHN,823308964.0,1144004370000.0,0.0,0.0,24.037,0.0,24.037,2.832,,,,,,,,
China,1971,CHN,844069870.0,1216237830000.0,0.0,0.0,29.075,0.0,29.075,2.89,,,,,,,,
China,1972,CHN,863677810.0,1233564930000.0,0.0,0.0,32.951,0.0,32.951,3.038,,,,,,,,
China,1973,CHN,882576945.0,1334375220000.0,0.0,0.0,36.827,0.0,36.827,3.217,,,,,,,,
China,1974,CHN,900307580.0,1367631650000.0,0.0,0.0,41.675,0.0,41.675,3.53,,,,,,,,
China,1975,CHN,916116796.0,1460733630000.0,0.0,0.0,43.611,0.0,43.611,3.298,,,,,,,,
China,1976,CHN,930372293.0,1413710515000.0,0.0,0.0,44.194,0.0,44.194,3.175,,,,,,,,
China,1977,CHN,943546374.0,1493489265000.0,0.0,0.0,46.134,0.0,46.134,3.039,,,,,,,,
China,1978,CHN,956161482.0,1667551760000.0,0.0,0.0,43.226,0.0,43.226,2.597,,,,,,,,
China,1979,CHN,969288071.0,1801380295000.0,0.0,0.0,48.556,0.0,48.556,2.832,,,,,,,,
China,1980,CHN,983163540.0,1893783550000.0,0.0,0.0,58.221,0.0,58.221,3.357,,,,,,,,
China,1981,CHN,997721072.0,1949955282000.0,0.0,0.0,65.513,0.0,65.513,3.829,,,,,,,,
China,1982,CHN,1013588177.0,2128597968000.0,0.0,0.0,74.414,0.0,74.414,4.164,,,,,,,,
China,1983,CHN,1029064952.0,2278862376000.0,0.0,0.0,86.417,0.0,86.417,4.544,,,,,,,,
China,1984,CHN,1043849645.0,2534000300000.0,0.0,0.0,86.815,0.0,86.815,4.253,,,,,,,,
China,1985,CHN,1059807818.0,2752673760000.0,0.0,0.0,92.388,0.0,92.388,4.184,22.496,0.0,0.0,22.496,318.302,410.69,,
China,1986,CHN,1077233607.0,2931538920000.0,0.0,0.0,94.549,0.0,94.549,4.086,21.033,0.0,0.0,21.033,354.981,449.53,,
China,1987,CHN,1096217445.0,3177306585000.0,0.0,0.0,100.024,0.0,100.024,4.008,20.115,0.0,0.0,20.115,397.243,497.267,,
China,1988,CHN,1115244168.0,3354463350000.0,0.0,0.0,109.168,0.0,109.168,4.072,20.023,0.0,0.0,20.023,436.042,545.21,,
China,1989,CHN,1133991006.0,3380560300000.0,0.0,0.0,118.409,0.0,118.409,4.209,20.247,0.0,0.0,20.247,466.401,584.81,,
China,1990,CHN,1153582725.0,3385121670000.0,0.002,0.002,126.744,0.064,126.812,4.45,20.414,0.0,0.0,20.403,494.388,621.2,,
China,1991,CHN,1170788533.0,3508948004345.0,0.002,0.009,124.689,0.064,124.764,4.168,18.414,0.0,0.001,18.403,552.786,677.55,,
China,1992,CHN,1184574236.0,3755037703201.0,0.003,0.131,130.686,0.113,130.933,4.157,17.367,0.0,0.017,17.334,623.007,753.94,,
China,1993,CHN,1197308574.0,4126169229667.0,0.004,0.212,151.846,0.117,152.179,4.483,18.751,0.0,0.026,18.71,657.806,811.59,,
China,1994,CHN,1209003099.0,4438753488140.0,0.005,0.384,167.429,0.46,168.278,4.668,18.137,0.001,0.041,18.046,744.761,927.8,,
China,1995,CHN,1220133929.0,4809999898743.0,0.007,0.616,190.58,3.014,194.217,5.239,19.286,0.001,0.061,18.925,799.979,1007.03,,
China,1996,CHN,1230944809.0,5127589598793.0,0.009,0.094,187.97,1.533,189.606,4.849,17.535,0.001,0.009,17.384,877.363,1081.31,,
China,1997,CHN,1241139623.0,5291338914515.0,0.011,0.198,195.98,2.722,198.911,5.057,17.517,0.001,0.017,17.259,922.219,1135.55,,
China,1998,CHN,1250847122.0,5338703042331.0,0.014,0.356,198.89,2.48,201.74,5.119,17.287,0.001,0.03,17.043,951.158,1167.0,,
China,1999,CHN,1260176650.0,5578503091801.0,0.017,0.474,196.58,2.52,199.591,4.893,16.105,0.001,0.038,15.862,1024.758,1239.3,,
China,2000,CHN,1269581174.0,5952682232028.0,0.02,0.59,222.41,2.54,225.56,5.336,16.639,0.001,0.044,16.407,1113.3,1355.6,1062.12,783.51
China,2001,CHN,1278725061.0,6329737256820.0,0.03,0.72,277.43,2.55,280.73,6.251,18.958,0.002,0.049,18.735,1182.59,1480.79,1129.67,762.88
China,2002,CHN,1286866835.0,6814493895929.0,0.05,0.84,287.97,2.55,291.41,5.922,17.618,0.003,0.051,17.41,1337.47,1654.01,1279.04,773.3
China,2003,CHN,1294517323.0,7248623080792.0,0.06,1.0,283.68,2.54,287.28,5.001,15.036,0.003,0.052,14.848,1579.96,1910.58,1511.11,790.92
China,2004,CHN,1302100316.0,7830953177799.0,0.08,1.28,353.54,2.53,357.43,5.289,16.222,0.004,0.058,16.046,1795.41,2203.31,1715.28,778.5
China,2005,CHN,1310027135.0,8602939667333.0,0.08,1.95,397.02,5.32,404.37,5.239,16.173,0.003,0.078,15.879,2042.8,2500.26,1955.41,782.08
China,2006,CHN,1318054030.0,9489543138489.0,0.09,3.71,435.79,7.13,446.72,5.267,15.588,0.003,0.129,15.207,2364.16,2865.72,2254.3,786.64
China,2007,CHN,1325813576.0,10358206113742.0,0.11,5.48,485.26,9.86,500.71,5.407,15.258,0.003,0.167,14.788,2718.7,3281.54,2576.8,785.24
China,2008,CHN,1333821011.0,10799148337884.0,0.15,13.1,636.96,14.87,665.08,6.872,19.025,0.004,0.375,18.221,2762.29,3495.76,2611.53,747.06
China,2009,CHN,1342522717.0,11572544299171.0,0.28,27.61,615.64,20.86,664.39,6.56,17.886,0.008,0.743,16.573,2980.2,3714.64,2797.62,753.13
China,2010,CHN,1351561505.0,12858808500983.0,0.7,49.4,711.38,24.9,786.38,7.195,18.691,0.017,1.174,16.909,3346.04,4207.16,3116.46,740.75
China,2011,CHN,1360250658.0,13691526496125.0,2.61,74.1,688.04,27.63,792.38,6.697,16.813,0.055,1.572,14.599,3833.44,4713.02,3545.88,752.36
China,2012,CHN,1369520866.0,14773157494771.0,3.59,103.05,862.79,30.13,999.56,8.068,20.041,0.072,2.066,17.299,3889.66,4987.54,3592.41,720.28
China,2013,CHN,1379008040.0,15925464549520.0,8.37,138.26,909.61,37.13,1093.37,8.474,20.13,0.154,2.545,16.747,4226.76,5431.63,3897.27,717.51
China,2014,CHN,1387951970.0,17103948867278.0,23.51,159.76,1059.69,46.27,1289.23,9.69,22.249,0.406,2.757,18.288,4372.0,5794.45,4020.49,693.85
China,2015,CHN,1396134171.0,18301224436466.0,39.48,185.59,1114.52,54.07,1393.66,10.278,23.968,0.679,3.192,19.168,4249.54,5814.58,3883.25,667.85
China,2016,CHN,1404052628.0,19545709173693.0,66.53,240.86,1153.27,62.13,1522.79,11.113,24.829,1.085,3.927,18.804,4397.19,6133.16,3997.36,651.76
China,2017,CHN,1412354730.0,20894362082435.0,117.8,304.6,1165.06,79.6,1667.06,11.666,25.242,1.784,4.612,17.641,4689.28,6604.44,4254.61,644.21
China,2018,CHN,1419008954.0,22294284747546.0,176.9,365.8,1198.89,93.8,1835.39,12.224,25.612,2.469,5.105,16.73,5035.75,7166.14,4564.01,636.89
China,2019,CHN,1423520357.0,23631941251482.0,224.0,405.3,1272.54,112.8,2014.64,12.786,26.85,2.985,5.402,16.959,5140.09,7503.43,4649.37,619.63
China,2020,CHN,1426106093.0,24151843898871.0,261.1,466.5,1321.71,135.7,2185.01,13.396,28.088,3.356,5.997,16.991,5227.86,7779.07,4716.4,606.29
China,2021,CHN,1426437269.0,26180600167672.0,327.0,655.8,1300.0,166.0,2448.8,14.195,28.694,3.832,7.684,15.233,5677.96,8534.26,5112.41,599.05
China,2022,CHN,1425179562.0,26966016991166.0,427.27,762.67,1298.12,182.6,2670.66,15.218,30.181,4.829,8.619,14.67,5760.27,8848.71,5191.99,586.75
China,2023,CHN,1422584930.0,26966016991166.0,584.15,885.87,1226.0,198.2,2894.22,15.505,30.606,6.177,9.368,12.965,6127.51,9456.45,5513.5,583.04
China,2024,CHN,1419321284.0,26966016991166.0,839.04,997.04,1354.25,208.5,3398.83,17.472,33.696,8.318,9.885,13.426,6237.2,10086.88,5602.24,555.4
China,2025,CHN,1416096093.0,26966016991166.0,1174.96,1135.44,1397.06,213.01,3920.47,17.472,37.044,11.102,10.729,13.201,6175.28,10583.36,5559.88,525.34
Colombia,1965,COL,18169053.0,79917509398.0,0.0,0.0,3.544,0.0,3.544,10.145,,,,,,,,
Colombia,1966,COL,18702693.0,84161193205.0,0.0,0.0,3.937,0.0,3.937,10.013,,,,,,,,
Colombia,1967,COL,19235624.0,87712753351.0,0.0,0.0,4.389,0.0,4.389,10.595,,,,,,,,
Colombia,1968,COL,19766802.0,93093543070.0,0.0,0.0,4.891,0.0,4.891,11.378,,,,,,,,
Colombia,1969,COL,20291937.0,99003203125.0,0.0,0.0,5.438,0.0,5.438,12.504,,,,,,,,
Colombia,1970,COL,20811790.0,105691074257.0,0.0,0.0,6.053,0.0,6.053,12.704,,,,,,,,
Colombia,1971,COL,21319099.0,111964215234.0,0.0,0.0,6.423,0.0,6.423,13.635,,,,,,,,
Colombia,1972,COL,21819572.0,120559379062.0,0.0,0.0,7.115,0.0,7.115,13.096,,,,,,,,
Colombia,1973,COL,22325375.0,128657098324.0,0.0,0.0,7.743,0.0,7.743,14.752,,,,,,,,
Colombia,1974,COL,22833475.0,136089666000.0,0.0,0.0,8.792,0.0,8.792,14.975,,,,,,,,
Colombia,1975,COL,23344650.0,139249500000.0,0.0,0.0,9.732,0.189,9.921,17.952,,,,,,,,
Colombia,1976,COL,23858815.0,145807684000.0,0.0,0.0,10.226,0.202,10.428,18.102,,,,,,,,
Colombia,1977,COL,24393499.0,151869474000.0,0.0,0.0,10.452,0.192,10.644,17.876,,,,,,,,
Colombia,1978,COL,24950342.0,164779725000.0,0.0,0.0,12.071,0.206,12.277,19.64,,,,,,,,
Colombia,1979,COL,25515627.0,173587376000.0,0.0,0.0,13.259,0.216,13.475,20.729,,,,,,,,
Colombia,1980,COL,26104503.0,180717966000.0,0.0,0.0,14.447,0.227,14.674,21.708,,,,,,,,
Colombia,1981,COL,26713267.0,184572130000.0,0.0,0.0,14.265,0.212,14.477,21.107,,,,,,,,
Colombia,1982,COL,27338334.0,186378548000.0,0.0,0.0,15.239,0.231,15.47,21.932,,,,,,,,
Colombia,1983,COL,27988176.0,189368025000.0,0.0,0.0,15.366,0.234,15.6,20.988,,,,,,,,
Colombia,1984,COL,28642690.0,196136136000.0,0.0,0.0,17.14,0.255,17.395,23.13,,,,,,,,
Colombia,1985,COL,29268470.0,202554132000.0,0.0,0.0,18.441,0.267,18.708,24.087,63.687,0.0,0.0,62.778,,29.375,,
Colombia,1986,COL,29879114.0,214958400000.0,0.0,0.0,21.333,0.266,21.599,26.574,68.237,0.0,0.0,67.396,,31.653,,
Colombia,1987,COL,30499471.0,226482432000.0,0.0,0.0,23.248,0.268,23.516,26.474,69.82,0.0,0.0,69.024,,33.68,,
Colombia,1988,COL,31130530.0,235710466000.0,0.0,0.0,24.519,0.274,24.793,27.958,69.893,0.0,0.0,69.121,,35.473,,
Colombia,1989,COL,31776280.0,243368631000.0,0.0,0.0,26.782,0.274,27.056,28.98,73.084,0.0,0.0,72.343,,37.021,,
Colombia,1990,COL,32440064.0,253538201000.0,0.0,0.0,27.496,0.274,27.77,31.201,72.609,0.0,0.0,71.893,,38.246,,
Colombia,1991,COL,33098373.0,259415683485.0,0.0,0.0,27.726,0.269,27.995,30.631,69.772,0.0,0.0,69.102,,40.124,,
Colombia,1992,COL,33760571.0,270562880339.0,0.0,0.0,22.281,0.34,22.621,23.802,61.783,0.0,0.0,60.854,,36.613,,
Colombia,1993,COL,34441479.0,286025318326.0,0.0,0.0,27.856,0.389,28.245,27.369,67.749,0.0,0.0,66.816,,41.691,,
Colombia,1994,COL,35127408.0,300636179033.0,0.0,0.0,32.058,0.444,32.502,29.116,72.189,0.0,0.0,71.202,,45.024,,
Colombia,1995,COL,35804670.0,316101744239.0,0.0,0.0,31.989,0.477,32.466,28.416,68.374,0.0,0.0,67.37,,47.483,,
Colombia,1996,COL,36462740.0,322403822039.0,0.0,0.0,35.288,0.496,35.784,30.151,73.977,0.0,0.0,72.952,,48.371,,
Colombia,1997,COL,37121155.0,333997136300.0,0.0,0.0,31.476,0.483,31.959,26.432,64.037,0.0,0.0,63.07,,49.906,,
Colombia,1998,COL,37792169.0,335365604121.0,0.0,0.0,30.782,0.532,31.314,25.565,62.275,0.0,0.0,61.217,,50.283,,
Colombia,1999,COL,38454861.0,321583145089.0,0.0,0.0,33.701,0.457,34.158,30.0,71.497,0.0,0.0,70.541,,47.775,,
Colombia,2000,COL,39089939.0,330615619673.0,0.01,0.0,31.75,0.5,32.26,28.239,75.356,0.023,0.0,74.165,10.55,42.81,8.1,189.21
Colombia,2001,COL,39709263.0,336096684249.0,0.01,0.0,31.48,0.5,31.99,28.572,74.154,0.023,0.0,72.972,11.15,43.14,8.53,197.73
Colombia,2002,COL,40324684.0,344517683680.0,0.01,0.0,33.63,0.49,34.13,30.439,76.336,0.022,0.0,75.218,10.58,44.71,8.2,183.4
Colombia,2003,COL,40937426.0,357889195415.0,0.01,0.0,35.81,0.5,36.32,31.64,78.615,0.022,0.0,77.511,9.88,46.2,7.95,172.08
Colombia,2004,COL,41543177.0,376728225954.0,0.01,0.05,39.68,0.47,40.21,31.689,81.512,0.02,0.101,80.438,9.12,49.33,7.32,148.39
Colombia,2005,COL,42128978.0,394076061209.0,0.01,0.05,39.4,0.5,39.96,32.783,80.016,0.02,0.1,78.895,9.98,49.94,7.99,159.99
Colombia,2006,COL,42691081.0,420283862175.0,0.01,0.06,42.31,0.53,42.91,30.936,80.446,0.019,0.112,79.321,10.43,53.34,8.48,158.98
Colombia,2007,COL,43235374.0,448731322364.0,0.01,0.05,44.0,0.53,44.59,31.46,81.383,0.018,0.091,80.307,10.2,54.79,8.5,155.14
Colombia,2008,COL,43758805.0,464038717488.0,0.01,0.05,45.94,0.54,46.54,31.267,83.886,0.018,0.09,82.805,8.94,55.48,7.63,137.53
Colombia,2009,COL,44271543.0,471326580093.0,0.01,0.06,40.64,0.54,41.25,28.771,72.687,0.018,0.106,71.612,15.5,56.75,12.01,211.63
Colombia,2010,COL,44777325.0,489870174161.0,0.01,0.04,40.0,2.42,42.47,27.404,70.513,0.017,0.066,66.412,17.76,60.23,13.82,229.45
Colombia,2011,COL,45259614.0,521323240921.0,0.01,0.04,48.39,2.0,50.44,31.371,81.75,0.016,0.065,78.428,11.26,61.7,9.34,151.38
Colombia,2012,COL,45715807.0,541722649583.0,0.01,0.05,47.11,1.95,49.12,29.023,77.894,0.016,0.079,74.707,13.94,63.06,11.29,179.04
Colombia,2013,COL,46151583.0,569534665242.0,0.01,0.06,49.76,1.05,50.88,26.267,69.215,0.014,0.082,67.691,22.63,73.51,17.35,236.02
Colombia,2014,COL,46565426.0,595158021031.0,0.01,0.07,47.25,1.35,48.68,25.308,69.089,0.014,0.099,67.059,21.78,70.46,16.68,236.73
Colombia,2015,COL,46969938.0,612750891790.0,0.01,0.07,47.94,1.37,49.39,25.545,63.345,0.013,0.09,61.485,28.58,77.97,21.47,275.36
Colombia,2016,COL,47437513.0,625545111723.0,0.01,0.05,48.46,1.46,49.98,24.363,65.616,0.013,0.066,63.621,26.19,76.17,19.77,259.55
Colombia,2017,COL,48131076.0,634046295892.0,0.01,0.0,60.64,1.42,62.07,28.787,79.1,0.013,0.0,77.278,16.4,78.47,13.04,166.18
Colombia,2018,COL,49024463.0,650303209362.0,0.02,0.04,58.19,1.45,59.7,27.908,76.333,0.026,0.051,74.402,18.51,78.21,14.66,187.44
Colombia,2019,COL,49907987.0,671028388046.0,0.13,0.06,52.98,1.57,54.74,26.754,69.485,0.165,0.076,67.251,24.04,78.78,18.98,240.92
Colombia,2020,COL,50629997.0,622365414246.0,0.19,0.01,48.44,2.15,50.79,27.111,65.325,0.244,0.013,62.302,26.96,77.75,21.09,271.25
Colombia,2021,COL,51188174.0,690925195330.0,0.33,0.06,60.7,2.24,63.33,29.666,75.071,0.391,0.071,71.954,21.03,84.36,16.52,195.83
Colombia,2022,COL,51737944.0,742716953392.0,0.63,0.07,58.73,2.18,61.61,28.384,74.354,0.76,0.084,70.879,21.25,82.86,16.75,202.15
Colombia,2023,COL,52321152.0,742716953392.0,1.35,0.22,54.22,2.21,58.0,27.398,66.99,1.559,0.254,62.624,28.58,86.58,22.37,258.37
Colombia,2024,COL,52886360.0,742716953392.0,3.43,0.15,48.88,2.22,54.68,26.093,61.342,3.848,0.168,54.835,34.46,89.14,26.59,298.3
Colombia,2025,COL,53425629.0,742716953392.0,4.6,0.15,62.5,2.35,69.6,26.093,77.025,5.091,0.166,69.168,20.76,90.36,16.88,186.81
Comoros,2000,COM,536084.0,656399277.0,0.0,0.0,0.0,0.0,0.0,,0.0,0.0,0.0,0.0,0.03,0.03,0.02,666.67
Comoros,2001,COM,547221.0,680582090.0,0.0,0.0,0.0,0.0,0.0,,0.0,0.0,0.0,0.0,0.03,0.03,0.02,666.67
Comoros,2002,COM,558927.0,705937319.0,0.0,0.0,0.0,0.0,0.0,,0.0,0.0,0.0,0.0,0.03,0.03,0.02,666.67
Comoros,2003,COM,569808.0,731630321.0,0.0,0.0,0.0,0.0,0.0,,0.0,0.0,0.0,0.0,0.04,0.04,0.03,750.0
Comoros,2004,COM,580711.0,755848590.0,0.0,0.0,0.0,0.0,0.0,,0.0,0.0,0.0,0.0,0.04,0.04,0.03,750.0
Comoros,2005,COM,592679.0,788522780.0,0.0,0.0,0.0,0.0,0.0,,0.0,0.0,0.0,0.0,0.05,0.05,0.03,600.0
Comoros,2006,COM,604752.0,888321718.0,0.0,0.0,0.0,0.0,0.0,,0.0,0.0,0.0,0.0,0.05,0.05,0.03,600.0
Comoros,2007,COM,616935.0,908328164.0,0.0,0.0,0.0,0.0,0.0,,0.0,0.0,0.0,0.0,0.05,0.05,0.03,600.0
Comoros,2008,COM,629314.0,956653402.0,0.0,0.0,0.0,0.0,0.0,,0.0,0.0,0.0,0.0,0.04,0.04,0.03,750.0
Comoros,2009,COM,641949.0,1004144820.0,0.0,0.0,0.0,0.0,0.0,,0.0,0.0,0.0,0.0,0.05,0.05,0.03,600.0
Comoros,2010,COM,654846.0,1011389038.0,0.0,0.0,0.0,0.0,0.0,,0.0,0.0,0.0,0.0,0.06,0.06,0.04,666.67
Comoros,2011,COM,668064.0,1067838000.0,0.0,0.0,0.0,0.0,0.0,,0.0,0.0,0.0,0.0,0.06,0.06,0.04,666.67
Comoros,2012,COM,681637.0,1112133000.0,0.0,0.0,0.0,0.0,0.0,,0.0,0.0,0.0,0.0,0.06,0.06,0.04,666.67
Comoros,2013,COM,696203.0,1217488000.0,0.0,0.0,0.0,0.0,0.0,,0.0,0.0,0.0,0.0,0.06,0.06,0.04,666.67
Comoros,2014,COM,711512.0,1263249000.0,0.0,0.0,0.0,0.0,0.0,,0.0,0.0,0.0,0.0,0.05,0.05,0.03,600.0
Comoros,2015,COM,726685.0,1324576000.0,0.0,0.0,0.0,0.0,0.0,,0.0,0.0,0.0,0.0,0.05,0.05,0.03,600.0
Comoros,2016,COM,741745.0,1356063486.0,0.0,0.0,0.0,0.0,0.0,,0.0,0.0,0.0,0.0,0.06,0.06,0.04,666.67
Comoros,2017,COM,756672.0,1426021134.0,0.0,0.0,0.0,0.0,0.0,,0.0,0.0,0.0,0.0,0.09,0.09,0.06,666.67
Comoros,2018,COM,771597.0,1479483924.0,0.0,0.0,0.0,0.0,0.0,,0.0,0.0,0.0,0.0,0.1,0.1,0.07,700.0
Comoros,2019,COM,786582.0,1533170985.0,0.0,0.0,0.0,0.0,0.0,,0.0,0.0,0.0,0.0,0.11,0.11,0.07,636.36
Comoros,2020,COM,802172.0,1594579416.0,0.0,0.0,0.0,0.0,0.0,,0.0,0.0,0.0,0.0,0.13,0.13,0.09,692.31
Comoros,2021,COM,818178.0,1639163875.0,0.0,0.0,0.0,0.0,0.0,,0.0,0.0,0.0,0.0,0.13,0.13,0.09,692.31
Comoros,2022,COM,834191.0,1682076951.0,0.0,0.0,0.0,0.0,0.0,,0.0,0.0,0.0,0.0,0.14,0.14,0.09,642.86
Comoros,2023,COM,850390.0,1682076951.0,0.0,0.0,0.0,0.0,0.0,,0.0,0.0,0.0,0.0,0.14,0.14,0.09,642.86
Congo,2000,COG,3151349.0,12472135877.0,0.0,0.0,0.29,0.0,0.29,,100.0,0.0,0.0,100.0,0.0,0.29,0.01,34.48
Congo,2001,COG,3272542.0,13249308227.0,0.0,0.0,0.33,0.0,0.33,,100.0,0.0,0.0,100.0,0.0,0.33,0.01,30.3
Congo,2002,COG,3350770.0,14180954098.0,0.0,0.0,0.39,0.0,0.39,,100.0,0.0,0.0,100.0,0.0,0.39,0.01,25.64
Congo,2003,COG,3445758.0,14627827623.0,0.0,0.0,0.34,0.0,0.34,,85.0,0.0,0.0,85.0,0.06,0.4,0.06,150.0
Congo,2004,COG,3565565.0,15504146539.0,0.0,0.0,0.33,0.0,0.33,,82.5,0.0,0.0,82.5,0.07,0.4,0.07,175.0
Congo,2005,COG,3696399.0,17078609818.0,0.0,0.0,0.35,0.0,0.35,,81.395,0.0,0.0,81.395,0.08,0.43,0.08,186.05
Congo,2006,COG,3837411.0,18567839817.0,0.0,0.0,0.37,0.0,0.37,,82.222,0.0,0.0,82.222,0.08,0.45,0.08,177.78
Congo,2007,COG,3980430.0,18699065550.0,0.0,0.0,0.33,0.0,0.33,,82.5,0.0,0.0,82.5,0.07,0.4,0.07,175.0
Congo,2008,COG,4113514.0,20270055811.0,0.0,0.0,0.37,0.0,0.37,,80.435,0.0,0.0,80.435,0.09,0.46,0.09,195.65
Congo,2009,COG,4281218.0,22298715246.0,0.0,0.0,0.33,0.0,0.33,,61.111,0.0,0.0,61.111,0.21,0.54,0.19,351.85
Congo,2010,COG,4462304.0,24809062977.0,0.0,0.0,0.43,0.03,0.46,,56.79,0.0,0.0,53.086,0.35,0.81,0.34,419.75
Congo,2011,COG,4609728.0,26249089782.0,0.0,0.0,0.78,0.03,0.81,,61.832,0.0,0.0,59.542,0.5,1.31,0.49,374.05
Congo,2012,COG,4740457.0,28860086022.0,0.0,0.0,0.98,0.03,1.01,,58.721,0.0,0.0,56.977,0.71,1.72,0.68,395.35
Congo,2013,COG,4857104.0,28654592534.0,0.0,0.0,0.96,0.03,0.99,,57.225,0.0,0.0,55.491,0.74,1.73,0.71,410.41
Congo,2014,COG,4975887.0,30579326354.0,0.0,0.0,0.94,0.03,0.97,,55.114,0.0,0.0,53.409,0.79,1.76,0.75,426.14
Congo,2015,COG,5097583.0,29493455123.0,0.0,0.0,1.09,0.03,1.12,,40.143,0.0,0.0,39.068,1.67,2.79,1.51,541.22
Congo,2016,COG,5222545.0,26313174327.0,0.0,0.0,1.12,0.03,1.15,,38.721,0.0,0.0,37.71,1.82,2.97,1.66,558.92
Congo,2017,COG,5351013.0,25159867387.0,0.0,0.0,1.19,0.03,1.22,,40.94,0.0,0.0,39.933,1.76,2.98,1.62,543.62
Congo,2018,COG,5483128.0,23950933949.0,0.0,0.0,1.05,0.03,1.08,,35.065,0.0,0.0,34.091,2.0,3.08,1.83,594.16
Congo,2019,COG,5616656.0,24196673159.0,0.0,0.0,1.05,0.03,1.08,,27.763,0.0,0.0,26.992,2.81,3.89,2.55,655.53
Congo,2020,COG,5752792.0,22696964187.0,0.0,0.0,1.05,0.03,1.08,,26.933,0.0,0.0,26.185,2.93,4.01,2.66,663.34
Congo,2021,COG,5892187.0,23037421913.0,0.0,0.0,1.05,0.03,1.08,,26.277,0.0,0.0,25.547,3.03,4.11,2.75,669.1
Congo,2022,COG,6035104.0,23679011891.0,0.0,0.0,1.05,0.03,1.08,,21.818,0.0,0.0,21.212,3.87,4.95,3.5,707.07
Congo,2023,COG,6182890.0,23679011891.0,0.01,0.0,1.22,0.03,1.26,,23.507,0.187,0.0,22.761,4.1,5.36,3.71,692.16
Congo,2024,COG,6332969.0,23679011891.0,0.01,0.0,1.1,0.03,1.14,,20.879,0.183,0.0,20.147,4.32,5.46,3.91,716.12
Cook Islands,2000,COK,15876.0,,0.0,0.0,0.0,0.0,0.0,,0.0,0.0,0.0,0.0,0.03,0.03,0.02,666.67
Cook Islands,2001,COK,15259.0,,0.0,0.0,0.0,0.0,0.0,,0.0,0.0,0.0,0.0,0.03,0.03,0.02,666.67
Cook Islands,2002,COK,14994.0,,0.0,0.0,0.0,0.0,0.0,,0.0,0.0,0.0,0.0,0.03,0.03,0.02,666.67
Cook Islands,2003,COK,15049.0,,0.0,0.0,0.0,0.0,0.0,,0.0,0.0,0.0,0.0,0.03,0.03,0.02,666.67
Cook Islands,2004,COK,15103.0,,0.0,0.0,0.0,0.0,0.0,,0.0,0.0,0.0,0.0,0.03,0.03,0.02,666.67
Cook Islands,2005,COK,15153.0,,0.0,0.0,0.0,0.0,0.0,,0.0,0.0,0.0,0.0,0.03,0.03,0.02,666.67
Cook Islands,2006,COK,15233.0,,0.0,0.0,0.0,0.0,0.0,,0.0,0.0,0.0,0.0,0.03,0.03,0.02,666.67
Cook Islands,2007,COK,15519.0,,0.0,0.0,0.0,0.0,0.0,,0.0,0.0,0.0,0.0,0.03,0.03,0.02,666.67
Cook Islands,2008,COK,16003.0,,0.0,0.0,0.0,0.0,0.0,,0.0,0.0,0.0,0.0,0.03,0.03,0.02,666.67
Cook Islands,2009,COK,16497.0,,0.0,0.0,0.0,0.0,0.0,,0.0,0.0,0.0,0.0,0.03,0.03,0.02,666.67
Cook Islands,2010,COK,17000.0,,0.0,0.0,0.0,0.0,0.0,,0.0,0.0,0.0,0.0,0.03,0.03,0.02,666.67
Cook Islands,2011,COK,17480.0,,0.0,0.0,0.0,0.0,0.0,,0.0,0.0,0.0,0.0,0.03,0.03,0.02,666.67
Cook Islands,2012,COK,17690.0,,0.0,0.0,0.0,0.0,0.0,,0.0,0.0,0.0,0.0,0.03,0.03,0.02,666.67
Cook Islands,2013,COK,17629.0,,0.0,0.0,0.0,0.0,0.0,,0.0,0.0,0.0,0.0,0.03,0.03,0.02,666.67
Cook Islands,2014,COK,17556.0,,0.0,0.0,0.0,0.0,0.0,,0.0,0.0,0.0,0.0,0.03,0.03,0.02,666.67
Cook Islands,2015,COK,17471.0,,0.0,0.0,0.0,0.0,0.0,,0.0,0.0,0.0,0.0,0.03,0.03,0.02,666.67
Cook Islands,2016,COK,17360.0,,0.0,0.0,0.0,0.0,0.0,,0.0,0.0,0.0,0.0,0.03,0.03,0.02,666.67
Cook Islands,2017,COK,17066.0,,0.01,0.0,0.0,0.0,0.01,,25.0,25.0,0.0,0.0,0.03,0.04,0.02,500.0
Cook Islands,2018,COK,16623.0,,0.02,0.0,0.0,0.0,0.02,,40.0,40.0,0.0,0.0,0.03,0.05,0.02,400.0
Cook Islands,2019,COK,16151.0,,0.01,0.0,0.0,0.0,0.01,,25.0,25.0,0.0,0.0,0.03,0.04,0.02,500.0
Cook Islands,2020,COK,15664.0,,0.01,0.0,0.0,0.0,0.01,,25.0,25.0,0.0,0.0,0.03,0.04,0.02,500.0
Cook Islands,2021,COK,15205.0,,0.02,0.0,0.0,0.0,0.02,,50.0,50.0,0.0,0.0,0.02,0.04,0.01,250.0
Cook Islands,2022,COK,14747.0,,0.02,0.0,0.0,0.0,0.02,,50.0,50.0,0.0,0.0,0.02,0.04,0.01,250.0
Cook Islands,2023,COK,14244.0,,0.02,0.0,0.0,0.0,0.02,,50.0,50.0,0.0,0.0,0.02,0.04,0.01,250.0
Cook Islands,2024,COK,13750.0,,0.02,0.0,0.0,0.0,0.02,,50.0,50.0,0.0,0.0,0.02,0.04,0.01,250.0
Costa Rica,2000,CRI,3937737.0,36043077867.0,0.0,0.18,5.62,1.0,6.8,,99.125,0.0,2.624,81.924,0.06,6.86,0.21,30.61
Costa Rica,2001,CRI,4008951.0,37338984417.0,0.0,0.19,5.6,1.01,6.8,,98.551,0.0,2.754,81.159,0.1,6.9,0.24,34.78
Costa Rica,2002,CRI,4075710.0,38566391693.0,0.0,0.26,5.87,1.17,7.3,,98.383,0.0,3.504,79.111,0.12,7.42,0.27,36.39
Costa Rica,2003,CRI,4138791.0,40104618605.0,0.0,0.31,5.86,0.97,7.14,,97.808,0.0,4.247,80.274,0.16,7.3,0.29,39.73
Costa Rica,2004,CRI,4200079.0,41810218746.0,0.0,0.26,6.42,1.23,7.91,,99.123,0.0,3.258,80.451,0.07,7.98,0.25,31.33
Costa Rica,2005,CRI,4261240.0,43414436973.0,0.0,0.2,6.5,1.22,7.92,,96.703,0.0,2.442,79.365,0.27,8.19,0.39,47.62
Costa Rica,2006,CRI,4321337.0,46549505108.0,0.0,0.27,6.53,1.29,8.09,,93.852,0.0,3.132,75.754,0.53,8.62,0.58,67.29
Costa Rica,2007,CRI,4380250.0,50253055044.0,0.0,0.24,6.7,1.32,8.26,,91.982,0.0,2.673,74.61,0.72,8.98,0.7,77.95
Costa Rica,2008,CRI,4440058.0,52514579539.0,0.0,0.2,7.31,1.21,8.72,,92.766,0.0,2.128,77.766,0.68,9.4,0.68,72.34
Costa Rica,2009,CRI,4499788.0,51990443852.0,0.0,0.33,7.15,1.31,8.79,,95.13,0.0,3.571,77.381,0.45,9.24,0.54,58.44
Costa Rica,2010,CRI,4555965.0,54669051273.0,0.0,0.36,7.19,1.32,8.87,,93.27,0.0,3.785,75.605,0.64,9.51,0.66,69.4
Costa Rica,2011,CRI,4609834.0,56719502938.0,0.0,0.41,7.06,1.42,8.89,,91.179,0.0,4.205,72.41,0.86,9.75,0.82,84.1
Costa Rica,2012,CRI,4663930.0,59489116143.0,0.01,0.53,7.16,1.58,9.28,,91.79,0.099,5.242,70.821,0.83,10.11,0.81,80.12
Costa Rica,2013,CRI,4716153.0,60973369897.0,0.02,0.49,6.78,1.7,8.99,,88.224,0.196,4.809,66.536,1.2,10.19,1.05,103.04
Costa Rica,2014,CRI,4767126.0,63133053443.0,0.02,0.74,6.65,1.72,9.13,,89.774,0.197,7.276,65.388,1.04,10.17,0.95,93.41
Costa Rica,2015,CRI,4818045.0,65438671759.0,0.03,1.08,7.99,1.56,10.66,,98.979,0.279,10.028,74.188,0.11,10.77,0.36,33.43
Costa Rica,2016,CRI,4867003.0,68189707920.0,0.03,1.15,7.95,1.54,10.67,,98.25,0.276,10.589,73.204,0.19,10.86,0.42,38.67
Costa Rica,2017,CRI,4913177.0,71025038908.0,0.04,1.29,8.59,1.32,11.24,,99.645,0.355,11.436,76.152,0.04,11.28,0.32,28.37
Costa Rica,2018,CRI,4957813.0,72883048113.0,0.06,1.8,8.26,1.16,11.28,,98.601,0.524,15.734,72.203,0.16,11.44,0.4,34.97
Costa Rica,2019,CRI,4999549.0,74645366733.0,0.07,1.8,7.75,1.7,11.32,,99.124,0.613,15.762,67.863,0.1,11.42,0.36,31.52
Costa Rica,2020,CRI,5034323.0,71455765338.0,0.07,1.46,8.29,1.88,11.7,,99.829,0.597,12.457,70.734,0.02,11.72,0.32,27.3
Costa Rica,2021,CRI,5059991.0,77015741091.0,0.08,1.57,9.29,1.79,12.73,,100.0,0.628,12.333,72.977,0.0,12.73,0.33,25.92
Costa Rica,2022,CRI,5081764.0,80345898158.0,0.08,1.37,9.45,1.54,12.44,,100.0,0.643,11.013,75.965,0.0,12.44,0.3,24.12
Costa Rica,2023,CRI,5105526.0,80345898158.0,0.09,1.49,8.54,1.59,11.71,,99.915,0.768,12.713,72.867,0.01,11.72,0.29,24.74
Costa Rica,2024,CRI,5129909.0,80345898158.0,0.09,1.24,8.0,1.66,10.99,,99.909,0.818,11.273,72.727,0.01,11.0,0.28,25.46
Costa Rica,2025,CRI,5152949.0,80345898158.0,0.09,1.55,9.58,1.59,12.81,,100.0,0.703,12.1,74.785,0.0,12.81,0.31,24.2
Cote d'Ivoire,2000,CIV,17699007.0,41297593671.0,0.0,0.0,1.75,0.0,1.75,,36.458,0.0,0.0,36.458,3.05,4.8,1.75,364.58
Cote d'Ivoire,2001,CIV,18178920.0,42194161007.0,0.0,0.0,1.78,0.0,1.78,,36.475,0.0,0.0,36.475,3.1,4.88,1.77,362.71
Cote d'Ivoire,2002,CIV,18654772.0,42379148241.0,0.0,0.0,1.71,0.0,1.71,,32.325,0.0,0.0,32.325,3.58,5.29,2.04,385.63
Cote d'Ivoire,2003,CIV,19125546.0,42761562091.0,0.0,0.0,1.81,0.0,1.81,,35.63,0.0,0.0,35.63,3.27,5.08,1.87,368.11
Cote d'Ivoire,2004,CIV,19594997.0,44320594821.0,0.0,0.0,1.73,0.11,1.84,,33.455,0.0,0.0,31.455,3.66,5.5,2.11,383.64
Cote d'Ivoire,2005,CIV,20068468.0,46182121378.0,0.0,0.0,1.42,0.11,1.53,,26.984,0.0,0.0,25.044,4.14,5.67,2.36,416.23
Cote d'Ivoire,2006,CIV,20546808.0,48079711067.0,0.0,0.0,1.5,0.1,1.6,,28.369,0.0,0.0,26.596,4.04,5.64,2.31,409.57
Cote d'Ivoire,2007,CIV,21030558.0,50213105655.0,0.0,0.0,1.78,0.12,1.9,,33.808,0.0,0.0,31.673,3.72,5.62,2.14,380.78
Cote d'Ivoire,2008,CIV,21514446.0,52842644609.0,0.0,0.0,1.88,0.12,2.0,,34.542,0.0,0.0,32.47,3.79,5.79,2.19,378.24
Cote d'Ivoire,2009,CIV,21997936.0,55907844337.0,0.0,0.0,2.11,0.07,2.18,,37.265,0.0,0.0,36.068,3.67,5.85,2.12,362.39
Cote d'Ivoire,2010,CIV,22488068.0,58369987439.0,0.0,0.0,1.6,0.07,1.67,,28.067,0.0,0.0,26.891,4.28,5.95,2.46,413.45
Cote d'Ivoire,2011,CIV,22982003.0,57051170312.0,0.0,0.0,1.76,0.06,1.82,,29.934,0.0,0.0,28.947,4.26,6.08,2.43,399.67
Cote d'Ivoire,2012,CIV,23467083.0,63249209930.0,0.0,0.0,1.77,0.07,1.84,,26.286,0.0,0.0,25.286,5.16,7.0,2.98,425.71
Cote d'Ivoire,2013,CIV,23939775.0,69113673482.0,0.0,0.0,1.59,0.07,1.66,,21.756,0.0,0.0,20.839,5.97,7.63,3.41,446.92
Cote d'Ivoire,2014,CIV,24527393.0,75191536255.0,0.0,0.0,1.89,0.07,1.96,,23.7,0.0,0.0,22.854,6.31,8.27,3.64,440.15
Cote d'Ivoire,2015,CIV,25246347.0,81840720288.0,0.0,0.0,1.34,0.1,1.44,,16.552,0.0,0.0,15.402,7.26,8.7,4.14,475.86
Cote d'Ivoire,2016,CIV,25989404.0,87711151924.0,0.0,0.0,1.51,0.17,1.68,,16.422,0.0,0.0,14.761,8.55,10.23,4.86,475.07
Cote d'Ivoire,2017,CIV,26733376.0,93099253173.0,0.01,0.0,2.03,0.11,2.15,,21.245,0.099,0.0,20.059,7.97,10.12,4.52,446.64
Cote d'Ivoire,2018,CIV,27464175.0,96591406762.0,0.01,0.0,2.93,0.06,3.0,,29.88,0.1,0.0,29.183,7.04,10.04,4.01,399.4
Cote d'Ivoire,2019,CIV,28193014.0,104618149506.0,0.01,0.0,3.45,0.07,3.53,,33.114,0.094,0.0,32.364,7.13,10.66,4.08,382.74
Cote d'Ivoire,2020,CIV,28915452.0,106396657387.0,0.02,0.0,3.35,0.07,3.44,,30.551,0.178,0.0,29.751,7.82,11.26,4.46,396.09
Cote d'Ivoire,2021,CIV,29639737.0,113844428305.0,0.02,0.0,2.61,0.08,2.71,,23.877,0.176,0.0,22.996,8.64,11.35,4.9,431.72
Cote d'Ivoire,2022,CIV,30395004.0,121471995793.0,0.02,0.0,3.35,0.08,3.45,,27.359,0.159,0.0,26.566,9.16,12.61,5.21,413.16
Cote d'Ivoire,2023,CIV,31165653.0,121471995793.0,0.02,0.0,3.2,0.09,3.31,,30.146,0.182,0.0,29.144,7.67,10.98,4.38,398.91
Cote d'Ivoire,2024,CIV,31934229.0,121471995793.0,0.02,0.0,3.0,0.1,3.12,,28.916,0.185,0.0,27.804,7.67,10.79,4.37,405.01
Croatia,1990,HRV,4835067.0,58374079130.0,0.0,0.0,3.92,0.01,3.93,10.903,44.608,0.0,0.0,44.495,4.88,8.81,,360.95
Croatia,1991,HRV,4825159.0,46751295520.0,0.0,0.0,5.53,0.01,5.54,18.574,64.569,0.0,0.0,64.452,3.04,8.58,,242.42
Croatia,1992,HRV,4782235.0,41906545003.0,0.0,0.0,4.35,0.01,4.36,15.173,48.989,0.0,0.0,48.876,4.54,8.9,,332.58
Croatia,1993,HRV,4729734.0,39138894948.0,0.0,0.0,4.55,0.02,4.57,15.264,47.904,0.0,0.0,47.694,4.97,9.54,,323.9
Croatia,1994,HRV,4675517.0,42079800726.0,0.0,0.0,5.43,0.01,5.44,18.019,62.243,0.0,0.0,62.128,3.3,8.74,,217.39
Croatia,1995,HRV,4619362.0,45617097590.0,0.0,0.0,5.68,0.01,5.69,18.212,61.58,0.0,0.0,61.472,3.55,9.24,,252.17
Croatia,1996,HRV,4562290.0,48751845543.0,0.0,0.0,7.86,0.01,7.87,23.558,70.646,0.0,0.0,70.557,3.27,11.14,,186.72
Croatia,1997,HRV,4504627.0,52770093719.0,0.0,0.0,5.85,0.0,5.85,17.617,57.297,0.0,0.0,57.297,4.36,10.21,,283.06
Croatia,1998,HRV,4445669.0,54840833756.0,0.0,0.0,6.02,0.01,6.03,17.157,52.71,0.0,0.0,52.622,5.41,11.44,,310.32
Croatia,1999,HRV,4385823.0,55058853604.0,0.0,0.0,7.33,0.01,7.34,20.22,56.636,0.0,0.0,56.559,5.62,12.96,,288.58
Croatia,2000,HRV,4326105.0,57398794775.0,0.0,0.0,6.45,0.0,6.45,18.794,57.538,0.0,0.0,57.538,4.76,11.21,3.39,302.41
Croatia,2001,HRV,4301079.0,57633269426.0,0.0,0.0,7.18,0.0,7.18,19.785,56.314,0.0,0.0,56.314,5.57,12.75,3.91,306.67
Croatia,2002,HRV,4305783.0,61317061359.0,0.0,0.0,5.85,0.0,5.85,15.94,46.099,0.0,0.0,46.099,6.84,12.69,4.7,370.37
Croatia,2003,HRV,4306683.0,65731224853.0,0.0,0.0,5.46,0.0,5.46,14.114,41.489,0.0,0.0,41.489,7.7,13.16,5.45,414.13
Croatia,2004,HRV,4310050.0,69483828958.0,0.0,0.0,7.63,0.0,7.63,18.938,55.011,0.0,0.0,55.011,6.24,13.87,4.37,315.07
Croatia,2005,HRV,4313946.0,73522772944.0,0.0,0.01,7.04,0.01,7.06,17.569,54.1,0.0,0.077,53.946,5.99,13.05,4.39,336.4
Croatia,2006,HRV,4315802.0,78256427771.0,0.0,0.02,6.62,0.01,6.65,16.644,51.51,0.0,0.155,51.278,6.26,12.91,4.48,347.02
Croatia,2007,HRV,4315959.0,83591431787.0,0.0,0.03,4.7,0.01,4.74,11.745,37.799,0.0,0.239,37.48,7.8,12.54,5.27,420.26
Croatia,2008,HRV,4314635.0,86620961215.0,0.0,0.04,5.78,0.02,5.84,14.47,45.696,0.0,0.313,45.227,6.94,12.78,4.89,382.63
Croatia,2009,HRV,4310537.0,81451695571.0,0.0,0.05,7.41,0.02,7.48,18.759,56.03,0.0,0.375,55.506,5.87,13.35,4.03,301.87
Croatia,2010,HRV,4301150.0,81303793822.0,0.0,0.14,9.13,0.03,9.3,22.716,62.88,0.0,0.947,61.731,5.49,14.79,3.97,268.43
Croatia,2011,HRV,4280827.0,82302805353.0,0.0,0.2,5.03,0.05,5.28,14.713,47.017,0.0,1.781,44.791,5.95,11.23,4.21,374.89
Croatia,2012,HRV,4259233.0,80383800465.0,0.0,0.33,4.84,0.09,5.26,16.074,49.763,0.0,3.122,45.79,5.31,10.57,3.72,351.94
Croatia,2013,HRV,4242403.0,80064089923.0,0.01,0.52,8.62,0.13,9.28,25.559,66.571,0.072,3.73,61.836,4.66,13.94,3.57,256.1
Croatia,2014,HRV,4219485.0,79720242860.0,0.04,0.73,9.01,0.16,9.94,27.249,74.013,0.298,5.436,67.089,3.49,13.43,3.04,226.36
Croatia,2015,HRV,4183732.0,81731110395.0,0.06,0.8,6.39,0.27,7.52,21.651,66.904,0.534,7.117,56.851,3.72,11.24,3.09,274.91
Croatia,2016,HRV,4136438.0,84640158587.0,0.07,1.01,6.85,0.43,8.36,22.794,66.349,0.556,8.016,54.365,4.24,12.6,3.47,275.4
Croatia,2017,HRV,4079198.0,87528490789.0,0.08,1.2,5.31,0.53,7.12,19.346,60.493,0.68,10.195,45.115,4.65,11.77,3.01,255.74
Croatia,2018,HRV,4024868.0,89979865983.0,0.07,1.34,7.7,0.67,9.78,25.936,72.337,0.518,9.911,56.953,3.74,13.52,2.72,201.18
Croatia,2019,HRV,3986338.0,93057982684.0,0.08,1.47,5.83,0.97,8.35,23.27,66.008,0.632,11.621,46.087,4.3,12.65,3.07,242.69
Croatia,2020,HRV,3953956.0,85073361985.0,0.1,1.72,5.66,1.07,8.55,25.033,64.626,0.756,13.001,42.782,4.68,13.23,3.0,226.76
Croatia,2021,HRV,3924607.0,96194363488.0,0.15,2.06,7.13,1.19,10.53,28.683,69.689,0.993,13.633,47.187,4.58,15.11,3.18,210.46
Croatia,2022,HRV,3907031.0,102284645672.0,0.15,2.14,5.46,1.2,8.95,25.053,63.475,1.064,15.177,38.723,5.15,14.1,3.45,244.68
Croatia,2023,HRV,3896023.0,102284645672.0,0.41,2.59,8.16,1.07,12.23,29.586,70.126,2.351,14.851,46.789,5.21,17.44,3.4,194.95
Croatia,2024,HRV,3875325.0,102284645672.0,0.82,2.68,6.73,1.0,11.23,27.778,73.447,5.363,17.528,44.016,4.06,15.29,2.61,170.7
Croatia,2025,HRV,3848164.0,102284645672.0,1.29,3.15,5.77,1.0,11.21,27.778,76.259,8.776,21.429,39.252,3.49,14.7,2.33,158.5
Cuba,2000,CUB,11109112.0,44692111238.0,0.0,0.0,0.09,0.94,1.03,,6.853,0.0,0.0,0.599,14.0,15.03,9.48,630.74
Cuba,2001,CUB,11144134.0,47301967982.0,0.0,0.0,0.07,0.93,1.0,,6.536,0.0,0.0,0.458,14.3,15.3,9.67,632.03
Cuba,2002,CUB,11177422.0,48976944311.0,0.0,0.0,0.1,0.94,1.04,,6.628,0.0,0.0,0.637,14.65,15.69,9.9,630.98
Cuba,2003,CUB,11209379.0,50659542457.0,0.0,0.0,0.13,0.72,0.85,,5.376,0.0,0.0,0.822,14.96,15.81,10.08,637.57
Cuba,2004,CUB,11238756.0,51357046933.0,0.0,0.0,0.09,0.79,0.88,,5.627,0.0,0.0,0.575,14.76,15.64,9.97,637.47
Cuba,2005,CUB,11262553.0,53114045326.0,0.0,0.0,0.07,0.42,0.49,,3.192,0.0,0.0,0.456,14.86,15.35,9.96,648.86
Cuba,2006,CUB,11278550.0,61018245782.0,0.0,0.0,0.09,0.41,0.5,,3.036,0.0,0.0,0.546,15.97,16.47,10.71,650.27
Cuba,2007,CUB,11287274.0,63463487934.0,0.0,0.0,0.12,0.41,0.53,,3.01,0.0,0.0,0.681,17.08,17.61,11.45,650.2
Cuba,2008,CUB,11291764.0,67603097135.0,0.0,0.01,0.14,0.55,0.7,,3.959,0.0,0.057,0.792,16.98,17.68,11.42,645.93
Cuba,2009,CUB,11294719.0,70355905283.0,0.0,0.0,0.15,0.54,0.69,,3.892,0.0,0.0,0.846,17.04,17.73,11.45,645.8
Cuba,2010,CUB,11297414.0,74083580619.0,0.0,0.01,0.1,0.46,0.57,,3.276,0.0,0.057,0.575,16.83,17.4,11.29,648.85
Cuba,2011,CUB,11301578.0,78036992000.0,0.0,0.02,0.1,0.45,0.57,,3.211,0.0,0.113,0.563,17.18,17.75,11.51,648.45
Cuba,2012,CUB,11303172.0,80388156000.0,0.01,0.02,0.11,0.55,0.69,,3.744,0.054,0.109,0.597,17.74,18.43,11.9,645.69
Cuba,2013,CUB,11298163.0,83013750000.0,0.11,0.02,0.13,0.68,0.94,,4.883,0.571,0.104,0.675,18.31,19.25,12.31,639.48
Cuba,2014,CUB,11285780.0,85723464000.0,0.09,0.02,0.1,0.64,0.85,,4.375,0.463,0.103,0.515,18.58,19.43,12.5,643.34
Cuba,2015,CUB,11275069.0,88467246000.0,0.13,0.02,0.05,0.7,0.9,,4.414,0.638,0.098,0.245,19.49,20.39,13.13,643.94
Cuba,2016,CUB,11265615.0,88635596816.0,0.14,0.02,0.06,0.69,0.91,,4.428,0.681,0.097,0.292,19.64,20.55,13.22,643.31
Cuba,2017,CUB,11247824.0,90020495157.0,0.08,0.02,0.08,0.62,0.8,,3.889,0.389,0.097,0.389,19.77,20.57,13.28,645.6
Cuba,2018,CUB,11227116.0,91854653880.0,0.12,0.02,0.14,0.44,0.72,,3.462,0.577,0.096,0.673,20.08,20.8,13.46,647.12
Cuba,2019,CUB,11202847.0,91703236400.0,0.21,0.02,0.14,0.52,0.89,,4.3,1.014,0.097,0.676,19.81,20.7,13.27,641.06
Cuba,2020,CUB,11176349.0,81663255167.0,0.22,0.02,0.11,0.55,0.9,,4.729,1.156,0.105,0.578,18.13,19.03,12.16,638.99
Cuba,2021,CUB,11122169.0,82687389665.0,0.22,0.02,0.12,0.43,0.79,,4.431,1.234,0.112,0.673,17.04,17.83,11.39,638.81
Cuba,2022,CUB,11059822.0,84154971449.0,0.21,0.06,0.12,0.28,0.67,,4.281,1.342,0.383,0.767,14.98,15.65,10.02,640.26
Cuba,2023,CUB,11019932.0,84154971449.0,0.21,0.06,0.12,0.33,0.72,,3.647,1.064,0.304,0.608,19.02,19.74,12.72,644.38
Cuba,2024,CUB,10979781.0,84154971449.0,0.24,0.07,0.12,0.35,0.78,,4.014,1.235,0.36,0.618,18.65,19.43,12.49,642.82
Cyprus,1965,CYP,617743.0,2850609941.0,0.0,0.0,0.0,0.0,0.0,0.0,,,,,,,,
Cyprus,1966,CYP,623394.0,3024385000.0,0.0,0.0,0.0,0.0,0.0,0.0,,,,,,,,
Cyprus,1967,CYP,629255.0,3435760939.0,0.0,0.0,0.0,0.0,0.0,0.0,,,,,,,,
Cyprus,1968,CYP,635164.0,3593772027.0,0.0,0.0,0.0,0.0,0.0,0.0,,,,,,,,
Cyprus,1969,CYP,641196.0,3928192557.0,0.0,0.0,0.0,0.0,0.0,0.0,,,,,,,,
Cyprus,1970,CYP,647443.0,4050213839.0,0.0,0.0,0.0,0.0,0.0,0.0,,,,,,,,
Cyprus,1971,CYP,654058.0,4575363509.0,0.0,0.0,0.0,0.0,0.0,0.0,,,,,,,,
Cyprus,1972,CYP,661067.0,4890776604.0,0.0,0.0,0.0,0.0,0.0,0.0,,,,,,,,
Cyprus,1973,CYP,665946.0,5016050893.0,0.0,0.0,0.0,0.0,0.0,0.0,,,,,,,,
Cyprus,1974,CYP,663265.0,4166472179.0,0.0,0.0,0.0,0.0,0.0,0.0,,,,,,,,
Cyprus,1975,CYP,659408.0,3374844000.0,0.0,0.0,0.0,0.0,0.0,0.0,,,,,,,,
Cyprus,1976,CYP,662045.0,3981887037.0,0.0,0.0,0.0,0.0,0.0,0.0,,,,,,,,
Cyprus,1977,CYP,667104.0,4610073788.0,0.0,0.0,0.0,0.0,0.0,0.0,,,,,,,,
Cyprus,1978,CYP,672259.0,4962457000.0,0.0,0.0,0.0,0.0,0.0,0.0,,,,,,,,
Cyprus,1979,CYP,677552.0,5452555880.0,0.0,0.0,0.0,0.0,0.0,0.0,,,,,,,,
Cyprus,1980,CYP,683082.0,5774561000.0,0.0,0.0,0.0,0.0,0.0,0.0,,,,,,,,
Cyprus,1981,CYP,688895.0,5950995135.0,0.0,0.0,0.0,0.0,0.0,0.0,,,,,,,,
Cyprus,1982,CYP,696503.0,6324783176.0,0.0,0.0,0.0,0.0,0.0,0.0,,,,,,,,
Cyprus,1983,CYP,707224.0,6661699071.0,0.0,0.0,0.0,0.0,0.0,0.0,,,,,,,,
Cyprus,1984,CYP,719345.0,7250067276.0,0.0,0.0,0.0,0.0,0.0,0.0,,,,,,,,
Cyprus,1985,CYP,731290.0,7589592356.0,0.0,0.0,0.0,0.0,0.0,0.0,0.0,0.0,0.0,0.0,,1.319,,
Cyprus,1986,CYP,743116.0,7878650000.0,0.0,0.0,0.0,0.0,0.0,0.0,0.0,0.0,0.0,0.0,,1.423,,
Cyprus,1987,CYP,754796.0,8435045112.0,0.0,0.0,0.0,0.0,0.0,0.0,0.0,0.0,0.0,0.0,,1.501,,
Cyprus,1988,CYP,766238.0,9131655040.0,0.0,0.0,0.0,0.0,0.0,0.0,0.0,0.0,0.0,0.0,,1.647,,
Cyprus,1989,CYP,777429.0,9870457157.0,0.0,0.0,0.0,0.0,0.0,0.0,0.0,0.0,0.0,0.0,,1.831,,
Cyprus,1990,CYP,788355.0,10601790424.0,0.0,0.0,0.0,0.0,0.0,0.0,0.0,0.0,0.0,0.0,1.97,1.97,,659.9
Cyprus,1991,CYP,798950.0,10802933313.0,0.0,0.0,0.0,0.0,0.0,0.0,0.0,0.0,0.0,0.0,2.08,2.08,,658.65
Cyprus,1992,CYP,810344.0,11948250048.0,0.0,0.0,0.0,0.0,0.0,0.0,0.0,0.0,0.0,0.0,2.43,2.43,,658.44
Cyprus,1993,CYP,826042.0,12173586499.0,0.0,0.0,0.0,0.0,0.0,0.0,0.0,0.0,0.0,0.0,2.59,2.59,,656.37
Cyprus,1994,CYP,844669.0,13051263000.0,0.0,0.0,0.0,0.0,0.0,0.0,0.0,0.0,0.0,0.0,2.68,2.68,,656.72
Cyprus,1995,CYP,862698.0,14530339515.0,0.0,0.0,0.0,0.0,0.0,0.0,0.0,0.0,0.0,0.0,2.5,2.5,,660.0
Cyprus,1996,CYP,880295.0,14861081660.0,0.0,0.0,0.0,0.0,0.0,0.0,0.0,0.0,0.0,0.0,2.61,2.61,,659.0
Cyprus,1997,CYP,897574.0,15384666855.0,0.0,0.0,0.0,0.0,0.0,0.0,0.0,0.0,0.0,0.0,2.73,2.73,,659.34
Cyprus,1998,CYP,914552.0,16341391926.0,0.0,0.0,0.0,0.0,0.0,0.0,0.0,0.0,0.0,0.0,2.99,2.99,,658.86
Cyprus,1999,CYP,931235.0,17289794170.0,0.0,0.0,0.0,0.0,0.0,0.0,0.0,0.0,0.0,0.0,3.14,3.14,,659.24
Cyprus,2000,CYP,947667.0,18447964503.0,0.0,0.0,0.0,0.0,0.0,0.0,0.0,0.0,0.0,0.0,3.37,3.37,2.22,658.75
Cyprus,2001,CYP,964129.0,19289559263.0,0.0,0.0,0.0,0.0,0.0,0.0,0.0,0.0,0.0,0.0,3.55,3.55,2.34,659.16
Cyprus,2002,CYP,981443.0,20131146271.0,0.0,0.0,0.0,0.0,0.0,0.0,0.0,0.0,0.0,0.0,3.79,3.79,2.49,656.99
Cyprus,2003,CYP,999600.0,20821863547.0,0.0,0.0,0.0,0.0,0.0,0.0,0.0,0.0,0.0,0.0,4.05,4.05,2.66,656.79
Cyprus,2004,CYP,1017875.0,21975893073.0,0.0,0.0,0.0,0.0,0.0,0.007,0.0,0.0,0.0,0.0,4.2,4.2,2.76,657.14
Cyprus,2005,CYP,1036156.0,23006188640.0,0.0,0.0,0.0,0.0,0.0,0.007,0.0,0.0,0.0,0.0,4.38,4.38,2.88,657.53
Cyprus,2006,CYP,1054424.0,24267407225.0,0.0,0.0,0.0,0.0,0.0,0.012,0.0,0.0,0.0,0.0,4.65,4.65,3.06,658.07
Cyprus,2007,CYP,1072727.0,25673703212.0,0.0,0.0,0.0,0.0,0.0,0.058,0.0,0.0,0.0,0.0,4.87,4.87,3.2,657.08
Cyprus,2008,CYP,1091029.0,26913613219.0,0.0,0.0,0.0,0.01,0.01,0.588,0.197,0.0,0.0,0.0,5.06,5.07,3.33,656.81
Cyprus,2009,CYP,1109377.0,26682210733.0,0.0,0.0,0.0,0.03,0.03,0.773,0.576,0.0,0.0,0.0,5.18,5.21,3.42,656.43
Cyprus,2010,CYP,1127826.0,27285556934.0,0.01,0.03,0.0,0.04,0.08,1.095,1.501,0.188,0.563,0.0,5.25,5.33,3.46,649.16
Cyprus,2011,CYP,1146493.0,27627899267.0,0.01,0.11,0.0,0.05,0.17,2.0,3.455,0.203,2.236,0.0,4.75,4.92,3.14,638.21
Cyprus,2012,CYP,1165403.0,26675451028.0,0.02,0.19,0.0,0.05,0.26,2.771,5.508,0.424,4.025,0.0,4.46,4.72,2.94,622.88
Cyprus,2013,CYP,1183899.0,24918237857.0,0.05,0.23,0.0,0.05,0.33,3.68,7.692,1.166,5.361,0.0,3.96,4.29,2.62,610.72
Cyprus,2014,CYP,1201806.0,24475580582.0,0.08,0.18,0.0,0.05,0.31,3.369,7.143,1.843,4.147,0.0,4.03,4.34,2.66,612.9
Cyprus,2015,CYP,1219504.0,25312505108.0,0.13,0.22,0.0,0.05,0.4,3.967,8.811,2.863,4.846,0.0,4.14,4.54,2.74,603.52
Cyprus,2016,CYP,1237114.0,26976335005.0,0.15,0.23,0.0,0.05,0.43,3.794,8.793,3.067,4.703,0.0,4.46,4.89,2.95,603.27
Cyprus,2017,CYP,1254274.0,28523085691.0,0.17,0.21,0.0,0.05,0.43,3.751,8.6,3.4,4.2,0.0,4.57,5.0,3.03,606.0
Cyprus,2018,CYP,1270743.0,30134014224.0,0.2,0.22,0.0,0.06,0.48,3.984,9.486,3.953,4.348,0.0,4.58,5.06,3.03,598.81
Cyprus,2019,CYP,1286669.0,31800247242.0,0.22,0.24,0.0,0.06,0.52,4.432,10.097,4.272,4.66,0.0,4.63,5.15,3.07,596.12
Cyprus,2020,CYP,1302250.0,30409793367.0,0.3,0.24,0.0,0.06,0.6,6.388,12.371,6.186,4.948,0.0,4.25,4.85,2.82,581.44
Cyprus,2021,CYP,1317311.0,32428676744.0,0.47,0.25,0.0,0.06,0.78,7.388,15.234,9.18,4.883,0.0,4.34,5.12,2.89,564.45
Cyprus,2022,CYP,1331376.0,34255009922.0,0.6,0.22,0.0,0.06,0.88,7.765,16.73,11.407,4.183,0.0,4.38,5.26,2.92,555.13
Cyprus,2023,CYP,1344981.0,34255009922.0,0.83,0.21,0.0,0.05,1.09,9.266,20.45,15.572,3.94,0.0,4.24,5.33,2.84,532.83
Cyprus,2024,CYP,1358287.0,34255009922.0,1.11,0.22,0.0,0.06,1.39,10.795,24.007,19.171,3.8,0.0,4.4,5.79,2.96,511.23
Cyprus,2025,CYP,1370754.0,34255009922.0,1.37,0.21,0.0,0.06,1.64,10.795,27.75,23.181,3.553,0.0,4.27,5.91,2.89,489.0
Czechia,1965,CZE,9706844.0,,0.0,0.0,2.232,0.0,2.232,1.324,,,,,,,,
Czechia,1966,CZE,9736244.0,,0.0,0.0,2.104,0.0,2.104,1.238,,,,,,,,
Czechia,1967,CZE,9758984.0,,0.0,0.0,1.896,0.0,1.896,1.134,,,,,,,,
Czechia,1968,CZE,9775112.0,,0.0,0.0,1.467,0.0,1.467,0.841,,,,,,,,
Czechia,1969,CZE,9787790.0,,0.0,0.0,1.198,0.0,1.198,0.658,,,,,,,,
Czechia,1970,CZE,9801253.0,85688633425.0,0.0,0.0,1.71,0.0,1.71,0.902,,,,,,,,
Czechia,1971,CZE,9822783.0,90161721788.0,0.0,0.0,1.208,0.0,1.208,0.606,,,,,,,,
Czechia,1972,CZE,9858071.0,94933134863.0,0.0,0.0,1.264,0.0,1.264,0.631,,,,,,,,
Czechia,1973,CZE,9906214.0,99378514863.0,0.0,0.0,1.081,0.0,1.081,0.536,,,,,,,,
Czechia,1974,CZE,9965950.0,104186936984.0,0.0,0.0,1.819,0.0,1.819,0.893,,,,,,,,
Czechia,1975,CZE,10030787.0,110000271248.0,0.0,0.0,1.814,0.0,1.814,0.856,,,,,,,,
Czechia,1976,CZE,10092941.0,114359898556.0,0.0,0.0,1.446,0.0,1.446,0.663,,,,,,,,
Czechia,1977,CZE,10149369.0,118223719564.0,0.0,0.0,1.967,0.0,1.967,0.874,,,,,,,,
Czechia,1978,CZE,10200753.0,123116431801.0,0.0,0.0,1.83,0.0,1.83,0.802,,,,,,,,
Czechia,1979,CZE,10246154.0,124798624929.0,0.0,0.0,2.293,0.0,2.293,0.994,,,,,,,,
Czechia,1980,CZE,10275404.0,126921718828.0,0.0,0.0,2.399,0.0,2.399,1.074,,,,,,,,
Czechia,1981,CZE,10289518.0,126726010277.0,0.0,0.0,2.061,0.0,2.061,0.93,,,,,,,,
Czechia,1982,CZE,10299006.0,124767552965.0,0.0,0.0,1.67,0.0,1.67,0.762,,,,,,,,
Czechia,1983,CZE,10302947.0,126785025540.0,0.0,0.0,1.655,0.0,1.655,0.754,,,,,,,,
Czechia,1984,CZE,10303816.0,129617868735.0,0.0,0.0,1.298,0.0,1.298,0.572,,,,,,,,
Czechia,1985,CZE,10305141.0,132537133916.0,0.0,0.0,1.671,0.0,1.671,0.736,2.875,0.0,0.0,2.875,,58.121,,
Czechia,1986,CZE,10304374.0,136190031570.0,0.0,0.0,1.876,0.0,1.876,0.817,3.095,0.0,0.0,3.095,,60.606,,
Czechia,1987,CZE,10303422.0,139350917529.0,0.0,0.0,2.465,0.0,2.465,1.05,3.963,0.0,0.0,3.963,,62.196,,
Czechia,1988,CZE,10305448.0,142237370686.0,0.0,0.0,2.099,0.0,2.099,0.89,3.263,0.0,0.0,3.263,,64.334,,
Czechia,1989,CZE,10305609.0,144679286083.0,0.0,0.0,1.643,0.0,1.643,0.719,2.523,0.0,0.0,2.523,,65.131,,
Czechia,1990,CZE,10301989.0,146168284839.0,0.0,0.0,1.16,0.0,1.16,0.591,1.863,0.0,0.0,1.863,48.52,62.27,,777.74
Czechia,1991,CZE,10304420.0,130499462994.0,0.0,0.0,1.09,0.0,1.09,0.609,1.808,0.0,0.0,1.808,47.08,60.3,,779.1
Czechia,1992,CZE,10312449.0,131496641304.0,0.0,0.0,1.4,0.0,1.4,0.812,2.371,0.0,0.0,2.371,45.4,59.05,,766.98
Czechia,1993,CZE,10320404.0,133342958573.0,0.0,0.0,1.37,0.16,1.53,0.91,2.608,0.0,0.0,2.335,44.51,58.67,,758.48
Czechia,1994,CZE,10322332.0,139002246482.0,0.0,0.0,1.46,0.32,1.78,1.104,3.048,0.0,0.0,2.5,43.64,58.4,,746.92
Czechia,1995,CZE,10312041.0,149541611781.0,0.0,0.0,2.0,0.41,2.41,1.445,3.978,0.0,0.0,3.301,45.94,60.58,,756.03
Czechia,1996,CZE,10296140.0,157900113788.0,0.0,0.0,1.97,0.29,2.26,1.323,3.541,0.0,0.0,3.086,48.72,63.83,,749.33
Czechia,1997,CZE,10280049.0,158827904845.0,0.0,0.0,1.7,0.49,2.19,1.379,3.411,0.0,0.0,2.648,49.53,64.21,,757.67
Czechia,1998,CZE,10265430.0,160364287569.0,0.0,0.0,1.4,0.59,1.99,1.31,3.08,0.0,0.0,2.167,49.45,64.62,,749.3
Czechia,1999,CZE,10251385.0,164728010192.0,0.0,0.0,1.68,0.68,2.36,1.629,3.678,0.0,0.0,2.618,48.45,64.17,,736.95
Czechia,2000,CZE,10236809.0,174309526192.0,0.0,0.0,1.76,0.52,2.28,1.525,3.128,0.0,0.0,2.414,57.03,72.9,55.92,767.08
Czechia,2001,CZE,10231942.0,181753179328.0,0.0,0.0,2.05,0.52,2.57,1.618,3.463,0.0,0.0,2.762,56.9,74.22,55.8,751.82
Czechia,2002,CZE,10239474.0,187044887124.0,0.0,0.0,2.49,0.5,2.99,1.884,3.934,0.0,0.0,3.276,54.27,76.0,53.15,699.34
Czechia,2003,CZE,10248907.0,196328003846.0,0.0,0.0,1.38,0.49,1.87,1.173,2.259,0.0,0.0,1.667,55.05,82.79,53.97,651.89
Czechia,2004,CZE,10261453.0,208725903761.0,0.0,0.01,2.02,0.71,2.74,1.538,3.27,0.0,0.012,2.411,54.72,83.79,53.64,640.17
Czechia,2005,CZE,10280155.0,225302570264.0,0.0,0.02,2.38,0.73,3.13,1.695,3.82,0.0,0.024,2.905,54.07,81.93,52.98,646.65
Czechia,2006,CZE,10304592.0,243991794814.0,0.0,0.05,2.55,0.92,3.52,1.902,4.208,0.0,0.06,3.048,54.09,83.66,53.05,634.11
Czechia,2007,CZE,10337539.0,260673045889.0,0.0,0.13,2.09,1.2,3.42,1.887,3.897,0.0,0.148,2.381,58.18,87.77,57.25,652.27
Czechia,2008,CZE,10378298.0,271709547503.0,0.01,0.24,2.02,1.45,3.72,2.311,4.467,0.012,0.288,2.426,53.01,83.28,52.26,627.52
Czechia,2009,CZE,10420985.0,261919697582.0,0.09,0.29,2.43,1.85,4.66,3.141,5.708,0.11,0.355,2.976,49.77,81.64,49.24,603.14
Czechia,2010,CZE,10464035.0,271231988282.0,0.62,0.34,2.79,2.16,5.91,3.759,6.935,0.728,0.399,3.274,51.31,85.22,50.59,593.64
Czechia,2011,CZE,10495508.0,279082754736.0,2.18,0.4,1.96,2.7,7.24,4.745,8.356,2.516,0.462,2.262,51.12,86.64,50.56,583.56
Czechia,2012,CZE,10507339.0,276891945353.0,2.15,0.42,2.13,3.37,8.07,5.199,9.321,2.483,0.485,2.46,48.19,86.58,47.86,552.78
Czechia,2013,CZE,10511164.0,276764861619.0,2.03,0.48,2.73,4.06,9.3,6.019,10.825,2.363,0.559,3.178,45.86,85.91,45.32,527.53
Czechia,2014,CZE,10517223.0,283025537919.0,2.12,0.48,1.91,4.66,9.17,6.231,10.791,2.495,0.565,2.248,45.48,84.98,45.11,530.83
Czechia,2015,CZE,10524418.0,298276052489.0,2.26,0.57,1.79,4.79,9.41,6.44,11.407,2.74,0.691,2.17,46.24,82.49,45.63,553.16
Czechia,2016,CZE,10531946.0,305844147713.0,2.13,0.5,2.0,4.76,9.39,6.502,11.451,2.598,0.61,2.439,48.51,82.0,47.06,573.9
Czechia,2017,CZE,10541343.0,321652381589.0,2.2,0.59,1.87,4.97,9.63,6.312,11.229,2.565,0.688,2.181,47.79,85.76,46.51,542.33
Czechia,2018,CZE,10548934.0,332009886797.0,2.36,0.61,1.63,4.83,9.43,6.179,10.859,2.718,0.702,1.877,47.49,86.84,46.25,532.59
Czechia,2019,CZE,10554872.0,342069373423.0,2.32,0.7,2.01,5.03,10.06,6.744,11.736,2.706,0.817,2.345,45.41,85.72,43.16,503.5
Czechia,2020,CZE,10550129.0,323245433506.0,2.29,0.7,2.14,5.21,10.34,7.539,12.909,2.859,0.874,2.672,39.72,80.1,36.86,460.18
Czechia,2021,CZE,10530683.0,334729441747.0,2.25,0.6,2.41,5.38,10.64,7.275,12.718,2.689,0.717,2.881,42.29,83.66,39.47,471.79
Czechia,2022,CZE,10673216.0,342966849621.0,2.63,0.64,2.09,5.41,10.77,7.496,12.863,3.141,0.764,2.496,41.94,83.73,40.89,488.36
Czechia,2023,CZE,10809722.0,342966849621.0,2.89,0.7,2.36,5.19,11.14,8.386,14.697,3.813,0.923,3.113,34.25,75.8,33.55,442.61
Czechia,2024,CZE,10735857.0,342966849621.0,3.59,0.67,2.66,5.38,12.3,9.746,16.893,4.931,0.92,3.653,30.81,72.81,30.16,414.23
Czechia,2025,CZE,10609241.0,342966849621.0,4.39,0.57,1.71,6.05,12.72,9.746,16.848,5.815,0.755,2.265,30.84,75.5,30.31,401.46
Democratic Republic of Congo,2000,COD,50507445.0,21854113779.0,0.0,0.0,5.94,0.0,5.94,,100.0,0.0,0.0,100.0,0.0,5.94,0.14,23.57
Democratic Republic of Congo,2001,COD,52132646.0,21977293171.0,0.0,0.0,5.91,0.0,5.91,,99.831,0.0,0.0,99.831,0.01,5.92,0.15,25.34
Democratic Republic of Congo,2002,COD,53750529.0,23244764997.0,0.0,0.0,6.05,0.0,6.05,,99.835,0.0,0.0,99.835,0.01,6.06,0.15,24.75
Democratic Republic of Congo,2003,COD,55343873.0,25228484809.0,0.0,0.0,6.1,0.0,6.1,,99.836,0.0,0.0,99.836,0.01,6.11,0.15,24.55
Democratic Republic of Congo,2004,COD,56997740.0,27653538438.0,0.0,0.0,7.01,0.0,7.01,,99.858,0.0,0.0,99.858,0.01,7.02,0.18,25.64
Democratic Republic of Congo,2005,COD,58775726.0,30164653557.0,0.0,0.0,7.32,0.0,7.32,,99.864,0.0,0.0,99.864,0.01,7.33,0.18,24.56
Democratic Republic of Congo,2006,COD,60615909.0,32708306949.0,0.0,0.0,7.45,0.0,7.45,,99.333,0.0,0.0,99.333,0.05,7.5,0.21,28.0
Democratic Republic of Congo,2007,COD,62477753.0,35814302298.0,0.0,0.0,7.74,0.0,7.74,,98.851,0.0,0.0,98.851,0.09,7.83,0.24,30.65
Democratic Republic of Congo,2008,COD,64390658.0,39245769597.0,0.0,0.0,7.41,0.0,7.41,,98.668,0.0,0.0,98.668,0.1,7.51,0.24,31.96
Democratic Republic of Congo,2009,COD,66412038.0,41718890407.0,0.0,0.0,7.72,0.0,7.72,,98.848,0.0,0.0,98.848,0.09,7.81,0.24,30.73
Democratic Republic of Congo,2010,COD,68563038.0,46223524668.0,0.0,0.0,7.74,0.0,7.74,,98.851,0.0,0.0,98.851,0.09,7.83,0.24,30.65
Democratic Republic of Congo,2011,COD,70849311.0,51169100367.0,0.0,0.0,7.73,0.0,7.73,,98.849,0.0,0.0,98.849,0.09,7.82,0.24,30.69
Democratic Republic of Congo,2012,COD,73254623.0,55604951736.0,0.0,0.0,7.51,0.0,7.51,,99.867,0.0,0.0,99.867,0.01,7.52,0.19,25.27
Democratic Republic of Congo,2013,COD,75789397.0,60956372609.0,0.0,0.0,8.15,0.0,8.15,,99.877,0.0,0.0,99.877,0.01,8.16,0.2,24.51
Democratic Republic of Congo,2014,COD,78403248.0,65407411596.0,0.0,0.0,8.73,0.0,8.73,,99.886,0.0,0.0,99.886,0.01,8.74,0.22,25.17
Democratic Republic of Congo,2015,COD,81035532.0,69567321729.0,0.0,0.0,8.83,0.0,8.83,,99.887,0.0,0.0,99.887,0.01,8.84,0.22,24.89
Democratic Republic of Congo,2016,COD,83956416.0,69841412960.0,0.0,0.0,9.01,0.0,9.01,,99.889,0.0,0.0,99.889,0.01,9.02,0.22,24.39
Democratic Republic of Congo,2017,COD,87083400.0,72396212035.0,0.01,0.0,9.39,0.01,9.41,,99.894,0.106,0.0,99.682,0.01,9.42,0.23,24.42
Democratic Republic of Congo,2018,COD,90047647.0,75889338637.0,0.01,0.0,10.43,0.01,10.45,,99.904,0.096,0.0,99.713,0.01,10.46,0.26,24.86
Democratic Republic of Congo,2019,COD,92947450.0,79292965259.0,0.01,0.0,11.76,0.01,11.78,,99.915,0.085,0.0,99.746,0.01,11.79,0.29,24.6
Democratic Republic of Congo,2020,COD,95990000.0,80617953765.0,0.02,0.0,12.45,0.01,12.48,,99.92,0.16,0.0,99.68,0.01,12.49,0.31,24.82
Democratic Republic of Congo,2021,COD,99148930.0,85639643645.0,1.05,0.0,13.13,0.01,14.19,,100.0,7.4,0.0,92.53,0.0,14.19,0.36,25.37
Democratic Republic of Congo,2022,COD,102396974.0,91314988450.0,2.11,0.0,13.19,0.01,15.31,,100.0,13.782,0.0,86.153,0.0,15.31,0.41,26.78
Democratic Republic of Congo,2023,COD,105789733.0,91314988450.0,2.2,0.0,13.42,0.01,15.63,,100.0,14.075,0.0,85.861,0.0,15.63,0.42,26.87
Democratic Republic of Congo,2024,COD,109276264.0,91314988450.0,2.51,0.0,13.4,0.01,15.92,,100.0,15.766,0.0,84.171,0.0,15.92,0.44,27.64
Denmark,1965,DNK,4758837.0,83071669604.0,0.0,0.0,0.025,0.0,0.025,0.042,,,,,,,,
Denmark,1966,DNK,4797199.0,85342727500.0,0.0,0.0,0.026,0.0,0.026,0.038,,,,,,,,
Denmark,1967,DNK,4835223.0,88211320439.0,0.0,0.0,0.025,0.0,0.025,0.037,,,,,,,,
Denmark,1968,DNK,4864801.0,91836212714.0,0.0,0.0,0.021,0.0,0.021,0.029,,,,,,,,
Denmark,1969,DNK,4891798.0,97686582372.0,0.0,0.0,0.022,0.0,0.022,0.027,,,,,,,,
Denmark,1970,DNK,4928674.0,99664391979.0,0.0,0.0,0.024,0.0,0.024,0.027,,,,,,,,
Denmark,1971,DNK,4963064.0,102324768258.0,0.0,0.0,0.024,0.0,0.024,0.029,,,,,,,,
Denmark,1972,DNK,4991569.0,107713654214.0,0.0,0.0,0.024,0.0,0.024,0.028,,,,,,,,
Denmark,1973,DNK,5021765.0,111625922748.0,0.0,0.0,0.024,0.0,0.024,0.028,,,,,,,,
Denmark,1974,DNK,5045639.0,110587862203.0,0.0,0.0,0.024,0.0,0.024,0.031,,,,,,,,
Denmark,1975,DNK,5060403.0,109859698554.0,0.0,0.0,0.021,0.0,0.021,0.028,,,,,,,,
Denmark,1976,DNK,5072803.0,116968995577.0,0.0,0.0,0.019,0.0,0.019,0.023,,,,,,,,
Denmark,1977,DNK,5088571.0,118865466562.0,0.0,0.0,0.026,0.0,0.026,0.031,,,,,,,,
Denmark,1978,DNK,5104341.0,120623566765.0,0.0,0.003,0.027,0.0,0.03,0.035,,,,,,,,
Denmark,1979,DNK,5116862.0,124895966432.0,0.0,0.006,0.029,0.0,0.035,0.041,,,,,,,,
Denmark,1980,DNK,5123079.0,124346107835.0,0.0,0.01,0.034,0.0,0.045,0.053,,,,,,,,
Denmark,1981,DNK,5121628.0,123240381678.0,0.0,0.01,0.036,0.0,0.046,0.061,,,,,,,,
Denmark,1982,DNK,5117897.0,126957514123.0,0.0,0.019,0.03,0.0,0.049,0.068,,,,,,,,
Denmark,1983,DNK,5114468.0,130158855468.0,0.0,0.027,0.034,0.033,0.094,0.143,,,,,,,,
Denmark,1984,DNK,5111831.0,135871948376.0,0.0,0.033,0.03,0.033,0.096,0.144,,,,,,,,
Denmark,1985,DNK,5113878.0,141700375336.0,0.0,0.051,0.03,0.036,0.117,0.155,0.402,0.0,0.176,0.102,,29.143,,
Denmark,1986,DNK,5120691.0,146862040807.0,0.0,0.126,0.029,0.051,0.205,0.264,0.667,0.0,0.408,0.093,,30.783,,
Denmark,1987,DNK,5127134.0,147289143339.0,0.0,0.174,0.029,0.061,0.264,0.352,0.896,0.0,0.589,0.1,,29.489,,
Denmark,1988,DNK,5129650.0,149007313574.0,0.0,0.292,0.033,0.08,0.405,0.542,1.441,0.0,1.039,0.117,,28.069,,
Denmark,1989,DNK,5132717.0,149399510449.0,0.0,0.428,0.023,0.126,0.577,0.842,2.517,0.0,1.868,0.1,,22.934,,
Denmark,1990,DNK,5141024.0,151205742035.0,0.0,0.61,0.03,0.19,0.83,1.204,3.2,0.0,2.352,0.116,25.11,25.94,,889.75
Denmark,1991,DNK,5154346.0,154212932867.0,0.0,0.74,0.03,0.29,1.06,1.391,2.908,0.0,2.03,0.082,35.39,36.45,,894.93
Denmark,1992,DNK,5171372.0,158125301722.0,0.0,0.92,0.03,0.41,1.36,1.949,4.444,0.0,3.007,0.098,29.24,30.6,,872.22
Denmark,1993,DNK,5188638.0,159069870418.0,0.0,1.03,0.03,0.55,1.61,2.261,4.766,0.0,3.049,0.089,32.17,33.78,,863.83
Denmark,1994,DNK,5206188.0,168493895001.0,0.0,1.14,0.03,0.57,1.74,2.034,4.309,0.0,2.823,0.074,38.64,40.38,,850.92
Denmark,1995,DNK,5233364.0,174484978091.0,0.0,1.18,0.03,0.65,1.86,2.209,5.085,0.0,3.226,0.082,34.72,36.58,,813.01
Denmark,1996,DNK,5263071.0,180654110941.0,0.0,1.23,0.02,0.83,2.08,2.093,3.897,0.0,2.304,0.037,51.3,53.38,,817.16
Denmark,1997,DNK,5285041.0,187647333700.0,0.0,1.93,0.02,0.98,2.93,3.228,6.638,0.0,4.372,0.045,41.21,44.14,,761.21
Denmark,1998,DNK,5304263.0,192859238471.0,0.0,2.82,0.03,1.08,3.93,4.456,9.604,0.0,6.891,0.073,36.99,40.92,,709.19
Denmark,1999,DNK,5321814.0,199699305568.0,0.0,3.03,0.03,1.32,4.38,5.143,11.312,0.0,7.825,0.077,34.34,38.72,,673.3
Denmark,2000,DNK,5339659.0,208333676429.0,0.0,4.24,0.03,1.3,5.57,6.759,15.537,0.0,11.827,0.084,30.28,35.85,22.51,627.89
Denmark,2001,DNK,5358825.0,211243390442.0,0.0,4.31,0.03,1.51,5.85,7.065,15.583,0.0,11.481,0.08,31.69,37.54,23.68,630.79
Denmark,2002,DNK,5375967.0,213517288371.0,0.0,4.88,0.03,1.88,6.79,8.197,17.366,0.0,12.481,0.077,32.31,39.1,24.19,618.67
Denmark,2003,DNK,5390621.0,215549132167.0,0.0,5.56,0.02,2.49,8.07,9.054,17.555,0.0,12.095,0.044,37.9,45.97,29.95,651.51
Denmark,2004,DNK,5404594.0,222528951750.0,0.0,6.59,0.03,2.91,9.53,11.24,23.683,0.0,16.377,0.075,30.71,40.24,23.39,581.26
Denmark,2005,DNK,5419550.0,229074701412.0,0.0,6.61,0.02,3.17,9.8,11.955,27.162,0.0,18.32,0.055,26.28,36.08,19.94,552.66
Denmark,2006,DNK,5437425.0,239411013967.0,0.0,6.1,0.02,3.07,9.19,10.242,20.224,0.0,13.424,0.044,36.25,45.44,28.87,635.34
Denmark,2007,DNK,5461604.0,242913735233.0,0.0,7.17,0.03,3.1,10.3,11.953,26.316,0.0,18.319,0.077,28.84,39.14,23.37,597.09
Denmark,2008,DNK,5493762.0,243090598807.0,0.0,6.93,0.03,3.14,10.1,12.095,27.686,0.0,18.997,0.082,26.38,36.48,21.06,577.3
Denmark,2009,DNK,5523169.0,232507363099.0,0.0,6.73,0.02,3.32,10.07,12.844,27.779,0.0,18.566,0.055,26.18,36.25,21.13,582.9
Denmark,2010,DNK,5547865.0,238190225279.0,0.01,7.81,0.02,4.59,12.43,14.973,32.077,0.026,20.155,0.052,26.32,38.75,20.94,540.39
Denmark,2011,DNK,5570848.0,242757622888.0,0.01,9.77,0.02,4.37,14.17,18.525,40.359,0.028,27.827,0.057,20.94,35.11,17.08,486.47
Denmark,2012,DNK,5591911.0,243307499552.0,0.1,10.27,0.02,4.45,14.84,21.232,48.544,0.327,33.595,0.065,15.73,30.57,13.18,431.14
Denmark,2013,DNK,5615333.0,245578374484.0,0.52,11.12,0.01,4.31,15.96,21.856,46.114,1.502,32.129,0.029,18.65,34.61,16.35,472.41
Denmark,2014,DNK,5643795.0,249555233739.0,0.6,13.08,0.02,4.29,17.99,25.305,56.149,1.873,40.824,0.062,14.05,32.04,12.84,400.75
Denmark,2015,DNK,5683698.0,255401297489.0,0.6,14.13,0.02,4.18,18.93,27.025,65.775,2.085,49.097,0.069,9.85,28.78,9.03,313.76
Denmark,2016,DNK,5728196.0,263691544304.0,0.74,12.78,0.02,4.85,18.39,26.005,60.493,2.434,42.039,0.066,12.01,30.4,10.97,360.86
Denmark,2017,DNK,5765164.0,271132202845.0,0.75,14.78,0.02,6.25,21.8,30.501,70.55,2.427,47.832,0.065,9.1,30.9,8.74,282.85
Denmark,2018,DNK,5793824.0,276526484620.0,0.95,13.9,0.01,5.89,20.75,29.38,68.686,3.145,46.011,0.033,9.46,30.21,8.97,296.92
Denmark,2019,DNK,5814618.0,280656364923.0,0.96,16.15,0.02,5.94,23.07,30.183,78.55,3.269,54.988,0.068,6.3,29.37,6.0,204.29
Denmark,2020,DNK,5831529.0,275058379473.0,1.18,16.33,0.02,5.92,23.45,34.672,82.05,4.129,57.138,0.07,5.13,28.58,5.4,188.94
Denmark,2021,DNK,5856774.0,288414406840.0,1.31,16.05,0.02,8.72,26.1,38.81,79.283,3.979,48.755,0.061,6.82,32.92,7.34,222.97
Denmark,2022,DNK,5902901.0,299429011832.0,2.38,19.02,0.01,7.02,28.43,40.792,80.859,6.769,54.096,0.028,6.73,35.16,7.16,203.64
Denmark,2023,DNK,5948134.0,299429011832.0,3.66,19.39,0.02,6.21,29.28,40.938,86.397,10.8,57.215,0.059,4.61,33.89,5.15,151.96
Denmark,2024,DNK,5977417.0,299429011832.0,3.78,20.41,0.02,7.06,31.27,41.722,89.19,10.782,58.214,0.057,3.79,35.06,4.62,131.77
Denmark,2025,DNK,6002515.0,299429011832.0,4.45,19.21,0.02,6.68,30.36,41.722,91.171,13.363,57.688,0.06,2.94,33.3,3.81,114.41
Djibouti,2000,DJI,747326.0,1258388183.0,0.0,0.0,0.0,0.0,0.0,,0.0,0.0,0.0,0.0,0.18,0.18,0.12,666.67
Djibouti,2001,DJI,771311.0,1279069473.0,0.0,0.0,0.0,0.0,0.0,,0.0,0.0,0.0,0.0,0.19,0.19,0.13,684.21
Djibouti,2002,DJI,795576.0,1306309835.0,0.0,0.0,0.0,0.0,0.0,,0.0,0.0,0.0,0.0,0.2,0.2,0.13,650.0
Djibouti,2003,DJI,813528.0,1344454879.0,0.0,0.0,0.0,0.0,0.0,,0.0,0.0,0.0,0.0,0.2,0.2,0.13,650.0
Djibouti,2004,DJI,826133.0,1377810002.0,0.0,0.0,0.0,0.0,0.0,,0.0,0.0,0.0,0.0,0.22,0.22,0.14,636.36
Djibouti,2005,DJI,839174.0,1416452247.0,0.0,0.0,0.0,0.0,0.0,,0.0,0.0,0.0,0.0,0.3,0.3,0.2,666.67
Djibouti,2006,DJI,855767.0,1590366862.0,0.0,0.0,0.0,0.0,0.0,,0.0,0.0,0.0,0.0,0.31,0.31,0.2,645.16
Djibouti,2007,DJI,874530.0,1662836538.0,0.0,0.0,0.0,0.0,0.0,,0.0,0.0,0.0,0.0,0.32,0.32,0.21,656.25
Djibouti,2008,DJI,892739.0,1746582380.0,0.0,0.0,0.0,0.0,0.0,,0.0,0.0,0.0,0.0,0.34,0.34,0.22,647.06
Djibouti,2009,DJI,911524.0,1828090863.0,0.0,0.0,0.0,0.0,0.0,,0.0,0.0,0.0,0.0,0.35,0.35,0.23,657.14
Djibouti,2010,DJI,930252.0,1885010108.0,0.0,0.0,0.0,0.0,0.0,,0.0,0.0,0.0,0.0,0.38,0.38,0.25,657.9
Djibouti,2011,DJI,948565.0,1960630000.0,0.0,0.0,0.0,0.0,0.0,,0.0,0.0,0.0,0.0,0.39,0.39,0.26,666.67
Djibouti,2012,DJI,966754.0,2054196000.0,0.0,0.0,0.0,0.0,0.0,,0.0,0.0,0.0,0.0,0.39,0.39,0.26,666.67
Djibouti,2013,DJI,984833.0,2157408000.0,0.0,0.0,0.0,0.0,0.0,,0.0,0.0,0.0,0.0,0.43,0.43,0.28,651.16
Djibouti,2014,DJI,1002720.0,2286630000.0,0.0,0.0,0.0,0.0,0.0,,0.0,0.0,0.0,0.0,0.1,0.1,0.07,700.0
Djibouti,2015,DJI,1020316.0,2435148000.0,0.0,0.0,0.0,0.0,0.0,,0.0,0.0,0.0,0.0,0.18,0.18,0.12,666.67
Djibouti,2016,DJI,1037660.0,2612607480.0,0.0,0.0,0.0,0.0,0.0,,0.0,0.0,0.0,0.0,0.09,0.09,0.06,666.67
Djibouti,2017,DJI,1054844.0,2767106002.0,0.0,0.0,0.0,0.0,0.0,,0.0,0.0,0.0,0.0,0.06,0.06,0.04,666.67
Djibouti,2018,DJI,1071886.0,2924431711.0,0.0,0.0,0.0,0.0,0.0,,0.0,0.0,0.0,0.0,0.05,0.05,0.03,600.0
Djibouti,2019,DJI,1088710.0,3086593147.0,0.0,0.0,0.0,0.0,0.0,,0.0,0.0,0.0,0.0,0.09,0.09,0.06,666.67
Djibouti,2020,DJI,1105193.0,3123694253.0,0.0,0.0,0.0,0.0,0.0,,0.0,0.0,0.0,0.0,0.13,0.13,0.09,692.31
Djibouti,2021,DJI,1121251.0,3274020536.0,0.0,0.07,0.0,0.0,0.07,,35.0,0.0,35.0,0.0,0.13,0.2,0.09,450.0
Djibouti,2022,DJI,1137101.0,3395681646.0,0.0,0.07,0.0,0.0,0.07,,35.0,0.0,35.0,0.0,0.13,0.2,0.09,450.0
Djibouti,2023,DJI,1152951.0,3395681646.0,0.0,0.07,0.0,0.0,0.07,,35.0,0.0,35.0,0.0,0.13,0.2,0.09,450.0
Djibouti,2024,DJI,1168726.0,3395681646.0,0.0,0.07,0.0,0.0,0.07,,35.0,0.0,35.0,0.0,0.13,0.2,0.09,450.0
Dominica,2000,DMA,68527.0,404483810.0,0.0,0.0,0.03,0.0,0.03,,37.5,0.0,0.0,37.5,0.05,0.08,0.03,375.0
Dominica,2001,DMA,68299.0,411786964.0,0.0,0.0,0.03,0.0,0.03,,37.5,0.0,0.0,37.5,0.05,0.08,0.03,375.0
Dominica,2002,DMA,68385.0,415539000.0,0.0,0.0,0.03,0.0,0.03,,42.857,0.0,0.0,42.857,0.04,0.07,0.03,428.57
Dominica,2003,DMA,68552.0,455180800.0,0.0,0.0,0.03,0.0,0.03,,37.5,0.0,0.0,37.5,0.05,0.08,0.03,375.0
Dominica,2004,DMA,68664.0,475394414.0,0.0,0.0,0.03,0.0,0.03,,27.273,0.0,0.0,27.273,0.08,0.11,0.05,454.55
Dominica,2005,DMA,68750.0,482222496.0,0.0,0.0,0.03,0.0,0.03,,25.0,0.0,0.0,25.0,0.09,0.12,0.06,500.0
Dominica,2006,DMA,68823.0,513632250.0,0.0,0.0,0.03,0.0,0.03,,25.0,0.0,0.0,25.0,0.09,0.12,0.06,500.0
Dominica,2007,DMA,68862.0,554311687.0,0.0,0.0,0.02,0.0,0.02,,16.667,0.0,0.0,16.667,0.1,0.12,0.07,583.33
Dominica,2008,DMA,68866.0,617146562.0,0.0,0.0,0.02,0.0,0.02,,15.385,0.0,0.0,15.385,0.11,0.13,0.07,538.46
Dominica,2009,DMA,68879.0,621365663.0,0.0,0.0,0.02,0.0,0.02,,15.385,0.0,0.0,15.385,0.11,0.13,0.07,538.46
Dominica,2010,DMA,68872.0,640098860.0,0.0,0.0,0.02,0.0,0.02,,14.286,0.0,0.0,14.286,0.12,0.14,0.08,571.43
Dominica,2011,DMA,69073.0,652912000.0,0.0,0.0,0.04,0.0,0.04,,26.667,0.0,0.0,26.667,0.11,0.15,0.07,466.67
Dominica,2012,DMA,69138.0,644079000.0,0.0,0.0,0.03,0.0,0.03,,20.0,0.0,0.0,20.0,0.12,0.15,0.08,533.33
Dominica,2013,DMA,69733.0,667585000.0,0.0,0.0,0.04,0.0,0.04,,26.667,0.0,0.0,26.667,0.11,0.15,0.07,466.67
Dominica,2014,DMA,70387.0,694011000.0,0.0,0.0,0.03,0.0,0.03,,20.0,0.0,0.0,20.0,0.12,0.15,0.08,533.33
Dominica,2015,DMA,70429.0,689606000.0,0.0,0.0,0.02,0.0,0.02,,13.333,0.0,0.0,13.333,0.13,0.15,0.09,600.0
Dominica,2016,DMA,69627.0,707976572.0,0.0,0.0,0.04,0.0,0.04,,25.0,0.0,0.0,25.0,0.12,0.16,0.08,500.0
Dominica,2017,DMA,68514.0,656048862.0,0.0,0.0,0.03,0.0,0.03,,23.077,0.0,0.0,23.077,0.1,0.13,0.07,538.46
Dominica,2018,DMA,68195.0,677586340.0,0.0,0.0,0.02,0.0,0.02,,18.182,0.0,0.0,18.182,0.09,0.11,0.06,545.46
Dominica,2019,DMA,67901.0,714870398.0,0.0,0.0,0.02,0.0,0.02,,14.286,0.0,0.0,14.286,0.12,0.14,0.08,571.43
Dominica,2020,DMA,67588.0,600082697.0,0.0,0.0,0.02,0.0,0.02,,14.286,0.0,0.0,14.286,0.12,0.14,0.08,571.43
Dominica,2021,DMA,67222.0,637252112.0,0.0,0.0,0.02,0.0,0.02,,14.286,0.0,0.0,14.286,0.12,0.14,0.08,571.43
Dominica,2022,DMA,66847.0,675098029.0,0.0,0.0,0.02,0.0,0.02,,13.333,0.0,0.0,13.333,0.13,0.15,0.09,600.0
Dominica,2023,DMA,66531.0,675098029.0,0.0,0.0,0.02,0.0,0.02,,13.333,0.0,0.0,13.333,0.13,0.15,0.09,600.0
Dominican Republic,2000,DOM,8584196.0,56344968399.0,0.0,0.0,0.75,0.16,0.91,,6.995,0.0,0.0,5.765,12.1,13.01,8.01,615.68
Dominican Republic,2001,DOM,8720287.0,58288496906.0,0.0,0.0,0.7,0.16,0.86,,6.698,0.0,0.0,5.452,11.98,12.84,7.96,619.94
Dominican Republic,2002,DOM,8852231.0,62671030582.0,0.0,0.0,0.87,0.17,1.04,,7.482,0.0,0.0,6.259,12.86,13.9,8.64,621.58
Dominican Republic,2003,DOM,8980626.0,63562914579.0,0.0,0.0,1.19,0.17,1.36,,9.591,0.0,0.0,8.392,12.82,14.18,8.68,612.13
Dominican Republic,2004,DOM,9104889.0,65495459116.0,0.0,0.0,1.6,0.14,1.74,,14.476,0.0,0.0,13.311,10.28,12.02,7.02,584.03
Dominican Republic,2005,DOM,9225035.0,72784646192.0,0.0,0.0,1.91,0.15,2.06,,15.442,0.0,0.0,14.318,11.28,13.34,7.67,574.96
Dominican Republic,2006,DOM,9341187.0,81940402491.0,0.0,0.0,1.75,0.16,1.91,,13.536,0.0,0.0,12.403,12.2,14.11,8.3,588.24
Dominican Republic,2007,DOM,9455663.0,90412078042.0,0.0,0.0,1.7,0.16,1.86,,12.766,0.0,0.0,11.668,12.71,14.57,8.57,588.2
Dominican Republic,2008,DOM,9573135.0,94906712345.0,0.0,0.0,1.38,0.16,1.54,,10.541,0.0,0.0,9.446,13.07,14.61,8.79,601.64
Dominican Republic,2009,DOM,9695270.0,97411530204.0,0.0,0.0,1.46,0.16,1.62,,11.782,0.0,0.0,10.618,12.13,13.75,8.16,593.46
Dominican Republic,2010,DOM,9820180.0,107260793439.0,0.0,0.0,1.43,0.16,1.59,,10.758,0.0,0.0,9.675,13.19,14.78,8.69,587.96
Dominican Republic,2011,DOM,9945623.0,112433265383.0,0.0,0.01,1.53,0.16,1.7,,10.787,0.0,0.063,9.708,14.06,15.76,9.3,590.1
Dominican Republic,2012,DOM,10070409.0,115488083453.0,0.0,0.1,1.78,0.17,2.05,,12.13,0.0,0.592,10.533,14.85,16.9,9.84,582.25
Dominican Republic,2013,DOM,10193838.0,121118130894.0,0.01,0.24,1.88,0.18,2.31,,13.036,0.056,1.354,10.609,15.41,17.72,10.13,571.67
Dominican Republic,2014,DOM,10315523.0,129656952614.0,0.02,0.24,1.32,0.17,1.75,,10.127,0.116,1.389,7.639,15.53,17.28,10.26,593.75
Dominican Republic,2015,DOM,10434826.0,138638287562.0,0.03,0.29,0.93,0.17,1.42,,7.889,0.167,1.611,5.167,16.58,18.0,10.91,606.11
Dominican Republic,2016,DOM,10551430.0,147870212847.0,0.08,0.32,1.5,0.18,2.08,,11.076,0.426,1.704,7.987,16.7,18.78,11.08,589.99
Dominican Republic,2017,DOM,10666846.0,154771313809.0,0.14,0.39,2.17,0.34,3.04,,15.833,0.729,2.031,11.302,16.16,19.2,10.57,550.52
Dominican Republic,2018,DOM,10782048.0,165578989651.0,0.23,0.5,1.76,0.21,2.7,,13.776,1.173,2.551,8.98,16.9,19.6,11.1,566.33
Dominican Republic,2019,DOM,10894043.0,173944046167.0,0.37,0.79,1.3,0.21,2.67,,12.547,1.739,3.712,6.109,18.61,21.28,12.4,582.71
Dominican Republic,2020,DOM,11008298.0,162255006875.0,0.6,1.07,1.29,0.19,3.15,,16.162,3.079,5.49,6.619,16.34,19.49,11.33,581.32
Dominican Republic,2021,DOM,11123480.0,182166940060.0,0.85,1.22,1.5,0.24,3.81,,17.779,3.966,5.693,7.0,17.62,21.43,11.97,558.56
Dominican Republic,2022,DOM,11230734.0,191182362267.0,1.24,1.17,1.47,0.21,4.09,,18.448,5.593,5.277,6.631,18.08,22.17,12.86,580.06
Dominican Republic,2023,DOM,11331269.0,191182362267.0,1.36,1.2,1.47,0.21,4.24,,17.264,5.537,4.886,5.985,20.32,24.56,14.23,579.4
Dominican Republic,2024,DOM,11427558.0,191182362267.0,1.55,1.3,1.47,0.21,4.53,,18.851,6.45,5.41,6.117,19.5,24.03,13.64,567.62
Dominican Republic,2025,DOM,11520483.0,191182362267.0,2.25,1.42,1.53,0.2,5.4,,23.81,9.921,6.261,6.746,17.28,22.68,12.19,537.48
EU (Ember),1990,,,,0.01,0.77,283.66,17.47,301.91,,13.419,0.0,0.034,12.608,1218.88,2249.9,,
EU (Ember),1991,,,,0.01,1.08,295.63,18.14,314.86,,13.718,0.0,0.047,12.881,1231.02,2295.17,,
EU (Ember),1992,,,,0.02,1.52,307.69,19.05,328.28,,14.404,0.001,0.067,13.5,1200.37,2279.16,,
EU (Ember),1993,,,,0.02,2.13,315.78,20.61,338.54,,14.851,0.001,0.093,13.853,1168.16,2279.55,,
EU (Ember),1994,,,,0.02,3.16,325.85,21.48,350.51,,15.144,0.001,0.137,14.079,1193.53,2314.5,,
EU (Ember),1995,,,,0.03,3.68,325.22,23.81,352.74,,14.803,0.001,0.154,13.648,1238.33,2382.94,,
EU (Ember),1996,,,,0.04,4.38,327.21,23.7,355.33,,14.406,0.002,0.178,13.266,1279.85,2466.46,,
EU (Ember),1997,,,,0.04,6.68,331.75,28.22,366.69,,14.786,0.002,0.269,13.377,1273.76,2479.92,,
EU (Ember),1998,,,,0.05,10.39,342.98,31.28,384.7,,15.211,0.002,0.411,13.561,1311.08,2529.13,,
EU (Ember),1999,,,,0.08,13.34,340.82,32.09,386.33,,15.128,0.003,0.522,13.346,1319.22,2553.8,,
EU (Ember),2000,,,,0.05,21.28,350.17,35.4,406.9,,15.518,0.002,0.812,13.354,1355.33,2622.18,1098.8,419.04
EU (Ember),2001,,,,0.17,25.75,373.43,36.99,436.34,,16.167,0.006,0.954,13.836,1373.68,2698.92,1104.14,409.1
EU (Ember),2002,,,,0.28,35.06,312.6,42.05,389.99,,14.327,0.01,1.288,11.484,1429.79,2722.12,1142.21,419.6
EU (Ember),2003,,,,0.4,43.31,304.64,49.08,397.43,,14.194,0.014,1.547,10.88,1495.32,2799.93,1187.7,424.19
EU (Ember),2004,,,,0.68,57.54,323.19,58.75,440.16,,15.35,0.024,2.007,11.271,1498.93,2867.55,1181.41,411.99
EU (Ember),2005,,,,1.48,68.1,307.02,66.87,443.47,,15.375,0.051,2.361,10.644,1524.84,2884.39,1182.28,409.89
EU (Ember),2006,,,,2.52,78.75,309.98,75.94,467.19,,15.932,0.086,2.686,10.571,1550.68,2932.31,1198.36,408.67
EU (Ember),2007,,,,3.83,99.95,307.72,84.67,496.17,,16.832,0.13,3.391,10.439,1579.3,2947.71,1217.53,413.04
EU (Ember),2008,,,,7.51,113.26,325.59,94.29,540.65,,18.267,0.254,3.827,11.0,1534.4,2959.78,1161.28,392.35
EU (Ember),2009,,,,14.22,124.61,329.0,103.23,571.06,,20.334,0.506,4.437,11.715,1412.36,2808.34,1073.85,382.38
EU (Ember),2010,,,,23.49,139.88,371.82,117.56,652.75,,22.161,0.797,4.749,12.623,1438.32,2945.54,1087.93,369.35
EU (Ember),2011,,,,47.71,165.41,307.43,125.4,645.95,,22.208,1.64,5.687,10.569,1424.96,2908.68,1095.57,376.66
EU (Ember),2012,,,,70.5,187.55,331.67,139.15,728.87,,25.103,2.428,6.46,11.423,1362.64,2903.46,1079.74,371.88
EU (Ember),2013,,,,83.76,209.55,368.02,145.57,806.9,,27.982,2.905,7.267,12.762,1270.56,2883.69,1029.8,357.11
EU (Ember),2014,,,,93.6,222.46,370.06,151.04,837.16,,29.645,3.315,7.878,13.105,1174.18,2823.91,968.23,342.87
EU (Ember),2015,,,,100.2,263.28,336.0,156.46,855.94,,29.82,3.491,9.172,11.706,1227.74,2870.37,999.81,348.32
EU (Ember),2016,,,,100.49,266.91,345.6,158.32,871.32,,30.135,3.475,9.231,11.953,1252.13,2891.4,987.2,341.43
EU (Ember),2017,,,,106.58,312.43,294.34,160.87,874.22,,29.909,3.646,10.689,10.07,1289.36,2922.98,995.02,340.41
EU (Ember),2018,,,,114.13,320.76,343.84,162.6,941.33,,32.363,3.924,11.028,11.821,1205.35,2908.62,934.42,321.26
EU (Ember),2019,,,,124.38,367.29,320.29,166.88,978.84,,34.053,4.327,12.778,11.142,1130.32,2874.5,825.98,287.35
EU (Ember),2020,,,,144.72,398.16,347.09,169.82,1059.79,,38.495,5.257,14.462,12.607,1009.79,2753.09,719.06,261.18
EU (Ember),2021,,,,163.05,386.94,348.25,178.59,1076.83,,37.455,5.671,13.459,12.113,1066.45,2874.99,783.5,272.52
EU (Ember),2022,,,,209.76,421.83,276.19,172.2,1079.98,,38.883,7.552,15.187,9.944,1088.25,2777.49,809.78,291.55
EU (Ember),2023,,,,254.04,478.06,330.44,163.56,1226.1,,45.24,9.373,17.639,12.192,864.5,2710.2,639.18,235.84
EU (Ember),2024,,,,307.07,491.21,369.68,163.53,1331.49,,48.013,11.073,17.713,13.33,792.17,2773.21,585.71,211.2
EU (Ember),2025,,,,367.36,478.8,326.37,162.45,1334.98,,47.727,13.134,17.118,11.668,809.7,2797.09,587.1,209.9
East Timor,2003,TLS,916876.0,,0.0,0.0,0.0,0.0,0.0,,0.0,0.0,0.0,0.0,0.06,0.06,0.04,666.67
East Timor,2004,TLS,929081.0,,0.0,0.0,0.0,0.0,0.0,,0.0,0.0,0.0,0.0,0.07,0.07,0.05,714.29
East Timor,2005,TLS,948310.0,,0.0,0.0,0.0,0.0,0.0,,0.0,0.0,0.0,0.0,0.07,0.07,0.05,714.29
East Timor,2006,TLS,976610.0,,0.0,0.0,0.0,0.0,0.0,,0.0,0.0,0.0,0.0,0.07,0.07,0.05,714.29
East Timor,2007,TLS,1004898.0,,0.0,0.0,0.0,0.0,0.0,,0.0,0.0,0.0,0.0,0.09,0.09,0.06,666.67
East Timor,2008,TLS,1032431.0,,0.0,0.0,0.0,0.0,0.0,,0.0,0.0,0.0,0.0,0.11,0.11,0.07,636.36
East Timor,2009,TLS,1058783.0,,0.0,0.0,0.0,0.0,0.0,,0.0,0.0,0.0,0.0,0.13,0.13,0.09,692.31
East Timor,2010,TLS,1084688.0,,0.0,0.0,0.0,0.0,0.0,,0.0,0.0,0.0,0.0,0.14,0.14,0.09,642.86
East Timor,2011,TLS,1110212.0,,0.0,0.0,0.0,0.0,0.0,,0.0,0.0,0.0,0.0,0.14,0.14,0.09,642.86
East Timor,2012,TLS,1134891.0,,0.0,0.0,0.0,0.0,0.0,,0.0,0.0,0.0,0.0,0.13,0.13,0.09,692.31
East Timor,2013,TLS,1158697.0,,0.0,0.0,0.0,0.0,0.0,,0.0,0.0,0.0,0.0,0.29,0.29,0.19,655.17
East Timor,2014,TLS,1181913.0,,0.0,0.0,0.0,0.0,0.0,,0.0,0.0,0.0,0.0,0.35,0.35,0.23,657.14
East Timor,2015,TLS,1205133.0,,0.0,0.0,0.0,0.0,0.0,,0.0,0.0,0.0,0.0,0.35,0.35,0.23,657.14
East Timor,2016,TLS,1228314.0,,0.0,0.0,0.0,0.0,0.0,,0.0,0.0,0.0,0.0,0.41,0.41,0.27,658.54
East Timor,2017,TLS,1251711.0,,0.0,0.0,0.0,0.0,0.0,,0.0,0.0,0.0,0.0,0.43,0.43,0.28,651.16
East Timor,2018,TLS,1275962.0,,0.0,0.0,0.0,0.0,0.0,,0.0,0.0,0.0,0.0,0.45,0.45,0.3,666.67
East Timor,2019,TLS,1300946.0,,0.0,0.0,0.0,0.0,0.0,,0.0,0.0,0.0,0.0,0.52,0.52,0.34,653.85
East Timor,2020,TLS,1326051.0,,0.0,0.0,0.0,0.0,0.0,,0.0,0.0,0.0,0.0,0.5,0.5,0.33,660.0
East Timor,2021,TLS,1350142.0,,0.0,0.0,0.0,0.0,0.0,,0.0,0.0,0.0,0.0,0.51,0.51,0.34,666.67
East Timor,2022,TLS,1369299.0,,0.0,0.0,0.0,0.0,0.0,,0.0,0.0,0.0,0.0,0.51,0.51,0.34,666.67
East Timor,2023,TLS,1384292.0,,0.0,0.0,0.0,0.0,0.0,,0.0,0.0,0.0,0.0,0.51,0.51,0.34,666.67
East Timor,2024,TLS,1400638.0,,0.0,0.0,0.0,0.0,0.0,,0.0,0.0,0.0,0.0,0.51,0.51,0.34,666.67
Ecuador,1965,ECU,5303960.0,20931715327.0,0.0,0.0,0.249,0.0,0.249,8.031,,,,,,,,
Ecuador,1966,ECU,5463749.0,21480731938.0,0.0,0.0,0.285,0.0,0.285,8.737,,,,,,,,
Ecuador,1967,ECU,5629060.0,22615180396.0,0.0,0.0,0.314,0.0,0.314,8.897,,,,,,,,
Ecuador,1968,ECU,5799683.0,23865287367.0,0.0,0.0,0.328,0.0,0.328,7.866,,,,,,,,
Ecuador,1969,ECU,5975234.0,25174072465.0,0.0,0.0,0.364,0.0,0.364,8.218,,,,,,,,
Ecuador,1970,ECU,6155392.0,26934481035.0,0.0,0.0,0.405,0.0,0.405,7.653,,,,,,,,
Ecuador,1971,ECU,6340056.0,28491928397.0,0.0,0.0,0.44,0.0,0.44,7.567,,,,,,,,
Ecuador,1972,ECU,6529040.0,30239822869.0,0.0,0.0,0.445,0.0,0.445,7.323,,,,,,,,
Ecuador,1973,ECU,6722036.0,34007409134.0,0.0,0.0,0.435,0.0,0.435,6.685,,,,,,,,
Ecuador,1974,ECU,6918571.0,35996915648.0,0.0,0.0,0.5,0.0,0.5,6.583,,,,,,,,
Ecuador,1975,ECU,7118258.0,37890544107.0,0.0,0.0,0.628,0.0,0.628,8.172,,,,,,,,
Ecuador,1976,ECU,7320913.0,41566181567.0,0.0,0.0,0.605,0.0,0.605,7.146,,,,,,,,
Ecuador,1977,ECU,7526826.0,44204554499.0,0.0,0.0,0.558,0.0,0.558,5.537,,,,,,,,
Ecuador,1978,ECU,7736176.0,47288274461.0,0.0,0.0,0.791,0.0,0.791,7.514,,,,,,,,
Ecuador,1979,ECU,7948871.0,49857551304.0,0.0,0.0,0.709,0.0,0.709,6.463,,,,,,,,
Ecuador,1980,ECU,8165882.0,52132724572.0,0.0,0.0,0.872,0.0,0.872,6.265,,,,,,,,
Ecuador,1981,ECU,8386913.0,54252144625.0,0.0,0.0,0.779,0.0,0.779,5.042,,,,,,,,
Ecuador,1982,ECU,8611296.0,54863241738.0,0.0,0.0,0.895,0.0,0.895,5.273,,,,,,,,
Ecuador,1983,ECU,8840424.0,53726525367.0,0.0,0.0,1.721,0.0,1.721,10.386,,,,,,,,
Ecuador,1984,ECU,9074783.0,55920453187.0,0.0,0.0,3.233,0.0,3.233,17.612,,,,,,,,
Ecuador,1985,ECU,9311152.0,58293684914.0,0.0,0.0,3.279,0.0,3.279,15.085,71.939,0.0,0.0,71.939,,4.558,,
Ecuador,1986,ECU,9545999.0,60010587566.0,0.0,0.0,4.012,0.0,4.012,17.637,80.048,0.0,0.0,80.048,,5.012,,
Ecuador,1987,ECU,9779290.0,56249617291.0,0.0,0.0,4.57,0.0,4.57,19.516,84.881,0.0,0.0,84.881,,5.384,,
Ecuador,1988,ECU,10010804.0,62261234000.0,0.0,0.0,4.826,0.0,4.826,17.825,85.552,0.0,0.0,85.552,,5.641,,
Ecuador,1989,ECU,10241859.0,62369318027.0,0.0,0.0,4.954,0.0,4.954,17.743,85.873,0.0,0.0,85.873,,5.769,,
Ecuador,1990,ECU,10473674.0,64188502782.0,0.0,0.0,4.987,0.0,4.987,17.296,78.545,0.0,0.0,78.545,,6.349,,
Ecuador,1991,ECU,10702377.0,67933582437.0,0.0,0.0,5.076,0.0,5.076,15.927,72.779,0.0,0.0,72.779,,6.974,,
Ecuador,1992,ECU,10930128.0,70873835048.0,0.0,0.0,4.974,0.0,4.974,15.684,69.116,0.0,0.0,69.116,,7.196,,
Ecuador,1993,ECU,11154283.0,72804333284.0,0.0,0.0,5.81,0.0,5.81,17.698,78.396,0.0,0.0,78.396,,7.411,,
Ecuador,1994,ECU,11372197.0,76428090430.0,0.0,0.0,6.565,0.0,6.565,18.394,80.615,0.0,0.0,80.615,,8.144,,
Ecuador,1995,ECU,11590519.0,78692037555.0,0.0,0.0,5.161,0.0,5.161,15.267,61.227,0.0,0.0,61.227,,8.429,,
Ecuador,1996,ECU,11810954.0,80612101466.0,0.0,0.0,6.343,0.0,6.343,16.502,65.537,0.0,0.0,65.537,,9.679,,
Ecuador,1997,ECU,12031129.0,84682917021.0,0.0,0.0,6.534,0.0,6.534,15.246,63.061,0.0,0.0,63.061,,10.362,,
Ecuador,1998,ECU,12251188.0,88055994335.0,0.0,0.0,6.506,0.0,6.506,15.101,59.742,0.0,0.0,59.742,,10.89,,
Ecuador,1999,ECU,12470800.0,84464765477.0,0.0,0.0,7.177,0.0,7.177,18.299,69.622,0.0,0.0,69.622,,10.308,,
Ecuador,2000,ECU,12689215.0,85978888021.0,0.0,0.0,7.53,0.0,7.53,20.573,71.51,0.0,0.0,71.51,3.0,10.53,2.15,204.18
Ecuador,2001,ECU,12910736.0,90060703680.0,0.0,0.0,7.0,0.0,7.0,18.737,63.752,0.0,0.0,63.752,3.98,10.98,2.79,254.1
Ecuador,2002,ECU,13138473.0,94404507340.0,0.0,0.0,7.45,0.0,7.45,20.06,63.082,0.0,0.0,63.082,4.36,11.81,3.1,262.49
Ecuador,2003,ECU,13372304.0,97642542688.0,0.0,0.0,7.11,0.0,7.11,18.572,61.934,0.0,0.0,61.934,4.37,11.48,3.15,274.39
Ecuador,2004,ECU,13608700.0,106393261231.0,0.0,0.0,7.34,0.0,7.34,17.818,57.344,0.0,0.0,57.344,5.46,12.8,3.89,303.91
Ecuador,2005,ECU,13846162.0,112798230080.0,0.0,0.0,6.81,0.02,6.83,15.75,54.035,0.0,0.0,53.877,5.81,12.64,4.14,327.53
Ecuador,2006,ECU,14086138.0,118581678982.0,0.0,0.0,7.06,0.02,7.08,15.435,50.284,0.0,0.0,50.142,7.0,14.08,4.96,352.27
Ecuador,2007,ECU,14328783.0,122016284055.0,0.0,0.0,8.95,0.02,8.97,18.628,52.0,0.0,0.0,51.884,8.28,17.25,5.87,340.29
Ecuador,2008,ECU,14575201.0,130654762337.0,0.0,0.0,11.18,0.02,11.2,21.549,60.573,0.0,0.0,60.465,7.29,18.49,5.25,283.94
Ecuador,2009,ECU,14825960.0,132310294703.0,0.0,0.0,9.13,0.02,9.15,18.011,50.385,0.0,0.0,50.275,9.01,18.16,6.35,349.67
Ecuador,2010,ECU,15076697.0,137913290159.0,0.0,0.0,8.55,0.02,8.57,15.137,44.13,0.0,0.0,44.027,10.85,19.42,7.57,389.8
Ecuador,2011,ECU,15326232.0,149795272280.0,0.0,0.0,11.02,0.01,11.03,18.275,53.989,0.0,0.0,53.94,9.4,20.43,6.65,325.5
Ecuador,2012,ECU,15572195.0,158246726051.0,0.0,0.0,12.12,0.02,12.14,18.909,53.41,0.0,0.0,53.322,10.59,22.73,7.5,329.96
Ecuador,2013,ECU,15807132.0,166075183974.0,0.0,0.06,10.93,0.04,11.03,16.519,47.625,0.0,0.259,47.193,12.13,23.16,8.54,368.74
Ecuador,2014,ECU,16035127.0,172367775440.0,0.02,0.08,11.34,0.06,11.5,16.451,47.54,0.083,0.331,46.879,12.69,24.19,8.93,369.16
Ecuador,2015,ECU,16266229.0,172538423301.0,0.04,0.1,12.97,0.09,13.2,18.756,51.103,0.155,0.387,50.213,12.63,25.83,8.93,345.72
Ecuador,2016,ECU,16505142.0,170423090933.0,0.04,0.08,15.68,0.49,16.29,22.601,59.978,0.147,0.295,57.732,10.87,27.16,7.84,288.66
Ecuador,2017,ECU,16759515.0,174458721084.0,0.04,0.07,19.89,0.46,20.46,27.196,73.518,0.144,0.252,71.47,7.37,27.83,5.6,201.22
Ecuador,2018,ECU,17049542.0,176707497535.0,0.04,0.08,20.47,0.43,21.02,26.236,71.912,0.137,0.274,70.031,8.21,29.23,6.14,210.06
Ecuador,2019,ECU,17340017.0,176728682555.0,0.04,0.09,24.66,0.45,25.24,30.382,77.781,0.123,0.277,75.994,7.21,32.45,5.58,171.96
Ecuador,2020,ECU,17546058.0,162965075602.0,0.04,0.08,24.33,0.47,24.92,34.624,79.642,0.128,0.256,77.756,6.37,31.29,4.99,159.48
Ecuador,2021,ECU,17682454.0,169866634253.0,0.04,0.06,25.57,0.41,26.08,31.038,81.196,0.125,0.187,79.608,6.04,32.12,4.79,149.13
Ecuador,2022,ECU,17823900.0,175028884708.0,0.04,0.06,24.64,0.39,25.13,28.426,76.013,0.121,0.181,74.531,7.93,33.06,5.99,181.19
Ecuador,2023,ECU,17980079.0,175028884708.0,0.04,0.21,25.73,0.39,26.37,27.974,73.618,0.112,0.586,71.831,9.45,35.82,7.0,195.42
Ecuador,2024,ECU,18135478.0,175028884708.0,0.04,0.23,23.0,0.39,23.66,25.358,72.443,0.122,0.704,70.423,9.0,32.66,6.65,203.61
Ecuador,2025,ECU,18289898.0,175028884708.0,0.04,0.19,28.51,0.32,29.06,25.358,79.399,0.109,0.519,77.896,7.54,36.6,5.82,159.02
Egypt,1965,EGY,30629174.0,58532797078.0,0.0,0.0,1.732,0.0,1.732,5.267,,,,,,,,
Egypt,1966,EGY,31406543.0,58874123632.0,0.0,0.0,1.825,0.0,1.825,5.274,,,,,,,,
Egypt,1967,EGY,32196366.0,58134979062.0,0.0,0.0,1.967,0.0,1.967,6.643,,,,,,,,
Egypt,1968,EGY,32998322.0,59081301193.0,0.0,0.0,3.001,0.0,3.001,9.41,,,,,,,,
Egypt,1969,EGY,33811619.0,63097380070.0,0.0,0.0,3.991,0.0,3.991,15.256,,,,,,,,
Egypt,1970,EGY,34623990.0,67114480660.0,0.0,0.0,4.689,0.0,4.689,14.378,,,,,,,,
Egypt,1971,EGY,35433370.0,69906256035.0,0.0,0.0,5.047,0.0,5.047,15.061,,,,,,,,
Egypt,1972,EGY,36258327.0,71250784582.0,0.0,0.0,5.162,0.0,5.162,13.872,,,,,,,,
Egypt,1973,EGY,37102044.0,73196094210.0,0.0,0.0,5.153,0.0,5.153,14.659,,,,,,,,
Egypt,1974,EGY,37969667.0,76018039937.0,0.0,0.0,6.116,0.0,6.116,15.315,,,,,,,,
Egypt,1975,EGY,38875326.0,83697412500.0,0.0,0.0,6.793,0.0,6.793,15.331,,,,,,,,
Egypt,1976,EGY,39795558.0,96606690000.0,0.0,0.0,8.004,0.0,8.004,15.104,,,,,,,,
Egypt,1977,EGY,40748878.0,109254142863.0,0.0,0.0,9.038,0.0,9.038,15.725,,,,,,,,
Egypt,1978,EGY,41761437.0,117620134695.0,0.0,0.0,9.93,0.0,9.93,16.363,,,,,,,,
Egypt,1979,EGY,42818635.0,126908742875.0,0.0,0.0,9.608,0.0,9.608,14.476,,,,,,,,
Egypt,1980,EGY,43950413.0,140607640554.0,0.0,0.0,9.802,0.0,9.802,12.972,,,,,,,,
Egypt,1981,EGY,45147226.0,146244912996.0,0.0,0.0,10.213,0.0,10.213,11.857,,,,,,,,
Egypt,1982,EGY,46407612.0,161850661687.0,0.0,0.0,10.492,0.0,10.492,10.91,,,,,,,,
Egypt,1983,EGY,47786401.0,174291279742.0,0.0,0.0,9.815,0.0,9.815,9.433,,,,,,,,
Egypt,1984,EGY,49247336.0,184976095312.0,0.0,0.0,9.63,0.0,9.63,8.482,,,,,,,,
Egypt,1985,EGY,50734974.0,197156335898.0,0.0,0.0,9.148,0.0,9.148,7.766,30.238,0.0,0.0,30.238,21.105,30.253,,
Egypt,1986,EGY,52206296.0,202297853121.0,0.0,0.0,8.972,0.0,8.972,7.446,27.639,0.0,0.0,27.639,23.489,32.461,,
Egypt,1987,EGY,53674436.0,207425830324.0,0.0,0.0,8.969,0.0,8.969,7.018,25.157,0.0,0.0,25.157,26.685,35.654,,
Egypt,1988,EGY,55187680.0,216114296320.0,0.0,0.0,8.829,0.0,8.829,6.807,22.807,0.0,0.0,22.807,29.884,38.713,,
Egypt,1989,EGY,56710641.0,222664804375.0,0.0,0.0,9.487,0.0,9.487,6.939,23.359,0.0,0.0,23.359,31.128,40.614,,
Egypt,1990,EGY,58396625.0,227979905812.0,0.0,0.0,9.953,0.0,9.953,7.097,23.724,0.0,0.0,23.724,32.0,41.952,,
Egypt,1991,EGY,60029001.0,241323329041.0,0.0,0.0,9.916,0.0,9.916,6.979,22.913,0.0,0.0,22.913,33.36,43.276,,
Egypt,1992,EGY,61480663.0,254191038156.0,0.0,0.0,9.8,0.0,9.8,6.965,21.784,0.0,0.0,21.784,35.187,44.987,,
Egypt,1993,EGY,62915681.0,269984893134.0,0.0,0.0,10.092,0.0,10.092,7.168,21.594,0.0,0.0,21.594,36.645,46.737,,
Egypt,1994,EGY,64285596.0,286215812013.0,0.0,0.0,10.728,0.0,10.728,7.245,22.097,0.0,0.0,22.097,37.822,48.55,,
Egypt,1995,EGY,65652621.0,305979220895.0,0.0,0.0,11.192,0.0,11.192,7.134,22.096,0.0,0.0,22.096,39.46,50.652,,
Egypt,1996,EGY,67028045.0,328668878031.0,0.0,0.0,11.484,0.0,11.484,6.947,21.437,0.0,0.0,21.437,42.086,53.57,,
Egypt,1997,EGY,68431738.0,354503266736.0,0.0,0.0,11.771,0.0,11.771,6.835,20.729,0.0,0.0,20.729,45.013,56.784,,
Egypt,1998,EGY,69943297.0,380551417847.0,0.0,0.0,12.104,0.0,12.104,6.75,19.943,0.0,0.0,19.943,48.592,60.697,,
Egypt,1999,EGY,71520953.0,409935668443.0,0.0,0.012,13.441,0.0,13.453,6.992,20.466,0.0,0.018,20.448,52.278,65.73,,
Egypt,2000,EGY,73083287.0,444250275939.0,0.0,0.08,14.18,0.0,14.26,6.998,19.449,0.0,0.109,19.34,59.06,73.32,38.54,525.64
Egypt,2001,EGY,74652035.0,475679003242.0,0.0,0.18,14.41,0.0,14.59,6.824,18.077,0.0,0.223,17.854,66.12,80.71,43.08,533.76
Egypt,2002,EGY,76239140.0,501912285229.0,0.0,0.21,13.99,0.0,14.2,6.405,16.468,0.0,0.244,16.224,72.03,86.23,46.82,542.97
Egypt,2003,EGY,77853548.0,528750466385.0,0.0,0.29,12.94,0.0,13.23,5.599,14.351,0.0,0.315,14.036,78.96,92.19,51.26,556.03
Egypt,2004,EGY,79477441.0,561597926809.0,0.0,0.5,12.83,0.0,13.33,5.317,13.567,0.0,0.509,13.059,84.92,98.25,55.01,559.9
Egypt,2005,EGY,81101012.0,600297394092.0,0.0,0.51,12.64,0.0,13.15,5.073,12.531,0.0,0.486,12.045,91.79,104.94,59.5,566.99
Egypt,2006,EGY,82700404.0,650403845291.0,0.0,0.61,12.78,0.0,13.39,4.876,11.992,0.0,0.546,11.445,98.27,111.66,63.67,570.21
Egypt,2007,EGY,84276224.0,713462332878.0,0.0,0.66,14.22,0.0,14.88,5.061,12.414,0.0,0.551,11.864,104.98,119.86,68.03,567.58
Egypt,2008,EGY,85864791.0,775303694329.0,0.0,0.93,15.1,0.0,16.03,5.101,12.446,0.0,0.722,11.724,112.77,128.8,73.08,567.39
Egypt,2009,EGY,87501635.0,831415021492.0,0.0,1.04,13.77,0.0,14.81,4.525,11.03,0.0,0.775,10.255,119.46,134.27,77.4,576.45
Egypt,2010,EGY,89196073.0,898751418203.0,0.03,1.41,12.95,0.0,14.39,4.198,9.963,0.021,0.976,8.966,130.04,144.43,84.16,582.7
Egypt,2011,EGY,91093066.0,923052843843.0,0.24,1.49,12.99,0.0,14.72,4.063,9.842,0.16,0.996,8.685,134.84,149.56,87.22,583.18
Egypt,2012,EGY,93161000.0,950287307199.0,0.5,1.34,13.03,0.0,14.87,3.92,9.132,0.307,0.823,8.002,147.97,162.84,95.73,587.88
Egypt,2013,EGY,95333551.0,984556585202.0,0.03,1.58,13.24,0.0,14.85,3.909,8.996,0.018,0.957,8.02,150.23,165.08,97.26,589.17
Egypt,2014,EGY,97528655.0,1035721838706.0,0.14,1.03,13.59,0.0,14.76,3.913,8.619,0.082,0.601,7.936,156.48,171.24,101.35,591.86
Egypt,2015,EGY,99597334.0,1079611566322.0,0.04,1.89,13.68,0.0,15.61,4.062,8.585,0.022,1.039,7.524,166.22,181.83,107.69,592.26
Egypt,2016,EGY,101644583.0,1121578599865.0,0.23,2.4,13.2,0.0,15.83,3.87,8.412,0.122,1.275,7.014,172.36,188.19,111.59,592.97
Egypt,2017,EGY,103696055.0,1158060486104.0,0.6,2.11,12.79,0.0,15.5,3.627,8.022,0.311,1.092,6.62,177.71,193.21,114.9,594.69
Egypt,2018,EGY,105682092.0,1220661740193.0,0.55,2.99,12.92,0.0,16.46,3.832,8.255,0.276,1.5,6.48,182.93,199.39,118.12,592.41
Egypt,2019,EGY,107553159.0,1289253465646.0,1.49,4.98,13.12,0.0,19.59,4.638,9.767,0.743,2.483,6.541,180.98,200.57,116.83,582.49
Egypt,2020,EGY,109315118.0,1307778142529.0,4.45,5.23,14.08,0.0,23.76,5.968,11.964,2.241,2.633,7.09,174.84,198.6,113.02,569.08
Egypt,2021,EGY,110957005.0,1400985648780.0,4.97,5.49,14.9,0.0,25.36,5.908,12.096,2.371,2.619,7.107,184.3,209.66,119.1,568.06
Egypt,2022,EGY,112618252.0,1460427350416.0,5.0,5.9,14.71,0.0,25.61,5.687,11.817,2.307,2.722,6.788,191.11,216.72,123.54,570.04
Egypt,2023,EGY,114535772.0,1460427350416.0,4.93,5.99,15.05,0.0,25.97,5.804,11.702,2.222,2.699,6.782,195.95,221.92,126.78,571.29
Egypt,2024,EGY,116538256.0,1460427350416.0,6.07,6.14,14.37,0.0,26.58,5.778,11.197,2.557,2.586,6.053,210.81,237.39,136.38,574.5
Egypt,2025,EGY,118365995.0,1460427350416.0,7.61,9.3,15.07,0.0,31.98,5.778,13.015,3.097,3.785,6.133,213.73,245.71,138.39,563.23
El Salvador,2000,SLV,5943363.0,31478454275.0,0.0,,1.22,0.82,2.04,,55.89,0.0,,33.425,1.61,3.65,1.13,309.59
El Salvador,2001,SLV,5968058.0,32499941192.0,0.0,,1.21,1.0,2.21,,53.902,0.0,,29.512,1.89,4.1,1.32,321.95
El Salvador,2002,SLV,5986629.0,33751219265.0,0.0,,1.19,1.04,2.23,,50.682,0.0,,27.045,2.17,4.4,1.51,343.18
El Salvador,2003,SLV,5998597.0,35029541311.0,0.0,,1.52,1.11,2.63,,56.317,0.0,,32.548,2.04,4.67,1.44,308.35
El Salvador,2004,SLV,6004673.0,36185189370.0,0.0,,1.44,1.11,2.55,,52.795,0.0,,29.814,2.28,4.83,1.59,329.19
El Salvador,2005,SLV,6005583.0,38001442916.0,0.0,,1.72,1.18,2.9,,56.863,0.0,,33.725,2.2,5.1,1.56,305.88
El Salvador,2006,SLV,6002321.0,40054319005.0,0.0,,2.02,1.32,3.34,,58.596,0.0,,35.439,2.36,5.7,1.68,294.74
El Salvador,2007,SLV,6009820.0,42202462933.0,0.0,,1.79,1.6,3.39,,57.167,0.0,,30.185,2.54,5.93,1.81,305.23
El Salvador,2008,SLV,6029302.0,43393063628.0,0.0,,2.1,1.76,3.86,,63.279,0.0,,34.426,2.24,6.1,1.63,267.21
El Salvador,2009,SLV,6048284.0,42668179532.0,0.0,,1.57,1.75,3.32,,56.752,0.0,,26.838,2.53,5.85,1.81,309.4
El Salvador,2010,SLV,6068253.0,43862777197.0,0.0,,2.15,1.81,3.96,,65.455,0.0,,35.537,2.09,6.05,1.55,256.2
El Salvador,2011,SLV,6090128.0,45520507146.0,0.0,,2.09,1.83,3.92,,63.533,0.0,,33.874,2.25,6.17,1.65,267.42
El Salvador,2012,SLV,6113977.0,46608113564.0,0.0,,1.91,1.91,3.82,,60.635,0.0,,30.317,2.48,6.3,1.82,288.89
El Salvador,2013,SLV,6138845.0,48017379514.0,0.0,,1.85,1.99,3.84,,60.759,0.0,,29.272,2.48,6.32,1.82,287.98
El Salvador,2014,SLV,6162952.0,49026874064.0,0.0,,1.79,2.0,3.79,,60.159,0.0,,28.413,2.51,6.3,1.85,293.65
El Salvador,2015,SLV,6183675.0,50319726389.0,0.01,,1.42,2.11,3.54,,58.32,0.165,,23.394,2.53,6.07,1.87,308.07
El Salvador,2016,SLV,6200808.0,51794877474.0,0.02,,1.34,2.3,3.66,,59.416,0.325,,21.753,2.5,6.16,1.9,308.44
El Salvador,2017,SLV,6213538.0,53295513328.0,0.16,,1.71,2.28,4.15,,74.775,2.883,,30.811,1.4,5.55,1.18,212.61
El Salvador,2018,SLV,6219803.0,55053057931.0,0.31,,1.63,2.3,4.24,,77.941,5.699,,29.963,1.2,5.44,1.06,194.85
El Salvador,2019,SLV,6222316.0,56393644127.0,0.58,,1.53,2.3,4.41,,71.475,9.4,,24.797,1.76,6.17,1.47,238.25
El Salvador,2020,SLV,6234679.0,51960808936.0,0.99,0.01,2.07,2.38,5.45,,84.759,15.397,0.156,32.193,0.98,6.43,0.98,152.41
El Salvador,2021,SLV,6255780.0,57771997522.0,1.69,0.13,1.82,2.46,6.1,,86.037,23.836,1.834,25.67,0.99,7.09,1.02,143.87
El Salvador,2022,SLV,6280316.0,59270934820.0,1.24,0.14,2.24,2.4,6.02,,90.799,18.703,2.112,33.786,0.61,6.63,0.75,113.12
El Salvador,2023,SLV,6309629.0,59270934820.0,1.2,0.17,1.49,2.39,5.25,,87.793,20.067,2.843,24.916,0.73,5.98,0.81,135.45
El Salvador,2024,SLV,6338197.0,59270934820.0,1.25,0.14,2.13,2.41,5.93,,90.812,19.142,2.144,32.619,0.6,6.53,0.74,113.32
El Salvador,2025,SLV,6365506.0,59270934820.0,1.31,0.2,1.96,2.12,5.59,,86.533,20.279,3.096,30.341,0.87,6.46,0.9,139.32
Equatorial Guinea,2000,GNQ,703287.0,6341192117.0,0.0,0.0,0.01,0.0,0.01,,20.0,0.0,0.0,20.0,0.04,0.05,0.04,800.0
Equatorial Guinea,2001,GNQ,749836.0,10710877546.0,0.0,0.0,0.01,0.0,0.01,,16.667,0.0,0.0,16.667,0.05,0.06,0.04,666.67
Equatorial Guinea,2002,GNQ,797968.0,12944267386.0,0.0,0.0,0.01,0.0,0.01,,14.286,0.0,0.0,14.286,0.06,0.07,0.05,714.29
Equatorial Guinea,2003,GNQ,847867.0,14778140796.0,0.0,0.0,0.01,0.0,0.01,,14.286,0.0,0.0,14.286,0.06,0.07,0.05,714.29
Equatorial Guinea,2004,GNQ,899924.0,18414357582.0,0.0,0.0,0.01,0.0,0.01,,11.111,0.0,0.0,11.111,0.08,0.09,0.07,777.78
Equatorial Guinea,2005,GNQ,947370.0,20168023886.0,0.0,0.0,0.01,0.0,0.01,,10.0,0.0,0.0,10.0,0.09,0.1,0.08,800.0
Equatorial Guinea,2006,GNQ,990349.0,21346957199.0,0.0,0.0,0.01,0.0,0.01,,9.091,0.0,0.0,9.091,0.1,0.11,0.09,818.18
Equatorial Guinea,2007,GNQ,1036053.0,24766652343.0,0.0,0.0,0.01,0.0,0.01,,7.692,0.0,0.0,7.692,0.12,0.13,0.11,846.15
Equatorial Guinea,2008,GNQ,1084538.0,29298389312.0,0.0,0.0,0.05,0.0,0.05,,25.0,0.0,0.0,25.0,0.15,0.2,0.13,650.0
Equatorial Guinea,2009,GNQ,1135683.0,29853093503.0,0.0,0.0,0.05,0.0,0.05,,22.727,0.0,0.0,22.727,0.17,0.22,0.15,681.82
Equatorial Guinea,2010,GNQ,1189097.0,27366671882.0,0.0,0.0,0.03,0.0,0.03,,13.636,0.0,0.0,13.636,0.19,0.22,0.17,772.73
Equatorial Guinea,2011,GNQ,1241843.0,29285788000.0,0.0,0.0,0.03,0.0,0.03,,10.0,0.0,0.0,10.0,0.27,0.3,0.24,800.0
Equatorial Guinea,2012,GNQ,1293485.0,31730930000.0,0.0,0.0,0.08,0.0,0.08,,14.815,0.0,0.0,14.815,0.46,0.54,0.4,740.74
Equatorial Guinea,2013,GNQ,1346220.0,30419136000.0,0.0,0.0,0.25,0.0,0.25,,29.412,0.0,0.0,29.412,0.6,0.85,0.53,623.53
Equatorial Guinea,2014,GNQ,1399829.0,30256854000.0,0.0,0.0,0.38,0.0,0.38,,34.862,0.0,0.0,34.862,0.71,1.09,0.63,577.98
Equatorial Guinea,2015,GNQ,1453925.0,28026102000.0,0.0,0.0,0.47,0.0,0.47,,36.154,0.0,0.0,36.154,0.83,1.3,0.74,569.23
Equatorial Guinea,2016,GNQ,1508192.0,25203837269.0,0.0,0.0,0.47,0.0,0.47,,33.571,0.0,0.0,33.571,0.93,1.4,0.82,585.71
Equatorial Guinea,2017,GNQ,1562401.0,23511758900.0,0.0,0.0,0.44,0.0,0.44,,32.836,0.0,0.0,32.836,0.9,1.34,0.8,597.02
Equatorial Guinea,2018,GNQ,1616425.0,21813514918.0,0.0,0.0,0.44,0.0,0.44,,32.593,0.0,0.0,32.593,0.91,1.35,0.8,592.59
Equatorial Guinea,2019,GNQ,1670184.0,20617750095.0,0.0,0.0,0.45,0.0,0.45,,32.143,0.0,0.0,32.143,0.95,1.4,0.84,600.0
Equatorial Guinea,2020,GNQ,1716479.0,19743252847.0,0.0,0.0,0.49,0.0,0.49,,34.752,0.0,0.0,34.752,0.92,1.41,0.81,574.47
Equatorial Guinea,2021,GNQ,1758796.0,19556604569.0,0.0,0.0,0.47,0.0,0.47,,32.867,0.0,0.0,32.867,0.96,1.43,0.85,594.41
Equatorial Guinea,2022,GNQ,1803549.0,20191378731.0,0.0,0.0,0.48,0.0,0.48,,31.788,0.0,0.0,31.788,1.03,1.51,0.91,602.65
Equatorial Guinea,2023,GNQ,1847556.0,20191378731.0,0.0,0.0,0.35,0.0,0.35,,24.476,0.0,0.0,24.476,1.08,1.43,0.95,664.34
Equatorial Guinea,2024,GNQ,1892523.0,20191378731.0,0.0,0.0,0.4,0.0,0.4,,26.846,0.0,0.0,26.846,1.09,1.49,0.96,644.3
Eritrea,2000,ERI,2247036.0,,0.0,0.0,0.0,0.0,0.0,,0.0,0.0,0.0,0.0,0.21,0.21,0.14,666.67
Eritrea,2001,ERI,2312083.0,,0.0,0.0,0.0,0.0,0.0,,0.0,0.0,0.0,0.0,0.23,0.23,0.15,652.17
Eritrea,2002,ERI,2392981.0,,0.0,0.0,0.0,0.0,0.0,,0.0,0.0,0.0,0.0,0.26,0.26,0.17,653.85
Eritrea,2003,ERI,2493906.0,,0.0,0.0,0.0,0.0,0.0,,0.0,0.0,0.0,0.0,0.28,0.28,0.18,642.86
Eritrea,2004,ERI,2598288.0,,0.0,0.0,0.0,0.0,0.0,,0.0,0.0,0.0,0.0,0.28,0.28,0.18,642.86
Eritrea,2005,ERI,2661215.0,,0.0,0.0,0.0,0.0,0.0,,0.0,0.0,0.0,0.0,0.29,0.29,0.19,655.17
Eritrea,2006,ERI,2703501.0,,0.0,0.0,0.0,0.0,0.0,,0.0,0.0,0.0,0.0,0.27,0.27,0.18,666.67
Eritrea,2007,ERI,2743226.0,,0.0,0.0,0.0,0.0,0.0,,0.0,0.0,0.0,0.0,0.29,0.29,0.19,655.17
Eritrea,2008,ERI,2816331.0,,0.0,0.0,0.0,0.0,0.0,,0.0,0.0,0.0,0.0,0.28,0.28,0.18,642.86
Eritrea,2009,ERI,2887887.0,,0.0,0.0,0.0,0.0,0.0,,0.0,0.0,0.0,0.0,0.29,0.29,0.19,655.17
Eritrea,2010,ERI,2945184.0,,0.0,0.0,0.0,0.0,0.0,,0.0,0.0,0.0,0.0,0.31,0.31,0.2,645.16
Eritrea,2011,ERI,2998493.0,,0.0,0.0,0.0,0.0,0.0,,0.0,0.0,0.0,0.0,0.32,0.32,0.21,656.25
Eritrea,2012,ERI,3036998.0,,0.0,0.0,0.0,0.0,0.0,,0.0,0.0,0.0,0.0,0.32,0.32,0.21,656.25
Eritrea,2013,ERI,3074367.0,,0.0,0.0,0.0,0.0,0.0,,0.0,0.0,0.0,0.0,0.27,0.27,0.18,666.67
Eritrea,2014,ERI,3095168.0,,0.0,0.0,0.0,0.0,0.0,,0.0,0.0,0.0,0.0,0.27,0.27,0.18,666.67
Eritrea,2015,ERI,3105554.0,,0.0,0.0,0.0,0.0,0.0,,0.0,0.0,0.0,0.0,0.26,0.26,0.17,653.85
Eritrea,2016,ERI,3124700.0,,0.0,0.0,0.0,0.0,0.0,,0.0,0.0,0.0,0.0,0.27,0.27,0.18,666.67
Eritrea,2017,ERI,3150350.0,,0.01,0.0,0.0,0.0,0.01,,2.941,2.941,0.0,0.0,0.33,0.34,0.22,647.06
Eritrea,2018,ERI,3192763.0,,0.05,0.0,0.0,0.0,0.05,,12.821,12.821,0.0,0.0,0.34,0.39,0.22,564.1
Eritrea,2019,ERI,3240194.0,,0.05,0.0,0.0,0.0,0.05,,12.5,12.5,0.0,0.0,0.35,0.4,0.23,575.0
Eritrea,2020,ERI,3291277.0,,0.05,0.0,0.0,0.0,0.05,,12.195,12.195,0.0,0.0,0.36,0.41,0.24,585.37
Eritrea,2021,ERI,3350185.0,,0.05,0.0,0.0,0.0,0.05,,11.905,11.905,0.0,0.0,0.37,0.42,0.24,571.43
Eritrea,2022,ERI,3409450.0,,0.05,0.0,0.0,0.0,0.05,,11.364,11.364,0.0,0.0,0.39,0.44,0.26,590.91
Eritrea,2023,ERI,3470391.0,,0.05,0.0,0.0,0.0,0.05,,10.204,10.204,0.0,0.0,0.44,0.49,0.29,591.84
Eritrea,2024,ERI,3535610.0,,0.05,0.0,0.0,0.0,0.05,,11.111,11.111,0.0,0.0,0.4,0.45,0.26,577.78
Estonia,1985,EST,1525281.0,25443763167.0,0.0,0.0,0.0,0.0,0.0,0.0,0.0,0.0,0.0,0.0,,17.827,,
Estonia,1986,EST,1535594.0,26143514714.0,0.0,0.0,0.0,0.0,0.0,0.0,0.0,0.0,0.0,0.0,,17.951,,
Estonia,1987,EST,1547258.0,26398461135.0,0.0,0.0,0.0,0.0,0.0,0.0,0.0,0.0,0.0,0.0,,17.9,,
Estonia,1988,EST,1559101.0,27713411813.0,0.0,0.0,0.0,0.0,0.0,0.0,0.0,0.0,0.0,0.0,,17.627,,
Estonia,1989,EST,1567590.0,29500419830.0,0.0,0.0,0.0,0.0,0.0,0.0,0.0,0.0,0.0,0.0,,17.611,,
Estonia,1990,EST,1570309.0,27066096904.0,0.0,0.0,0.0,0.0,0.0,0.0,0.0,0.0,0.0,0.0,17.18,17.18,,639.7
Estonia,1991,EST,1565380.0,23940083198.0,0.0,0.0,0.0,0.0,0.0,0.0,0.0,0.0,0.0,0.0,14.63,14.63,,636.36
Estonia,1992,EST,1540214.0,20201098370.0,0.0,0.0,0.0,0.0,0.0,0.0,0.0,0.0,0.0,0.0,11.83,11.83,,650.04
Estonia,1993,EST,1504344.0,18206161939.0,0.0,0.0,0.0,0.0,0.0,0.0,0.0,0.0,0.0,0.0,9.12,9.12,,653.51
Estonia,1994,EST,1475716.0,17713297126.0,0.0,0.0,0.0,0.0,0.0,0.0,0.0,0.0,0.0,0.0,9.15,9.15,,650.27
Estonia,1995,EST,1452774.0,18632898028.0,0.0,0.0,0.0,0.01,0.01,0.03,0.115,0.0,0.0,0.0,8.68,8.69,,647.87
Estonia,1996,EST,1434655.0,19286856884.0,0.0,0.0,0.0,0.0,0.0,0.024,0.0,0.0,0.0,0.0,9.09,9.09,,647.97
Estonia,1997,EST,1421494.0,21171918456.0,0.0,0.0,0.0,0.01,0.01,0.038,0.108,0.0,0.0,0.0,9.21,9.22,,648.59
Estonia,1998,EST,1411206.0,21698756967.0,0.0,0.0,0.0,0.01,0.01,0.064,0.117,0.0,0.0,0.0,8.54,8.55,,646.78
Estonia,1999,EST,1403578.0,21126870271.0,0.0,0.0,0.0,0.01,0.01,0.096,0.121,0.0,0.0,0.0,8.26,8.27,,648.13
Estonia,2000,EST,1397001.0,23525730943.0,0.0,0.0,0.0,0.01,0.01,0.335,0.118,0.0,0.0,0.0,8.5,8.51,5.4,634.55
Estonia,2001,EST,1388174.0,24618992841.0,0.0,0.0,0.01,0.01,0.02,0.154,0.236,0.0,0.0,0.118,8.47,8.49,5.38,633.69
Estonia,2002,EST,1379438.0,25689833693.0,0.0,0.0,0.01,0.02,0.03,0.18,0.352,0.0,0.0,0.117,8.5,8.53,5.41,634.23
Estonia,2003,EST,1370849.0,27160243367.0,0.0,0.01,0.01,0.03,0.05,0.211,0.492,0.0,0.098,0.098,10.11,10.16,6.49,638.78
Estonia,2004,EST,1362682.0,28392969678.0,0.0,0.01,0.02,0.03,0.06,0.278,0.582,0.0,0.097,0.194,10.25,10.31,6.59,639.19
Estonia,2005,EST,1354847.0,30566893529.0,0.0,0.05,0.02,0.04,0.11,0.477,1.078,0.0,0.49,0.196,10.09,10.2,6.47,634.31
Estonia,2006,EST,1346885.0,33162229951.0,0.0,0.08,0.01,0.04,0.13,0.583,1.336,0.0,0.822,0.103,9.6,9.73,6.15,632.07
Estonia,2007,EST,1340709.0,35115520992.0,0.0,0.09,0.02,0.03,0.14,0.568,1.149,0.0,0.739,0.164,12.04,12.18,7.82,642.04
Estonia,2008,EST,1337078.0,32659893005.0,0.0,0.13,0.03,0.04,0.2,0.871,1.89,0.0,1.229,0.284,10.38,10.58,6.7,633.27
Estonia,2009,EST,1334528.0,27402480486.0,0.0,0.2,0.03,0.31,0.54,2.722,6.15,0.0,2.278,0.342,8.24,8.78,5.46,621.87
Estonia,2010,EST,1331450.0,27586968284.0,0.0,0.28,0.03,0.74,1.05,4.38,8.096,0.0,2.159,0.231,11.92,12.97,7.91,609.87
Estonia,2011,EST,1327366.0,29217295065.0,0.0,0.37,0.03,0.78,1.18,4.847,9.154,0.0,2.87,0.233,11.71,12.89,7.79,604.34
Estonia,2012,EST,1322615.0,30160490093.0,0.0,0.43,0.04,1.0,1.47,6.0,12.291,0.0,3.595,0.334,10.49,11.96,7.09,592.81
Estonia,2013,EST,1317920.0,30600421813.0,0.0,0.53,0.03,0.67,1.23,4.703,9.262,0.0,3.991,0.226,12.05,13.28,8.05,606.18
Estonia,2014,EST,1314457.0,31521829560.0,0.0,0.6,0.03,0.76,1.39,5.622,11.165,0.0,4.819,0.241,11.06,12.45,7.42,595.98
Estonia,2015,EST,1314580.0,32106015454.0,0.0,0.71,0.03,0.82,1.56,6.658,15.369,0.0,6.995,0.296,8.59,10.15,5.82,573.4
Estonia,2016,EST,1315850.0,33119083785.0,0.01,0.59,0.04,0.95,1.59,6.508,13.065,0.082,4.848,0.329,10.58,12.17,7.16,588.33
Estonia,2017,EST,1317430.0,35037377711.0,0.01,0.72,0.03,1.1,1.86,6.9,14.134,0.076,5.471,0.228,11.3,13.16,7.67,582.83
Estonia,2018,EST,1321972.0,36363239216.0,0.03,0.64,0.01,1.31,1.99,7.798,16.087,0.243,5.174,0.081,10.38,12.37,7.1,573.97
Estonia,2019,EST,1326822.0,37723175050.0,0.07,0.69,0.02,1.36,2.14,10.376,28.121,0.92,9.067,0.263,5.47,7.61,3.88,509.86
Estonia,2020,EST,1329675.0,37515273353.0,0.25,0.84,0.03,1.85,2.97,15.352,48.849,4.112,13.816,0.493,3.11,6.08,2.46,404.61
Estonia,2021,EST,1331750.0,40521483538.0,0.35,0.73,0.02,1.77,2.87,14.297,39.917,4.868,10.153,0.278,4.32,7.19,3.24,450.63
Estonia,2022,EST,1350093.0,39999856613.0,0.6,0.67,0.02,1.57,2.86,13.241,31.991,6.711,7.494,0.224,6.08,8.94,4.36,487.7
Estonia,2023,EST,1367195.0,39999856613.0,0.72,0.68,0.02,1.38,2.8,14.305,48.78,12.544,11.847,0.348,2.94,5.74,2.27,395.47
Estonia,2024,EST,1360548.0,39999856613.0,1.07,1.05,0.03,1.34,3.49,17.946,55.751,17.093,16.773,0.479,2.77,6.26,2.15,343.45
Estonia,2025,EST,1344236.0,39999856613.0,1.13,1.15,0.03,1.33,3.64,17.946,59.574,18.494,18.822,0.491,2.47,6.11,1.95,319.15
Eswatini,2000,SWZ,1041428.0,5050303320.0,0.0,0.0,0.19,0.46,0.65,,98.485,0.0,0.0,28.788,0.01,0.66,0.11,166.67
Eswatini,2001,SWZ,1051066.0,5125500508.0,0.0,0.0,0.19,0.5,0.69,,98.571,0.0,0.0,27.143,0.01,0.7,0.12,171.43
Eswatini,2002,SWZ,1059456.0,5280506497.0,0.0,0.0,0.2,0.49,0.69,,95.833,0.0,0.0,27.778,0.03,0.72,0.14,194.44
Eswatini,2003,SWZ,1066706.0,5518729007.0,0.0,0.0,0.12,0.49,0.61,,95.313,0.0,0.0,18.75,0.03,0.64,0.14,218.75
Eswatini,2004,SWZ,1073170.0,5696422388.0,0.0,0.0,0.1,0.45,0.55,,94.828,0.0,0.0,17.241,0.03,0.58,0.13,224.14
Eswatini,2005,SWZ,1079022.0,6002942535.0,0.0,0.0,0.16,0.44,0.6,,96.774,0.0,0.0,25.806,0.02,0.62,0.12,193.55
Eswatini,2006,SWZ,1084442.0,6319744849.0,0.0,0.0,0.15,0.52,0.67,,97.101,0.0,0.0,21.739,0.02,0.69,0.13,188.41
Eswatini,2007,SWZ,1090713.0,6589486313.0,0.0,0.0,0.17,0.52,0.69,,97.183,0.0,0.0,23.944,0.02,0.71,0.13,183.1
Eswatini,2008,SWZ,1098098.0,6906669172.0,0.0,0.0,0.16,0.51,0.67,,97.101,0.0,0.0,23.188,0.02,0.69,0.13,188.41
Eswatini,2009,SWZ,1105158.0,7131566747.0,0.0,0.0,0.2,0.44,0.64,,96.97,0.0,0.0,30.303,0.02,0.66,0.12,181.82
Eswatini,2010,SWZ,1111651.0,7332277029.0,0.0,0.0,0.24,0.48,0.72,,97.297,0.0,0.0,32.432,0.02,0.74,0.13,175.68
Eswatini,2011,SWZ,1117845.0,7567466177.0,0.0,0.0,0.28,0.28,0.56,,96.552,0.0,0.0,48.276,0.02,0.58,0.09,155.17
Eswatini,2012,SWZ,1123870.0,7793097968.0,0.0,0.0,0.24,0.24,0.48,,92.308,0.0,0.0,46.154,0.04,0.52,0.09,173.08
Eswatini,2013,SWZ,1130000.0,8126636123.0,0.0,0.0,0.31,0.25,0.56,,93.333,0.0,0.0,51.667,0.04,0.6,0.09,150.0
Eswatini,2014,SWZ,1136305.0,8327527350.0,0.0,0.0,0.23,0.23,0.46,,95.833,0.0,0.0,47.917,0.02,0.48,0.08,166.67
Eswatini,2015,SWZ,1142822.0,8445665268.0,0.0,0.0,0.12,0.24,0.36,,94.737,0.0,0.0,31.579,0.02,0.38,0.07,184.21
Eswatini,2016,SWZ,1149516.0,8545156780.0,0.0,0.0,0.12,0.21,0.33,,91.667,0.0,0.0,33.333,0.03,0.36,0.08,222.22
Eswatini,2017,SWZ,1158198.0,8725282454.0,0.0,0.0,0.21,0.2,0.41,,95.349,0.0,0.0,48.837,0.02,0.43,0.06,139.54
Eswatini,2018,SWZ,1168933.0,8936238936.0,0.0,0.0,0.27,0.2,0.47,,95.918,0.0,0.0,55.102,0.02,0.49,0.07,142.86
Eswatini,2019,SWZ,1179885.0,9177836965.0,0.0,0.0,0.23,0.22,0.45,,91.837,0.0,0.0,46.939,0.04,0.49,0.1,204.08
Eswatini,2020,SWZ,1192734.0,9034694873.0,0.0,0.0,0.23,0.24,0.47,,95.918,0.0,0.0,46.939,0.02,0.49,0.08,163.27
Eswatini,2021,SWZ,1206598.0,9746927305.0,0.03,0.0,0.26,0.2,0.49,,96.078,5.882,0.0,50.98,0.02,0.51,0.07,137.26
Eswatini,2022,SWZ,1218921.0,9594910875.0,0.03,0.0,0.3,0.2,0.53,,96.364,5.455,0.0,54.545,0.02,0.55,0.07,127.27
Eswatini,2023,SWZ,1230507.0,9594910875.0,0.03,0.0,0.4,0.21,0.64,,96.97,4.545,0.0,60.606,0.02,0.66,0.08,121.21
Eswatini,2024,SWZ,1242829.0,9594910875.0,0.03,0.0,0.35,0.21,0.59,,96.721,4.918,0.0,57.377,0.02,0.61,0.08,131.15
Ethiopia,2000,ETH,67411496.0,50326965912.0,0.0,0.0,1.63,0.04,1.67,,98.817,0.0,0.0,96.45,0.02,1.69,0.06,35.5
Ethiopia,2001,ETH,69487767.0,52434129516.0,0.0,0.0,1.97,0.05,2.02,,99.02,0.0,0.0,96.569,0.02,2.04,0.07,34.31
Ethiopia,2002,ETH,71635521.0,54501781462.0,0.0,0.0,2.0,0.04,2.04,,99.029,0.0,0.0,97.087,0.02,2.06,0.07,33.98
Ethiopia,2003,ETH,73832664.0,53892038989.0,0.0,0.0,2.26,0.05,2.31,,99.142,0.0,0.0,96.996,0.02,2.33,0.07,30.04
Ethiopia,2004,ETH,76077211.0,55845384136.0,0.0,0.0,2.5,0.05,2.55,,99.222,0.0,0.0,97.276,0.02,2.57,0.08,31.13
Ethiopia,2005,ETH,78367476.0,61634778962.0,0.0,0.0,2.81,0.06,2.87,,99.653,0.0,0.0,97.569,0.01,2.88,0.09,31.25
Ethiopia,2006,ETH,80703495.0,67217118145.0,0.0,0.0,3.23,0.06,3.29,,99.396,0.0,0.0,97.583,0.02,3.31,0.1,30.21
Ethiopia,2007,ETH,83103218.0,73421784125.0,0.0,0.0,3.35,0.04,3.39,,98.834,0.0,0.0,97.668,0.04,3.43,0.12,34.99
Ethiopia,2008,ETH,85543670.0,79756503135.0,0.0,0.0,3.26,0.06,3.32,,99.7,0.0,0.0,97.898,0.01,3.33,0.1,30.03
Ethiopia,2009,ETH,88007641.0,86391027022.0,0.0,0.0,3.49,0.07,3.56,,98.343,0.0,0.0,96.409,0.06,3.62,0.13,35.91
Ethiopia,2010,ETH,90538518.0,94148625646.0,0.0,0.0,4.88,0.08,4.96,,99.002,0.0,0.0,97.405,0.05,5.01,0.16,31.94
Ethiopia,2011,ETH,93149977.0,104948629242.0,0.0,0.03,6.2,0.06,6.29,,99.211,0.0,0.473,97.792,0.05,6.34,0.19,29.97
Ethiopia,2012,ETH,95798771.0,116345224724.0,0.0,0.19,7.31,0.05,7.55,,99.736,0.0,2.51,96.565,0.02,7.57,0.19,25.1
Ethiopia,2013,ETH,98438752.0,128310309167.0,0.01,0.36,8.26,0.03,8.66,,99.885,0.115,4.152,95.271,0.01,8.67,0.22,25.38
Ethiopia,2014,ETH,101115615.0,141950543442.0,0.02,0.5,8.92,0.03,9.47,,100.0,0.211,5.28,94.192,0.0,9.47,0.22,23.23
Ethiopia,2015,ETH,103867140.0,157107146471.0,0.02,0.76,9.58,0.03,10.39,,100.0,0.192,7.315,92.204,0.0,10.39,0.25,24.06
Ethiopia,2016,ETH,106718163.0,173708917362.0,0.02,0.78,11.64,0.03,12.47,,100.0,0.16,6.255,93.344,0.0,12.47,0.3,24.06
Ethiopia,2017,ETH,109666482.0,190761659136.0,0.02,0.53,12.55,0.02,13.12,,100.0,0.152,4.04,95.655,0.0,13.12,0.31,23.63
Ethiopia,2018,ETH,112664157.0,206205566995.0,0.02,0.53,13.65,0.03,14.23,,100.0,0.141,3.725,95.924,0.0,14.23,0.34,23.89
Ethiopia,2019,ETH,115737384.0,221885291686.0,0.02,0.85,14.4,0.03,15.3,,99.935,0.131,5.552,94.056,0.01,15.31,0.37,24.17
Ethiopia,2020,ETH,118917670.0,237860193068.0,0.03,0.61,14.94,0.03,15.61,,99.936,0.192,3.905,95.647,0.01,15.62,0.38,24.33
Ethiopia,2021,ETH,122138588.0,251849804145.0,0.03,0.82,14.91,0.02,15.78,,100.0,0.19,5.196,94.487,0.0,15.78,0.36,22.81
Ethiopia,2022,ETH,125384285.0,269977225159.0,0.04,0.56,16.77,0.04,17.41,,100.0,0.23,3.217,96.324,0.0,17.41,0.41,23.55
Ethiopia,2023,ETH,128691695.0,269977225159.0,0.04,0.56,17.13,0.04,17.77,,100.0,0.225,3.151,96.398,0.0,17.77,0.42,23.64
Ethiopia,2024,ETH,132059770.0,269977225159.0,0.04,0.7,24.42,0.04,25.2,,100.0,0.159,2.778,96.905,0.0,25.2,0.59,23.41
Ethiopia,2025,ETH,135472048.0,269977225159.0,0.04,1.1,32.19,0.04,33.37,,100.0,0.12,3.296,96.464,0.0,33.37,0.77,23.08
Falkland Islands,2000,FLK,3119.0,,0.0,0.0,0.0,0.0,0.0,,0.0,0.0,0.0,0.0,0.01,0.01,0.01,1000.0
Falkland Islands,2001,FLK,3167.0,,0.0,0.0,0.0,0.0,0.0,,0.0,0.0,0.0,0.0,0.01,0.01,0.01,1000.0
Falkland Islands,2002,FLK,3193.0,,0.0,0.0,0.0,0.0,0.0,,0.0,0.0,0.0,0.0,0.01,0.01,0.01,1000.0
Falkland Islands,2003,FLK,3212.0,,0.0,0.0,0.0,0.0,0.0,,0.0,0.0,0.0,0.0,0.01,0.01,0.01,1000.0
Falkland Islands,2004,FLK,3230.0,,0.0,0.0,0.0,0.0,0.0,,0.0,0.0,0.0,0.0,0.01,0.01,0.01,1000.0
Falkland Islands,2005,FLK,3242.0,,0.0,0.0,0.0,0.0,0.0,,0.0,0.0,0.0,0.0,0.01,0.01,0.01,1000.0
Falkland Islands,2006,FLK,3254.0,,0.0,0.0,0.0,0.0,0.0,,0.0,0.0,0.0,0.0,0.02,0.02,0.01,500.0
Falkland Islands,2007,FLK,3249.0,,0.0,0.0,0.0,0.0,0.0,,0.0,0.0,0.0,0.0,0.02,0.02,0.01,500.0
Falkland Islands,2008,FLK,3244.0,,0.0,0.0,0.0,0.0,0.0,,0.0,0.0,0.0,0.0,0.01,0.01,0.01,1000.0
Falkland Islands,2009,FLK,3233.0,,0.0,0.0,0.0,0.0,0.0,,0.0,0.0,0.0,0.0,0.01,0.01,0.01,1000.0
Falkland Islands,2010,FLK,3218.0,,0.0,0.0,0.0,0.0,0.0,,0.0,0.0,0.0,0.0,0.01,0.01,0.01,1000.0
Falkland Islands,2011,FLK,3205.0,,0.0,0.01,0.0,0.0,0.01,,50.0,0.0,50.0,0.0,0.01,0.02,0.01,500.0
Falkland Islands,2012,FLK,3223.0,,0.0,0.01,0.0,0.0,0.01,,50.0,0.0,50.0,0.0,0.01,0.02,0.01,500.0
Falkland Islands,2013,FLK,3291.0,,0.0,0.01,0.0,0.0,0.01,,50.0,0.0,50.0,0.0,0.01,0.02,0.01,500.0
Falkland Islands,2014,FLK,3362.0,,0.0,0.01,0.0,0.0,0.01,,50.0,0.0,50.0,0.0,0.01,0.02,0.01,500.0
Falkland Islands,2015,FLK,3432.0,,0.0,0.01,0.0,0.0,0.01,,50.0,0.0,50.0,0.0,0.01,0.02,0.01,500.0
Falkland Islands,2016,FLK,3499.0,,0.0,0.01,0.0,0.0,0.01,,50.0,0.0,50.0,0.0,0.01,0.02,0.01,500.0
Falkland Islands,2017,FLK,3541.0,,0.0,0.0,0.0,0.0,0.0,,0.0,0.0,0.0,0.0,0.01,0.01,0.01,1000.0
Falkland Islands,2018,FLK,3549.0,,0.0,0.0,0.0,0.0,0.0,,0.0,0.0,0.0,0.0,0.01,0.01,0.01,1000.0
Falkland Islands,2019,FLK,3541.0,,0.0,0.0,0.0,0.0,0.0,,0.0,0.0,0.0,0.0,0.01,0.01,0.01,1000.0
Falkland Islands,2020,FLK,3537.0,,0.0,0.0,0.0,0.0,0.0,,0.0,0.0,0.0,0.0,0.01,0.01,0.01,1000.0
Falkland Islands,2021,FLK,3524.0,,0.0,0.0,0.0,0.0,0.0,,0.0,0.0,0.0,0.0,0.01,0.01,0.01,1000.0
Falkland Islands,2022,FLK,3515.0,,0.0,0.0,0.0,0.0,0.0,,0.0,0.0,0.0,0.0,0.01,0.01,0.01,1000.0
Falkland Islands,2023,FLK,3498.0,,0.0,0.0,0.0,0.0,0.0,,0.0,0.0,0.0,0.0,0.01,0.01,0.01,1000.0
Faroe Islands,2000,FRO,45687.0,,0.0,0.0,0.08,0.0,0.08,,36.364,0.0,0.0,36.364,0.14,0.22,0.09,409.09
Faroe Islands,2001,FRO,46262.0,,0.0,0.0,0.08,0.0,0.08,,33.333,0.0,0.0,33.333,0.16,0.24,0.11,458.33
Faroe Islands,2002,FRO,46852.0,,0.0,0.0,0.1,0.0,0.1,,41.667,0.0,0.0,41.667,0.14,0.24,0.09,375.0
Faroe Islands,2003,FRO,47448.0,,0.0,0.0,0.08,0.0,0.08,,33.333,0.0,0.0,33.333,0.16,0.24,0.11,458.33
Faroe Islands,2004,FRO,48041.0,,0.0,0.01,0.09,0.0,0.1,,40.0,0.0,4.0,36.0,0.15,0.25,0.1,400.0
Faroe Islands,2005,FRO,48386.0,,0.0,0.01,0.1,0.0,0.11,,44.0,0.0,4.0,40.0,0.14,0.25,0.09,360.0
Faroe Islands,2006,FRO,48456.0,,0.0,0.01,0.1,0.0,0.11,,44.0,0.0,4.0,40.0,0.14,0.25,0.09,360.0
Faroe Islands,2007,FRO,48498.0,,0.0,0.02,0.1,0.0,0.12,,44.444,0.0,7.407,37.037,0.15,0.27,0.1,370.37
Faroe Islands,2008,FRO,48528.0,,0.0,0.01,0.09,0.0,0.1,,37.037,0.0,3.704,33.333,0.17,0.27,0.11,407.41
Faroe Islands,2009,FRO,48512.0,,0.0,0.01,0.09,0.0,0.1,,37.037,0.0,3.704,33.333,0.17,0.27,0.11,407.41
Faroe Islands,2010,FRO,48191.0,,0.0,0.01,0.07,0.0,0.08,,28.571,0.0,3.571,25.0,0.2,0.28,0.13,464.29
Faroe Islands,2011,FRO,47957.0,,0.0,0.01,0.09,0.0,0.1,,37.037,0.0,3.704,33.333,0.17,0.27,0.11,407.41
Faroe Islands,2012,FRO,48113.0,,0.0,0.01,0.1,0.0,0.11,,37.931,0.0,3.448,34.483,0.18,0.29,0.12,413.79
Faroe Islands,2013,FRO,48297.0,,0.0,0.02,0.09,0.0,0.11,,37.931,0.0,6.897,31.034,0.18,0.29,0.12,413.79
Faroe Islands,2014,FRO,48515.0,,0.0,0.04,0.12,0.0,0.16,,51.613,0.0,12.903,38.71,0.15,0.31,0.1,322.58
Faroe Islands,2015,FRO,48916.0,,0.0,0.06,0.13,0.0,0.19,,59.375,0.0,18.75,40.625,0.13,0.32,0.09,281.25
Faroe Islands,2016,FRO,49554.0,,0.0,0.05,0.1,0.0,0.15,,48.387,0.0,16.129,32.258,0.16,0.31,0.11,354.84
Faroe Islands,2017,FRO,50268.0,,0.0,0.06,0.11,0.0,0.17,,51.515,0.0,18.182,33.333,0.16,0.33,0.11,333.33
Faroe Islands,2018,FRO,51062.0,,0.0,0.06,0.11,0.0,0.17,,48.571,0.0,17.143,31.429,0.18,0.35,0.12,342.86
Faroe Islands,2019,FRO,51868.0,,0.0,0.05,0.1,0.0,0.15,,39.474,0.0,13.158,26.316,0.23,0.38,0.15,394.74
Faroe Islands,2020,FRO,52615.0,,0.0,0.05,0.11,0.0,0.16,,39.024,0.0,12.195,26.829,0.25,0.41,0.16,390.24
Faroe Islands,2021,FRO,53324.0,,0.0,0.05,0.11,0.01,0.17,,39.535,0.0,11.628,25.581,0.26,0.43,0.17,395.35
Faroe Islands,2022,FRO,54039.0,,0.0,0.09,0.13,0.0,0.22,,45.833,0.0,18.75,27.083,0.26,0.48,0.17,354.17
Faroe Islands,2023,FRO,54738.0,,0.0,0.09,0.13,0.01,0.23,,46.939,0.0,18.367,26.531,0.26,0.49,0.17,346.94
Fiji,2000,FJI,840913.0,,0.0,0.0,0.41,0.13,0.54,,72.0,0.0,0.0,54.667,0.21,0.75,0.18,240.0
Fiji,2001,FJI,849606.0,,0.0,0.0,0.46,0.13,0.59,,74.684,0.0,0.0,58.228,0.2,0.79,0.17,215.19
Fiji,2002,FJI,858057.0,,0.0,0.0,0.45,0.13,0.58,,69.88,0.0,0.0,54.217,0.25,0.83,0.2,240.96
Fiji,2003,FJI,866297.0,,0.0,0.0,0.34,0.13,0.47,,54.023,0.0,0.0,39.08,0.4,0.87,0.3,344.83
Fiji,2004,FJI,874369.0,,0.0,0.0,0.37,0.13,0.5,,56.818,0.0,0.0,42.045,0.38,0.88,0.29,329.55
Fiji,2005,FJI,882384.0,,0.0,0.0,0.34,0.13,0.47,,52.809,0.0,0.0,38.202,0.42,0.89,0.32,359.55
Fiji,2006,FJI,890370.0,,0.0,0.0,0.34,0.13,0.47,,52.222,0.0,0.0,37.778,0.43,0.9,0.32,355.56
Fiji,2007,FJI,897843.0,,0.0,0.01,0.51,0.09,0.61,,68.539,0.0,1.124,57.303,0.28,0.89,0.21,235.96
Fiji,2008,FJI,903403.0,,0.0,0.02,0.5,0.05,0.57,,67.857,0.0,2.381,59.524,0.27,0.84,0.2,238.1
Fiji,2009,FJI,907248.0,,0.0,0.02,0.46,0.04,0.52,,62.651,0.0,2.41,55.422,0.31,0.83,0.22,265.06
Fiji,2010,FJI,910427.0,,0.0,0.01,0.41,0.04,0.46,,52.273,0.0,1.136,46.591,0.42,0.88,0.3,340.91
Fiji,2011,FJI,912991.0,,0.0,0.0,0.45,0.04,0.49,,57.647,0.0,0.0,52.941,0.36,0.85,0.26,305.88
Fiji,2012,FJI,914920.0,,0.0,0.01,0.52,0.04,0.57,,66.279,0.0,1.163,60.465,0.29,0.86,0.21,244.19
Fiji,2013,FJI,916359.0,,0.0,0.0,0.52,0.04,0.56,,63.636,0.0,0.0,59.091,0.32,0.88,0.23,261.36
Fiji,2014,FJI,917589.0,,0.0,0.0,0.4,0.04,0.44,,48.352,0.0,0.0,43.956,0.47,0.91,0.33,362.64
Fiji,2015,FJI,918585.0,,0.0,0.01,0.4,0.04,0.45,,48.387,0.0,1.075,43.011,0.48,0.93,0.34,365.59
Fiji,2016,FJI,919167.0,,0.01,0.0,0.49,0.02,0.52,,54.737,1.053,0.0,51.579,0.43,0.95,0.29,305.26
Fiji,2017,FJI,918762.0,,0.01,0.0,0.49,0.01,0.51,,50.0,0.98,0.0,48.039,0.51,1.02,0.35,343.14
Fiji,2018,FJI,917185.0,,0.01,0.0,0.56,0.08,0.65,,59.091,0.909,0.0,50.909,0.45,1.1,0.33,300.0
Fiji,2019,FJI,914906.0,,0.01,0.0,0.56,0.09,0.66,,57.895,0.877,0.0,49.123,0.48,1.14,0.35,307.02
Fiji,2020,FJI,914971.0,,0.01,0.0,0.56,0.11,0.68,,62.963,0.926,0.0,51.852,0.4,1.08,0.29,268.52
Fiji,2021,FJI,916718.0,,0.01,0.0,0.55,0.1,0.66,,62.264,0.943,0.0,51.887,0.4,1.06,0.29,273.59
Fiji,2022,FJI,919428.0,,0.01,0.0,0.6,0.04,0.65,,60.748,0.935,0.0,56.075,0.42,1.07,0.3,280.37
Fiji,2023,FJI,924150.0,,0.01,0.0,0.6,0.12,0.73,,63.478,0.87,0.0,52.174,0.42,1.15,0.32,278.26
Fiji,2024,FJI,928800.0,,0.01,0.0,0.6,0.12,0.73,,63.478,0.87,0.0,52.174,0.42,1.15,0.32,278.26
Finland,1965,FIN,4564150.0,55796186620.0,0.0,0.0,9.354,0.0,9.354,22.846,,,,,,,,
Finland,1966,FIN,4581446.0,57128019052.0,0.0,0.0,10.381,0.0,10.381,22.266,,,,,,,,
Finland,1967,FIN,4606642.0,58340961029.0,0.0,0.0,11.629,0.0,11.629,23.723,,,,,,,,
Finland,1968,FIN,4627352.0,59681453173.0,0.0,0.0,10.489,0.0,10.489,19.666,,,,,,,,
Finland,1969,FIN,4624083.0,65431183746.0,0.0,0.0,8.745,0.0,8.745,14.871,,,,,,,,
Finland,1970,FIN,4606308.0,70319884629.0,0.0,0.0,9.524,0.0,9.524,14.698,,,,,,,,
Finland,1971,FIN,4612135.0,71787710424.0,0.0,0.0,10.681,0.0,10.681,16.066,,,,,,,,
Finland,1972,FIN,4639548.0,77268851451.0,0.0,0.0,10.38,0.0,10.38,14.797,,,,,,,,
Finland,1973,FIN,4665909.0,82444986155.0,0.0,0.0,10.58,0.0,10.58,13.676,,,,,,,,
Finland,1974,FIN,4690366.0,84941608527.0,0.0,0.0,12.703,0.0,12.703,17.157,,,,,,,,
Finland,1975,FIN,4711172.0,85922512401.0,0.0,0.0,12.209,0.0,12.209,16.222,,,,,,,,
Finland,1976,FIN,4725340.0,85553422187.0,0.0,0.0,9.482,0.0,9.482,11.846,,,,,,,,
Finland,1977,FIN,4738581.0,85774123583.0,0.0,0.0,12.182,0.0,12.182,14.424,,,,,,,,
Finland,1978,FIN,4752243.0,87565325305.0,0.0,0.0,9.799,0.0,9.799,11.157,,,,,,,,
Finland,1979,FIN,4764437.0,93659510178.0,0.0,0.0,10.871,0.0,10.871,11.46,,,,,,,,
Finland,1980,FIN,4779358.0,98649605625.0,0.0,0.0,10.217,0.0,10.217,10.815,,,,,,,,
Finland,1981,FIN,4799849.0,100487243559.0,0.0,0.0,13.655,0.0,13.655,14.372,,,,,,,,
Finland,1982,FIN,4826884.0,103754927102.0,0.0,0.0,13.089,0.0,13.089,13.954,,,,,,,,
Finland,1983,FIN,4855791.0,106555392328.0,0.0,0.0,13.581,0.0,13.581,14.629,,,,,,,,
Finland,1984,FIN,4881827.0,109771886900.0,0.0,0.0,13.247,0.0,13.247,13.688,,,,,,,,
Finland,1985,FIN,4902262.0,113466477585.0,0.0,0.0,12.334,0.0,12.334,12.132,24.971,0.0,0.0,24.971,,49.394,,
Finland,1986,FIN,4918256.0,116153580149.0,0.0,0.0,12.39,0.0,12.39,12.047,25.312,0.0,0.0,25.312,,48.948,,
Finland,1987,FIN,4932257.0,120921063446.0,0.0,0.0,13.796,0.0,13.796,12.746,26.022,0.0,0.0,26.022,,53.016,,
Finland,1988,FIN,4946629.0,126851451843.0,0.0,0.0,13.363,0.0,13.363,12.424,24.981,0.0,0.0,24.981,,53.491,,
Finland,1989,FIN,4964525.0,134045454076.0,0.0,0.0,13.03,0.0,13.03,12.059,24.42,0.0,0.0,24.42,,53.359,,
Finland,1990,FIN,4986576.0,134055215099.0,0.0,0.0,10.86,5.16,16.02,14.47,29.47,0.0,0.0,19.978,19.12,54.36,,281.83
Finland,1991,FIN,5013889.0,126220143051.0,0.0,0.0,13.2,5.0,18.2,15.994,31.401,0.0,0.0,22.774,20.25,57.96,,276.23
Finland,1992,FIN,5042145.0,122116750127.0,0.0,0.0,15.11,4.95,20.06,17.648,34.766,0.0,0.0,26.187,18.38,57.7,,244.71
Finland,1993,FIN,5066594.0,121309307835.0,0.0,0.0,13.48,5.96,19.44,17.067,31.838,0.0,0.0,22.077,21.69,61.06,,278.42
Finland,1994,FIN,5088454.0,126178680040.0,0.0,0.01,11.79,6.47,18.27,15.338,27.842,0.0,0.015,17.967,27.92,65.62,,336.33
Finland,1995,FIN,5107919.0,131586003036.0,0.0,0.01,12.93,6.61,19.55,17.208,30.547,0.0,0.016,20.203,25.23,64.0,,303.75
Finland,1996,FIN,5124715.0,136506127418.0,0.0,0.01,11.86,5.89,17.76,14.945,25.624,0.0,0.014,17.112,32.07,69.31,,350.74
Finland,1997,FIN,5139927.0,145148158927.0,0.0,0.02,12.24,7.89,20.15,16.853,29.156,0.0,0.029,17.711,28.07,69.11,,318.62
Finland,1998,FIN,5153545.0,153138899026.0,0.0,0.02,15.05,9.33,24.4,19.755,34.802,0.0,0.029,21.466,23.86,70.11,,250.18
Finland,1999,FIN,5165516.0,160063696383.0,0.0,0.05,12.78,8.36,21.19,17.504,30.524,0.0,0.072,18.41,25.26,69.42,,262.75
Finland,2000,FIN,5176197.0,169209765102.0,0.0,0.08,14.66,8.64,23.38,19.163,33.414,0.0,0.114,20.952,24.11,69.97,17.27,246.82
Finland,2001,FIN,5187970.0,173703951475.0,0.0,0.07,13.2,8.27,21.54,17.238,28.932,0.0,0.094,17.73,30.14,74.45,21.21,284.89
Finland,2002,FIN,5200548.0,176751491921.0,0.0,0.06,10.78,8.99,19.83,15.842,26.468,0.0,0.08,14.389,32.79,74.92,23.69,316.2
Finland,2003,FIN,5212958.0,180408462125.0,0.0,0.09,9.59,9.38,19.06,14.248,22.615,0.0,0.107,11.379,42.49,84.28,31.3,371.38
Finland,2004,FIN,5228147.0,187633923914.0,0.0,0.12,15.07,10.44,25.63,18.999,29.858,0.0,0.14,17.556,37.49,85.84,27.93,325.37
Finland,2005,FIN,5246078.0,192990732516.0,0.0,0.17,13.78,9.51,23.46,19.045,33.248,0.0,0.241,19.529,23.83,70.56,16.29,230.87
Finland,2006,FIN,5266248.0,200966858669.0,0.0,0.16,11.49,10.81,22.46,17.117,27.294,0.0,0.194,13.963,36.92,82.29,27.63,335.76
Finland,2007,FIN,5288715.0,211541390078.0,0.0,0.19,14.18,9.95,24.32,18.351,29.962,0.0,0.234,17.47,33.43,81.17,25.09,309.1
Finland,2008,FIN,5313379.0,213226105706.0,0.0,0.26,17.11,10.4,27.77,21.795,35.902,0.0,0.336,22.12,26.62,77.35,19.04,246.15
Finland,2009,FIN,5338854.0,195739132370.0,0.0,0.28,12.69,8.73,21.7,18.615,30.114,0.0,0.389,17.61,26.83,72.06,19.9,276.16
Finland,2010,FIN,5363347.0,201746033638.0,0.0,0.29,12.92,10.97,24.18,19.122,29.985,0.0,0.36,16.022,33.66,80.64,25.39,314.86
Finland,2011,FIN,5388236.0,207084301562.0,0.01,0.48,12.45,11.24,24.18,20.478,32.898,0.014,0.653,16.939,26.13,73.5,19.71,268.16
Finland,2012,FIN,5413978.0,204190196792.0,0.01,0.49,16.86,11.2,28.56,24.392,40.562,0.014,0.696,23.945,18.86,70.41,15.15,215.17
Finland,2013,FIN,5439057.0,202349011206.0,0.01,0.77,12.84,12.01,25.63,22.15,35.967,0.014,1.081,18.019,22.02,71.26,18.36,257.65
Finland,2014,FIN,5461686.0,201610622550.0,0.01,1.11,13.4,11.76,26.28,24.195,38.59,0.015,1.63,19.677,18.24,68.1,15.42,226.43
Finland,2015,FIN,5479719.0,202706706722.0,0.01,2.33,16.77,11.42,30.53,27.515,44.498,0.015,3.396,24.443,14.83,68.61,12.49,182.04
Finland,2016,FIN,5495468.0,208405735062.0,0.02,3.07,15.8,11.52,30.41,25.935,44.233,0.029,4.465,22.982,15.14,68.75,13.72,199.56
Finland,2017,FIN,5508398.0,215058877437.0,0.05,4.79,14.77,11.86,31.47,27.99,46.608,0.074,7.094,21.875,13.57,67.52,12.57,186.17
Finland,2018,FIN,5515730.0,217509947213.0,0.09,5.84,13.3,12.91,32.14,27.99,45.764,0.128,8.316,18.938,15.3,70.23,13.58,193.37
Finland,2019,FIN,5521754.0,220173891564.0,0.15,6.02,12.42,13.29,31.88,28.591,46.466,0.219,8.774,18.102,12.86,68.61,11.77,171.55
Finland,2020,FIN,5529616.0,214988893865.0,0.22,8.26,15.88,11.57,35.93,32.588,51.892,0.318,11.93,22.935,10.02,69.24,9.02,130.27
Finland,2021,FIN,5541069.0,221538476826.0,0.3,8.51,15.79,13.58,38.18,35.036,52.947,0.416,11.801,21.897,10.33,72.11,9.78,135.63
Finland,2022,FIN,5569300.0,226154847456.0,0.39,12.02,13.49,12.76,38.66,34.897,53.568,0.54,16.655,18.692,8.17,72.17,9.38,129.97
Finland,2023,FIN,5601185.0,226154847456.0,0.72,15.04,15.2,11.34,42.3,35.888,51.889,0.883,18.449,18.646,4.91,81.52,6.62,81.21
Finland,2024,FIN,5617311.0,226154847456.0,0.94,20.48,14.3,10.39,46.11,38.894,55.857,1.139,24.809,17.323,3.84,82.55,5.5,66.63
Finland,2025,FIN,5623328.0,226154847456.0,0.98,22.58,12.44,10.47,46.47,38.894,56.464,1.191,27.436,15.115,3.01,82.3,4.73,57.47
France,1965,FRA,48772824.0,727557418000.0,0.0,0.0,46.881,0.0,46.881,9.728,,,,,,,,
France,1966,FRA,49184651.0,764514102000.0,0.0,0.0,52.208,0.39,52.598,10.697,,,,,,,,
France,1967,FRA,49574907.0,799864800000.0,0.0,0.0,45.378,0.605,45.983,8.802,,,,,,,,
France,1968,FRA,49947252.0,835171410000.0,0.0,0.0,50.423,0.926,51.349,9.348,,,,,,,,
France,1969,FRA,50355300.0,893107440000.0,0.0,0.0,52.942,1.067,54.009,8.942,,,,,,,,
France,1970,FRA,50813071.0,944232666000.0,0.0,0.0,56.681,1.37,58.052,8.881,,,,,,,,
France,1971,FRA,51293056.0,989968592000.0,0.0,0.0,48.857,1.392,50.249,7.426,,,,,,,,
France,1972,FRA,51743877.0,1034024806000.0,0.0,0.0,48.831,1.515,50.347,6.99,,,,,,,,
France,1973,FRA,52162210.0,1090179853000.0,0.0,0.0,47.696,1.55,49.246,6.294,,,,,,,,
France,1974,FRA,52504744.0,1122228380000.0,0.0,0.0,56.23,1.577,57.807,7.528,,,,,,,,
France,1975,FRA,52746324.0,1114332615000.0,0.0,0.0,60.108,1.416,61.524,8.476,,,,,,,,
France,1976,FRA,52959120.0,1162522935000.0,0.0,0.0,48.565,1.333,49.898,6.485,,,,,,,,
France,1977,FRA,53197133.0,1205940906000.0,0.0,0.0,76.323,1.375,77.698,9.91,,,,,,,,
France,1978,FRA,53429668.0,1239356196000.0,0.0,0.0,68.36,1.418,69.778,8.583,,,,,,,,
France,1979,FRA,53660898.0,1279104536000.0,0.0,0.0,66.419,1.484,67.903,8.123,,,,,,,,
France,1980,FRA,53941061.0,1297124070000.0,0.0,0.0,69.527,1.471,70.998,8.555,,,,,,,,
France,1981,FRA,54255004.0,1310463345000.0,0.0,0.0,72.195,1.492,73.687,9.025,,,,,,,,
France,1982,FRA,54582405.0,1343411640000.0,0.0,0.0,70.575,1.527,72.102,9.164,,,,,,,,
France,1983,FRA,54889407.0,1359074700000.0,0.0,0.0,69.443,1.559,71.002,8.834,,,,,,,,
France,1984,FRA,55176626.0,1379095674000.0,0.0,0.0,65.69,1.622,67.312,8.1,,,,,,,,
France,1985,FRA,55467153.0,1398409950000.0,0.0,0.0,61.916,1.652,63.568,7.41,18.454,0.0,0.0,17.975,51.658,344.465,,
France,1986,FRA,55752833.0,1431625550000.0,0.0,0.0,62.483,1.663,64.146,7.309,17.671,0.0,0.0,17.213,39.434,362.996,,
France,1987,FRA,56048366.0,1467808684000.0,0.0,0.0,70.498,1.751,72.249,8.054,19.089,0.0,0.0,18.626,35.704,378.486,,
France,1988,FRA,56361846.0,1532315565000.0,0.0,0.0,76.522,1.773,78.295,8.617,19.969,0.0,0.0,19.517,33.093,392.087,,
France,1989,FRA,56685081.0,1594471896000.0,0.0,0.0,46.637,1.841,48.478,5.272,11.974,0.0,0.0,11.52,47.112,404.85,,
France,1990,FRA,56990239.0,1636207672000.0,0.0,0.0,52.71,1.91,54.62,5.936,13.129,0.0,0.0,12.669,47.34,416.04,,104.25
France,1991,FRA,57271564.0,1654070164992.0,0.0,0.0,56.32,2.11,58.43,5.941,12.975,0.0,0.0,12.506,60.57,450.34,,121.69
France,1992,FRA,57554867.0,1681416991070.0,0.0,0.0,67.48,2.14,69.62,7.019,15.183,0.0,0.0,14.716,50.47,458.54,,101.89
France,1993,FRA,57801261.0,1671995828699.0,0.0,0.0,63.3,1.97,65.27,6.624,13.944,0.0,0.0,13.524,34.61,468.07,,68.75
France,1994,FRA,57999868.0,1712086429935.0,0.0,0.0,77.03,2.16,79.19,8.129,16.748,0.0,0.0,16.291,33.67,472.84,,67.27
France,1995,FRA,58192207.0,1748659531786.0,0.0,0.0,71.33,2.33,73.66,7.396,15.051,0.0,0.0,14.575,38.52,489.41,,73.46
France,1996,FRA,58380638.0,1773843233893.0,0.0,0.01,64.67,2.42,67.1,6.506,13.214,0.0,0.002,12.736,43.35,507.79,,79.23
France,1997,FRA,58568662.0,1816394950229.0,0.0,0.01,62.11,2.67,64.79,6.447,12.976,0.0,0.002,12.439,39.04,499.31,,70.86
France,1998,FRA,58778817.0,1882050330390.0,0.0,0.02,60.77,2.65,63.44,6.12,12.539,0.0,0.004,12.012,54.5,505.93,,96.75
France,1999,FRA,59084209.0,1949849405155.0,0.0,0.04,70.82,2.85,73.71,7.02,14.188,0.0,0.008,13.631,51.59,519.54,,87.37
France,2000,FRA,59483716.0,2031676031476.0,0.01,0.05,64.78,2.99,67.83,6.409,12.737,0.002,0.009,12.164,49.57,532.56,42.48,79.77
France,2001,FRA,59905131.0,2077786711965.0,0.01,0.13,72.62,3.33,76.09,7.072,14.023,0.002,0.024,13.384,45.43,542.6,37.24,68.63
France,2002,FRA,60327247.0,2107316572579.0,0.01,0.27,58.88,3.53,62.69,5.879,11.373,0.002,0.049,10.681,51.79,551.24,41.46,75.21
France,2003,FRA,60741119.0,2130940712046.0,0.01,0.39,57.35,3.72,61.47,5.675,10.994,0.002,0.07,10.257,56.59,559.13,45.21,80.86
France,2004,FRA,61175244.0,2196883540402.0,0.01,0.59,58.04,3.78,62.42,5.684,11.022,0.002,0.104,10.249,55.64,566.3,43.71,77.19
France,2005,FRA,61625031.0,2238790479440.0,0.01,0.96,50.14,3.87,54.98,5.122,9.66,0.002,0.169,8.81,62.63,569.14,48.68,85.53
France,2006,FRA,62049831.0,2297018080700.0,0.01,2.18,54.88,3.84,60.91,5.702,10.737,0.002,0.384,9.674,56.2,567.3,43.44,76.57
France,2007,FRA,62432438.0,2354672057875.0,0.02,4.07,55.99,4.22,64.3,6.356,11.445,0.004,0.724,9.965,57.81,561.84,45.01,80.11
France,2008,FRA,62780187.0,2362451821701.0,0.04,5.69,62.16,4.44,72.33,7.319,12.757,0.007,1.004,10.963,55.2,566.98,43.11,76.03
France,2009,FRA,63106460.0,2295352990111.0,0.17,7.91,55.49,4.58,68.15,7.409,12.886,0.032,1.496,10.492,50.98,528.87,39.98,75.6
France,2010,FRA,63417366.0,2342490492199.0,0.62,9.94,61.2,4.92,76.68,7.882,13.635,0.11,1.768,10.883,57.16,562.36,44.18,78.56
France,2011,FRA,63733776.0,2393401943613.0,2.33,12.37,45.74,5.58,66.02,6.93,11.63,0.41,2.179,8.058,59.24,567.65,42.36,74.62
France,2012,FRA,64058465.0,2400896391731.0,4.43,15.18,59.83,5.81,85.25,8.714,15.02,0.781,2.675,10.541,56.92,567.58,44.04,77.59
France,2013,FRA,64387736.0,2414733629218.0,5.19,16.14,71.92,6.18,99.43,9.857,17.24,0.9,2.798,12.47,53.64,576.75,44.0,76.29
France,2014,FRA,64692495.0,2437822780219.0,6.39,17.32,63.77,6.55,94.03,9.885,16.604,1.128,3.058,11.261,35.8,566.31,29.57,52.22
France,2015,FRA,64916337.0,2464953810985.0,7.75,21.42,55.56,7.11,91.84,9.568,15.996,1.35,3.731,9.677,44.87,574.14,33.97,59.17
France,2016,FRA,65086853.0,2491956183265.0,8.66,21.38,60.84,8.12,99.0,10.362,17.715,1.55,3.826,10.887,56.64,558.84,38.35,68.62
France,2017,FRA,65284775.0,2549057506683.0,8.87,24.61,50.0,8.43,91.91,9.803,16.538,1.596,4.428,8.997,65.47,555.74,43.52,78.31
France,2018,FRA,65519537.0,2596599107835.0,11.15,28.6,65.11,8.99,113.85,11.513,19.757,1.935,4.963,11.299,49.45,576.24,34.53,59.92
France,2019,FRA,65729460.0,2644453795826.0,12.02,34.72,56.91,9.25,112.9,11.754,19.964,2.125,6.139,10.063,53.61,565.52,33.81,59.79
France,2020,FRA,65905273.0,2438594133224.0,13.09,40.05,62.52,9.37,125.03,13.972,23.714,2.483,7.596,11.858,48.39,527.25,31.15,59.08
France,2021,FRA,66083547.0,2604822841790.0,15.28,37.12,59.54,10.16,122.1,12.914,22.187,2.777,6.745,10.819,48.85,550.31,32.91,59.8
France,2022,FRA,66277412.0,2671568767031.0,19.34,38.2,45.56,10.27,113.37,13.726,24.201,4.129,8.155,9.726,60.35,468.45,36.79,78.54
France,2023,FRA,66438828.0,2671568767031.0,22.59,50.48,55.9,10.52,139.49,15.867,26.89,4.355,9.731,10.776,41.06,518.75,27.63,53.26
France,2024,FRA,66548532.0,2671568767031.0,24.87,45.43,71.12,11.25,152.67,16.465,27.176,4.427,8.087,12.66,28.66,561.78,22.74,40.48
France,2025,FRA,66650804.0,2671568767031.0,31.82,46.49,59.41,10.84,148.56,16.465,26.064,5.583,8.156,10.423,29.35,569.98,23.62,41.44
French Guiana,2000,GUF,160633.0,,0.0,,0.41,,0.41,,89.13,0.0,,89.13,0.05,0.46,0.04,86.96
French Guiana,2001,GUF,168544.0,,0.0,,0.42,,0.42,,70.0,0.0,,70.0,0.18,0.6,0.13,216.67
French Guiana,2002,GUF,176719.0,,0.0,,0.42,,0.42,,66.667,0.0,,66.667,0.21,0.63,0.15,238.1
French Guiana,2003,GUF,185101.0,,0.0,,0.34,,0.34,,50.746,0.0,,50.746,0.33,0.67,0.23,343.28
French Guiana,2004,GUF,193656.0,,0.0,,0.41,,0.41,,61.194,0.0,,61.194,0.26,0.67,0.18,268.66
French Guiana,2005,GUF,202452.0,,0.0,,0.43,,0.43,,60.563,0.0,,60.563,0.28,0.71,0.19,267.61
French Guiana,2006,GUF,210976.0,,0.0,,0.54,,0.54,,73.973,0.0,,73.973,0.19,0.73,0.14,191.78
French Guiana,2007,GUF,219123.0,,0.0,,0.5,,0.5,,68.493,0.0,,68.493,0.23,0.73,0.16,219.18
French Guiana,2008,GUF,226106.0,,0.0,,0.5,,0.5,,66.667,0.0,,66.667,0.25,0.75,0.17,226.67
French Guiana,2009,GUF,230715.0,,0.0,,0.35,,0.35,,44.872,0.0,,44.872,0.43,0.78,0.29,371.8
French Guiana,2010,GUF,234578.0,,0.0,,0.46,0.01,0.47,,56.627,0.0,,55.422,0.36,0.83,0.25,301.21
French Guiana,2011,GUF,239525.0,,0.04,,0.46,0.01,0.51,,61.446,4.819,,55.422,0.32,0.83,0.22,265.06
French Guiana,2012,GUF,245784.0,,0.05,,0.56,0.01,0.62,,69.663,5.618,,62.921,0.27,0.89,0.19,213.48
French Guiana,2013,GUF,253250.0,,0.04,,0.49,0.01,0.54,,60.674,4.494,,55.056,0.35,0.89,0.24,269.66
French Guiana,2014,GUF,260564.0,,0.05,,0.5,0.01,0.56,,60.87,5.435,,54.348,0.36,0.92,0.25,271.74
French Guiana,2015,GUF,266377.0,,0.05,,0.49,0.01,0.55,,59.14,5.376,,52.688,0.38,0.93,0.26,279.57
French Guiana,2016,GUF,271278.0,,0.05,,0.44,0.01,0.5,,54.945,5.495,,48.352,0.41,0.91,0.28,307.69
French Guiana,2017,GUF,276158.0,,0.05,,0.56,0.01,0.62,,67.391,5.435,,60.87,0.3,0.92,0.21,228.26
French Guiana,2018,GUF,280972.0,,0.05,,0.54,0.01,0.6,,64.516,5.376,,58.065,0.33,0.93,0.23,247.31
French Guiana,2019,GUF,285574.0,,0.05,,0.41,0.01,0.47,,49.474,5.263,,43.158,0.48,0.95,0.33,347.37
French Guiana,2020,GUF,289063.0,,0.06,,0.43,0.01,0.5,,52.632,6.316,,45.263,0.45,0.95,0.31,326.32
French Guiana,2021,GUF,293023.0,,0.06,,0.58,0.04,0.68,,70.103,6.186,,59.794,0.29,0.97,0.21,216.5
French Guiana,2022,GUF,298319.0,,0.05,,0.59,0.04,0.68,,71.579,5.263,,62.105,0.27,0.95,0.2,210.53
French Guiana,2023,GUF,303408.0,,0.06,,0.52,0.06,0.64,,65.306,6.122,,53.061,0.34,0.98,0.24,244.9
French Polynesia,2000,PYF,240346.0,,0.0,0.0,0.12,0.0,0.12,,29.268,0.0,0.0,29.268,0.29,0.41,0.19,463.42
French Polynesia,2001,PYF,244107.0,,0.0,0.0,0.1,0.0,0.1,,23.81,0.0,0.0,23.81,0.32,0.42,0.21,500.0
French Polynesia,2002,PYF,247785.0,,0.0,0.0,0.13,0.0,0.13,,28.261,0.0,0.0,28.261,0.33,0.46,0.22,478.26
French Polynesia,2003,PYF,251650.0,,0.0,0.0,0.15,0.0,0.15,,31.915,0.0,0.0,31.915,0.32,0.47,0.21,446.81
French Polynesia,2004,PYF,255663.0,,0.0,0.0,0.18,0.0,0.18,,33.333,0.0,0.0,33.333,0.36,0.54,0.24,444.44
French Polynesia,2005,PYF,259517.0,,0.0,0.0,0.18,0.0,0.18,,35.294,0.0,0.0,35.294,0.33,0.51,0.22,431.37
French Polynesia,2006,PYF,263234.0,,0.0,0.0,0.2,0.0,0.2,,37.736,0.0,0.0,37.736,0.33,0.53,0.22,415.09
French Polynesia,2007,PYF,266448.0,,0.0,0.0,0.22,0.0,0.22,,40.0,0.0,0.0,40.0,0.33,0.55,0.23,418.18
French Polynesia,2008,PYF,268390.0,,0.0,0.0,0.21,0.0,0.21,,36.842,0.0,0.0,36.842,0.36,0.57,0.24,421.05
French Polynesia,2009,PYF,269494.0,,0.0,0.0,0.21,0.0,0.21,,36.207,0.0,0.0,36.207,0.37,0.58,0.24,413.79
French Polynesia,2010,PYF,270590.0,,0.0,0.0,0.27,0.0,0.27,,34.177,0.0,0.0,34.177,0.52,0.79,0.35,443.04
French Polynesia,2011,PYF,271734.0,,0.01,0.0,0.22,0.0,0.23,,31.081,1.351,0.0,29.73,0.51,0.74,0.35,472.97
French Polynesia,2012,PYF,273092.0,,0.01,0.0,0.2,0.0,0.21,,29.167,1.389,0.0,27.778,0.51,0.72,0.34,472.22
French Polynesia,2013,PYF,274736.0,,0.02,0.0,0.15,0.0,0.17,,25.0,2.941,0.0,22.059,0.51,0.68,0.34,500.0
French Polynesia,2014,PYF,276391.0,,0.03,0.0,0.17,0.0,0.2,,29.412,4.412,0.0,25.0,0.48,0.68,0.32,470.59
French Polynesia,2015,PYF,277877.0,,0.03,0.0,0.17,0.0,0.2,,29.412,4.412,0.0,25.0,0.48,0.68,0.32,470.59
French Polynesia,2016,PYF,279180.0,,0.03,0.0,0.18,0.0,0.21,,30.882,4.412,0.0,26.471,0.47,0.68,0.31,455.88
French Polynesia,2017,PYF,280096.0,,0.04,0.0,0.18,0.0,0.22,,31.884,5.797,0.0,26.087,0.47,0.69,0.31,449.28
French Polynesia,2018,PYF,279823.0,,0.04,0.0,0.16,0.0,0.2,,29.412,5.882,0.0,23.529,0.48,0.68,0.32,470.59
French Polynesia,2019,PYF,279040.0,,0.04,0.0,0.16,0.0,0.2,,28.986,5.797,0.0,23.188,0.49,0.69,0.32,463.77
French Polynesia,2020,PYF,279218.0,,0.04,0.0,0.16,0.0,0.2,,30.303,6.061,0.0,24.242,0.46,0.66,0.3,454.55
French Polynesia,2021,PYF,279808.0,,0.05,0.0,0.14,0.0,0.19,,28.788,7.576,0.0,21.212,0.47,0.66,0.31,469.7
French Polynesia,2022,PYF,280388.0,,0.05,0.0,0.19,0.0,0.24,,33.803,7.042,0.0,26.761,0.47,0.71,0.31,436.62
French Polynesia,2023,PYF,281125.0,,0.05,0.0,0.19,0.0,0.24,,33.803,7.042,0.0,26.761,0.47,0.71,0.31,436.62
French Polynesia,2024,PYF,281816.0,,0.06,0.0,0.19,0.0,0.25,,34.722,8.333,0.0,26.389,0.47,0.72,0.31,430.56
G20 (Ember),2000,,,,1.0,30.58,1958.53,169.33,2159.44,,16.573,0.008,0.235,15.031,8474.77,13030.16,6994.32,536.78
G20 (Ember),2001,,,,1.34,37.3,1910.76,164.34,2113.74,,16.028,0.01,0.283,14.489,8603.47,13187.94,7082.2,537.02
G20 (Ember),2002,,,,1.7,51.16,1933.27,178.91,2165.04,,15.884,0.012,0.375,14.184,8958.75,13629.91,7370.41,540.75
G20 (Ember),2003,,,,2.08,61.87,1938.03,191.31,2193.29,,15.527,0.015,0.438,13.72,9482.85,14125.77,7821.47,553.7
G20 (Ember),2004,,,,2.75,83.59,2101.03,206.35,2393.72,,16.196,0.019,0.566,14.216,9824.06,14779.59,8094.76,547.7
G20 (Ember),2005,,,,3.91,101.92,2152.42,226.86,2485.11,,16.182,0.025,0.664,14.015,10302.59,15357.69,8495.69,553.19
G20 (Ember),2006,,,,5.32,130.12,2253.11,239.97,2628.52,,16.484,0.033,0.816,14.13,10718.82,15946.05,8854.69,555.29
G20 (Ember),2007,,,,7.17,167.16,2279.72,260.88,2714.93,,16.261,0.043,1.001,13.654,11443.5,16696.26,9420.9,564.25
G20 (Ember),2008,,,,11.69,216.21,2449.76,279.04,2956.7,,17.394,0.069,1.272,14.412,11509.34,16998.381,9446.75,555.74
G20 (Ember),2009,,,,19.56,270.27,2454.96,298.59,3043.38,,18.091,0.116,1.607,14.593,11279.3,16822.33,9256.8,550.27
G20 (Ember),2010,,,,31.59,338.54,2618.28,337.28,3325.69,,18.531,0.176,1.886,14.589,12057.02,17946.65,9871.54,550.05
G20 (Ember),2011,,,,62.25,430.69,2654.83,353.55,3501.32,,18.846,0.335,2.318,14.289,12632.66,18578.93,10354.79,557.34
G20 (Ember),2012,,,,93.8,518.38,2776.7,380.11,3768.99,,19.888,0.495,2.735,14.652,12915.01,18951.381,10523.81,555.31
G20 (Ember),2013,,,,126.78,619.56,2883.0,410.8,4040.14,,20.737,0.651,3.18,14.797,13156.1,19483.09,10821.28,555.42
G20 (Ember),2014,,,,189.88,686.98,2985.02,447.67,4309.55,,21.565,0.95,3.438,14.937,13344.91,19983.93,10995.99,550.24
G20 (Ember),2015,,,,244.45,803.8,2991.07,475.58,4514.9,,22.438,1.215,3.995,14.865,13231.41,20121.65,10787.41,536.11
G20 (Ember),2016,,,,308.74,930.67,3091.09,485.31,4815.81,,23.292,1.493,4.501,14.95,13437.08,20676.08,10877.58,526.09
G20 (Ember),2017,,,,419.0,1105.38,3081.41,513.38,5119.17,,23.999,1.964,5.182,14.446,13762.86,21330.369,11159.73,523.19
G20 (Ember),2018,,,,541.71,1225.04,3188.88,542.09,5497.72,,24.761,2.44,5.517,14.362,14202.3,22203.051,11516.82,518.7
G20 (Ember),2019,,,,642.51,1364.89,3270.06,568.82,5846.28,,26.003,2.858,6.071,14.545,14042.0,22483.109,11311.52,503.11
G20 (Ember),2020,,,,774.22,1527.38,3365.72,605.74,6273.06,,28.057,3.463,6.831,15.054,13589.02,22358.26,10906.73,487.82
G20 (Ember),2021,,,,941.14,1779.78,3255.71,656.85,6633.48,,28.01,3.974,7.515,13.747,14457.53,23682.631,11671.05,492.81
G20 (Ember),2022,,,,1199.53,2017.44,3276.79,672.81,7166.57,,29.522,4.941,8.311,13.498,14635.54,24275.41,11832.64,487.43
G20 (Ember),2023,,,,1506.35,2218.34,3173.77,684.05,7582.51,,30.465,6.052,8.913,12.752,14781.08,24889.289,11961.14,480.57
G20 (Ember),2024,,,,1954.25,2398.11,3342.98,702.03,8397.37,,32.286,7.514,9.22,12.853,15013.54,26009.641,12144.19,466.91
G20 (Ember),2025,,,,2546.58,2589.72,3311.71,713.79,9161.8,,34.225,9.513,9.674,12.371,14963.0,26769.539,12134.31,453.29
G7 (Ember),2000,,,,0.88,16.86,847.06,117.14,981.94,,13.536,0.012,0.232,11.677,4457.03,7254.1,3625.72,499.82
G7 (Ember),2001,,,,1.19,20.05,767.41,109.13,897.78,,12.51,0.017,0.279,10.693,4430.9,7176.68,3586.68,499.77
G7 (Ember),2002,,,,1.49,29.95,811.77,118.13,961.34,,13.085,0.02,0.408,11.049,4526.75,7346.86,3655.38,497.54
G7 (Ember),2003,,,,1.84,34.94,811.45,125.04,973.27,,13.16,0.025,0.472,10.972,4659.17,7395.44,3766.23,509.26
G7 (Ember),2004,,,,2.46,46.91,815.97,129.78,995.12,,13.206,0.033,0.623,10.829,4680.58,7535.17,3769.57,500.26
G7 (Ember),2005,,,,3.56,55.26,814.05,139.44,1012.31,,13.174,0.046,0.719,10.594,4809.08,7684.02,3858.08,502.09
G7 (Ember),2006,,,,4.86,71.88,840.88,144.54,1062.16,,13.758,0.063,0.931,10.892,4776.24,7720.1,3820.71,494.9
G7 (Ember),2007,,,,6.16,94.08,797.8,152.42,1050.46,,13.377,0.078,1.198,10.159,4980.78,7852.79,3947.0,502.62
G7 (Ember),2008,,,,8.25,121.15,830.55,155.24,1115.19,,14.25,0.105,1.548,10.613,4917.22,7826.14,3881.05,495.91
G7 (Ember),2009,,,,11.64,147.11,836.87,160.33,1155.95,,15.521,0.156,1.975,11.237,4514.98,7447.66,3532.26,474.28
G7 (Ember),2010,,,,19.98,175.2,831.45,172.0,1198.63,,15.482,0.258,2.263,10.739,4723.06,7742.27,3691.74,476.83
G7 (Ember),2011,,,,41.19,222.87,886.06,178.41,1328.53,,17.32,0.537,2.906,11.552,4676.39,7670.33,3620.04,471.95
G7 (Ember),2012,,,,63.96,256.97,857.42,190.78,1369.13,,17.943,0.838,3.368,11.237,4784.67,7630.6,3633.88,476.22
G7 (Ember),2013,,,,82.86,296.3,887.39,206.45,1473.0,,19.255,1.083,3.873,11.6,4678.88,7649.8,3612.71,472.26
G7 (Ember),2014,,,,122.79,322.43,865.2,218.7,1529.12,,20.09,1.613,4.236,11.367,4581.18,7611.37,3534.12,464.32
G7 (Ember),2015,,,,152.76,380.06,838.33,233.63,1604.78,,21.096,2.008,4.996,11.02,4499.93,7607.07,3381.52,444.52
G7 (Ember),2016,,,,179.94,419.41,855.18,232.03,1686.56,,22.064,2.354,5.487,11.188,4473.67,7643.88,3282.03,429.37
G7 (Ember),2017,,,,218.1,489.72,879.9,233.7,1821.42,,23.875,2.859,6.419,11.534,4327.97,7629.03,3179.88,416.81
G7 (Ember),2018,,,,248.86,526.69,890.54,237.14,1903.23,,24.482,3.201,6.775,11.455,4360.57,7774.02,3165.22,407.15
G7 (Ember),2019,,,,271.42,580.87,867.19,236.04,1955.52,,25.582,3.551,7.599,11.344,4182.95,7644.27,2951.44,386.1
G7 (Ember),2020,,,,310.79,648.65,880.5,238.33,2078.27,,28.118,4.205,8.776,11.913,3914.1,7391.21,2704.82,365.95
G7 (Ember),2021,,,,355.5,662.18,838.54,242.31,2098.53,,27.747,4.7,8.755,11.087,4037.25,7563.22,2840.85,375.61
G7 (Ember),2022,,,,422.98,746.91,818.6,235.74,2224.23,,29.145,5.542,9.787,10.726,4120.61,7631.62,2869.97,376.06
G7 (Ember),2023,,,,474.75,768.37,797.48,235.23,2275.83,,30.419,6.346,10.27,10.659,3878.97,7481.58,2643.88,353.39
G7 (Ember),2024,,,,559.65,802.8,813.53,244.73,2420.71,,31.628,7.312,10.489,10.629,3859.7,7653.69,2620.95,342.44
G7 (Ember),2025,,,,685.44,818.56,786.56,253.21,2543.77,,32.489,8.755,10.455,10.046,3893.14,7829.55,2680.96,342.42
Gabon,2000,GAB,1275578.0,12538030035.0,0.0,0.0,0.8,0.01,0.81,,61.832,0.0,0.0,61.069,0.5,1.31,0.4,305.34
Gabon,2001,GAB,1309594.0,13408080502.0,0.0,0.0,0.87,0.01,0.88,,62.857,0.0,0.0,62.143,0.52,1.4,0.43,307.14
Gabon,2002,GAB,1345142.0,13745891364.0,0.0,0.0,0.91,0.01,0.92,,62.585,0.0,0.0,61.905,0.55,1.47,0.45,306.12
Gabon,2003,GAB,1382354.0,14717147740.0,0.0,0.0,0.89,0.01,0.9,,58.824,0.0,0.0,58.17,0.63,1.53,0.5,326.8
Gabon,2004,GAB,1421620.0,15597639635.0,0.0,0.0,0.88,0.01,0.89,,58.17,0.0,0.0,57.516,0.64,1.53,0.51,333.33
Gabon,2005,GAB,1463503.0,16662264363.0,0.0,0.0,0.8,0.01,0.81,,51.592,0.0,0.0,50.955,0.76,1.57,0.59,375.8
Gabon,2006,GAB,1508338.0,17083887620.0,0.0,0.0,0.94,0.01,0.95,,57.229,0.0,0.0,56.627,0.71,1.66,0.56,337.35
Gabon,2007,GAB,1556242.0,19294943982.0,0.0,0.0,0.79,0.01,0.8,,46.243,0.0,0.0,45.665,0.93,1.73,0.7,404.62
Gabon,2008,GAB,1607182.0,19821156608.0,0.0,0.0,0.88,0.01,0.89,,49.171,0.0,0.0,48.619,0.92,1.81,0.73,403.32
Gabon,2009,GAB,1661567.0,21001791917.0,0.0,0.0,0.94,0.01,0.95,,51.913,0.0,0.0,51.366,0.88,1.83,0.73,398.91
Gabon,2010,GAB,1719883.0,23885406357.0,0.0,0.0,0.9,0.01,0.91,,47.15,0.0,0.0,46.632,1.02,1.93,0.86,445.6
Gabon,2011,GAB,1781987.0,27165828850.0,0.0,0.0,0.83,0.01,0.84,,41.379,0.0,0.0,40.887,1.19,2.03,1.0,492.61
Gabon,2012,GAB,1846893.0,28592310064.0,0.0,0.0,0.9,0.01,0.91,,42.13,0.0,0.0,41.667,1.25,2.16,1.04,481.48
Gabon,2013,GAB,1913061.0,30169739768.0,0.0,0.0,0.93,0.01,0.94,,44.976,0.0,0.0,44.498,1.15,2.09,0.95,454.55
Gabon,2014,GAB,1978400.0,31507773384.0,0.0,0.0,0.79,0.01,0.8,,40.201,0.0,0.0,39.698,1.19,1.99,0.99,497.49
Gabon,2015,GAB,2040990.0,32729961516.0,0.0,0.0,0.91,0.01,0.92,,43.396,0.0,0.0,42.925,1.2,2.12,1.01,476.42
Gabon,2016,GAB,2100310.0,33414337569.0,0.0,0.0,0.82,0.01,0.83,,37.9,0.0,0.0,37.443,1.36,2.19,1.15,525.11
Gabon,2017,GAB,2156902.0,33572391290.0,0.0,0.0,0.93,0.01,0.94,,41.964,0.0,0.0,41.518,1.3,2.24,1.11,495.54
Gabon,2018,GAB,2212320.0,33855404131.0,0.0,0.0,1.3,0.01,1.31,,47.122,0.0,0.0,46.763,1.47,2.78,1.22,438.85
Gabon,2019,GAB,2267711.0,35180839675.0,0.0,0.0,1.31,0.01,1.32,,46.479,0.0,0.0,46.127,1.52,2.84,1.26,443.66
Gabon,2020,GAB,2322538.0,34525072669.0,0.0,0.0,1.42,0.01,1.43,,48.805,0.0,0.0,48.464,1.5,2.93,1.24,423.21
Gabon,2021,GAB,2376729.0,35037430976.0,0.0,0.0,1.37,0.01,1.38,,46.622,0.0,0.0,46.284,1.58,2.96,1.3,439.19
Gabon,2022,GAB,2430750.0,36035291983.0,0.0,0.0,1.52,0.01,1.53,,47.962,0.0,0.0,47.649,1.66,3.19,1.37,429.47
Gabon,2023,GAB,2484790.0,36035291983.0,0.0,0.0,0.91,0.01,0.92,,35.521,0.0,0.0,35.135,1.67,2.59,1.36,525.1
Gabon,2024,GAB,2538953.0,36035291983.0,0.0,0.0,0.91,0.01,0.92,,35.385,0.0,0.0,35.0,1.68,2.6,1.36,523.08
Gambia,2000,GMB,1455095.0,1955249650.0,0.0,0.0,0.0,0.0,0.0,,0.0,0.0,0.0,0.0,0.13,0.13,0.09,692.31
Gambia,2001,GMB,1495023.0,2082662873.0,0.0,0.0,0.0,0.0,0.0,,0.0,0.0,0.0,0.0,0.15,0.15,0.1,666.67
Gambia,2002,GMB,1535700.0,2108436308.0,0.0,0.0,0.0,0.0,0.0,,0.0,0.0,0.0,0.0,0.15,0.15,0.1,666.67
Gambia,2003,GMB,1577619.0,2172586623.0,0.0,0.0,0.0,0.0,0.0,,0.0,0.0,0.0,0.0,0.17,0.17,0.11,647.06
Gambia,2004,GMB,1621309.0,2391385185.0,0.0,0.0,0.0,0.0,0.0,,0.0,0.0,0.0,0.0,0.19,0.19,0.13,684.21
Gambia,2005,GMB,1667035.0,2386414713.0,0.0,0.0,0.0,0.0,0.0,,0.0,0.0,0.0,0.0,0.2,0.2,0.13,650.0
Gambia,2006,GMB,1715285.0,2432257588.0,0.0,0.0,0.0,0.0,0.0,,0.0,0.0,0.0,0.0,0.22,0.22,0.14,636.36
Gambia,2007,GMB,1765778.0,2539291281.0,0.0,0.0,0.0,0.0,0.0,,0.0,0.0,0.0,0.0,0.23,0.23,0.15,652.17
Gambia,2008,GMB,1817859.0,2704420689.0,0.0,0.0,0.0,0.0,0.0,,0.0,0.0,0.0,0.0,0.24,0.24,0.16,666.67
Gambia,2009,GMB,1871428.0,2899496318.0,0.0,0.0,0.0,0.0,0.0,,0.0,0.0,0.0,0.0,0.24,0.24,0.16,666.67
Gambia,2010,GMB,1926634.0,3111135545.0,0.0,0.0,0.0,0.0,0.0,,0.0,0.0,0.0,0.0,0.25,0.25,0.16,640.0
Gambia,2011,GMB,1983785.0,3000862000.0,0.0,0.0,0.0,0.0,0.0,,0.0,0.0,0.0,0.0,0.25,0.25,0.16,640.0
Gambia,2012,GMB,2043097.0,3174000000.0,0.0,0.0,0.0,0.0,0.0,,0.0,0.0,0.0,0.0,0.25,0.25,0.16,640.0
Gambia,2013,GMB,2103825.0,3327261000.0,0.0,0.0,0.0,0.0,0.0,,0.0,0.0,0.0,0.0,0.25,0.25,0.16,640.0
Gambia,2014,GMB,2164535.0,3357018000.0,0.0,0.0,0.0,0.0,0.0,,0.0,0.0,0.0,0.0,0.25,0.25,0.16,640.0
Gambia,2015,GMB,2224530.0,3514848000.0,0.0,0.0,0.0,0.0,0.0,,0.0,0.0,0.0,0.0,0.28,0.28,0.18,642.86
Gambia,2016,GMB,2283775.0,3558432648.0,0.0,0.0,0.0,0.0,0.0,,0.0,0.0,0.0,0.0,0.3,0.3,0.2,666.67
Gambia,2017,GMB,2342191.0,3704517995.0,0.0,0.0,0.0,0.0,0.0,,0.0,0.0,0.0,0.0,0.31,0.31,0.2,645.16
Gambia,2018,GMB,2399633.0,3947001965.0,0.0,0.0,0.0,0.0,0.0,,0.0,0.0,0.0,0.0,0.39,0.39,0.26,666.67
Gambia,2019,GMB,2456847.0,4192588256.0,0.0,0.0,0.0,0.0,0.0,,0.0,0.0,0.0,0.0,0.46,0.46,0.3,652.17
Gambia,2020,GMB,2515744.0,4217390293.0,0.0,0.0,0.0,0.0,0.0,,0.0,0.0,0.0,0.0,0.48,0.48,0.32,666.67
Gambia,2021,GMB,2576015.0,4439051582.0,0.0,0.0,0.0,0.0,0.0,,0.0,0.0,0.0,0.0,0.5,0.5,0.33,660.0
Gambia,2022,GMB,2636472.0,4656793663.0,0.0,0.0,0.0,0.0,0.0,,0.0,0.0,0.0,0.0,0.51,0.51,0.34,666.67
Gambia,2023,GMB,2697846.0,4656793663.0,0.0,0.0,0.0,0.0,0.0,,0.0,0.0,0.0,0.0,0.51,0.51,0.34,666.67
Gambia,2024,GMB,2759999.0,4656793663.0,0.0,0.0,0.0,0.0,0.0,,0.0,0.0,0.0,0.0,0.51,0.51,0.34,666.67
Georgia,2000,GEO,4328361.0,23550477143.0,0.0,0.0,5.8,0.0,5.8,,78.804,0.0,0.0,78.804,1.56,7.36,1.12,152.17
Georgia,2001,GEO,4209641.0,24543619701.0,0.0,0.0,5.49,0.0,5.49,,79.797,0.0,0.0,79.797,1.39,6.88,1.01,146.8
Georgia,2002,GEO,4127854.0,25794086372.0,0.0,0.0,6.7,0.0,6.7,,93.185,0.0,0.0,93.185,0.49,7.19,0.47,65.37
Georgia,2003,GEO,4085489.0,28539726793.0,0.0,0.0,6.46,0.0,6.46,,90.986,0.0,0.0,90.986,0.64,7.1,0.55,77.47
Georgia,2004,GEO,4056076.0,30055110813.0,0.0,0.0,5.99,0.0,5.99,,87.318,0.0,0.0,87.318,0.87,6.86,0.69,100.58
Georgia,2005,GEO,4026135.0,32780625465.0,0.0,0.0,6.17,0.0,6.17,,85.694,0.0,0.0,85.694,1.03,7.2,0.8,111.11
Georgia,2006,GEO,3996584.0,35705812889.0,0.0,0.0,5.26,0.0,5.26,,70.415,0.0,0.0,70.415,2.21,7.47,1.5,200.8
Georgia,2007,GEO,3967592.0,40006939154.0,0.0,0.0,6.75,0.0,6.75,,79.412,0.0,0.0,79.412,1.75,8.5,1.26,148.24
Georgia,2008,GEO,3941192.0,40781279289.0,0.0,0.0,7.09,0.0,7.09,,84.606,0.0,0.0,84.606,1.29,8.38,0.98,116.95
Georgia,2009,GEO,3918935.0,39112877651.0,0.0,0.0,7.34,0.0,7.34,,88.115,0.0,0.0,88.115,0.99,8.33,0.79,94.84
Georgia,2010,GEO,3895932.0,41359835742.0,0.0,0.0,9.27,0.0,9.27,,93.166,0.0,0.0,93.166,0.68,9.95,0.65,65.33
Georgia,2011,GEO,3868724.0,44138043878.0,0.0,0.0,7.81,0.0,7.81,,77.944,0.0,0.0,77.944,2.21,10.02,1.58,157.69
Georgia,2012,GEO,3839208.0,46970386649.0,0.0,0.0,7.15,0.0,7.15,,74.324,0.0,0.0,74.324,2.47,9.62,1.71,177.76
Georgia,2013,GEO,3809128.0,48668828674.0,0.0,0.0,8.19,0.0,8.19,,82.064,0.0,0.0,82.064,1.79,9.98,1.31,131.26
Georgia,2014,GEO,3792921.0,50830708616.0,0.0,0.0,8.25,0.0,8.25,,80.175,0.0,0.0,80.175,2.04,10.29,1.48,143.83
Georgia,2015,GEO,3791570.0,52369351007.0,0.0,0.0,8.37,0.0,8.37,,77.86,0.0,0.0,77.86,2.38,10.75,1.69,157.21
Georgia,2016,GEO,3792061.0,53891203471.0,0.0,0.01,9.24,0.0,9.25,,80.505,0.0,0.087,80.418,2.24,11.49,1.63,141.86
Georgia,2017,GEO,3792860.0,56501161966.0,0.0,0.09,9.12,0.0,9.21,,80.507,0.0,0.787,79.72,2.23,11.44,1.62,141.61
Georgia,2018,GEO,3794881.0,59237502380.0,0.0,0.08,9.85,0.0,9.93,,82.475,0.0,0.664,81.811,2.11,12.04,1.55,128.74
Georgia,2019,GEO,3796722.0,62188716739.0,0.0,0.09,8.93,0.0,9.02,,76.054,0.0,0.759,75.295,2.84,11.86,1.99,167.79
Georgia,2020,GEO,3795680.0,57984758412.0,0.0,0.09,8.25,0.0,8.34,,74.731,0.0,0.806,73.925,2.82,11.16,1.96,175.63
Georgia,2021,GEO,3788450.0,64053441556.0,0.0,0.08,10.18,0.0,10.26,,81.171,0.0,0.633,80.538,2.38,12.64,1.73,136.87
Georgia,2022,GEO,3794782.0,70528605169.0,0.0,0.09,10.77,0.0,10.86,,76.211,0.0,0.632,75.579,3.39,14.25,2.38,167.02
Georgia,2023,GEO,3807494.0,70528605169.0,0.03,0.09,10.86,0.0,10.98,,76.091,0.208,0.624,75.26,3.45,14.43,2.42,167.71
Georgia,2024,GEO,3807668.0,70528605169.0,0.03,0.09,11.0,0.0,11.12,,79.828,0.215,0.646,78.966,2.81,13.93,2.02,145.01
Georgia,2025,GEO,3806669.0,70528605169.0,0.03,0.08,10.64,0.0,10.75,,79.63,0.222,0.593,78.815,2.75,13.5,1.97,145.93
Germany,1965,DEU,75966968.0,1107504064578.0,0.0,0.0,16.212,0.0,16.212,1.518,,,,,,,,
Germany,1966,DEU,76611025.0,1140349155937.0,0.0,0.0,17.534,0.0,17.534,1.638,,,,,,,,
Germany,1967,DEU,76970794.0,1143923059359.0,0.0,0.0,16.652,0.0,16.652,1.559,,,,,,,,
Germany,1968,DEU,77321280.0,1204136496632.0,0.0,0.0,16.899,0.0,16.899,1.482,,,,,,,,
Germany,1969,DEU,77944022.0,1283751483890.0,0.0,0.0,13.713,0.0,13.713,1.115,,,,,,,,
Germany,1970,DEU,78205103.0,1343859725507.0,0.0,0.0,17.534,0.92,18.454,1.43,,,,,,,,
Germany,1971,DEU,78345876.0,1383509131023.0,0.0,0.0,13.455,1.001,14.456,1.113,,,,,,,,
Germany,1972,DEU,78719924.0,1440601389742.0,0.0,0.0,13.206,1.019,14.225,1.058,,,,,,,,
Germany,1973,DEU,78966975.0,1505896472437.0,0.0,0.0,15.229,1.053,16.283,1.145,,,,,,,,
Germany,1974,DEU,78996691.0,1518360951937.0,0.0,0.0,17.638,1.076,18.714,1.338,,,,,,,,
Germany,1975,DEU,78701861.0,1510149923703.0,0.0,0.0,17.059,1.125,18.184,1.354,,,,,,,,
Germany,1976,DEU,78364503.0,1583048234281.0,0.0,0.0,13.847,1.278,15.125,1.058,,,,,,,,
Germany,1977,DEU,78185560.0,1628636036117.0,0.0,0.0,17.582,1.247,18.829,1.318,,,,,,,,
Germany,1978,DEU,78115357.0,1674283009992.0,0.0,0.0,18.362,1.317,19.68,1.329,,,,,,,,
Germany,1979,DEU,78147898.0,1741603152539.0,0.0,0.0,18.384,1.443,19.827,1.27,,,,,,,,
Germany,1980,DEU,78315373.0,1761467996906.0,0.0,0.0,19.069,1.966,21.035,1.397,,,,,,,,
Germany,1981,DEU,78448044.0,1768196429703.0,0.0,0.0,19.915,1.804,21.719,1.487,,,,,,,,
Germany,1982,DEU,78393670.0,1753143244687.0,0.0,0.0,19.738,1.799,21.537,1.529,,,,,,,,
Germany,1983,DEU,78224137.0,1784298628750.0,0.0,0.0,18.712,1.54,20.252,1.416,,,,,,,,
Germany,1984,DEU,77998197.0,1834585161062.0,0.0,0.0,18.479,1.643,20.122,1.358,,,,,,,,
Germany,1985,DEU,77863423.0,1874769842531.0,0.0,0.0,17.401,1.644,19.045,1.25,3.645,0.0,0.0,3.33,350.46,522.534,,
Germany,1986,DEU,77923806.0,1916181384234.0,0.0,0.001,18.572,1.596,20.169,1.333,3.852,0.0,0.0,3.547,358.766,523.557,,
Germany,1987,DEU,78062321.0,1945055815890.0,0.0,0.002,20.343,1.446,21.791,1.426,4.093,0.0,0.0,3.821,355.246,532.442,,
Germany,1988,DEU,78385992.0,2009989460679.0,0.0,0.008,20.079,1.638,21.725,1.419,3.954,0.0,0.001,3.654,355.32,549.492,,
Germany,1989,DEU,79007062.0,2075675216851.0,0.0,0.026,18.244,1.749,20.019,1.324,3.576,0.0,0.005,3.259,362.116,559.873,,
Germany,1990,DEU,79707963.0,2015547498359.0,0.0,0.07,17.43,1.6,19.1,1.264,3.522,0.0,0.013,3.214,370.69,542.26,,622.23
Germany,1991,DEU,80303190.0,2141316417831.0,0.0,0.22,14.89,1.87,16.98,1.202,3.168,0.0,0.041,2.778,371.81,536.02,,628.22
Germany,1992,DEU,80934901.0,2204952392823.0,0.0,0.29,17.4,2.04,19.73,1.438,3.696,0.0,0.054,3.26,355.24,533.77,,605.13
Germany,1993,DEU,81486771.0,2206290854718.0,0.0,0.67,17.88,1.97,20.52,1.498,3.941,0.0,0.129,3.434,346.92,520.72,,607.79
Germany,1994,DEU,81773613.0,2283952742009.0,0.0,1.43,19.93,2.07,23.43,1.646,4.497,0.0,0.274,3.825,346.92,521.05,,604.32
Germany,1995,DEU,82019890.0,2347761113534.0,0.0,1.71,21.78,2.43,25.92,1.788,4.884,0.0,0.322,4.104,351.71,530.72,,596.38
Germany,1996,DEU,82263195.0,2391519573153.0,0.01,2.08,21.96,2.5,26.55,1.593,4.843,0.002,0.379,4.006,361.66,548.23,,591.34
Germany,1997,DEU,82389631.0,2461046373781.0,0.01,3.03,17.36,2.65,23.05,1.709,4.219,0.002,0.555,3.177,352.99,546.37,,575.31
Germany,1998,DEU,82011933.0,2535903706522.0,0.01,4.59,17.22,3.06,24.88,1.868,4.53,0.002,0.836,3.135,362.74,549.26,,587.04
Germany,1999,DEU,81678279.0,2613176576967.0,0.02,5.53,19.65,3.51,28.71,2.112,5.227,0.004,1.007,3.577,350.56,549.27,,566.43
Germany,2000,DEU,81797255.0,2718560455818.0,0.0,9.35,21.73,4.33,35.41,2.738,6.224,0.0,1.643,3.819,363.93,568.95,326.1,573.16
Germany,2001,DEU,81933882.0,2793373055251.0,0.1,10.46,22.73,4.59,37.88,2.798,6.543,0.017,1.807,3.926,369.76,578.94,327.38,565.48
Germany,2002,DEU,82068328.0,2822441773260.0,0.2,15.86,23.12,5.31,44.49,3.365,7.621,0.034,2.717,3.961,374.43,583.76,332.52,569.62
Germany,2003,DEU,82111619.0,2831676106520.0,0.31,19.09,18.32,8.95,46.67,3.477,7.752,0.051,3.171,3.043,390.3,602.03,343.16,570.01
Germany,2004,DEU,82092706.0,2894624877966.0,0.56,26.02,20.75,10.64,57.97,4.316,9.51,0.092,4.268,3.404,384.56,609.6,338.15,554.71
Germany,2005,DEU,82046733.0,2945460930734.0,1.31,27.77,19.64,14.71,63.43,4.992,10.342,0.214,4.528,3.202,386.86,613.34,335.07,546.3
Germany,2006,DEU,81701971.0,3086359147617.0,2.27,31.32,20.03,18.94,72.56,5.797,11.514,0.36,4.97,3.178,390.37,630.2,337.92,536.21
Germany,2007,DEU,81298546.0,3220275669650.0,3.14,40.51,21.17,24.62,89.44,7.37,14.172,0.498,6.419,3.354,401.13,631.1,348.25,551.81
Germany,2008,DEU,81110780.0,3289020399474.0,4.51,41.38,20.44,28.04,94.37,7.523,14.925,0.713,6.544,3.233,389.43,632.29,332.21,525.41
Germany,2009,DEU,80935276.0,3136502162046.0,6.72,39.42,19.03,30.91,96.08,8.147,16.341,1.143,6.705,3.237,356.95,587.96,306.65,521.55
Germany,2010,DEU,80830916.0,3301123203586.0,11.96,38.55,20.95,33.95,105.41,8.465,16.887,1.916,6.176,3.356,378.24,624.21,322.5,516.65
Germany,2011,DEU,80857877.0,3467712967640.0,19.99,49.86,17.67,36.91,124.43,10.168,20.567,3.304,8.241,2.921,372.6,605.0,320.45,529.67
Germany,2012,DEU,80916391.0,3482225441398.0,26.74,51.68,21.75,43.23,143.4,11.46,23.136,4.314,8.338,3.509,376.95,619.81,331.08,534.16
Germany,2013,DEU,81041581.0,3497463140441.0,30.62,52.74,23.0,45.59,151.95,11.603,24.131,4.863,8.376,3.653,380.45,629.69,338.8,538.04
Germany,2014,DEU,81376078.0,3574741315261.0,35.45,58.5,19.59,48.39,161.93,12.84,26.171,5.729,9.455,3.166,359.69,618.75,322.79,521.68
Germany,2015,DEU,82077546.0,3628073946157.0,38.08,80.62,18.98,50.46,188.14,14.318,29.435,5.958,12.613,2.969,359.24,639.17,321.88,503.59
Germany,2016,DEU,82760102.0,3708979940863.0,37.56,79.92,20.55,51.1,189.13,14.101,29.482,5.855,12.458,3.203,367.76,641.52,319.67,498.3
Germany,2017,DEU,83104010.0,3808389445530.0,38.76,105.69,20.15,51.08,215.68,15.388,33.467,6.014,16.4,3.127,352.46,644.46,302.71,469.71
Germany,2018,DEU,83368507.0,3845758522294.0,44.32,109.95,17.69,50.97,222.93,16.263,35.258,7.01,17.389,2.798,333.35,632.28,287.4,454.55
Germany,2019,DEU,83559184.0,3886392581475.0,45.22,125.89,19.73,50.33,241.17,17.811,40.189,7.536,20.979,3.288,283.85,600.09,235.54,392.51
Germany,2020,DEU,83628711.0,3742721113842.0,49.5,132.11,18.72,51.16,251.49,20.017,44.374,8.734,23.31,3.303,250.88,566.75,201.54,355.61
Germany,2021,DEU,83697080.0,3841041747482.0,49.34,114.16,19.66,49.34,232.5,18.082,40.167,8.524,19.723,3.397,277.2,578.83,228.43,394.64
Germany,2022,DEU,84086227.0,3909612753939.0,60.3,124.81,17.62,48.81,251.54,20.329,44.373,10.637,22.017,3.108,280.63,566.88,237.94,419.74
Germany,2023,DEU,84548233.0,3909612753939.0,63.87,140.54,21.24,51.45,277.1,23.603,54.685,12.605,27.735,4.192,222.4,506.72,183.9,362.92
Germany,2024,DEU,84552234.0,3909612753939.0,74.13,141.6,23.83,51.3,290.86,23.968,58.642,14.946,28.549,4.805,205.13,495.99,166.84,336.38
Germany,2025,DEU,84075075.0,3909612753939.0,89.62,136.03,19.56,50.53,295.74,23.968,59.092,17.907,27.18,3.908,204.73,500.47,164.98,329.65
Ghana,2000,GHA,19637085.0,41569375833.0,0.0,0.0,6.54,0.01,6.55,,91.353,0.0,0.0,91.213,0.62,7.17,0.57,79.5
Ghana,2001,GHA,20167073.0,43462708607.0,0.0,0.0,6.54,0.01,6.55,,83.867,0.0,0.0,83.739,1.26,7.81,0.99,126.76
Ghana,2002,GHA,20729392.0,45606385848.0,0.0,0.0,4.99,0.01,5.0,,68.776,0.0,0.0,68.638,2.27,7.27,1.61,221.46
Ghana,2003,GHA,21296710.0,48182826322.0,0.0,0.0,3.85,0.01,3.86,,65.646,0.0,0.0,65.476,2.02,5.88,1.42,241.5
Ghana,2004,GHA,21868298.0,51015950853.0,0.0,0.0,5.23,0.01,5.24,,87.333,0.0,0.0,87.167,0.76,6.0,0.62,103.33
Ghana,2005,GHA,22449446.0,54178109578.0,0.0,0.0,5.57,0.01,5.58,,82.789,0.0,0.0,82.641,1.16,6.74,0.89,132.05
Ghana,2006,GHA,23040704.0,57735681030.0,0.0,0.0,5.56,0.01,5.57,,66.389,0.0,0.0,66.269,2.82,8.39,1.99,237.19
Ghana,2007,GHA,23642284.0,60409358255.0,0.0,0.0,3.69,0.01,3.7,,53.161,0.0,0.0,53.017,3.26,6.96,2.24,321.84
Ghana,2008,GHA,24249945.0,66155974151.0,0.0,0.0,6.13,0.02,6.15,,73.918,0.0,0.0,73.678,2.17,8.32,1.58,189.9
Ghana,2009,GHA,24862667.0,69564814012.0,0.0,0.0,6.81,0.02,6.83,,76.398,0.0,0.0,76.174,2.11,8.94,1.55,173.38
Ghana,2010,GHA,25475000.0,75296610301.0,0.0,0.0,6.93,0.02,6.95,,68.676,0.0,0.0,68.478,3.17,10.12,2.33,230.24
Ghana,2011,GHA,26095091.0,86160263888.0,0.0,0.0,7.49,0.02,7.51,,66.401,0.0,0.0,66.225,3.8,11.31,2.87,253.76
Ghana,2012,GHA,26734273.0,93421855305.0,0.0,0.0,7.99,0.02,8.01,,65.926,0.0,0.0,65.761,4.14,12.15,3.05,251.03
Ghana,2013,GHA,27386193.0,100187456075.0,0.0,0.0,8.15,0.02,8.17,,62.895,0.0,0.0,62.741,4.82,12.99,3.46,266.36
Ghana,2014,GHA,28041592.0,103048820009.0,0.0,0.0,8.3,0.02,8.32,,63.609,0.0,0.0,63.456,4.76,13.08,3.52,269.11
Ghana,2015,GHA,28696071.0,105234477793.0,0.0,0.0,5.79,0.02,5.81,,49.914,0.0,0.0,49.742,5.83,11.64,4.3,369.42
Ghana,2016,GHA,29356736.0,108784039058.0,0.03,0.0,5.51,0.02,5.56,,42.217,0.228,0.0,41.838,7.61,13.17,5.4,410.02
Ghana,2017,GHA,30008364.0,117627099029.0,0.03,0.0,5.62,0.02,5.67,,42.632,0.226,0.0,42.256,7.63,13.3,5.42,407.52
Ghana,2018,GHA,30637592.0,124919973796.0,0.03,0.0,6.02,0.02,6.07,,40.711,0.201,0.0,40.376,8.84,14.91,6.29,421.87
Ghana,2019,GHA,31258943.0,133049773378.0,0.05,0.0,7.25,0.02,7.32,,42.312,0.289,0.0,41.908,9.98,17.3,7.21,416.76
Ghana,2020,GHA,31887802.0,133733644694.0,0.06,0.0,7.29,0.02,7.37,,37.354,0.304,0.0,36.949,12.36,19.73,9.06,459.2
Ghana,2021,GHA,32518662.0,140896419821.0,0.13,0.0,7.53,0.02,7.68,,34.783,0.589,0.0,34.103,14.4,22.08,10.56,478.26
Ghana,2022,GHA,33149152.0,145431875240.0,0.16,0.0,8.19,0.02,8.37,,36.047,0.689,0.0,35.271,14.85,23.22,10.9,469.42
Ghana,2023,GHA,33787916.0,145431875240.0,0.15,0.0,9.19,0.02,9.36,,38.519,0.617,0.0,37.819,14.94,24.3,11.0,452.68
Ghana,2024,GHA,34427417.0,145431875240.0,0.17,0.0,8.6,0.02,8.79,,36.218,0.7,0.0,35.435,15.48,24.27,11.38,468.89
Gibraltar,2000,GIB,27734.0,,0.0,0.0,0.0,0.0,0.0,,0.0,0.0,0.0,0.0,0.13,0.13,0.09,692.31
Gibraltar,2001,GIB,27685.0,,0.0,0.0,0.0,0.0,0.0,,0.0,0.0,0.0,0.0,0.13,0.13,0.09,692.31
Gibraltar,2002,GIB,27850.0,,0.0,0.0,0.0,0.0,0.0,,0.0,0.0,0.0,0.0,0.13,0.13,0.09,692.31
Gibraltar,2003,GIB,28301.0,,0.0,0.0,0.0,0.0,0.0,,0.0,0.0,0.0,0.0,0.13,0.13,0.09,692.31
Gibraltar,2004,GIB,28741.0,,0.0,0.0,0.0,0.0,0.0,,0.0,0.0,0.0,0.0,0.14,0.14,0.09,642.86
Gibraltar,2005,GIB,29191.0,,0.0,0.0,0.0,0.0,0.0,,0.0,0.0,0.0,0.0,0.14,0.14,0.09,642.86
Gibraltar,2006,GIB,29620.0,,0.0,0.0,0.0,0.0,0.0,,0.0,0.0,0.0,0.0,0.15,0.15,0.1,666.67
Gibraltar,2007,GIB,30032.0,,0.0,0.0,0.0,0.0,0.0,,0.0,0.0,0.0,0.0,0.16,0.16,0.11,687.5
Gibraltar,2008,GIB,30431.0,,0.0,0.0,0.0,0.0,0.0,,0.0,0.0,0.0,0.0,0.17,0.17,0.11,647.06
Gibraltar,2009,GIB,30847.0,,0.0,0.0,0.0,0.0,0.0,,0.0,0.0,0.0,0.0,0.17,0.17,0.11,647.06
Gibraltar,2010,GIB,31271.0,,0.0,0.0,0.0,0.0,0.0,,0.0,0.0,0.0,0.0,0.18,0.18,0.12,666.67
Gibraltar,2011,GIB,31685.0,,0.0,0.0,0.0,0.0,0.0,,0.0,0.0,0.0,0.0,0.17,0.17,0.11,647.06
Gibraltar,2012,GIB,32054.0,,0.0,0.0,0.0,0.0,0.0,,0.0,0.0,0.0,0.0,0.18,0.18,0.12,666.67
Gibraltar,2013,GIB,32429.0,,0.0,0.0,0.0,0.0,0.0,,0.0,0.0,0.0,0.0,0.19,0.19,0.13,684.21
Gibraltar,2014,GIB,32836.0,,0.0,0.0,0.0,0.0,0.0,,0.0,0.0,0.0,0.0,0.2,0.2,0.13,650.0
Gibraltar,2015,GIB,33214.0,,0.0,0.0,0.0,0.0,0.0,,0.0,0.0,0.0,0.0,0.22,0.22,0.14,636.36
Gibraltar,2016,GIB,33682.0,,0.0,0.0,0.0,0.0,0.0,,0.0,0.0,0.0,0.0,0.21,0.21,0.14,666.67
Gibraltar,2017,GIB,34267.0,,0.0,0.0,0.0,0.0,0.0,,0.0,0.0,0.0,0.0,0.21,0.21,0.14,666.67
Gibraltar,2018,GIB,34883.0,,0.0,0.0,0.0,0.0,0.0,,0.0,0.0,0.0,0.0,0.22,0.22,0.14,636.36
Gibraltar,2019,GIB,35518.0,,0.0,0.0,0.0,0.0,0.0,,0.0,0.0,0.0,0.0,0.22,0.22,0.14,636.36
Gibraltar,2020,GIB,36198.0,,0.0,0.0,0.0,0.0,0.0,,0.0,0.0,0.0,0.0,0.21,0.21,0.12,571.43
Gibraltar,2021,GIB,36881.0,,0.0,0.0,0.0,0.0,0.0,,0.0,0.0,0.0,0.0,0.23,0.23,0.13,565.22
Gibraltar,2022,GIB,37631.0,,0.0,0.0,0.0,0.0,0.0,,0.0,0.0,0.0,0.0,0.21,0.21,0.12,571.43
Gibraltar,2023,GIB,38493.0,,0.0,0.0,0.0,0.0,0.0,,0.0,0.0,0.0,0.0,0.23,0.23,0.14,608.7
Gibraltar,2024,GIB,39351.0,,0.0,0.0,0.0,0.0,0.0,,0.0,0.0,0.0,0.0,0.22,0.22,0.13,590.91
Greece,1965,GRC,8521368.0,61451243327.0,0.0,0.0,0.801,0.0,0.801,2.816,,,,,,,,
Greece,1966,GRC,8579991.0,65205340849.0,0.0,0.0,1.73,0.0,1.73,5.566,,,,,,,,
Greece,1967,GRC,8655153.0,68790155578.0,0.0,0.0,1.66,0.0,1.66,4.849,,,,,,,,
Greece,1968,GRC,8717916.0,73369978458.0,0.0,0.0,1.368,0.0,1.368,3.843,,,,,,,,
Greece,1969,GRC,8747069.0,80630470908.0,0.0,0.0,2.055,0.0,2.055,5.47,,,,,,,,
Greece,1970,GRC,8747778.0,87048776074.0,0.0,0.0,2.636,0.0,2.636,6.318,,,,,,,,
Greece,1971,GRC,8787031.0,93246910526.0,0.0,0.0,2.652,0.0,2.652,5.332,,,,,,,,
Greece,1972,GRC,8849379.0,104841366430.0,0.0,0.0,2.677,0.0,2.677,4.796,,,,,,,,
Greece,1973,GRC,8893404.0,108952706609.0,0.0,0.0,2.223,0.0,2.223,3.459,,,,,,,,
Greece,1974,GRC,8929111.0,104999066593.0,0.0,0.0,2.347,0.0,2.347,3.736,,,,,,,,
Greece,1975,GRC,9016969.0,111353885381.0,0.0,0.0,2.015,0.0,2.015,2.828,,,,,,,,
Greece,1976,GRC,9160211.0,118430933161.0,0.0,0.0,1.879,0.0,1.879,2.386,,,,,,,,
Greece,1977,GRC,9282025.0,122480960308.0,0.0,0.0,1.922,0.0,1.922,2.354,,,,,,,,
Greece,1978,GRC,9389966.0,130699231523.0,0.0,0.0,2.988,0.0,2.988,3.599,,,,,,,,
Greece,1979,GRC,9526008.0,135518423132.0,0.0,0.0,3.566,0.0,3.566,4.894,,,,,,,,
Greece,1980,GRC,9653419.0,137887819824.0,0.0,0.0,3.405,0.0,3.405,4.717,,,,,,,,
Greece,1981,GRC,9754398.0,137962177460.0,0.0,0.0,3.407,0.0,3.407,4.831,,,,,,,,
Greece,1982,GRC,9837470.0,138508058074.0,0.0,0.0,3.561,0.0,3.561,4.982,,,,,,,,
Greece,1983,GRC,9911493.0,139066318621.0,0.0,0.0,2.34,0.0,2.34,3.252,,,,,,,,
Greece,1984,GRC,9978779.0,142899252766.0,0.0,0.0,2.862,0.0,2.862,3.811,,,,,,,,
Greece,1985,GRC,10037038.0,147360306005.0,0.0,0.0,2.805,0.0,2.805,3.535,10.112,0.0,0.0,10.112,,27.74,,
Greece,1986,GRC,10088766.0,149738266153.0,0.0,0.0,3.235,0.0,3.235,4.07,11.457,0.0,0.0,11.457,,28.237,,
Greece,1987,GRC,10134533.0,149058782062.0,0.0,0.001,2.78,0.0,2.781,3.198,9.187,0.0,0.003,9.183,,30.272,,
Greece,1988,GRC,10177007.0,155690542546.0,0.0,0.001,2.366,0.0,2.367,2.577,7.088,0.0,0.003,7.085,,33.394,,
Greece,1989,GRC,10218041.0,161665833838.0,0.0,0.001,1.9,0.0,1.901,1.908,5.517,0.0,0.003,5.514,,34.456,,
Greece,1990,GRC,10258494.0,161708974933.0,0.0,0.0,1.77,0.0,1.77,1.714,5.175,0.0,0.0,5.175,32.43,34.2,,884.21
Greece,1991,GRC,10306645.0,167630714744.0,0.0,0.0,3.1,0.0,3.1,2.961,8.809,0.0,0.0,8.809,32.09,35.19,,838.59
Greece,1992,GRC,10359895.0,170259945599.0,0.0,0.01,2.2,0.0,2.21,2.074,6.012,0.0,0.027,5.985,34.55,36.76,,870.51
Greece,1993,GRC,10412752.0,168977989489.0,0.0,0.05,2.28,0.0,2.33,2.157,6.175,0.0,0.133,6.043,35.4,37.73,,877.02
Greece,1994,GRC,10466266.0,173829055414.0,0.0,0.04,2.6,0.0,2.64,2.4,6.597,0.0,0.1,6.497,37.38,40.02,,875.81
Greece,1995,GRC,10519233.0,178710456938.0,0.0,0.03,3.53,0.0,3.56,3.131,8.696,0.0,0.073,8.622,37.38,40.94,,848.8
Greece,1996,GRC,10570083.0,185480705042.0,0.0,0.04,4.35,0.0,4.39,3.76,10.41,0.0,0.095,10.315,37.78,42.17,,835.19
Greece,1997,GRC,10622327.0,195536972604.0,0.0,0.04,3.88,0.0,3.92,3.265,9.157,0.0,0.093,9.063,38.89,42.81,,850.5
Greece,1998,GRC,10675411.0,204984690770.0,0.0,0.07,3.72,0.0,3.79,2.971,8.293,0.0,0.153,8.14,41.91,45.7,,850.77
Greece,1999,GRC,10727953.0,213181329734.0,0.0,0.16,4.59,0.0,4.75,3.733,9.716,0.0,0.327,9.388,44.14,48.89,,819.8
Greece,2000,GRC,10782638.0,223530895992.0,0.0,0.45,3.69,0.0,4.14,3.092,7.82,0.0,0.85,6.97,48.8,52.94,43.56,822.82
Greece,2001,GRC,10843166.0,234861781413.0,0.0,0.76,2.1,0.08,2.94,2.164,5.596,0.0,1.447,3.997,49.6,52.54,44.43,845.64
Greece,2002,GRC,10890287.0,246267119689.0,0.0,0.65,2.8,0.13,3.58,2.621,6.709,0.0,1.218,5.247,49.78,53.36,44.16,827.59
Greece,2003,GRC,10918467.0,262880256421.0,0.0,1.02,4.77,0.1,5.89,4.052,10.283,0.0,1.781,8.328,51.39,57.28,45.27,790.33
Greece,2004,GRC,10947369.0,278667908011.0,0.0,1.12,4.67,0.12,5.91,4.05,10.151,0.0,1.924,8.021,52.31,58.22,45.77,786.16
Greece,2005,GRC,10981340.0,282859759866.0,0.0,1.27,5.02,0.12,6.41,4.335,10.914,0.0,2.162,8.548,52.32,58.73,45.96,782.56
Greece,2006,GRC,11016107.0,301538680337.0,0.0,1.7,5.86,0.11,7.67,5.149,12.91,0.0,2.861,9.864,51.74,59.41,44.15,743.14
Greece,2007,GRC,11045737.0,314210147911.0,0.0,1.82,2.59,0.18,4.59,3.171,7.356,0.0,2.917,4.151,57.81,62.4,48.48,776.92
Greece,2008,GRC,11076874.0,315974328109.0,0.01,2.24,3.31,0.19,5.75,3.908,9.247,0.016,3.602,5.323,56.43,62.18,47.19,758.93
Greece,2009,GRC,11108067.0,305101334774.0,0.05,2.54,5.35,0.22,8.16,5.675,13.523,0.083,4.209,8.866,52.18,60.34,45.08,747.1
Greece,2010,GRC,11124666.0,290984350750.0,0.16,2.71,7.47,0.19,10.53,7.696,18.601,0.283,4.787,13.196,46.08,56.61,40.04,707.3
Greece,2011,GRC,11108838.0,266793942822.0,0.61,3.32,4.01,0.21,8.15,6.058,13.944,1.044,5.68,6.861,50.3,58.45,42.38,725.06
Greece,2012,GRC,11048291.0,247887031358.0,1.69,3.85,4.39,0.2,10.13,7.967,16.909,2.821,6.426,7.328,49.78,59.91,42.18,704.06
Greece,2013,GRC,10967534.0,241650188710.0,3.65,4.14,6.35,0.22,14.36,11.795,25.475,6.475,7.344,11.265,42.01,56.37,35.89,636.69
Greece,2014,GRC,10893169.0,242799798246.0,3.79,3.69,4.48,0.22,12.18,10.745,24.547,7.638,7.437,9.029,37.44,49.62,33.14,667.88
Greece,2015,GRC,10820902.0,242323725826.0,3.9,4.62,6.1,0.23,14.85,12.796,29.089,7.64,9.05,11.949,36.2,51.05,30.81,603.53
Greece,2016,GRC,10775506.0,241143085639.0,3.93,5.15,5.54,0.27,14.89,12.975,27.656,7.299,9.565,10.29,38.95,53.84,30.77,571.51
Greece,2017,GRC,10753532.0,243776808141.0,3.99,5.54,3.96,0.31,13.8,11.449,25.182,7.281,10.109,7.226,41.0,54.8,31.77,579.75
Greece,2018,GRC,10730846.0,247844015413.0,3.79,6.3,5.74,0.31,16.14,13.164,30.679,7.204,11.975,10.91,36.47,52.61,28.68,545.14
Greece,2019,GRC,10718581.0,252514250712.0,4.43,7.27,4.0,0.4,16.1,13.476,33.577,9.239,15.162,8.342,31.85,47.95,23.83,496.98
Greece,2020,GRC,10699370.0,229777821500.0,4.45,9.31,3.34,0.45,17.55,16.785,36.94,9.366,19.596,7.03,29.96,47.51,20.1,423.07
Greece,2021,GRC,10579561.0,249158215293.0,5.25,10.48,5.9,0.5,22.13,19.2,40.8,9.679,19.322,10.878,32.11,54.24,20.78,383.11
Greece,2022,GRC,10412481.0,263892672733.0,7.14,10.88,3.86,0.57,22.45,18.783,43.449,13.818,21.057,7.47,29.22,51.67,19.47,376.81
Greece,2023,GRC,10242910.0,263892672733.0,8.89,11.02,3.82,0.65,24.38,20.754,49.826,18.169,22.522,7.807,24.55,48.93,16.46,336.4
Greece,2024,GRC,10047813.0,263892672733.0,11.26,12.55,3.58,0.71,28.1,21.055,49.229,19.727,21.987,6.272,28.98,57.08,18.36,321.65
Greece,2025,GRC,9938847.0,263892672733.0,12.92,11.91,3.42,0.71,28.96,21.055,49.7,22.173,20.439,5.869,29.31,58.27,18.36,315.09
Greenland,2000,GRL,56228.0,,0.0,0.0,0.17,0.0,0.17,,58.621,0.0,0.0,58.621,0.12,0.29,0.08,275.86
Greenland,2001,GRL,56433.0,,0.0,0.0,0.16,0.0,0.16,,57.143,0.0,0.0,57.143,0.12,0.28,0.08,285.71
Greenland,2002,GRL,56617.0,,0.0,0.0,0.18,0.0,0.18,,58.065,0.0,0.0,58.065,0.13,0.31,0.09,290.32
Greenland,2003,GRL,56781.0,,0.0,0.0,0.18,0.0,0.18,,58.065,0.0,0.0,58.065,0.13,0.31,0.09,290.32
Greenland,2004,GRL,56926.0,,0.0,0.0,0.19,0.0,0.19,,57.576,0.0,0.0,57.576,0.14,0.33,0.09,272.73
Greenland,2005,GRL,56969.0,,0.0,0.0,0.2,0.0,0.2,,58.824,0.0,0.0,58.824,0.14,0.34,0.09,264.71
Greenland,2006,GRL,56901.0,,0.0,0.0,0.2,0.0,0.2,,57.143,0.0,0.0,57.143,0.15,0.35,0.1,285.71
Greenland,2007,GRL,56807.0,,0.0,0.0,0.2,0.0,0.2,,55.556,0.0,0.0,55.556,0.16,0.36,0.11,305.56
Greenland,2008,GRL,56683.0,,0.0,0.0,0.2,0.0,0.2,,54.054,0.0,0.0,54.054,0.17,0.37,0.11,297.3
Greenland,2009,GRL,56547.0,,0.0,0.0,0.26,0.0,0.26,,63.415,0.0,0.0,63.415,0.15,0.41,0.11,268.29
Greenland,2010,GRL,56634.0,,0.0,0.0,0.29,0.0,0.29,,70.732,0.0,0.0,70.732,0.12,0.41,0.09,219.51
Greenland,2011,GRL,56853.0,,0.0,0.0,0.34,0.0,0.34,,75.556,0.0,0.0,75.556,0.11,0.45,0.08,177.78
Greenland,2012,GRL,56797.0,,0.0,0.0,0.34,0.0,0.34,,75.556,0.0,0.0,75.556,0.11,0.45,0.08,177.78
Greenland,2013,GRL,56532.0,,0.0,0.0,0.37,0.0,0.37,,80.435,0.0,0.0,80.435,0.09,0.46,0.07,152.17
Greenland,2014,GRL,56195.0,,0.0,0.0,0.39,0.0,0.39,,81.25,0.0,0.0,81.25,0.09,0.48,0.07,145.83
Greenland,2015,GRL,56048.0,,0.0,0.0,0.42,0.0,0.42,,82.353,0.0,0.0,82.353,0.09,0.51,0.07,137.26
Greenland,2016,GRL,56082.0,,0.0,0.0,0.4,0.0,0.4,,83.333,0.0,0.0,83.333,0.08,0.48,0.06,125.0
Greenland,2017,GRL,56094.0,,0.0,0.0,0.38,0.0,0.38,,76.0,0.0,0.0,76.0,0.12,0.5,0.09,180.0
Greenland,2018,GRL,56100.0,,0.0,0.0,0.42,0.0,0.42,,80.769,0.0,0.0,80.769,0.1,0.52,0.08,153.85
Greenland,2019,GRL,56109.0,,0.0,0.0,0.41,0.0,0.41,,83.673,0.0,0.0,83.673,0.08,0.49,0.06,122.45
Greenland,2020,GRL,56105.0,,0.0,0.0,0.43,0.0,0.43,,82.692,0.0,0.0,82.692,0.09,0.52,0.07,134.62
Greenland,2021,GRL,56065.0,,0.0,0.0,0.43,0.0,0.43,,84.314,0.0,0.0,84.314,0.08,0.51,0.06,117.65
Greenland,2022,GRL,56014.0,,0.0,0.0,0.47,0.0,0.47,,87.037,0.0,0.0,87.037,0.07,0.54,0.06,111.11
Greenland,2023,GRL,55951.0,,0.0,0.0,0.48,0.02,0.5,,81.967,0.0,0.0,78.689,0.11,0.61,0.08,131.15
Greenland,2024,GRL,55864.0,,0.0,0.0,0.47,0.03,0.5,,83.333,0.0,0.0,78.333,0.1,0.6,0.09,150.0
Grenada,2000,GRD,107466.0,,0.0,0.0,0.0,0.0,0.0,,0.0,0.0,0.0,0.0,0.13,0.13,0.09,692.31
Grenada,2001,GRD,107998.0,,0.0,0.0,0.0,0.0,0.0,,0.0,0.0,0.0,0.0,0.14,0.14,0.09,642.86
Grenada,2002,GRD,108414.0,,0.0,0.0,0.0,0.0,0.0,,0.0,0.0,0.0,0.0,0.15,0.15,0.1,666.67
Grenada,2003,GRD,108895.0,,0.0,0.0,0.0,0.0,0.0,,0.0,0.0,0.0,0.0,0.16,0.16,0.11,687.5
Grenada,2004,GRD,109338.0,,0.0,0.0,0.0,0.0,0.0,,0.0,0.0,0.0,0.0,0.14,0.14,0.09,642.86
Grenada,2005,GRD,109744.0,,0.0,0.0,0.0,0.0,0.0,,0.0,0.0,0.0,0.0,0.15,0.15,0.1,666.67
Grenada,2006,GRD,110149.0,,0.0,0.0,0.0,0.0,0.0,,0.0,0.0,0.0,0.0,0.17,0.17,0.11,647.06
Grenada,2007,GRD,110532.0,,0.0,0.0,0.0,0.0,0.0,,0.0,0.0,0.0,0.0,0.18,0.18,0.12,666.67
Grenada,2008,GRD,110911.0,,0.0,0.0,0.0,0.0,0.0,,0.0,0.0,0.0,0.0,0.19,0.19,0.13,684.21
Grenada,2009,GRD,111266.0,,0.0,0.0,0.0,0.0,0.0,,0.0,0.0,0.0,0.0,0.2,0.2,0.13,650.0
Grenada,2010,GRD,111600.0,,0.0,0.0,0.0,0.0,0.0,,0.0,0.0,0.0,0.0,0.21,0.21,0.14,666.67
Grenada,2011,GRD,112093.0,,0.0,0.0,0.0,0.0,0.0,,0.0,0.0,0.0,0.0,0.2,0.2,0.13,650.0
Grenada,2012,GRD,112792.0,,0.0,0.0,0.0,0.0,0.0,,0.0,0.0,0.0,0.0,0.2,0.2,0.13,650.0
Grenada,2013,GRD,113499.0,,0.0,0.0,0.0,0.0,0.0,,0.0,0.0,0.0,0.0,0.2,0.2,0.13,650.0
Grenada,2014,GRD,114148.0,,0.0,0.0,0.0,0.0,0.0,,0.0,0.0,0.0,0.0,0.2,0.2,0.13,650.0
Grenada,2015,GRD,114691.0,,0.0,0.0,0.0,0.0,0.0,,0.0,0.0,0.0,0.0,0.21,0.21,0.14,666.67
Grenada,2016,GRD,115147.0,,0.0,0.0,0.0,0.0,0.0,,0.0,0.0,0.0,0.0,0.22,0.22,0.14,636.36
Grenada,2017,GRD,115448.0,,0.0,0.0,0.0,0.0,0.0,,0.0,0.0,0.0,0.0,0.23,0.23,0.15,652.17
Grenada,2018,GRD,115703.0,,0.0,0.0,0.0,0.0,0.0,,0.0,0.0,0.0,0.0,0.23,0.23,0.15,652.17
Grenada,2019,GRD,115995.0,,0.0,0.0,0.0,0.0,0.0,,0.0,0.0,0.0,0.0,0.24,0.24,0.16,666.67
Grenada,2020,GRD,116353.0,,0.0,0.0,0.0,0.0,0.0,,0.0,0.0,0.0,0.0,0.22,0.22,0.14,636.36
Grenada,2021,GRD,116696.0,,0.0,0.0,0.0,0.0,0.0,,0.0,0.0,0.0,0.0,0.23,0.23,0.15,652.17
Grenada,2022,GRD,116928.0,,0.0,0.0,0.0,0.0,0.0,,0.0,0.0,0.0,0.0,0.24,0.24,0.16,666.67
Grenada,2023,GRD,117094.0,,0.0,0.0,0.0,0.0,0.0,,0.0,0.0,0.0,0.0,0.24,0.24,0.16,666.67
Grenada,2024,GRD,117218.0,,0.0,0.0,0.0,0.0,0.0,,0.0,0.0,0.0,0.0,0.24,0.24,0.16,666.67
Guadeloupe,2000,GLP,419565.0,,,0.01,0.01,0.1,0.12,,9.836,,0.82,0.82,1.1,1.22,0.82,672.13
Guadeloupe,2001,GLP,417844.0,,,0.02,0.01,0.08,0.11,,8.527,,1.55,0.775,1.18,1.29,0.86,666.67
Guadeloupe,2002,GLP,415762.0,,,0.03,0.02,0.09,0.14,,10.526,,2.256,1.504,1.19,1.33,0.87,654.14
Guadeloupe,2003,GLP,413418.0,,,0.03,0.02,0.08,0.13,,9.42,,2.174,1.449,1.25,1.38,0.91,659.42
Guadeloupe,2004,GLP,410859.0,,,0.03,0.03,0.11,0.17,,11.888,,2.098,2.098,1.26,1.43,0.91,636.36
Guadeloupe,2005,GLP,408085.0,,0.0,0.02,0.02,0.17,0.21,,14.0,0.0,1.333,1.333,1.29,1.5,0.93,620.0
Guadeloupe,2006,GLP,407230.0,,0.0,0.03,0.02,0.15,0.2,,13.072,0.0,1.961,1.307,1.33,1.53,0.97,633.99
Guadeloupe,2007,GLP,408303.0,,0.0,0.04,0.02,0.16,0.22,,13.75,0.0,2.5,1.25,1.38,1.6,1.0,625.0
Guadeloupe,2008,GLP,408987.0,,0.0,0.05,0.02,0.15,0.22,,13.665,0.0,3.106,1.242,1.39,1.61,1.0,621.12
Guadeloupe,2009,GLP,408998.0,,0.01,0.05,0.02,0.11,0.19,,11.656,0.613,3.067,1.227,1.44,1.63,1.0,613.5
Guadeloupe,2010,GLP,408815.0,,0.02,0.04,0.02,0.07,0.15,,8.671,1.156,2.312,1.156,1.58,1.73,1.11,641.62
Guadeloupe,2011,GLP,409063.0,,0.03,0.05,0.01,0.11,0.2,,11.905,1.786,2.976,0.595,1.48,1.68,1.09,648.81
Guadeloupe,2012,GLP,409153.0,,0.09,0.05,0.01,0.11,0.26,,15.116,5.233,2.907,0.581,1.46,1.72,1.09,633.72
Guadeloupe,2013,GLP,408367.0,,0.1,0.06,0.02,0.13,0.31,,17.816,5.747,3.448,1.149,1.43,1.74,1.07,614.94
Guadeloupe,2014,GLP,406652.0,,0.1,0.05,0.03,0.14,0.32,,18.391,5.747,2.874,1.724,1.42,1.74,1.05,603.45
Guadeloupe,2015,GLP,403950.0,,0.1,0.05,0.02,0.14,0.31,,17.614,5.682,2.841,1.136,1.45,1.76,1.05,596.59
Guadeloupe,2016,GLP,404642.0,,0.09,0.05,0.03,0.13,0.3,,16.949,5.085,2.825,1.695,1.47,1.77,1.08,610.17
Guadeloupe,2017,GLP,412701.0,,0.09,0.05,0.04,0.18,0.36,,20.455,5.114,2.841,2.273,1.4,1.76,1.05,596.59
Guadeloupe,2018,GLP,415184.0,,0.1,0.05,0.04,0.18,0.37,,21.637,5.848,2.924,2.339,1.34,1.71,1.0,584.8
Guadeloupe,2019,GLP,410266.0,,0.1,0.06,0.04,0.17,0.37,,21.512,5.814,3.488,2.326,1.35,1.72,0.98,569.77
Guadeloupe,2020,GLP,407401.0,,0.11,0.07,0.03,0.2,0.41,,24.118,6.471,4.118,1.765,1.29,1.7,0.93,547.06
Guadeloupe,2021,GLP,399157.0,,0.11,0.11,0.01,0.33,0.56,,33.735,6.627,6.627,0.602,1.1,1.66,0.83,500.0
Guadeloupe,2022,GLP,384702.0,,0.11,0.11,0.01,0.34,0.57,,34.756,6.707,6.707,0.61,1.07,1.64,0.81,493.9
Guadeloupe,2023,GLP,376518.0,,0.11,0.1,0.01,0.37,0.59,,35.329,6.587,5.988,0.599,1.08,1.67,0.83,497.01
Guam,2000,GUM,160078.0,,0.0,0.0,0.0,0.0,0.0,,0.0,0.0,0.0,0.0,1.94,1.94,1.28,659.79
Guam,2001,GUM,161339.0,,0.0,0.0,0.0,0.0,0.0,,0.0,0.0,0.0,0.0,1.95,1.95,1.28,656.41
Guam,2002,GUM,162326.0,,0.0,0.0,0.0,0.0,0.0,,0.0,0.0,0.0,0.0,1.72,1.72,1.13,656.98
Guam,2003,GUM,163146.0,,0.0,0.0,0.0,0.0,0.0,,0.0,0.0,0.0,0.0,1.78,1.78,1.17,657.3
Guam,2004,GUM,163815.0,,0.0,0.0,0.0,0.0,0.0,,0.0,0.0,0.0,0.0,1.88,1.88,1.24,659.57
Guam,2005,GUM,164373.0,,0.0,0.0,0.0,0.0,0.0,,0.0,0.0,0.0,0.0,1.9,1.9,1.25,657.9
Guam,2006,GUM,164848.0,,0.0,0.0,0.0,0.0,0.0,,0.0,0.0,0.0,0.0,1.89,1.89,1.24,656.09
Guam,2007,GUM,165278.0,,0.0,0.0,0.0,0.0,0.0,,0.0,0.0,0.0,0.0,1.88,1.88,1.24,659.57
Guam,2008,GUM,165704.0,,0.0,0.0,0.0,0.0,0.0,,0.0,0.0,0.0,0.0,1.88,1.88,1.24,659.57
Guam,2009,GUM,166189.0,,0.0,0.0,0.0,0.0,0.0,,0.0,0.0,0.0,0.0,1.87,1.87,1.23,657.75
Guam,2010,GUM,166533.0,,0.0,0.0,0.0,0.0,0.0,,0.0,0.0,0.0,0.0,1.87,1.87,1.23,657.75
Guam,2011,GUM,166554.0,,0.0,0.0,0.0,0.0,0.0,,0.0,0.0,0.0,0.0,1.84,1.84,1.21,657.61
Guam,2012,GUM,166348.0,,0.0,0.0,0.0,0.0,0.0,,0.0,0.0,0.0,0.0,1.78,1.78,1.17,657.3
Guam,2013,GUM,165979.0,,0.0,0.0,0.0,0.0,0.0,,0.0,0.0,0.0,0.0,1.74,1.74,1.14,655.17
Guam,2014,GUM,165492.0,,0.0,0.0,0.0,0.0,0.0,,0.0,0.0,0.0,0.0,1.7,1.7,1.12,658.82
Guam,2015,GUM,164914.0,,0.03,0.0,0.0,0.0,0.03,,1.754,1.754,0.0,0.0,1.68,1.71,1.11,649.12
Guam,2016,GUM,164240.0,,0.07,0.0,0.0,0.0,0.07,,4.023,4.023,0.0,0.0,1.67,1.74,1.1,632.18
Guam,2017,GUM,163501.0,,0.06,0.0,0.0,0.0,0.06,,3.39,3.39,0.0,0.0,1.71,1.77,1.13,638.42
Guam,2018,GUM,162689.0,,0.07,0.0,0.0,0.0,0.07,,4.046,4.046,0.0,0.0,1.66,1.73,1.09,630.06
Guam,2019,GUM,161819.0,,0.08,0.0,0.0,0.0,0.08,,4.571,4.571,0.0,0.0,1.67,1.75,1.1,628.57
Guam,2020,GUM,162167.0,,0.08,0.0,0.0,0.0,0.08,,4.678,4.678,0.0,0.0,1.63,1.71,1.07,625.73
Guam,2021,GUM,163741.0,,0.08,0.0,0.0,0.0,0.08,,4.598,4.598,0.0,0.0,1.66,1.74,1.09,626.44
Guam,2022,GUM,165193.0,,0.14,0.0,0.0,0.0,0.14,,7.778,7.778,0.0,0.0,1.66,1.8,1.1,611.11
Guam,2023,GUM,166522.0,,0.14,0.0,0.0,0.0,0.14,,7.778,7.778,0.0,0.0,1.66,1.8,1.1,611.11
Guam,2024,GUM,167790.0,,0.16,0.0,0.0,0.0,0.16,,8.602,8.602,0.0,0.0,1.7,1.86,1.13,607.53
Guatemala,2000,GTM,11697592.0,68731616093.0,0.0,0.0,2.5,0.74,3.24,,50.155,0.0,0.0,38.7,3.22,6.46,2.42,374.61
Guatemala,2001,GTM,11969423.0,70402333033.0,0.0,0.0,2.18,0.76,2.94,,43.685,0.0,0.0,32.392,3.79,6.73,2.87,426.45
Guatemala,2002,GTM,12246923.0,73303957428.0,0.0,0.0,1.93,0.71,2.64,,39.64,0.0,0.0,28.979,4.02,6.66,3.03,454.96
Guatemala,2003,GTM,12525843.0,75388396403.0,0.0,0.0,2.65,0.72,3.37,,48.77,0.0,0.0,38.35,3.54,6.91,2.72,393.63
Guatemala,2004,GTM,12807409.0,78142886190.0,0.0,0.0,2.54,0.73,3.27,,50.935,0.0,0.0,39.564,3.15,6.42,2.5,389.41
Guatemala,2005,GTM,13087637.0,80920955084.0,0.0,0.0,2.91,0.99,3.9,,56.115,0.0,0.0,41.871,3.05,6.95,2.49,358.27
Guatemala,2006,GTM,13367455.0,85238080655.0,0.0,0.0,3.27,0.94,4.21,,53.494,0.0,0.0,41.55,3.66,7.87,2.9,368.49
Guatemala,2007,GTM,13652042.0,90511916055.0,0.0,0.0,3.0,1.44,4.44,,50.917,0.0,0.0,34.404,4.28,8.72,3.4,389.91
Guatemala,2008,GTM,13935172.0,93386251977.0,0.0,0.0,3.64,1.13,4.77,,54.954,0.0,0.0,41.935,3.91,8.68,3.09,355.99
Guatemala,2009,GTM,14215614.0,93773785204.0,0.0,0.0,2.91,1.17,4.08,,45.791,0.0,0.0,32.66,4.83,8.91,3.61,405.16
Guatemala,2010,GTM,14500118.0,96390296358.0,0.0,0.0,3.81,1.82,5.63,,63.688,0.0,0.0,43.1,3.21,8.84,2.8,316.74
Guatemala,2011,GTM,14792123.0,100335200000.0,0.0,0.0,4.13,1.36,5.49,,62.671,0.0,0.0,47.146,3.27,8.76,2.76,315.07
Guatemala,2012,GTM,15089639.0,103492749162.0,0.0,0.0,4.46,1.78,6.24,,66.667,0.0,0.0,47.65,3.12,9.36,2.77,295.94
Guatemala,2013,GTM,15387339.0,107099471666.0,0.0,0.0,4.65,2.19,6.84,,67.589,0.0,0.0,45.949,3.28,10.12,3.05,301.38
Guatemala,2014,GTM,15681725.0,111858970345.0,0.01,0.0,4.84,2.43,7.28,,68.421,0.094,0.0,45.489,3.36,10.64,3.2,300.75
Guatemala,2015,GTM,15971745.0,116436247567.0,0.16,0.11,3.87,2.69,6.83,,61.146,1.432,0.985,34.646,4.34,11.17,4.12,368.85
Guatemala,2016,GTM,16268761.0,119554400888.0,0.19,0.22,3.99,2.93,7.33,,61.804,1.602,1.855,33.642,4.53,11.86,4.41,371.84
Guatemala,2017,GTM,16567363.0,123236680953.0,0.2,0.22,5.81,2.24,8.47,,68.639,1.621,1.783,47.083,3.87,12.34,3.86,312.8
Guatemala,2018,GTM,16845688.0,127435350812.0,0.2,0.32,5.31,2.93,8.76,,66.113,1.509,2.415,40.075,4.49,13.25,4.51,340.38
Guatemala,2019,GTM,17103803.0,132535316516.0,0.23,0.33,4.47,3.08,8.11,,63.858,1.811,2.598,35.197,4.59,12.7,4.62,363.78
Guatemala,2020,GTM,17357331.0,130197392340.0,0.22,0.31,5.78,3.1,9.41,,75.765,1.771,2.496,46.538,3.01,12.42,3.3,265.7
Guatemala,2021,GTM,17598652.0,140588440273.0,0.23,0.32,6.66,4.16,11.37,,73.497,1.487,2.069,43.051,4.1,15.47,4.42,285.71
Guatemala,2022,GTM,17847877.0,146224632616.0,0.23,0.31,7.04,3.83,11.41,,84.644,1.706,2.3,52.226,2.07,13.48,2.58,191.4
Guatemala,2023,GTM,18124841.0,146224632616.0,0.24,0.34,5.65,3.8,10.03,,67.27,1.61,2.28,37.894,4.88,14.91,4.62,309.86
Guatemala,2024,GTM,18406366.0,146224632616.0,0.28,0.37,6.3,3.84,10.79,,68.334,1.773,2.343,39.899,5.0,15.79,4.76,301.46
Guinea,2000,GIN,8428837.0,8142368042.0,0.0,0.0,0.41,0.0,0.41,,50.617,0.0,0.0,50.617,0.4,0.81,0.27,333.33
Guinea,2001,GIN,8539963.0,8530150477.0,0.0,0.0,0.55,0.0,0.55,,57.292,0.0,0.0,57.292,0.41,0.96,0.28,291.67
Guinea,2002,GIN,8674072.0,9080053247.0,0.0,0.0,0.59,0.0,0.59,,58.416,0.0,0.0,58.416,0.42,1.01,0.29,287.13
Guinea,2003,GIN,8870790.0,9309105966.0,0.0,0.0,0.4,0.0,0.4,,46.512,0.0,0.0,46.512,0.46,0.86,0.31,360.47
Guinea,2004,GIN,9062724.0,9645747516.0,0.0,0.0,0.55,0.0,0.55,,61.111,0.0,0.0,61.111,0.35,0.9,0.24,266.67
Guinea,2005,GIN,9245844.0,10059820577.0,0.0,0.0,0.49,0.0,0.49,,62.025,0.0,0.0,62.025,0.3,0.79,0.21,265.82
Guinea,2006,GIN,9441174.0,10279820925.0,0.0,0.0,0.46,0.0,0.46,,63.014,0.0,0.0,63.014,0.27,0.73,0.19,260.27
Guinea,2007,GIN,9662278.0,11105668501.0,0.0,0.0,0.53,0.0,0.53,,67.949,0.0,0.0,67.949,0.25,0.78,0.17,217.95
Guinea,2008,GIN,9898870.0,11730748654.0,0.0,0.0,0.52,0.0,0.52,,64.198,0.0,0.0,64.198,0.29,0.81,0.2,246.91
Guinea,2009,GIN,10143540.0,11707653951.0,0.0,0.0,0.52,0.0,0.52,,65.0,0.0,0.0,65.0,0.28,0.8,0.19,237.5
Guinea,2010,GIN,10396090.0,12362234837.0,0.0,0.0,0.48,0.0,0.48,,76.19,0.0,0.0,76.19,0.15,0.63,0.11,174.6
Guinea,2011,GIN,10656812.0,13233698841.0,0.0,0.0,0.41,0.0,0.41,,74.545,0.0,0.0,74.545,0.14,0.55,0.1,181.82
Guinea,2012,GIN,10921580.0,14087313893.0,0.0,0.0,0.49,0.0,0.49,,67.123,0.0,0.0,67.123,0.24,0.73,0.17,232.88
Guinea,2013,GIN,11191874.0,14709018009.0,0.0,0.0,0.48,0.0,0.48,,73.846,0.0,0.0,73.846,0.17,0.65,0.12,184.62
Guinea,2014,GIN,11472921.0,14874105154.0,0.0,0.0,0.42,0.0,0.42,,59.155,0.0,0.0,59.155,0.29,0.71,0.2,281.69
Guinea,2015,GIN,11767077.0,14900874140.0,0.02,0.0,0.88,0.0,0.9,,78.947,1.754,0.0,77.193,0.24,1.14,0.18,157.9
Guinea,2016,GIN,12073031.0,16533568057.0,0.02,0.0,1.08,0.0,1.1,,68.323,1.242,0.0,67.081,0.51,1.61,0.37,229.81
Guinea,2017,GIN,12385668.0,18265129177.0,0.02,0.0,1.21,0.0,1.23,,69.492,1.13,0.0,68.362,0.54,1.77,0.39,220.34
Guinea,2018,GIN,12704776.0,19467826772.0,0.02,0.0,1.19,0.0,1.21,,62.371,1.031,0.0,61.34,0.73,1.94,0.51,262.89
Guinea,2019,GIN,13034349.0,20561330331.0,0.02,0.0,1.29,0.0,1.31,,63.902,0.976,0.0,62.927,0.74,2.05,0.52,253.66
Guinea,2020,GIN,13371185.0,21528646361.0,0.02,0.0,1.49,0.0,1.51,,60.887,0.806,0.0,60.081,0.97,2.48,0.68,274.19
Guinea,2021,GIN,13710515.0,22615336825.0,0.02,0.0,2.64,0.0,2.66,,73.077,0.549,0.0,72.527,0.98,3.64,0.7,192.31
Guinea,2022,GIN,14055136.0,23678257190.0,0.03,0.0,2.95,0.0,2.98,,74.5,0.75,0.0,73.75,1.02,4.0,0.74,185.0
Guinea,2023,GIN,14405469.0,23678257190.0,0.03,0.0,2.95,0.0,2.98,,74.5,0.75,0.0,73.75,1.02,4.0,0.74,185.0
Guinea,2024,GIN,14754779.0,23678257190.0,0.03,0.0,3.0,0.0,3.03,,75.186,0.744,0.0,74.442,1.0,4.03,0.73,181.14
Guinea-Bissau,2000,GNB,1234747.0,1486201658.0,0.0,0.0,0.0,0.0,0.0,,0.0,0.0,0.0,0.0,0.03,0.03,0.02,666.67
Guinea-Bissau,2001,GNB,1261281.0,1520990575.0,0.0,0.0,0.0,0.0,0.0,,0.0,0.0,0.0,0.0,0.02,0.02,0.01,500.0
Guinea-Bissau,2002,GNB,1289317.0,1507700424.0,0.0,0.0,0.0,0.0,0.0,,0.0,0.0,0.0,0.0,0.02,0.02,0.01,500.0
Guinea-Bissau,2003,GNB,1318809.0,1522869105.0,0.0,0.0,0.0,0.0,0.0,,0.0,0.0,0.0,0.0,0.02,0.02,0.01,500.0
Guinea-Bissau,2004,GNB,1349569.0,1573921435.0,0.0,0.0,0.0,0.0,0.0,,0.0,0.0,0.0,0.0,0.03,0.03,0.02,666.67
Guinea-Bissau,2005,GNB,1381590.0,1653070519.0,0.0,0.0,0.0,0.0,0.0,,0.0,0.0,0.0,0.0,0.03,0.03,0.02,666.67
Guinea-Bissau,2006,GNB,1415315.0,1701901067.0,0.0,0.0,0.0,0.0,0.0,,0.0,0.0,0.0,0.0,0.03,0.03,0.02,666.67
Guinea-Bissau,2007,GNB,1450989.0,1768965179.0,0.0,0.0,0.0,0.0,0.0,,0.0,0.0,0.0,0.0,0.03,0.03,0.02,666.67
Guinea-Bissau,2008,GNB,1488059.0,1837842538.0,0.0,0.0,0.0,0.0,0.0,,0.0,0.0,0.0,0.0,0.03,0.03,0.02,666.67
Guinea-Bissau,2009,GNB,1526384.0,1913611627.0,0.0,0.0,0.0,0.0,0.0,,0.0,0.0,0.0,0.0,0.03,0.03,0.02,666.67
Guinea-Bissau,2010,GNB,1566352.0,2015432308.0,0.0,0.0,0.0,0.0,0.0,,0.0,0.0,0.0,0.0,0.03,0.03,0.02,666.67
Guinea-Bissau,2011,GNB,1608084.0,2192198781.0,0.0,0.0,0.0,0.0,0.0,,0.0,0.0,0.0,0.0,0.03,0.03,0.02,666.67
Guinea-Bissau,2012,GNB,1651425.0,2160239109.0,0.0,0.0,0.0,0.0,0.0,,0.0,0.0,0.0,0.0,0.03,0.03,0.02,666.67
Guinea-Bissau,2013,GNB,1695980.0,2238347369.0,0.0,0.0,0.0,0.0,0.0,,0.0,0.0,0.0,0.0,0.02,0.02,0.01,500.0
Guinea-Bissau,2014,GNB,1741126.0,2253617077.0,0.0,0.0,0.0,0.0,0.0,,0.0,0.0,0.0,0.0,0.03,0.03,0.02,666.67
Guinea-Bissau,2015,GNB,1786461.0,2372699688.0,0.0,0.0,0.0,0.0,0.0,,0.0,0.0,0.0,0.0,0.06,0.06,0.04,666.67
Guinea-Bissau,2016,GNB,1831898.0,2519068025.0,0.0,0.0,0.0,0.0,0.0,,0.0,0.0,0.0,0.0,0.08,0.08,0.05,625.0
Guinea-Bissau,2017,GNB,1877074.0,2668676184.0,0.0,0.0,0.0,0.0,0.0,,0.0,0.0,0.0,0.0,0.08,0.08,0.05,625.0
Guinea-Bissau,2018,GNB,1922167.0,2771625236.0,0.0,0.0,0.0,0.0,0.0,,0.0,0.0,0.0,0.0,0.08,0.08,0.05,625.0
Guinea-Bissau,2019,GNB,1967704.0,2896348420.0,0.0,0.0,0.0,0.0,0.0,,0.0,0.0,0.0,0.0,0.08,0.08,0.05,625.0
Guinea-Bissau,2020,GNB,2013259.0,2939793794.0,0.0,0.0,0.0,0.0,0.0,,0.0,0.0,0.0,0.0,0.08,0.08,0.05,625.0
Guinea-Bissau,2021,GNB,2058841.0,3127940606.0,0.0,0.0,0.0,0.0,0.0,,0.0,0.0,0.0,0.0,0.08,0.08,0.05,625.0
Guinea-Bissau,2022,GNB,2105535.0,3259313986.0,0.0,0.0,0.0,0.0,0.0,,0.0,0.0,0.0,0.0,0.08,0.08,0.05,625.0
Guinea-Bissau,2023,GNB,2153343.0,3259313986.0,0.0,0.0,0.0,0.0,0.0,,0.0,0.0,0.0,0.0,0.08,0.08,0.05,625.0
Guinea-Bissau,2024,GNB,2201360.0,3259313986.0,0.0,0.0,0.0,0.0,0.0,,0.0,0.0,0.0,0.0,0.08,0.08,0.05,625.0
Guyana,2000,GUY,764836.0,,0.0,0.0,0.0,0.01,0.01,,1.111,0.0,0.0,0.0,0.89,0.9,0.59,655.56
Guyana,2001,GUY,764484.0,,0.0,0.0,0.0,0.01,0.01,,1.087,0.0,0.0,0.0,0.91,0.92,0.6,652.17
Guyana,2002,GUY,763657.0,,0.0,0.0,0.0,0.01,0.01,,1.087,0.0,0.0,0.0,0.91,0.92,0.6,652.17
Guyana,2003,GUY,763107.0,,0.0,0.0,0.0,0.01,0.01,,1.22,0.0,0.0,0.0,0.81,0.82,0.53,646.34
Guyana,2004,GUY,762424.0,,0.0,0.0,0.0,0.01,0.01,,1.163,0.0,0.0,0.0,0.85,0.86,0.56,651.16
Guyana,2005,GUY,760922.0,,0.0,0.0,0.0,0.01,0.01,,1.538,0.0,0.0,0.0,0.64,0.65,0.42,646.15
Guyana,2006,GUY,758976.0,,0.0,0.0,0.0,0.01,0.01,,1.515,0.0,0.0,0.0,0.65,0.66,0.43,651.52
Guyana,2007,GUY,756874.0,,0.0,0.0,0.0,0.01,0.01,,1.429,0.0,0.0,0.0,0.69,0.7,0.45,642.86
Guyana,2008,GUY,754614.0,,0.0,0.0,0.0,0.01,0.01,,1.408,0.0,0.0,0.0,0.7,0.71,0.46,647.89
Guyana,2009,GUY,752097.0,,0.0,0.0,0.0,0.01,0.01,,1.205,0.0,0.0,0.0,0.82,0.83,0.54,650.6
Guyana,2010,GUY,749259.0,,0.0,0.0,0.0,0.04,0.04,,4.444,0.0,0.0,0.0,0.86,0.9,0.58,644.44
Guyana,2011,GUY,746161.0,,0.0,0.0,0.0,0.05,0.05,,5.263,0.0,0.0,0.0,0.9,0.95,0.6,631.58
Guyana,2012,GUY,746296.0,,0.0,0.0,0.0,0.04,0.04,,4.167,0.0,0.0,0.0,0.92,0.96,0.62,645.83
Guyana,2013,GUY,750020.0,,0.0,0.0,0.0,0.04,0.04,,4.082,0.0,0.0,0.0,0.94,0.98,0.63,642.86
Guyana,2014,GUY,754231.0,,0.0,0.0,0.0,0.04,0.04,,4.0,0.0,0.0,0.0,0.96,1.0,0.64,640.0
Guyana,2015,GUY,758783.0,,0.0,0.0,0.0,0.04,0.04,,3.96,0.0,0.0,0.0,0.97,1.01,0.65,643.56
Guyana,2016,GUY,763553.0,,0.0,0.0,0.0,0.04,0.04,,3.636,0.0,0.0,0.0,1.06,1.1,0.71,645.46
Guyana,2017,GUY,768483.0,,0.01,0.0,0.0,0.03,0.04,,3.571,0.893,0.0,0.0,1.08,1.12,0.72,642.86
Guyana,2018,GUY,791563.0,,0.01,0.0,0.0,0.02,0.03,,2.632,0.877,0.0,0.0,1.11,1.14,0.73,640.35
Guyana,2019,GUY,807668.0,,0.02,0.0,0.0,0.02,0.04,,3.478,1.739,0.0,0.0,1.11,1.15,0.73,634.78
Guyana,2020,GUY,807486.0,,0.01,0.0,0.0,0.02,0.03,,2.632,0.877,0.0,0.0,1.11,1.14,0.73,640.35
Guyana,2021,GUY,815484.0,,0.01,0.0,0.0,0.03,0.04,,3.509,0.877,0.0,0.0,1.1,1.14,0.73,640.35
Guyana,2022,GUY,821638.0,,0.01,0.0,0.0,0.02,0.03,,2.344,0.781,0.0,0.0,1.25,1.28,0.83,648.44
Guyana,2023,GUY,826357.0,,0.02,0.0,0.0,0.02,0.04,,2.899,1.449,0.0,0.0,1.34,1.38,0.89,644.93
Guyana,2024,GUY,831092.0,,0.02,0.0,0.0,0.02,0.04,,2.899,1.449,0.0,0.0,1.34,1.38,0.89,644.93
Haiti,2000,HTI,8303151.0,12590117444.0,0.0,0.0,0.28,0.0,0.28,,51.852,0.0,0.0,51.852,0.26,0.54,0.18,333.33
Haiti,2001,HTI,8455917.0,12654293375.0,0.0,0.0,0.28,0.0,0.28,,47.458,0.0,0.0,47.458,0.31,0.59,0.21,355.93
Haiti,2002,HTI,8607648.0,12820096281.0,0.0,0.0,0.26,0.0,0.26,,47.273,0.0,0.0,47.273,0.29,0.55,0.2,363.64
Haiti,2003,HTI,8759913.0,13072600973.0,0.0,0.0,0.25,0.0,0.25,,47.17,0.0,0.0,47.17,0.28,0.53,0.19,358.49
Haiti,2004,HTI,8910267.0,12808948010.0,0.0,0.0,0.26,0.0,0.26,,47.273,0.0,0.0,47.273,0.29,0.55,0.2,363.64
Haiti,2005,HTI,9061274.0,13245370242.0,0.0,0.0,0.26,0.0,0.26,,47.273,0.0,0.0,47.273,0.29,0.55,0.2,363.64
Haiti,2006,HTI,9216569.0,13759840125.0,0.0,0.0,0.27,0.0,0.27,,47.368,0.0,0.0,47.368,0.3,0.57,0.21,368.42
Haiti,2007,HTI,9373300.0,14437110458.0,0.0,0.0,0.15,0.0,0.15,,32.609,0.0,0.0,32.609,0.31,0.46,0.2,434.78
Haiti,2008,HTI,9530782.0,14789629003.0,0.0,0.0,0.18,0.0,0.18,,36.735,0.0,0.0,36.735,0.31,0.49,0.2,408.16
Haiti,2009,HTI,9689585.0,15482895499.0,0.0,0.0,0.2,0.0,0.2,,28.169,0.0,0.0,28.169,0.51,0.71,0.34,478.87
Haiti,2010,HTI,9803299.0,14869726114.0,0.0,0.0,0.17,0.0,0.17,,25.0,0.0,0.0,25.0,0.51,0.68,0.34,500.0
Haiti,2011,HTI,9914904.0,15936160000.0,0.0,0.0,0.12,0.0,0.12,,12.121,0.0,0.0,12.121,0.87,0.99,0.57,575.76
Haiti,2012,HTI,10069770.0,16393482000.0,0.0,0.0,0.22,0.0,0.22,,20.0,0.0,0.0,20.0,0.88,1.1,0.59,536.36
Haiti,2013,HTI,10222365.0,17085684000.0,0.0,0.0,0.14,0.0,0.14,,13.333,0.0,0.0,13.333,0.91,1.05,0.6,571.43
Haiti,2014,HTI,10373241.0,17572203000.0,0.0,0.0,0.09,0.0,0.09,,8.738,0.0,0.0,8.738,0.94,1.03,0.62,601.94
Haiti,2015,HTI,10523249.0,17862468000.0,0.0,0.0,0.08,0.0,0.08,,7.767,0.0,0.0,7.767,0.95,1.03,0.63,611.65
Haiti,2016,HTI,10671462.0,18337150574.0,0.0,0.0,0.07,0.0,0.07,,6.481,0.0,0.0,6.481,1.01,1.08,0.66,611.11
Haiti,2017,HTI,10817759.0,18822570039.0,0.0,0.0,0.13,0.0,0.13,,12.264,0.0,0.0,12.264,0.93,1.06,0.61,575.47
Haiti,2018,HTI,10962373.0,19129086184.0,0.0,0.0,0.19,0.0,0.19,,18.269,0.0,0.0,18.269,0.85,1.04,0.56,538.46
Haiti,2019,HTI,11105165.0,18799472313.0,0.0,0.0,0.17,0.0,0.17,,16.038,0.0,0.0,16.038,0.89,1.06,0.59,556.6
Haiti,2020,HTI,11243846.0,18185520397.0,0.0,0.0,0.14,0.0,0.14,,13.725,0.0,0.0,13.725,0.88,1.02,0.58,568.63
Haiti,2021,HTI,11374592.0,17851170361.0,0.0,0.0,0.13,0.0,0.13,,12.621,0.0,0.0,12.621,0.9,1.03,0.59,572.82
Haiti,2022,HTI,11503603.0,17550916862.0,0.0,0.0,0.19,0.0,0.19,,18.812,0.0,0.0,18.812,0.82,1.01,0.54,534.65
Haiti,2023,HTI,11637402.0,17550916862.0,0.0,0.0,0.19,0.0,0.19,,22.353,0.0,0.0,22.353,0.66,0.85,0.43,505.88
Haiti,2024,HTI,11772562.0,17550916862.0,0.0,0.0,0.16,0.0,0.16,,18.605,0.0,0.0,18.605,0.7,0.86,0.46,534.88
Honduras,2000,HND,6577781.0,21239307387.0,0.0,0.0,2.24,0.01,2.25,,61.813,0.0,0.0,61.538,1.39,3.64,0.96,263.74
Honduras,2001,HND,6757992.0,21992955509.0,0.0,0.0,1.88,0.06,1.94,,49.616,0.0,0.0,48.082,1.97,3.91,1.35,345.27
Honduras,2002,HND,6938866.0,22983633152.0,0.0,0.0,1.6,0.09,1.69,,40.723,0.0,0.0,38.554,2.46,4.15,1.68,404.82
Honduras,2003,HND,7119213.0,24205428089.0,0.0,0.0,1.72,0.2,1.92,,41.026,0.0,0.0,36.752,2.76,4.68,1.9,405.98
Honduras,2004,HND,7299003.0,25910108120.0,0.0,0.0,1.39,0.37,1.76,,34.109,0.0,0.0,26.938,3.4,5.16,2.35,455.43
Honduras,2005,HND,7478362.0,27704981594.0,0.0,0.0,1.7,0.13,1.83,,33.092,0.0,0.0,30.741,3.7,5.53,2.5,452.08
Honduras,2006,HND,7656832.0,29769398424.0,0.0,0.0,2.05,0.14,2.19,,36.745,0.0,0.0,34.396,3.77,5.96,2.56,429.53
Honduras,2007,HND,7834806.0,31871721735.0,0.0,0.0,2.19,0.17,2.36,,37.52,0.0,0.0,34.817,3.93,6.29,2.68,426.07
Honduras,2008,HND,8012590.0,33484306097.0,0.0,0.0,2.27,0.2,2.47,,38.117,0.0,0.0,35.031,4.01,6.48,2.73,421.3
Honduras,2009,HND,8189904.0,32923391943.0,0.0,0.0,2.77,0.48,3.25,,47.376,0.0,0.0,40.379,3.61,6.86,2.55,371.72
Honduras,2010,HND,8365881.0,34409603132.0,0.0,0.0,3.05,0.45,3.5,,48.611,0.0,0.0,42.361,3.7,7.2,2.6,361.11
Honduras,2011,HND,8540587.0,35990758725.0,0.0,0.12,2.79,0.53,3.44,,46.051,0.0,1.606,37.349,4.03,7.47,2.86,382.87
Honduras,2012,HND,8715081.0,37443688294.0,0.0,0.34,2.76,0.54,3.64,,46.429,0.0,4.337,35.204,4.2,7.84,2.98,380.1
Honduras,2013,HND,8889276.0,38446700070.0,0.0,0.31,2.71,0.6,3.62,,44.093,0.0,3.776,33.009,4.59,8.21,3.23,393.42
Honduras,2014,HND,9063127.0,39484545761.0,0.01,0.4,2.58,0.38,3.37,,40.602,0.12,4.819,31.084,4.93,8.3,3.41,410.84
Honduras,2015,HND,9237306.0,40757802007.0,0.44,0.67,2.32,0.54,3.97,,44.062,4.883,7.436,25.749,5.04,9.01,3.55,394.01
Honduras,2016,HND,9412380.0,42125312119.0,0.89,0.58,2.25,0.75,4.47,,48.065,9.57,6.237,24.194,4.83,9.3,3.43,368.82
Honduras,2017,HND,9588144.0,43936103834.0,0.93,0.58,2.97,0.9,5.38,,57.356,9.915,6.183,31.663,4.0,9.38,2.92,311.3
Honduras,2018,HND,9765209.0,45477892182.0,1.0,0.93,3.15,1.02,6.1,,62.822,10.299,9.578,32.441,3.61,9.71,2.68,276.0
Honduras,2019,HND,9943637.0,46684518271.0,1.12,0.82,2.43,1.27,5.64,,52.908,10.507,7.692,22.795,5.02,10.66,3.65,342.4
Honduras,2020,HND,10119638.0,42499283305.0,1.11,0.71,2.7,1.02,5.54,,54.635,10.947,7.002,26.627,4.6,10.14,3.31,326.43
Honduras,2021,HND,10289881.0,47826185166.0,1.14,0.77,3.77,1.15,6.83,,61.421,10.252,6.924,33.903,4.29,11.12,3.16,284.17
Honduras,2022,HND,10463880.0,49738252980.0,1.04,0.69,3.88,1.15,6.76,,59.665,9.179,6.09,34.245,4.57,11.33,3.36,296.56
Honduras,2023,HND,10644853.0,49738252980.0,1.04,0.69,3.88,1.18,6.79,,54.363,8.327,5.524,31.065,5.7,12.49,4.1,328.26
Honduras,2024,HND,10825704.0,49738252980.0,1.18,0.75,3.8,1.19,6.92,,55.449,9.455,6.01,30.449,5.56,12.48,4.02,322.12
Hong Kong,1965,HKG,3855425.0,25526550424.0,0.0,0.0,0.0,0.0,0.0,0.0,,,,,,,,
Hong Kong,1966,HKG,4015304.0,26098439163.0,0.0,0.0,0.0,0.0,0.0,0.0,,,,,,,,
Hong Kong,1967,HKG,3474133.0,26904000510.0,0.0,0.0,0.0,0.0,0.0,0.0,,,,,,,,
Hong Kong,1968,HKG,3065330.0,28300687187.0,0.0,0.0,0.0,0.0,0.0,0.0,,,,,,,,
Hong Kong,1969,HKG,3395527.0,32017986626.0,0.0,0.0,0.0,0.0,0.0,0.0,,,,,,,,
Hong Kong,1970,HKG,3739916.0,35354053283.0,0.0,0.0,0.0,0.0,0.0,0.0,,,,,,,,
Hong Kong,1971,HKG,3989231.0,38035056098.0,0.0,0.0,0.0,0.0,0.0,0.0,,,,,,,,
Hong Kong,1972,HKG,4117125.0,41958746730.0,0.0,0.0,0.0,0.0,0.0,0.0,,,,,,,,
Hong Kong,1973,HKG,4223248.0,46980618792.0,0.0,0.0,0.0,0.0,0.0,0.0,,,,,,,,
Hong Kong,1974,HKG,4330727.0,47875348024.0,0.0,0.0,0.0,0.0,0.0,0.0,,,,,,,,
Hong Kong,1975,HKG,4438382.0,47881247000.0,0.0,0.0,0.0,0.0,0.0,0.0,,,,,,,,
Hong Kong,1976,HKG,4545134.0,55544789514.0,0.0,0.0,0.0,0.0,0.0,0.0,,,,,,,,
Hong Kong,1977,HKG,4650487.0,61975544449.0,0.0,0.0,0.0,0.0,0.0,0.0,,,,,,,,
Hong Kong,1978,HKG,4754069.0,67200317357.0,0.0,0.0,0.0,0.0,0.0,0.0,,,,,,,,
Hong Kong,1979,HKG,4857668.0,74946933136.0,0.0,0.0,0.0,0.0,0.0,0.0,,,,,,,,
Hong Kong,1980,HKG,4962488.0,82606705355.0,0.0,0.0,0.0,0.0,0.0,0.0,,,,,,,,
Hong Kong,1981,HKG,5060960.0,90351786791.0,0.0,0.0,0.0,0.0,0.0,0.0,,,,,,,,
Hong Kong,1982,HKG,5150097.0,93056244997.0,0.0,0.0,0.0,0.0,0.0,0.0,,,,,,,,
Hong Kong,1983,HKG,5235115.0,98638830613.0,0.0,0.0,0.0,0.0,0.0,0.0,,,,,,,,
Hong Kong,1984,HKG,5315980.0,108818497511.0,0.0,0.0,0.0,0.0,0.0,0.0,,,,,,,,
Hong Kong,1985,HKG,5393122.0,109638268604.0,0.0,0.0,0.0,0.0,0.0,0.0,0.0,0.0,0.0,0.0,,19.249,,
Hong Kong,1986,HKG,5451437.0,121782213002.0,0.0,0.0,0.0,0.0,0.0,0.0,0.0,0.0,0.0,0.0,,21.419,,
Hong Kong,1987,HKG,5486376.0,137910684193.0,0.0,0.0,0.0,0.0,0.0,0.0,0.0,0.0,0.0,0.0,,23.754,,
Hong Kong,1988,HKG,5514904.0,149349940514.0,0.0,0.0,0.0,0.0,0.0,0.0,0.0,0.0,0.0,0.0,,25.507,,
Hong Kong,1989,HKG,5540576.0,153499109418.0,0.0,0.0,0.0,0.0,0.0,0.0,0.0,0.0,0.0,0.0,,27.363,,
Hong Kong,1990,HKG,5560599.0,159035333203.0,0.0,0.0,0.0,0.0,0.0,0.0,0.0,0.0,0.0,0.0,,28.96,,
Hong Kong,1991,HKG,5628091.0,166388672053.0,0.0,0.0,0.0,0.0,0.0,0.0,0.0,0.0,0.0,0.0,,31.889,,
Hong Kong,1992,HKG,5759558.0,174712323919.0,0.0,0.0,0.0,0.0,0.0,0.0,0.0,0.0,0.0,0.0,,35.076,,
Hong Kong,1993,HKG,5902506.0,183841594031.0,0.0,0.0,0.0,0.0,0.0,0.0,0.0,0.0,0.0,0.0,,35.947,,
Hong Kong,1994,HKG,6042259.0,193897052623.0,0.0,0.0,0.0,0.0,0.0,0.0,0.0,0.0,0.0,0.0,,26.741,,
Hong Kong,1995,HKG,6177105.0,196081470595.0,0.0,0.0,0.0,0.0,0.0,0.0,0.0,0.0,0.0,0.0,,27.916,,
Hong Kong,1996,HKG,6302469.0,207053020618.0,0.0,0.0,0.0,0.0,0.0,0.0,0.0,0.0,0.0,0.0,,28.44,,
Hong Kong,1997,HKG,6416674.0,216031296787.0,0.0,0.0,0.0,0.0,0.0,0.0,0.0,0.0,0.0,0.0,,28.943,,
Hong Kong,1998,HKG,6521331.0,201421963837.0,0.0,0.0,0.0,0.0,0.0,0.0,0.0,0.0,0.0,0.0,,31.414,,
Hong Kong,1999,HKG,6616524.0,205093825462.0,0.0,0.0,0.0,0.0,0.0,0.0,0.0,0.0,0.0,0.0,,29.496,,
Hong Kong,2000,HKG,6704665.0,218622146616.0,0.0,0.0,0.0,0.0,0.0,0.0,0.0,0.0,0.0,0.0,31.26,31.26,24.77,792.39
Hong Kong,2001,HKG,6774243.0,219159408785.0,0.0,0.0,0.0,0.0,0.0,0.0,0.0,0.0,0.0,0.0,32.36,32.36,25.77,796.35
Hong Kong,2002,HKG,6821412.0,222182532288.0,0.0,0.0,0.0,0.0,0.0,0.0,0.0,0.0,0.0,0.0,34.23,34.23,27.63,807.19
Hong Kong,2003,HKG,6858906.0,225487397415.0,0.0,0.0,0.0,0.0,0.0,0.0,0.0,0.0,0.0,0.0,35.43,35.43,30.7,866.5
Hong Kong,2004,HKG,6888164.0,243895605092.0,0.0,0.0,0.0,0.0,0.0,0.0,0.0,0.0,0.0,0.0,37.05,37.05,30.73,829.42
Hong Kong,2005,HKG,6908483.0,259469641313.0,0.0,0.0,0.0,0.0,0.0,0.0,0.0,0.0,0.0,0.0,38.38,38.38,32.05,835.07
Hong Kong,2006,HKG,6931089.0,274690745926.0,0.0,0.0,0.0,0.0,0.0,0.001,0.0,0.0,0.0,0.0,38.54,38.54,31.94,828.75
Hong Kong,2007,HKG,6971344.0,291247413551.0,0.0,0.0,0.0,0.0,0.0,0.001,0.0,0.0,0.0,0.0,38.88,38.88,32.94,847.22
Hong Kong,2008,HKG,7020689.0,295823304243.0,0.0,0.0,0.0,0.0,0.0,0.001,0.0,0.0,0.0,0.0,37.93,37.93,31.31,825.47
Hong Kong,2009,HKG,7064464.0,285619082956.0,0.0,0.0,0.0,0.0,0.0,0.001,0.0,0.0,0.0,0.0,38.62,38.62,32.33,837.13
Hong Kong,2010,HKG,7101614.0,302377330309.0,0.0,0.0,0.0,0.04,0.04,0.053,0.105,0.0,0.0,0.0,38.19,38.23,30.58,799.9
Hong Kong,2011,HKG,7142969.0,314044556431.0,0.0,0.0,0.0,0.04,0.04,0.137,0.103,0.0,0.0,0.0,38.93,38.97,32.67,838.34
Hong Kong,2012,HKG,7201059.0,319384208506.0,0.0,0.0,0.0,0.04,0.04,0.061,0.104,0.0,0.0,0.0,38.49,38.53,31.29,812.09
Hong Kong,2013,HKG,7264330.0,329290162080.0,0.0,0.0,0.0,0.04,0.04,0.16,0.103,0.0,0.0,0.0,38.97,39.01,33.33,854.4
Hong Kong,2014,HKG,7319502.0,338386398632.0,0.0,0.0,0.0,0.04,0.04,0.151,0.101,0.0,0.0,0.0,39.7,39.74,34.2,860.59
Hong Kong,2015,HKG,7366411.0,346466191769.0,0.0,0.0,0.0,0.07,0.07,0.205,0.185,0.0,0.0,0.0,37.79,37.86,30.85,814.84
Hong Kong,2016,HKG,7408006.0,354003396927.0,0.0,0.0,0.0,0.14,0.14,0.206,0.367,0.0,0.0,0.0,37.98,38.12,31.08,815.32
Hong Kong,2017,HKG,7444889.0,367441685993.0,0.01,0.0,0.0,0.14,0.15,0.209,0.406,0.027,0.0,0.0,36.79,36.94,29.94,810.5
Hong Kong,2018,HKG,7471190.0,377902310676.0,0.01,0.0,0.0,0.14,0.15,0.24,0.41,0.027,0.0,0.0,36.42,36.57,28.9,790.27
Hong Kong,2019,HKG,7485817.0,371582312306.0,0.02,0.0,0.0,0.14,0.16,0.253,0.433,0.054,0.0,0.0,36.78,36.94,28.69,776.67
Hong Kong,2020,HKG,7490240.0,347263059452.0,0.05,0.0,0.0,0.14,0.19,0.462,0.553,0.146,0.0,0.0,34.16,34.35,23.5,684.13
Hong Kong,2021,HKG,7484604.0,369654417943.0,0.12,0.0,0.0,0.14,0.26,0.654,0.718,0.331,0.0,0.0,35.96,36.22,25.05,691.61
Hong Kong,2022,HKG,7465913.0,356690492875.0,0.18,0.0,0.0,0.15,0.33,0.927,0.914,0.499,0.0,0.0,35.77,36.1,24.63,682.27
Hong Kong,2023,HKG,7442738.0,356690492875.0,0.2,0.0,0.0,0.16,0.36,1.048,0.954,0.53,0.0,0.0,37.39,37.75,25.46,674.44
Hong Kong,2024,HKG,7414914.0,356690492875.0,0.23,0.0,0.0,0.16,0.39,1.048,1.042,0.614,0.0,0.0,37.05,37.44,25.29,675.48
Hungary,1965,HUN,10141118.0,71364970230.0,0.0,0.0,0.075,0.0,0.075,0.113,,,,,,,,
Hungary,1966,HUN,10170409.0,75426855410.0,0.0,0.0,0.1,0.0,0.1,0.148,,,,,,,,
Hungary,1967,HUN,10206812.0,79752914046.0,0.0,0.0,0.082,0.0,0.082,0.127,,,,,,,,
Hungary,1968,HUN,10244548.0,80722757768.0,0.0,0.0,0.089,0.0,0.089,0.133,,,,,,,,
Hungary,1969,HUN,10281595.0,83133409822.0,0.0,0.0,0.095,0.0,0.095,0.133,,,,,,,,
Hungary,1970,HUN,10315142.0,82851086308.0,0.0,0.0,0.088,0.0,0.088,0.114,,,,,,,,
Hungary,1971,HUN,10343972.0,86536292455.0,0.0,0.0,0.096,0.0,0.096,0.121,,,,,,,,
Hungary,1972,HUN,10374303.0,88401742426.0,0.0,0.0,0.11,0.0,0.11,0.134,,,,,,,,
Hungary,1973,HUN,10407441.0,92999780625.0,0.0,0.0,0.101,0.0,0.101,0.114,,,,,,,,
Hungary,1974,HUN,10453918.0,95403763391.0,0.0,0.0,0.081,0.0,0.081,0.088,,,,,,,,
Hungary,1975,HUN,10515654.0,97450933351.0,0.0,0.0,0.163,0.0,0.163,0.168,,,,,,,,
Hungary,1976,HUN,10573770.0,97744552927.0,0.0,0.0,0.165,0.0,0.165,0.159,,,,,,,,
Hungary,1977,HUN,10623145.0,103871973823.0,0.0,0.0,0.149,0.0,0.149,0.137,,,,,,,,
Hungary,1978,HUN,10660190.0,106380779153.0,0.0,0.0,0.138,0.0,0.138,0.118,,,,,,,,
Hungary,1979,HUN,10688259.0,106597207312.0,0.0,0.0,0.146,0.0,0.146,0.126,,,,,,,,
Hungary,1980,HUN,10695372.0,107668199050.0,0.0,0.0,0.112,0.0,0.112,0.097,,,,,,,,
Hungary,1981,HUN,10679329.0,108436033824.0,0.0,0.0,0.168,0.0,0.168,0.146,,,,,,,,
Hungary,1982,HUN,10656109.0,112333180394.0,0.0,0.0,0.159,0.0,0.159,0.138,,,,,,,,
Hungary,1983,HUN,10622989.0,111181103525.0,0.0,0.0,0.155,0.0,0.155,0.137,,,,,,,,
Hungary,1984,HUN,10584329.0,114105941195.0,0.0,0.0,0.181,0.0,0.181,0.156,,,,,,,,
Hungary,1985,HUN,10547258.0,111300347132.0,0.0,0.0,0.155,0.0,0.155,0.129,0.578,0.0,0.0,0.578,,26.794,,
Hungary,1986,HUN,10511099.0,113513156802.0,0.0,0.0,0.154,0.0,0.154,0.129,0.549,0.0,0.0,0.549,,28.044,,
Hungary,1987,HUN,10475103.0,115264971685.0,0.0,0.0,0.169,0.0,0.169,0.136,0.568,0.0,0.0,0.568,,29.749,,
Hungary,1988,HUN,10440534.0,117029097500.0,0.0,0.0,0.169,0.0,0.169,0.139,0.578,0.0,0.0,0.578,,29.233,,
Hungary,1989,HUN,10403421.0,114408742705.0,0.0,0.0,0.158,0.0,0.158,0.133,0.534,0.0,0.0,0.534,,29.596,,
Hungary,1990,HUN,10381280.0,106788855164.0,0.0,0.0,0.18,0.02,0.2,0.17,0.703,0.0,0.0,0.633,14.51,28.44,,414.56
Hungary,1991,HUN,10378174.0,95825225553.0,0.0,0.0,0.19,0.02,0.21,0.204,0.701,0.0,0.0,0.634,16.02,29.96,,416.89
Hungary,1992,HUN,10371477.0,94567780137.0,0.0,0.0,0.16,0.05,0.21,0.202,0.663,0.0,0.0,0.505,17.51,31.68,,442.87
Hungary,1993,HUN,10356869.0,95740692963.0,0.0,0.0,0.17,0.04,0.21,0.21,0.638,0.0,0.0,0.517,18.9,32.91,,453.97
Hungary,1994,HUN,10339936.0,100339331340.0,0.0,0.0,0.16,0.05,0.21,0.208,0.626,0.0,0.0,0.477,19.26,33.52,,445.41
Hungary,1995,HUN,10322792.0,104751822959.0,0.0,0.0,0.16,0.06,0.22,0.22,0.647,0.0,0.0,0.47,19.77,34.02,,450.03
Hungary,1996,HUN,10302238.0,106886865711.0,0.0,0.0,0.21,0.05,0.26,0.251,0.741,0.0,0.0,0.598,20.65,35.09,,451.7
Hungary,1997,HUN,10278600.0,112676520011.0,0.0,0.0,0.22,0.05,0.27,0.269,0.763,0.0,0.0,0.621,21.16,35.4,,459.04
Hungary,1998,HUN,10251717.0,119818720518.0,0.0,0.0,0.16,0.06,0.22,0.214,0.591,0.0,0.0,0.43,23.03,37.2,,462.63
Hungary,1999,HUN,10219797.0,126176462095.0,0.0,0.0,0.18,0.06,0.24,0.245,0.634,0.0,0.0,0.476,23.49,37.83,,466.3
Hungary,2000,HUN,10190598.0,134151505450.0,0.0,0.0,0.18,0.06,0.24,0.249,0.682,0.0,0.0,0.512,20.77,35.19,15.87,450.98
Hungary,2001,HUN,10166693.0,142043461403.0,0.0,0.0,0.19,0.07,0.26,0.256,0.714,0.0,0.0,0.522,22.03,36.42,15.99,439.04
Hungary,2002,HUN,10138461.0,151456660939.0,0.0,0.0,0.19,0.04,0.23,0.238,0.636,0.0,0.0,0.526,21.97,36.15,15.63,432.37
Hungary,2003,HUN,10108970.0,160456137012.0,0.0,0.0,0.17,0.16,0.33,0.345,0.967,0.0,0.0,0.498,22.79,34.13,16.0,468.8
Hungary,2004,HUN,10085788.0,171925388770.0,0.0,0.01,0.2,0.73,0.94,0.985,2.788,0.0,0.03,0.593,20.86,33.71,14.54,431.33
Hungary,2005,HUN,10065703.0,183107031890.0,0.0,0.01,0.2,1.66,1.87,1.882,5.231,0.0,0.028,0.559,20.05,35.75,13.68,382.66
Hungary,2006,HUN,10049946.0,194033322767.0,0.0,0.04,0.19,1.26,1.49,1.557,4.156,0.0,0.112,0.53,20.9,35.85,13.98,389.96
Hungary,2007,HUN,10034084.0,198872162765.0,0.0,0.11,0.21,1.56,1.88,2.042,4.705,0.0,0.275,0.526,23.4,39.96,15.42,385.89
Hungary,2008,HUN,10016653.0,204720371926.0,0.0,0.2,0.21,1.94,2.35,3.095,5.872,0.0,0.5,0.525,22.85,40.02,15.05,376.06
Hungary,2009,HUN,10001381.0,195180908684.0,0.0,0.33,0.23,2.33,2.89,3.947,8.048,0.0,0.919,0.64,17.59,35.91,12.35,343.92
Hungary,2010,HUN,9979128.0,200496589291.0,0.0,0.53,0.19,2.3,3.02,3.999,8.084,0.0,1.419,0.509,18.58,37.36,12.74,341.01
Hungary,2011,HUN,9946675.0,208407605976.0,0.0,0.63,0.22,1.86,2.71,3.672,7.524,0.0,1.749,0.611,17.62,36.02,12.29,341.2
Hungary,2012,HUN,9916621.0,205802052322.0,0.01,0.77,0.21,1.65,2.64,3.807,7.626,0.029,2.224,0.607,16.19,34.62,11.52,332.76
Hungary,2013,HUN,9889344.0,209511661762.0,0.02,0.72,0.21,1.83,2.78,4.115,9.184,0.066,2.379,0.694,12.12,30.27,9.61,317.48
Hungary,2014,HUN,9862843.0,218378634753.0,0.07,0.66,0.3,2.13,3.16,4.82,10.752,0.238,2.246,1.021,10.58,29.39,8.82,300.1
Hungary,2015,HUN,9839211.0,226474616785.0,0.14,0.69,0.23,2.16,3.22,4.593,10.617,0.462,2.275,0.758,11.28,30.33,9.07,299.04
Hungary,2016,HUN,9810529.0,231459349147.0,0.24,0.68,0.26,2.07,3.25,4.567,10.194,0.753,2.133,0.816,12.58,31.88,9.57,300.19
Hungary,2017,HUN,9785608.0,241347220007.0,0.35,0.76,0.22,2.15,3.48,4.454,10.571,1.063,2.309,0.668,13.34,32.92,9.57,290.71
Hungary,2018,HUN,9774395.0,254289117363.0,0.63,0.61,0.22,2.31,3.77,4.84,11.763,1.966,1.903,0.686,12.55,32.05,9.12,284.56
Hungary,2019,HUN,9770346.0,266658311342.0,1.5,0.73,0.22,2.25,4.7,5.632,13.711,4.376,2.13,0.642,13.29,34.28,9.12,266.04
Hungary,2020,HUN,9749459.0,254563881936.0,2.46,0.65,0.24,2.17,5.52,6.807,15.808,7.045,1.861,0.687,13.34,34.92,8.99,257.45
Hungary,2021,HUN,9707848.0,272892486007.0,3.8,0.66,0.21,2.24,6.91,7.724,19.141,10.526,1.828,0.582,13.2,36.1,8.61,238.5
Hungary,2022,HUN,9684308.0,285385229433.0,4.73,0.61,0.18,2.14,7.66,8.957,21.409,13.22,1.705,0.503,12.31,35.78,8.19,228.9
Hungary,2023,HUN,9686465.0,285385229433.0,6.93,0.65,0.22,1.58,9.38,10.886,26.393,19.499,1.829,0.619,10.24,35.54,6.97,196.12
Hungary,2024,HUN,9676135.0,285385229433.0,9.2,0.69,0.23,1.84,11.96,12.706,31.474,24.211,1.816,0.605,10.02,38.0,7.01,184.47
Hungary,2025,HUN,9632286.0,285385229433.0,10.98,0.6,0.23,2.4,14.21,12.706,35.313,27.286,1.491,0.572,9.93,40.24,6.56,163.02
Iceland,1965,ISL,192344.0,2711260720.0,0.0,0.0,0.641,0.0,0.641,23.831,,,,,,,,
Iceland,1966,ISL,195604.0,2945495389.0,0.0,0.0,0.624,0.0,0.624,22.105,,,,,,,,
Iceland,1967,ISL,198796.0,2909013916.0,0.0,0.0,0.664,0.0,0.664,23.785,,,,,,,,
Iceland,1968,ISL,201519.0,2746591693.0,0.0,0.0,0.687,0.0,0.687,23.237,,,,,,,,
Iceland,1969,ISL,203383.0,2816529574.0,0.0,0.0,0.86,0.002,0.862,29.321,,,,,,,,
Iceland,1970,ISL,204489.0,3026862377.0,0.0,0.0,1.413,0.012,1.425,40.212,,,,,,,,
Iceland,1971,ISL,206171.0,3422363672.0,0.0,0.0,1.54,0.012,1.552,40.226,,,,,,,,
Iceland,1972,ISL,209209.0,3634269544.0,0.0,0.0,1.703,0.022,1.724,41.135,,,,,,,,
Iceland,1973,ISL,212385.0,3881376798.0,0.0,0.0,2.181,0.024,2.205,43.569,,,,,,,,
Iceland,1974,ISL,215273.0,4102783593.0,0.0,0.0,2.258,0.006,2.264,45.902,,,,,,,,
Iceland,1975,ISL,218029.0,4128417095.0,0.0,0.0,2.206,0.018,2.224,47.037,,,,,,,,
Iceland,1976,ISL,220196.0,4375583553.0,0.0,0.0,2.349,0.019,2.369,48.49,,,,,,,,
Iceland,1977,ISL,221842.0,4761430653.0,0.0,0.0,2.52,0.016,2.536,49.072,,,,,,,,
Iceland,1978,ISL,223580.0,5048370999.0,0.0,0.0,2.605,0.018,2.623,48.615,,,,,,,,
Iceland,1979,ISL,225765.0,5292233641.0,0.0,0.0,2.819,0.046,2.865,50.983,,,,,,,,
Iceland,1980,ISL,228147.0,5596332897.0,0.0,0.0,3.053,0.045,3.098,54.467,,,,,,,,
Iceland,1981,ISL,230754.0,5835622894.0,0.0,0.0,3.085,0.123,3.208,55.389,,,,,,,,
Iceland,1982,ISL,233852.0,5961541416.0,0.0,0.0,3.407,0.159,3.566,60.156,,,,,,,,
Iceland,1983,ISL,236968.0,5832393814.0,0.0,0.0,3.588,0.172,3.76,61.455,,,,,,,,
Iceland,1984,ISL,239513.0,6072950813.0,0.0,0.0,3.738,0.173,3.911,60.739,,,,,,,,
Iceland,1985,ISL,241414.0,6274063966.0,0.0,0.0,3.663,0.171,3.834,60.158,99.915,0.0,0.0,95.452,,3.837,,
Iceland,1986,ISL,243195.0,6667649366.0,0.0,0.0,3.842,0.212,4.054,60.87,99.909,0.0,0.0,94.676,,4.058,,
Iceland,1987,ISL,245864.0,7236537224.0,0.0,0.0,3.914,0.234,4.148,60.367,99.906,0.0,0.0,94.267,,4.152,,
Iceland,1988,ISL,249734.0,7230172431.0,0.0,0.0,4.164,0.246,4.41,60.846,99.856,0.0,0.0,94.295,,4.416,,
Iceland,1989,ISL,252861.0,7241678454.0,0.0,0.0,4.213,0.258,4.471,59.57,99.899,0.0,0.0,94.145,,4.475,,
Iceland,1990,ISL,254842.0,7325718271.0,0.0,0.0,4.154,0.283,4.437,59.083,99.761,0.0,0.0,93.4,,4.447,,
Iceland,1991,ISL,257817.0,7288590266.0,0.0,0.0,4.154,0.267,4.421,60.295,99.898,0.0,0.0,93.864,,4.425,,
Iceland,1992,ISL,261087.0,7011078151.0,0.0,0.0,4.304,0.23,4.534,59.704,99.893,0.0,0.0,94.831,,4.539,,
Iceland,1993,ISL,263760.0,7076878574.0,0.0,0.0,4.461,0.254,4.715,59.777,99.873,0.0,0.0,94.487,,4.721,,
Iceland,1994,ISL,266063.0,7301854318.0,0.0,0.0,4.509,0.258,4.768,59.774,99.893,0.0,0.0,94.48,,4.773,,
Iceland,1995,ISL,267516.0,7280955133.0,0.0,0.0,4.677,0.288,4.965,60.333,99.789,0.0,0.0,93.998,,4.976,,
Iceland,1996,ISL,268967.0,7601917128.0,0.0,0.0,4.762,0.343,5.105,58.579,99.879,0.0,0.0,93.166,,5.112,,
Iceland,1997,ISL,271194.0,8108417582.0,0.0,0.0,5.201,0.373,5.574,61.043,99.908,0.0,0.0,93.221,,5.58,,
Iceland,1998,ISL,274121.0,8607334873.0,0.0,0.0,5.616,0.653,6.268,63.559,99.902,0.0,0.0,89.5,,6.274,,
Iceland,1999,ISL,277450.0,8919642339.0,0.0,0.0,6.042,1.136,7.178,66.566,99.91,0.0,0.0,84.101,,7.184,,
Iceland,2000,ISL,281293.0,9307402059.0,0.0,0.0,6.29,1.32,7.61,67.054,100.0,0.0,0.0,82.654,0.0,7.61,0.2,26.28
Iceland,2001,ISL,285058.0,9632094658.0,0.0,0.0,6.51,1.45,7.96,68.986,100.0,0.0,0.0,81.784,0.0,7.96,0.2,25.13
Iceland,2002,ISL,287609.0,9623436669.0,0.0,0.0,6.91,1.43,8.34,69.06,99.88,0.0,0.0,82.754,0.01,8.35,0.22,26.35
Iceland,2003,ISL,289616.0,9810546928.0,0.0,0.0,7.02,1.41,8.43,69.009,99.882,0.0,0.0,83.175,0.01,8.44,0.23,27.25
Iceland,2004,ISL,292172.0,10591927126.0,0.0,0.0,7.06,1.48,8.54,68.283,100.0,0.0,0.0,82.67,0.0,8.54,0.23,26.93
Iceland,2005,ISL,296852.0,11206862490.0,0.0,0.0,6.95,1.66,8.61,68.112,100.0,0.0,0.0,80.72,0.0,8.61,0.23,26.71
Iceland,2006,ISL,303883.0,11775508947.0,0.0,0.0,7.22,2.63,9.85,70.76,100.0,0.0,0.0,73.299,0.0,9.85,0.27,27.41
Iceland,2007,ISL,311662.0,12798725464.0,0.0,0.0,8.31,3.58,11.89,74.337,100.0,0.0,0.0,69.891,0.0,11.89,0.33,27.75
Iceland,2008,ISL,317519.0,13031114591.0,0.0,0.0,12.3,4.04,16.34,81.016,100.0,0.0,0.0,75.275,0.0,16.34,0.44,26.93
Iceland,2009,ISL,318619.0,12031037299.0,0.0,0.0,12.16,4.55,16.71,82.491,100.0,0.0,0.0,72.771,0.0,16.71,0.46,27.53
Iceland,2010,ISL,318163.0,11531450215.0,0.0,0.0,12.51,4.23,16.74,83.047,100.0,0.0,0.0,74.731,0.0,16.74,0.46,27.48
Iceland,2011,ISL,319139.0,11716753534.0,0.0,0.0,12.38,4.47,16.85,83.32,100.0,0.0,0.0,73.472,0.0,16.85,0.46,27.3
Iceland,2012,ISL,320851.0,11841375384.0,0.0,0.0,12.21,5.08,17.29,83.699,100.0,0.0,0.0,70.619,0.0,17.29,0.48,27.76
Iceland,2013,ISL,323891.0,12380449213.0,0.0,0.0,12.75,5.24,17.99,83.281,100.0,0.0,0.0,70.873,0.0,17.99,0.5,27.79
Iceland,2014,ISL,327517.0,12589333385.0,0.0,0.01,12.55,5.24,17.8,83.012,100.0,0.0,0.056,70.506,0.0,17.8,0.5,28.09
Iceland,2015,ISL,330962.0,13147880818.0,0.0,0.01,13.54,5.0,18.55,82.168,100.0,0.0,0.054,72.992,0.0,18.55,0.51,27.49
Iceland,2016,ISL,335571.0,13976682094.0,0.0,0.01,13.09,5.07,18.17,80.357,100.0,0.0,0.055,72.042,0.0,18.17,0.5,27.52
Iceland,2017,ISL,343537.0,14562998209.0,0.0,0.01,13.89,5.17,19.07,79.303,100.0,0.0,0.052,72.837,0.0,19.07,0.52,27.27
Iceland,2018,ISL,352860.0,15275006901.0,0.0,0.0,13.68,6.01,19.69,78.7,100.0,0.0,0.0,69.477,0.0,19.69,0.56,28.44
Iceland,2019,ISL,360709.0,15550746271.0,0.0,0.01,13.33,6.02,19.36,80.843,100.0,0.0,0.052,68.853,0.0,19.36,0.55,28.41
Iceland,2020,ISL,366626.0,14424580947.0,0.0,0.01,12.92,5.96,18.89,86.126,100.0,0.0,0.053,68.396,0.0,18.89,0.53,28.06
Iceland,2021,ISL,372647.0,15049658393.0,0.0,0.01,13.58,5.8,19.39,84.494,100.0,0.0,0.052,70.036,0.0,19.39,0.54,27.85
Iceland,2022,ISL,380368.0,16019540441.0,0.0,0.01,13.94,5.92,19.87,82.075,100.0,0.0,0.05,70.156,0.0,19.87,0.55,27.68
Iceland,2023,ISL,387559.0,16019540441.0,0.0,0.01,14.1,5.7,19.81,81.843,100.0,0.0,0.05,71.176,0.0,19.81,0.55,27.76
Iceland,2024,ISL,393404.0,16019540441.0,0.01,0.01,13.46,5.57,19.05,80.498,100.0,0.052,0.052,70.656,0.0,19.05,0.53,27.82
India,1965,IND,490140142.0,596065000000.0,0.0,0.0,19.167,0.0,19.167,8.643,,,,,,,,
India,1966,IND,500740250.0,601425000000.0,0.0,0.0,20.015,0.0,20.015,8.758,,,,,,,,
India,1967,IND,511606377.0,650716000000.0,0.0,0.0,22.398,0.0,22.398,9.507,,,,,,,,
India,1968,IND,522716893.0,668220000000.0,0.0,0.0,25.849,0.0,25.849,10.267,,,,,,,,
India,1969,IND,533880545.0,712563000000.0,0.0,0.0,28.7,0.0,28.7,10.283,,,,,,,,
India,1970,IND,545864271.0,748744000000.0,0.0,0.0,30.436,0.0,30.436,11.151,,,,,,,,
India,1971,IND,558096385.0,755656000000.0,0.0,0.0,33.384,0.0,33.384,11.763,,,,,,,,
India,1972,IND,570482138.0,753543000000.0,0.0,0.0,32.403,0.0,32.403,10.844,,,,,,,,
India,1973,IND,583465599.0,788800000000.0,0.0,0.0,34.507,0.0,34.507,11.316,,,,,,,,
India,1974,IND,597041391.0,796992000000.0,0.0,0.0,33.203,0.0,33.203,10.271,,,,,,,,
India,1975,IND,611309536.0,868010000000.0,0.0,0.0,39.669,0.0,39.669,11.421,,,,,,,,
India,1976,IND,625861887.0,878540000000.0,0.0,0.0,41.498,0.0,41.498,11.392,,,,,,,,
India,1977,IND,640801106.0,947196000000.0,0.0,0.0,45.277,0.0,45.277,11.753,,,,,,,,
India,1978,IND,655728226.0,997920000000.0,0.0,0.0,56.175,0.0,56.175,14.048,,,,,,,,
India,1979,IND,671155746.0,947528000000.0,0.0,0.0,54.169,0.0,54.169,12.826,,,,,,,,
India,1980,IND,687354029.0,1015105000000.0,0.0,0.0,55.441,0.0,55.441,12.743,,,,,,,,
India,1981,IND,703696251.0,1077444000000.0,0.0,0.0,59.083,0.0,59.083,12.261,,,,,,,,
India,1982,IND,720313473.0,1111560000000.0,0.0,0.0,49.86,0.0,49.86,10.437,,,,,,,,
India,1983,IND,737372683.0,1202349000000.0,0.0,0.0,48.043,0.0,48.043,9.558,,,,,,,,
India,1984,IND,754875449.0,1248910000000.0,0.0,0.0,53.682,0.0,53.682,10.001,,,,,,,,
India,1985,IND,772647800.0,1298600000000.0,0.0,0.0,51.813,0.0,51.813,9.14,27.799,0.0,0.0,27.799,130.065,186.386,,
India,1986,IND,790689977.0,1353105000000.0,0.0,0.0,52.569,0.0,52.569,8.662,25.937,0.0,0.0,25.937,145.088,202.677,,
India,1987,IND,808931268.0,1412884000000.0,0.0,0.0,48.963,0.0,48.963,7.582,21.891,0.0,0.0,21.891,169.386,223.669,,
India,1988,IND,827342994.0,1560090000000.0,0.0,0.0,54.615,0.0,54.615,7.771,22.633,0.0,0.0,22.633,180.613,241.305,,
India,1989,IND,846039528.0,1663728000000.0,0.0,0.0,63.37,0.0,63.37,8.257,23.26,0.0,0.0,23.26,205.055,272.446,,
India,1990,IND,864972221.0,1750993000000.0,0.0,0.03,66.397,0.038,66.465,8.068,23.097,0.0,0.011,23.074,214.903,287.763,,
India,1991,IND,883927605.0,1768493598375.0,0.0,0.113,73.919,0.095,74.127,8.531,23.132,0.0,0.035,23.067,240.917,320.458,,
India,1992,IND,902957075.0,1851711465033.0,0.0,0.088,70.061,0.119,70.269,7.687,20.842,0.0,0.026,20.78,260.481,337.153,,
India,1993,IND,922118380.0,1944353884791.0,0.0,0.095,70.732,0.252,71.079,7.588,19.626,0.0,0.026,19.53,284.87,362.176,,
India,1994,IND,941163772.0,2055026658036.0,0.0,0.191,80.212,0.38,80.784,8.187,20.822,0.0,0.049,20.675,302.238,387.967,,
India,1995,IND,960301046.0,2189535837458.0,0.001,0.496,75.921,0.564,76.982,7.258,18.022,0.0,0.116,17.774,342.552,427.149,,
India,1996,IND,979678460.0,2345228680352.0,0.006,0.878,69.058,0.756,70.698,6.408,15.952,0.001,0.198,15.581,364.106,443.205,,
India,1997,IND,999133764.0,2426804815330.0,0.006,0.988,70.211,0.982,72.187,6.202,15.387,0.001,0.211,14.965,386.895,469.154,,
India,1998,IND,1018665080.0,2567853125008.0,0.006,1.079,83.633,1.293,86.01,6.971,17.029,0.001,0.214,16.558,407.697,505.078,,
India,1999,IND,1038225822.0,2710353015518.0,0.006,1.446,82.249,1.686,85.388,6.735,15.6,0.001,0.264,15.027,449.247,547.362,,
India,2000,IND,1057922731.0,2804478499774.0,0.01,1.58,76.99,1.69,80.27,6.042,14.048,0.002,0.277,13.474,475.35,571.39,422.85,740.04
India,2001,IND,1077898579.0,2940745466088.0,0.01,2.09,72.02,2.07,76.19,5.693,13.0,0.002,0.357,12.288,491.01,586.09,438.04,747.39
India,2002,IND,1097600380.0,3024984520809.0,0.01,2.09,68.54,2.14,72.78,5.218,11.938,0.002,0.343,11.243,517.51,609.64,460.74,755.76
India,2003,IND,1116803000.0,3251114494190.0,0.02,2.6,69.3,2.71,74.63,5.144,11.695,0.003,0.407,10.86,545.36,638.13,483.71,758.01
India,2004,IND,1135991509.0,3495022816540.0,0.02,5.23,100.64,3.31,109.2,6.887,15.638,0.003,0.749,14.412,567.86,698.32,505.44,723.79
India,2005,IND,1154676321.0,3752627653422.0,0.02,5.99,97.42,4.04,107.47,6.359,15.254,0.003,0.85,13.828,579.32,704.52,517.14,734.03
India,2006,IND,1172878888.0,4069856052453.0,0.01,9.34,112.62,5.59,127.56,7.134,17.135,0.001,1.255,15.128,599.24,744.43,538.25,723.04
India,2007,IND,1190676028.0,4403215224414.0,0.06,11.68,122.61,7.4,141.75,7.276,17.802,0.008,1.467,15.398,636.68,796.26,571.61,717.87
India,2008,IND,1207930960.0,4649548164533.0,0.06,14.38,115.17,9.3,138.91,6.712,16.768,0.007,1.736,13.903,674.27,828.41,607.29,733.08
India,2009,IND,1225524764.0,4993478894185.0,0.08,16.27,106.34,10.56,133.25,5.965,15.166,0.009,1.852,12.103,728.56,878.63,654.18,744.55
India,2010,IND,1243481565.0,5361371354007.0,0.11,19.46,108.74,13.22,141.53,6.057,15.114,0.012,2.078,11.613,771.78,936.39,692.39,739.43
India,2011,IND,1261224956.0,5720692888000.0,0.83,23.95,131.7,15.46,171.94,6.967,16.656,0.08,2.32,12.758,828.16,1032.32,745.45,722.11
India,2012,IND,1278674501.0,6052427493607.0,2.1,27.43,115.78,16.52,161.83,6.208,14.868,0.193,2.52,10.637,893.45,1088.42,808.54,742.86
India,2013,IND,1295829507.0,6424470752490.0,3.43,30.01,131.98,17.57,182.99,6.75,16.034,0.301,2.63,11.565,924.93,1141.23,843.36,738.99
India,2014,IND,1312277184.0,6875186158349.0,4.91,33.45,139.0,21.14,198.5,6.829,15.77,0.39,2.658,11.043,1025.49,1258.68,935.48,743.22
India,2015,IND,1328024494.0,7391521519812.0,7.09,32.74,133.48,18.36,191.67,6.357,14.625,0.541,2.498,10.185,1080.58,1310.56,983.74,750.63
India,2016,IND,1343944296.0,8057465593010.0,12.2,43.45,128.55,17.2,201.4,6.37,14.438,0.875,3.115,9.216,1155.63,1394.93,1048.81,751.87
India,2017,IND,1359657398.0,8550029645172.0,22.36,52.63,135.98,14.99,225.96,6.793,15.451,1.529,3.599,9.298,1199.02,1462.39,1086.68,743.09
India,2018,IND,1374659067.0,9173201683791.0,37.45,60.31,139.92,18.4,256.08,7.307,16.294,2.383,3.837,8.903,1276.52,1571.65,1159.44,737.72
India,2019,IND,1389030307.0,9595463242427.0,37.45,63.31,162.29,18.99,282.04,8.108,17.617,2.339,3.954,10.137,1273.78,1600.98,1156.96,722.66
India,2020,IND,1402617694.0,8945313249462.0,52.91,60.43,163.94,19.88,297.16,8.893,19.007,3.384,3.865,10.486,1221.66,1563.43,1108.56,709.06
India,2021,IND,1414203896.0,9801621018003.0,65.59,68.09,160.57,21.2,315.45,8.657,18.791,3.907,4.056,9.565,1319.35,1678.72,1200.85,715.34
India,2022,IND,1425423209.0,10476248645535.0,95.92,70.05,175.09,23.29,364.35,9.421,20.19,5.315,3.882,9.702,1394.07,1804.61,1273.61,705.75
India,2023,IND,1438069597.0,10476248645535.0,115.42,82.11,149.43,23.01,369.97,8.861,19.287,6.017,4.28,7.79,1500.09,1918.26,1368.41,713.36
India,2024,IND,1450935785.0,10476248645535.0,143.07,81.54,156.53,22.25,403.39,9.146,19.808,7.025,4.004,7.686,1578.43,2036.52,1436.57,705.4
India,2025,IND,1463865527.0,10476248645535.0,195.99,103.98,177.97,23.04,500.98,9.146,24.067,9.415,4.995,8.55,1526.79,2081.6,1394.95,670.13
Indonesia,1965,IDN,101365131.0,165966270867.0,0.0,0.0,1.825,0.0,1.825,6.022,,,,,,,,
Indonesia,1966,IDN,103792758.0,165937625312.0,0.0,0.0,2.373,0.0,2.373,7.898,,,,,,,,
Indonesia,1967,IDN,106526398.0,162199042031.0,0.0,0.0,2.665,0.0,2.665,8.981,,,,,,,,
Indonesia,1968,IDN,109450008.0,177944031406.0,0.0,0.0,3.292,0.0,3.292,10.412,,,,,,,,
Indonesia,1969,IDN,112517639.0,199907967734.0,0.0,0.0,3.443,0.0,3.443,9.643,,,,,,,,
Indonesia,1970,IDN,115657496.0,220830571796.0,0.0,0.0,4.185,0.0,4.185,10.946,,,,,,,,
Indonesia,1971,IDN,118833700.0,233065685015.0,0.0,0.0,1.379,0.0,1.379,3.768,,,,,,,,
Indonesia,1972,IDN,122039844.0,259469195351.0,0.0,0.0,1.233,0.0,1.233,3.176,,,,,,,,
Indonesia,1973,IDN,125288516.0,297900740234.0,0.0,0.0,1.556,0.0,1.556,3.554,,,,,,,,
Indonesia,1974,IDN,128555052.0,313092753187.0,0.0,0.0,1.724,0.0,1.724,3.674,,,,,,,,
Indonesia,1975,IDN,131843848.0,313087937500.0,0.0,0.0,1.808,0.0,1.808,3.146,,,,,,,,
Indonesia,1976,IDN,135173656.0,340620621000.0,0.0,0.0,1.061,0.0,1.061,1.756,,,,,,,,
Indonesia,1977,IDN,138533540.0,367091499843.0,0.0,0.0,1.763,0.0,1.763,2.209,,,,,,,,
Indonesia,1978,IDN,141953161.0,383794656468.0,0.0,0.0,1.26,0.0,1.26,1.402,,,,,,,,
Indonesia,1979,IDN,145434830.0,404845744687.0,0.0,0.0,1.401,0.0,1.401,1.369,,,,,,,,
Indonesia,1980,IDN,148950537.0,439667550265.0,0.0,0.0,1.268,0.0,1.268,1.154,,,,,,,,
Indonesia,1981,IDN,152485036.0,469898598187.0,0.0,0.0,1.264,0.0,1.264,1.072,,,,,,,,
Indonesia,1982,IDN,156052153.0,452605700484.0,0.0,0.0,1.379,0.0,1.379,1.147,,,,,,,,
Indonesia,1983,IDN,159651382.0,470680097062.0,0.0,0.0,2.073,0.0,2.073,1.629,,,,,,,,
Indonesia,1984,IDN,163251124.0,503305954218.0,0.0,0.0,2.263,0.0,2.263,1.616,,,,,,,,
Indonesia,1985,IDN,166776183.0,515643133687.0,0.0,0.0,2.767,0.0,2.767,1.863,16.901,0.0,0.0,16.901,13.602,16.369,,
Indonesia,1986,IDN,170175065.0,545914214562.0,0.0,0.0,4.455,0.0,4.455,2.811,24.191,0.0,0.0,24.191,13.96,18.415,,
Indonesia,1987,IDN,173511157.0,572866984531.0,0.0,0.0,4.583,0.0,4.583,2.74,22.118,0.0,0.0,22.118,16.137,20.72,,
Indonesia,1988,IDN,176855071.0,605642460937.0,0.0,0.0,5.034,0.0,5.034,2.851,20.291,0.0,0.0,20.291,19.773,24.807,,
Indonesia,1989,IDN,180201638.0,660041602546.0,0.0,0.0,6.28,0.0,6.28,3.208,22.045,0.0,0.0,22.045,22.207,28.487,,
Indonesia,1990,IDN,183501097.0,718548888843.0,0.0,0.0,6.492,1.127,7.62,3.597,23.01,0.0,0.0,19.606,25.493,33.115,,
Indonesia,1991,IDN,186778239.0,786440054225.0,0.0,0.0,7.409,1.051,8.461,3.661,22.205,0.0,0.0,19.445,29.64,38.103,,
Indonesia,1992,IDN,190043742.0,841780430872.0,0.0,0.0,9.645,1.086,10.731,4.219,26.639,0.0,0.0,23.943,29.551,40.284,,
Indonesia,1993,IDN,193305169.0,912702668892.0,0.0,0.0,8.891,1.092,9.983,3.686,25.142,0.0,0.0,22.391,29.722,39.707,,
Indonesia,1994,IDN,196591829.0,986200274496.0,0.0,0.0,7.983,1.604,9.587,3.404,20.873,0.0,0.0,17.381,36.339,45.928,,
Indonesia,1995,IDN,199888055.0,1072204353033.0,0.0,0.0,8.293,2.213,10.506,3.445,19.412,0.0,0.0,15.323,43.612,54.121,,
Indonesia,1996,IDN,203204353.0,1161281457768.0,0.0,0.0,8.824,2.343,11.167,3.415,18.97,0.0,0.0,14.99,47.698,58.868,,
Indonesia,1997,IDN,206536089.0,1221454544616.0,0.0,0.0,5.866,2.728,8.594,2.451,12.157,0.0,0.0,8.298,62.095,70.691,,
Indonesia,1998,IDN,209826791.0,1066065643776.0,0.0,0.0,10.363,3.286,13.65,3.927,17.798,0.0,0.0,13.513,63.04,76.693,,
Indonesia,1999,IDN,213004667.0,1079382527522.0,0.0,0.0,10.38,3.941,14.321,3.788,17.054,0.0,0.0,12.361,69.648,83.971,,
Indonesia,2000,IDN,216077789.0,1138300071768.0,0.0,0.0,10.02,9.58,19.6,3.699,19.992,0.0,0.0,10.22,78.44,98.04,61.83,630.66
Indonesia,2001,IDN,219097905.0,1185220908414.0,0.0,0.0,11.65,10.54,22.19,4.096,20.902,0.0,0.0,10.974,83.97,106.16,66.46,626.04
Indonesia,2002,IDN,222088499.0,1244249942443.0,0.0,0.0,9.93,11.07,21.0,3.647,18.577,0.0,0.0,8.785,92.04,113.04,72.74,643.49
Indonesia,2003,IDN,225048005.0,1309811268640.0,0.0,0.0,9.1,10.72,19.82,3.195,16.884,0.0,0.0,7.752,97.57,117.39,77.07,656.53
Indonesia,2004,IDN,227926649.0,1387446383159.0,0.0,0.0,9.67,11.3,20.97,3.415,16.806,0.0,0.0,7.75,103.81,124.78,81.57,653.71
Indonesia,2005,IDN,230871648.0,1474875329634.0,0.0,0.0,10.73,11.93,22.66,3.494,17.052,0.0,0.0,8.074,110.23,132.89,86.45,650.54
Indonesia,2006,IDN,233951650.0,1565012923832.0,0.0,0.0,9.62,11.56,21.18,3.234,15.348,0.0,0.0,6.971,116.82,138.0,92.2,668.12
Indonesia,2007,IDN,237062338.0,1674227359084.0,0.0,0.0,11.29,13.0,24.29,3.374,16.368,0.0,0.0,7.608,124.11,148.4,98.41,663.14
Indonesia,2008,IDN,240157902.0,1809491142510.0,0.0,0.0,11.53,14.81,26.34,3.62,16.895,0.0,0.0,7.396,129.56,155.9,101.8,652.98
Indonesia,2009,IDN,243220024.0,1905717479305.0,0.0,0.0,11.38,15.41,26.79,3.736,16.449,0.0,0.0,6.987,136.08,162.87,107.6,660.65
Indonesia,2010,IDN,246305327.0,2039334560589.0,0.0,0.0,17.46,17.17,34.63,4.417,19.503,0.0,0.0,9.833,142.93,177.56,113.09,636.91
Indonesia,2011,IDN,249470029.0,2178184530109.0,0.0,0.0,12.42,18.04,30.46,3.554,15.875,0.0,0.0,6.473,161.42,191.88,128.03,667.24
Indonesia,2012,IDN,252698525.0,2309530044109.0,0.0,0.0,12.8,18.31,31.11,3.577,14.888,0.0,0.0,6.126,177.85,208.96,143.58,687.12
Indonesia,2013,IDN,255852464.0,2437876929100.0,0.01,0.0,16.92,18.57,35.5,4.534,15.765,0.004,0.0,7.514,189.68,225.18,153.61,682.17
Indonesia,2014,IDN,258877395.0,2559933272409.0,0.01,0.0,15.16,19.24,34.41,4.708,14.486,0.004,0.0,6.382,203.13,237.54,164.28,691.59
Indonesia,2015,IDN,261799249.0,2684763880628.0,0.01,0.0,13.74,19.81,33.56,4.003,13.795,0.004,0.0,5.648,209.72,243.28,169.4,696.32
Indonesia,2016,IDN,264627429.0,2819889903036.0,0.02,0.01,18.68,20.87,39.58,5.81,15.368,0.008,0.004,7.253,217.97,257.55,177.46,689.03
Indonesia,2017,IDN,267346654.0,2962852274581.0,0.03,0.0,18.63,24.53,43.19,5.518,16.247,0.011,0.0,7.008,222.64,265.83,183.02,688.49
Indonesia,2018,IDN,269951847.0,3116158974437.0,0.09,0.19,21.64,26.46,48.38,8.029,17.048,0.032,0.067,7.625,235.41,283.79,194.13,684.06
Indonesia,2019,IDN,272489381.0,3272568062078.0,0.12,0.48,21.16,26.28,48.04,8.613,16.26,0.041,0.162,7.162,247.4,295.44,204.98,693.81
Indonesia,2020,IDN,274814861.0,3204972631957.0,0.17,0.47,24.33,27.92,52.89,10.644,18.124,0.058,0.161,8.337,238.93,291.82,199.94,685.15
Indonesia,2021,IDN,276758056.0,3323654666991.0,0.19,0.44,24.7,30.87,56.2,11.076,18.167,0.061,0.142,7.984,253.16,309.36,211.73,684.41
Indonesia,2022,IDN,278830527.0,3500093638879.0,0.44,0.36,27.3,37.31,65.41,10.208,19.611,0.132,0.108,8.185,268.13,333.54,225.41,675.81
Indonesia,2023,IDN,281190068.0,3500093638879.0,0.71,0.48,24.59,39.42,65.2,10.695,18.597,0.203,0.137,7.014,285.4,350.6,238.69,680.8
Indonesia,2024,IDN,283487933.0,3500093638879.0,1.35,0.47,27.29,38.1,67.21,10.954,18.09,0.363,0.127,7.345,304.33,371.54,252.74,680.25
Iran,1965,IRN,25036982.0,109475800625.0,0.0,0.0,1.719,0.0,1.719,4.924,,,,,,,,
Iran,1966,IRN,25829273.0,120466928355.0,0.0,0.0,1.847,0.0,1.847,4.854,,,,,,,,
Iran,1967,IRN,26628430.0,134024240734.0,0.0,0.0,1.989,0.0,1.989,4.75,,,,,,,,
Iran,1968,IRN,27437391.0,154230441263.0,0.0,0.0,2.139,0.0,2.139,4.647,,,,,,,,
Iran,1969,IRN,28273483.0,174223159406.0,0.0,0.0,2.303,0.0,2.303,4.557,,,,,,,,
Iran,1970,IRN,29145099.0,192659383855.0,0.0,0.0,2.479,0.0,2.479,4.159,,,,,,,,
Iran,1971,IRN,30029069.0,216529776000.0,0.0,0.0,2.665,0.0,2.665,4.081,,,,,,,,
Iran,1972,IRN,30921178.0,251717221253.0,0.0,0.0,3.5,0.0,3.5,4.729,,,,,,,,
Iran,1973,IRN,31839835.0,273301948734.0,0.0,0.0,2.965,0.0,2.965,3.349,,,,,,,,
Iran,1974,IRN,32796453.0,297538961542.0,0.0,0.0,3.266,0.0,3.266,3.253,,,,,,,,
Iran,1975,IRN,33802971.0,311929458003.0,0.0,0.0,3.429,0.0,3.429,2.931,,,,,,,,
Iran,1976,IRN,34837282.0,365375401171.0,0.0,0.0,3.836,0.0,3.836,2.913,,,,,,,,
Iran,1977,IRN,35933181.0,360749420839.0,0.0,0.0,3.964,0.0,3.964,2.658,,,,,,,,
Iran,1978,IRN,37126534.0,318003256796.0,0.0,0.0,6.209,0.0,6.209,4.263,,,,,,,,
Iran,1979,IRN,38424956.0,290524362906.0,0.0,0.0,5.383,0.0,5.383,3.422,,,,,,,,
Iran,1980,IRN,39842323.0,249697463468.0,0.0,0.0,5.582,0.0,5.582,3.828,,,,,,,,
Iran,1981,IRN,41989316.0,242198929683.0,0.0,0.0,6.094,0.0,6.094,4.165,,,,,,,,
Iran,1982,IRN,44272140.0,280254598203.0,0.0,0.0,6.395,0.0,6.395,3.872,,,,,,,,
Iran,1983,IRN,46029540.0,317242867718.0,0.0,0.0,6.258,0.0,6.258,3.19,,,,,,,,
Iran,1984,IRN,47793999.0,322589094761.0,0.0,0.0,5.851,0.0,5.851,2.759,,,,,,,,
Iran,1985,IRN,49582289.0,330378097328.0,0.0,0.0,5.899,0.0,5.899,2.549,15.159,0.0,0.0,15.159,33.016,38.915,,
Iran,1986,IRN,51446046.0,299361778375.0,0.0,0.0,7.05,0.0,7.05,3.253,16.712,0.0,0.0,16.712,35.136,42.186,,
Iran,1987,IRN,53323491.0,294831460492.0,0.0,0.0,7.816,0.0,7.816,3.364,17.345,0.0,0.0,17.345,37.246,45.062,,
Iran,1988,IRN,55072691.0,278182811296.0,0.0,0.0,8.246,0.0,8.246,3.481,17.556,0.0,0.0,17.556,38.724,46.97,,
Iran,1989,IRN,56704920.0,288903877046.0,0.0,0.0,6.732,0.0,6.732,2.598,13.089,0.0,0.0,13.089,44.699,51.431,,
Iran,1990,IRN,58380098.0,318478243281.0,0.0,0.0,7.381,0.0,7.381,2.531,12.802,0.0,0.0,12.802,50.274,57.655,,
Iran,1991,IRN,59986931.0,376283104666.0,0.0,0.0,5.607,0.0,5.607,1.771,8.926,0.0,0.0,8.926,57.207,62.814,,
Iran,1992,IRN,61184982.0,424984709524.0,0.0,0.0,9.204,0.0,9.204,2.631,13.701,0.0,0.0,13.701,57.974,67.178,,
Iran,1993,IRN,61403548.0,419990120256.0,0.0,0.0,10.533,0.0,10.533,3.255,14.103,0.0,0.0,14.103,64.153,74.686,,
Iran,1994,IRN,61520598.0,419488447798.0,0.0,0.0,6.896,0.0,6.896,1.901,8.513,0.0,0.0,8.513,74.108,81.004,,
Iran,1995,IRN,62205571.0,437566117340.0,0.0,0.0,8.323,0.0,8.323,2.188,9.867,0.0,0.0,9.867,76.03,84.353,,
Iran,1996,IRN,62881298.0,483475486274.0,0.0,0.0,8.814,0.0,8.814,2.13,9.822,0.0,0.0,9.822,80.926,89.74,,
Iran,1997,IRN,63639637.0,512736336735.0,0.0,0.0,5.941,0.0,5.941,1.393,6.126,0.0,0.0,6.126,91.042,96.983,,
Iran,1998,IRN,64519866.0,541099749969.0,0.0,0.0,7.488,0.0,7.488,1.685,7.314,0.0,0.0,7.314,94.897,102.385,,
Iran,1999,IRN,65445389.0,563869043718.0,0.0,0.035,5.143,0.0,5.178,1.081,4.704,0.0,0.032,4.672,104.91,110.088,,
Iran,2000,IRN,66418661.0,595554549032.0,0.0,0.04,3.78,0.0,3.82,0.76,3.201,0.0,0.034,3.167,115.53,119.35,79.66,667.45
Iran,2001,IRN,67452005.0,636570203280.0,0.0,0.03,4.12,0.0,4.15,0.77,3.253,0.0,0.024,3.229,123.44,127.59,85.2,667.76
Iran,2002,IRN,68011318.0,698059655739.0,0.0,0.03,8.01,0.0,8.04,1.356,5.816,0.0,0.022,5.795,130.19,138.23,90.1,651.81
Iran,2003,IRN,68769343.0,779969698412.0,0.0,0.03,9.59,0.0,9.62,1.584,6.344,0.0,0.02,6.324,142.03,151.65,98.42,648.99
Iran,2004,IRN,70256316.0,849441950372.0,0.0,0.05,11.93,0.0,11.98,1.774,7.361,0.0,0.031,7.33,150.78,162.76,104.42,641.56
Iran,2005,IRN,71828455.0,908856025194.0,0.0,0.07,14.45,0.0,14.52,2.014,8.2,0.0,0.04,8.161,162.55,177.07,112.67,636.3
Iran,2006,IRN,73392747.0,995245162302.0,0.0,0.13,18.51,0.0,18.64,2.353,9.637,0.0,0.067,9.569,174.79,193.43,120.84,624.72
Iran,2007,IRN,74602648.0,1098784519617.0,0.0,0.14,17.96,0.0,18.1,2.139,8.911,0.0,0.069,8.842,185.02,203.12,128.14,630.86
Iran,2008,IRN,75514201.0,1132365762681.0,0.0,0.2,7.44,0.0,7.64,0.867,3.63,0.0,0.095,3.535,202.85,210.49,139.42,662.36
Iran,2009,IRN,76457831.0,1208128386676.0,0.0,0.23,6.72,0.0,6.95,0.767,3.133,0.0,0.104,3.03,214.86,221.81,147.91,666.83
Iran,2010,IRN,77420851.0,1310507059384.0,0.0,0.17,10.25,0.01,10.43,1.106,4.425,0.0,0.072,4.349,225.25,235.68,155.84,661.24
Iran,2011,IRN,78383602.0,1345049307937.0,0.0,0.21,10.68,0.02,10.91,1.109,4.631,0.0,0.089,4.533,224.57,235.59,154.09,654.06
Iran,2012,IRN,79370583.0,1324570752684.0,0.0,0.28,12.5,0.02,12.8,1.284,5.146,0.0,0.113,5.025,234.49,248.74,161.27,648.35
Iran,2013,IRN,80414689.0,1287095594893.0,0.0,0.22,14.62,0.02,14.86,1.423,5.741,0.0,0.085,5.648,239.74,258.86,164.02,633.62
Iran,2014,IRN,81502045.0,1352737013920.0,0.0,0.2,14.5,0.05,14.75,1.349,5.351,0.0,0.073,5.261,256.81,275.63,177.54,644.12
Iran,2015,IRN,82619365.0,1331012211481.0,0.0,0.14,13.25,0.02,13.41,1.23,4.785,0.0,0.05,4.728,263.33,280.24,182.39,650.84
Iran,2016,IRN,83812230.0,1413723685657.0,0.0,0.16,15.42,0.02,15.6,1.344,5.452,0.0,0.056,5.389,264.07,286.14,183.74,642.13
Iran,2017,IRN,85026761.0,1486668357750.0,0.09,0.32,17.23,0.02,17.66,1.462,5.787,0.029,0.105,5.646,280.55,305.17,195.82,641.68
Iran,2018,IRN,86117999.0,1483607175221.0,0.22,0.75,9.84,0.02,10.83,0.864,3.467,0.07,0.24,3.15,294.63,312.35,205.49,657.88
Iran,2019,IRN,87051649.0,1438754460224.0,0.51,0.72,33.87,0.01,35.11,2.641,11.01,0.16,0.226,10.622,277.36,318.88,193.82,607.82
Iran,2020,IRN,87723448.0,1446203709942.0,0.58,1.13,23.2,0.02,24.93,1.802,7.393,0.172,0.335,6.88,305.95,337.21,213.39,632.81
Iran,2021,IRN,88455490.0,1525523070071.0,0.62,1.13,13.83,0.02,15.6,1.14,4.377,0.174,0.317,3.88,337.27,356.41,235.17,659.83
Iran,2022,IRN,89524247.0,1572209055082.0,0.62,1.13,14.0,0.02,15.77,1.112,4.296,0.169,0.308,3.814,344.72,367.06,240.56,655.37
Iran,2023,IRN,90608708.0,1572209055082.0,0.68,1.21,22.82,0.02,24.73,1.68,6.473,0.178,0.317,5.974,350.65,382.02,245.02,641.38
Iran,2024,IRN,91567737.0,1572209055082.0,0.9,1.25,18.87,0.03,21.05,1.433,5.318,0.227,0.316,4.768,367.39,395.79,256.74,648.68
Iran,2025,IRN,92417684.0,1572209055082.0,0.9,1.25,13.03,0.03,15.21,1.433,3.843,0.227,0.316,3.292,373.22,395.78,261.03,659.53
Iraq,1965,IRQ,8202145.0,41774680277.0,0.0,0.0,0.071,0.0,0.071,0.854,,,,,,,,
Iraq,1966,IRQ,8485103.0,43987528355.0,0.0,0.0,0.093,0.0,0.093,1.017,,,,,,,,
Iraq,1967,IRQ,8778876.0,42962740268.0,0.0,0.0,0.106,0.0,0.106,1.151,,,,,,,,
Iraq,1968,IRQ,9085016.0,50599356796.0,0.0,0.0,0.128,0.0,0.128,1.309,,,,,,,,
Iraq,1969,IRQ,9403356.0,52311484614.0,0.0,0.0,0.141,0.0,0.141,1.249,,,,,,,,
Iraq,1970,IRQ,9735611.0,52114082093.0,0.0,0.0,0.172,0.0,0.172,1.224,,,,,,,,
Iraq,1971,IRQ,10077818.0,55337284757.0,0.0,0.0,0.2,0.0,0.2,1.297,,,,,,,,
Iraq,1972,IRQ,10430169.0,53295796537.0,0.0,0.0,0.2,0.0,0.2,1.107,,,,,,,,
Iraq,1973,IRQ,10795872.0,62224501119.0,0.0,0.0,0.29,0.0,0.29,1.634,,,,,,,,
Iraq,1974,IRQ,11167770.0,65566679534.0,0.0,0.0,0.4,0.0,0.4,2.302,,,,,,,,
Iraq,1975,IRQ,11543643.0,76468253923.0,0.0,0.0,0.461,0.0,0.461,2.427,,,,,,,,
Iraq,1976,IRQ,11927652.0,92032418903.0,0.0,0.0,0.459,0.0,0.459,1.921,,,,,,,,
Iraq,1977,IRQ,12331051.0,94552362736.0,0.0,0.0,0.566,0.0,0.566,2.264,,,,,,,,
Iraq,1978,IRQ,12753355.0,111778015722.0,0.0,0.0,0.708,0.0,0.708,2.671,,,,,,,,
Iraq,1979,IRQ,13170372.0,137502640891.0,0.0,0.0,1.032,0.0,1.032,3.11,,,,,,,,
Iraq,1980,IRQ,13591996.0,134511807084.0,0.0,0.0,0.69,0.0,0.69,1.894,,,,,,,,
Iraq,1981,IRQ,14006379.0,110104428901.0,0.0,0.0,0.61,0.0,0.61,1.791,,,,,,,,
Iraq,1982,IRQ,14406082.0,109191244640.0,0.0,0.0,0.6,0.0,0.6,1.7,,,,,,,,
Iraq,1983,IRQ,14840558.0,99708341948.0,0.0,0.0,0.6,0.0,0.6,1.48,,,,,,,,
Iraq,1984,IRQ,15310729.0,99953479108.0,0.0,0.0,0.61,0.0,0.61,1.358,,,,,,,,
Iraq,1985,IRQ,15683431.0,98367610894.0,0.0,0.0,0.61,0.0,0.61,1.184,2.909,0.0,0.0,2.909,,20.973,,
Iraq,1986,IRQ,16074146.0,97354060343.0,0.0,0.0,0.6,0.0,0.6,1.011,2.692,0.0,0.0,2.692,,22.287,,
Iraq,1987,IRQ,16521051.0,100119382570.0,0.0,0.0,2.6,0.0,2.6,3.719,11.55,0.0,0.0,11.55,,22.51,,
Iraq,1988,IRQ,16908823.0,78971519267.0,0.0,0.0,2.6,0.0,2.6,3.211,11.087,0.0,0.0,11.087,,23.45,,
Iraq,1989,IRQ,17364553.0,71995360828.0,0.0,0.0,2.6,0.0,2.6,2.827,10.897,0.0,0.0,10.897,,23.86,,
Iraq,1990,IRQ,17581208.0,71051759191.0,0.0,0.0,4.65,0.0,4.65,5.453,16.39,0.0,0.0,16.39,,28.373,,
Iraq,1991,IRQ,17767257.0,26538332738.0,0.0,0.0,2.145,0.0,2.145,3.982,16.058,0.0,0.0,16.058,,13.359,,
Iraq,1992,IRQ,18300849.0,36550621836.0,0.0,0.0,5.219,0.0,5.219,6.114,23.818,0.0,0.0,23.818,,21.912,,
Iraq,1993,IRQ,19201195.0,39244447591.0,0.0,0.0,6.162,0.0,6.162,5.43,22.746,0.0,0.0,22.746,,27.09,,
Iraq,1994,IRQ,20139818.0,39993906175.0,0.0,0.0,6.248,0.0,6.248,4.862,23.432,0.0,0.0,23.432,,26.663,,
Iraq,1995,IRQ,20825859.0,39049963235.0,0.0,0.0,7.12,0.0,7.12,5.564,26.869,0.0,0.0,26.869,,26.498,,
Iraq,1996,IRQ,21501321.0,47130675910.0,0.0,0.0,6.489,0.0,6.489,5.065,24.977,0.0,0.0,24.977,,25.981,,
Iraq,1997,IRQ,22176604.0,48594367863.0,0.0,0.0,6.608,0.0,6.608,4.349,24.756,0.0,0.0,24.756,,26.693,,
Iraq,1998,IRQ,22884402.0,59869187777.0,0.0,0.0,6.198,0.0,6.198,5.437,23.174,0.0,0.0,23.174,,26.744,,
Iraq,1999,IRQ,23636530.0,69697267568.0,0.0,0.0,3.559,0.0,3.559,4.325,14.397,0.0,0.0,14.397,,24.721,,
Iraq,2000,IRQ,24424060.0,83019213791.0,0.0,0.0,0.61,0.0,0.61,2.757,1.912,0.0,0.0,1.912,31.29,31.9,21.0,658.31
Iraq,2001,IRQ,25197842.0,97219510326.0,0.0,0.0,0.62,0.0,0.62,2.842,1.922,0.0,0.0,1.922,31.63,32.25,21.17,656.43
Iraq,2002,IRQ,26006558.0,112141846978.0,0.0,0.0,0.52,0.0,0.52,3.656,1.536,0.0,0.0,1.536,33.34,33.86,22.25,657.12
Iraq,2003,IRQ,26802660.0,94480598969.0,0.0,0.0,0.43,0.0,0.43,4.274,1.518,0.0,0.0,1.518,27.9,28.33,18.57,655.49
Iraq,2004,IRQ,27577876.0,155937247290.0,0.0,0.0,0.49,0.0,0.49,4.794,1.517,0.0,0.0,1.517,31.8,32.29,21.06,652.21
Iraq,2005,IRQ,28407450.0,170895694120.0,0.0,0.0,6.0,0.0,6.0,4.279,19.737,0.0,0.0,19.737,24.4,30.4,16.87,554.93
Iraq,2006,IRQ,28616518.0,190082841273.0,0.0,0.0,6.1,0.0,6.1,4.466,18.031,0.0,0.0,18.031,27.73,33.83,19.34,571.68
Iraq,2007,IRQ,28391606.0,200529416438.0,0.0,0.0,5.74,0.0,5.74,4.029,17.268,0.0,0.0,17.268,27.5,33.24,19.1,574.61
Iraq,2008,IRQ,28971042.0,231588128927.0,0.0,0.0,3.48,0.0,3.48,2.24,9.436,0.0,0.0,9.436,33.4,36.88,23.28,631.24
Iraq,2009,IRQ,30058207.0,259745648872.0,0.0,0.0,3.23,0.0,3.23,2.191,8.534,0.0,0.0,8.534,34.62,37.85,24.07,635.93
Iraq,2010,IRQ,31045367.0,297507194079.0,0.0,0.0,4.77,0.0,4.77,2.404,9.753,0.0,0.0,9.753,44.14,48.91,30.16,616.64
Iraq,2011,IRQ,32161425.0,344220720679.0,0.0,0.0,3.4,0.0,3.4,2.177,6.308,0.0,0.0,6.308,50.5,53.9,34.51,640.26
Iraq,2012,IRQ,33654843.0,392191319237.0,0.0,0.0,4.39,0.0,4.39,2.572,9.539,0.0,0.0,9.539,41.63,46.02,28.18,612.34
Iraq,2013,IRQ,35281987.0,422107689937.0,0.05,0.0,4.76,0.0,4.81,2.456,8.166,0.085,0.0,8.081,54.09,58.9,36.53,620.2
Iraq,2014,IRQ,36550058.0,425222855485.0,0.06,0.0,2.93,0.0,2.99,1.544,4.331,0.087,0.0,4.245,66.04,69.03,44.54,645.23
Iraq,2015,IRQ,37560535.0,436010743372.0,0.06,0.0,2.55,0.0,2.61,1.4,3.695,0.085,0.0,3.61,68.03,70.64,46.23,654.45
Iraq,2016,IRQ,38469628.0,502280002568.0,0.06,0.0,3.37,0.0,3.43,1.709,4.187,0.073,0.0,4.113,78.5,81.93,53.13,648.48
Iraq,2017,IRQ,39337358.0,485207548291.0,0.06,0.0,2.18,0.0,2.24,0.934,2.394,0.064,0.0,2.33,91.34,93.58,62.4,666.81
Iraq,2018,IRQ,40265629.0,508026800522.0,0.06,0.0,1.82,0.0,1.88,0.877,1.91,0.061,0.0,1.849,96.53,98.41,67.12,682.05
Iraq,2019,IRQ,41192172.0,537548265143.0,0.06,0.0,4.96,0.0,5.02,1.982,4.357,0.052,0.0,4.305,110.19,115.21,77.06,668.87
Iraq,2020,IRQ,42116602.0,453147782672.0,0.38,0.0,4.16,0.0,4.54,1.887,3.876,0.324,0.0,3.552,112.58,117.12,78.96,674.18
Iraq,2021,IRQ,43071208.0,487935979007.0,0.38,0.0,3.35,0.0,3.73,1.484,3.096,0.315,0.0,2.781,116.73,120.46,81.64,677.74
Iraq,2022,IRQ,44070556.0,527639326800.0,0.38,0.0,2.65,0.0,3.03,1.095,2.264,0.284,0.0,1.98,130.83,133.86,92.19,688.71
Iraq,2023,IRQ,45074055.0,527639326800.0,0.38,0.0,1.38,0.0,1.76,0.598,1.214,0.262,0.0,0.952,143.25,145.01,99.35,685.13
Iraq,2024,IRQ,46042015.0,527639326800.0,0.43,0.0,2.0,0.0,2.43,0.584,1.623,0.287,0.0,1.336,147.3,149.73,102.28,683.1
Ireland,1965,IRL,2873157.0,23154676000.0,0.0,0.0,0.942,0.0,0.942,3.877,,,,,,,,
Ireland,1966,IRL,2888884.0,23351748000.0,0.0,0.0,0.849,0.0,0.849,3.117,,,,,,,,
Ireland,1967,IRL,2905420.0,24740753933.0,0.0,0.0,0.802,0.0,0.802,2.718,,,,,,,,
Ireland,1968,IRL,2922789.0,26786262500.0,0.0,0.0,0.768,0.0,0.768,2.228,,,,,,,,
Ireland,1969,IRL,2940759.0,28395874547.0,0.0,0.0,0.581,0.0,0.581,1.682,,,,,,,,
Ireland,1970,IRL,2961402.0,29149939064.0,0.0,0.0,0.802,0.0,0.802,2.946,,,,,,,,
Ireland,1971,IRL,2993119.0,30164222894.0,0.0,0.0,0.465,0.0,0.465,1.643,,,,,,,,
Ireland,1972,IRL,3037153.0,32122151362.0,0.0,0.0,0.686,0.0,0.686,2.296,,,,,,,,
Ireland,1973,IRL,3084436.0,33639246665.0,0.0,0.0,0.64,0.0,0.64,2.036,,,,,,,,
Ireland,1974,IRL,3132177.0,35069144451.0,0.0,0.0,0.791,0.0,0.791,2.475,,,,,,,,
Ireland,1975,IRL,3180119.0,37053673169.0,0.0,0.0,0.523,0.0,0.523,1.75,,,,,,,,
Ireland,1976,IRL,3228393.0,37568364768.0,0.0,0.0,0.593,0.0,0.593,1.944,,,,,,,,
Ireland,1977,IRL,3277756.0,40653356286.0,0.0,0.0,0.744,0.0,0.744,2.289,,,,,,,,
Ireland,1978,IRL,3329185.0,43579100000.0,0.0,0.0,0.698,0.0,0.698,2.062,,,,,,,,
Ireland,1979,IRL,3375806.0,44914946348.0,0.0,0.0,0.826,0.0,0.826,2.213,,,,,,,,
Ireland,1980,IRL,3415240.0,46301214000.0,0.0,0.0,0.837,0.0,0.837,2.32,,,,,,,,
Ireland,1981,IRL,3448825.0,47839154843.0,0.0,0.0,0.861,0.0,0.861,2.443,,,,,,,,
Ireland,1982,IRL,3475532.0,48932280000.0,0.0,0.0,0.802,0.0,0.802,2.295,,,,,,,,
Ireland,1983,IRL,3497614.0,48814224000.0,0.0,0.0,0.779,0.0,0.779,2.261,,,,,,,,
Ireland,1984,IRL,3515953.0,50941115000.0,0.0,0.0,0.686,0.0,0.686,2.012,,,,,,,,
Ireland,1985,IRL,3531275.0,52512360000.0,0.0,0.0,0.837,0.0,0.837,2.34,6.927,0.0,0.0,6.927,,12.088,,
Ireland,1986,IRL,3541875.0,52286104000.0,0.0,0.0,0.919,0.0,0.919,2.378,7.262,0.0,0.0,7.262,,12.652,,
Ireland,1987,IRL,3540382.0,54719772690.0,0.0,0.0,0.686,0.0,0.686,1.755,5.252,0.0,0.0,5.252,,13.064,,
Ireland,1988,IRL,3525092.0,57578366393.0,0.0,0.0,0.872,0.0,0.872,2.243,6.594,0.0,0.0,6.594,,13.228,,
Ireland,1989,IRL,3511070.0,60929426753.0,0.0,0.0,0.698,0.0,0.698,1.741,5.044,0.0,0.0,5.044,,13.833,,
Ireland,1990,IRL,3514015.0,66087470680.0,0.0,0.0,0.7,0.0,0.7,1.644,4.926,0.0,0.0,4.926,13.51,14.21,,695.29
Ireland,1991,IRL,3534258.0,67931954747.0,0.0,0.0,0.75,0.0,0.75,1.694,5.03,0.0,0.0,5.03,14.16,14.91,,692.82
Ireland,1992,IRL,3558417.0,71260987727.0,0.0,0.01,0.82,0.0,0.83,1.858,5.266,0.0,0.063,5.203,14.93,15.76,,704.32
Ireland,1993,IRL,3576118.0,73767381672.0,0.0,0.02,0.76,0.0,0.78,1.727,4.839,0.0,0.124,4.715,15.34,16.12,,694.17
Ireland,1994,IRL,3590162.0,78958775461.0,0.0,0.02,0.92,0.0,0.94,1.995,5.599,0.0,0.119,5.479,15.85,16.79,,687.91
Ireland,1995,IRL,3610695.0,87444502170.0,0.0,0.02,0.71,0.0,0.73,1.517,4.155,0.0,0.114,4.041,16.84,17.57,,692.09
Ireland,1996,IRL,3638507.0,96380321753.0,0.0,0.01,0.72,0.03,0.76,1.511,4.028,0.0,0.053,3.816,18.11,18.87,,676.21
Ireland,1997,IRL,3672287.0,108003078862.0,0.0,0.05,0.68,0.08,0.81,1.563,4.122,0.0,0.254,3.461,18.84,19.65,,668.7
Ireland,1998,IRL,3711075.0,118588811316.0,0.0,0.17,0.92,0.09,1.18,2.094,5.659,0.0,0.815,4.412,19.67,20.85,,656.6
Ireland,1999,IRL,3752938.0,132916954385.0,0.0,0.19,0.85,0.09,1.13,1.907,5.203,0.0,0.875,3.913,20.59,21.72,,640.42
Ireland,2000,IRL,3802589.0,147722370991.0,0.0,0.25,0.85,0.09,1.19,1.92,5.036,0.0,1.058,3.597,22.44,23.63,14.95,632.67
Ireland,2001,IRL,3862981.0,158384851025.0,0.0,0.34,0.6,0.1,1.04,1.57,4.229,0.0,1.383,2.44,23.55,24.59,15.77,641.32
Ireland,2002,IRL,3928441.0,169226186783.0,0.0,0.39,0.91,0.08,1.38,2.106,5.565,0.0,1.573,3.669,23.42,24.8,15.27,615.73
Ireland,2003,IRL,3992935.0,177468844871.0,0.0,0.46,0.6,0.09,1.15,1.775,4.631,0.0,1.853,2.416,23.68,24.83,14.79,595.65
Ireland,2004,IRL,4066066.0,191402766075.0,0.0,0.67,0.63,0.11,1.41,2.123,5.595,0.0,2.659,2.5,23.79,25.2,14.9,591.27
Ireland,2005,IRL,4155283.0,204898243531.0,0.0,1.13,0.63,0.13,1.89,2.716,7.383,0.0,4.414,2.461,23.71,25.6,15.18,592.97
Ireland,2006,IRL,4268775.0,219162994472.0,0.0,1.65,0.72,0.13,2.5,3.451,9.225,0.0,6.089,2.657,24.6,27.1,15.16,559.41
Ireland,2007,IRL,4393518.0,230371638354.0,0.0,1.99,0.67,0.18,2.84,3.934,10.014,0.0,7.017,2.362,25.52,28.36,15.19,535.61
Ireland,2008,IRL,4485992.0,223067117042.0,0.0,2.45,0.97,0.22,3.64,5.203,12.162,0.0,8.186,3.241,26.29,29.93,15.47,516.87
Ireland,2009,IRL,4533750.0,215181048184.0,0.0,3.0,0.9,0.26,4.16,6.704,14.868,0.0,10.722,3.217,23.82,27.98,13.62,486.78
Ireland,2010,IRL,4559084.0,221852442105.0,0.0,2.86,0.6,0.31,3.77,6.149,13.388,0.0,10.156,2.131,24.39,28.16,13.48,478.69
Ireland,2011,IRL,4579603.0,224397469453.0,0.0,4.45,0.71,0.34,5.5,9.032,20.221,0.0,16.36,2.61,21.7,27.2,12.4,455.88
Ireland,2012,IRL,4600135.0,217871560184.0,0.0,4.08,0.8,0.44,5.32,8.861,19.588,0.0,15.022,2.946,21.84,27.16,13.12,483.06
Ireland,2013,IRL,4624686.0,222738952818.0,0.0,4.62,0.6,0.49,5.71,9.648,22.287,0.0,18.033,2.342,19.91,25.62,11.86,462.92
Ireland,2014,IRL,4658236.0,236178350686.0,0.0,5.22,0.71,0.54,6.47,10.938,25.019,0.0,20.186,2.746,19.39,25.86,11.54,446.25
Ireland,2015,IRL,4702497.0,249955928768.0,0.0,6.68,0.81,0.48,7.97,12.506,28.303,0.0,23.722,2.876,20.19,28.16,12.37,439.28
Ireland,2016,IRL,4753506.0,255118282428.0,0.0,6.25,0.68,0.68,7.61,11.537,25.116,0.0,20.627,2.244,22.69,30.3,13.41,442.57
Ireland,2017,IRL,4810258.0,266528546717.0,0.01,7.57,0.69,0.74,9.01,13.692,29.263,0.032,24.586,2.241,21.78,30.79,12.44,404.03
Ireland,2018,IRL,4872559.0,282500483309.0,0.02,8.78,0.69,0.85,10.34,15.142,33.312,0.064,28.286,2.223,20.7,31.04,11.25,362.44
Ireland,2019,IRL,4933493.0,294503693886.0,0.03,10.18,0.89,0.85,11.95,17.39,38.711,0.097,32.977,2.883,18.92,30.87,9.63,311.95
Ireland,2020,IRL,4982602.0,274762344680.0,0.06,11.74,0.93,0.92,13.65,20.819,42.444,0.187,36.505,2.892,18.51,32.16,9.36,291.05
Ireland,2021,IRL,5028428.0,287639621097.0,0.08,9.94,0.75,0.99,11.76,17.799,37.051,0.252,31.317,2.363,19.98,31.74,11.17,351.92
Ireland,2022,IRL,5110015.0,308390920561.0,0.15,11.39,0.7,1.01,13.25,19.42,39.213,0.444,33.708,2.072,20.54,33.79,11.18,330.87
Ireland,2023,IRL,5196629.0,308390920561.0,0.65,11.86,0.94,0.83,14.28,21.82,45.261,2.06,37.591,2.979,17.27,31.55,8.91,282.41
Ireland,2024,IRL,5255016.0,308390920561.0,1.09,11.6,0.77,1.0,14.46,22.18,46.525,3.507,37.323,2.477,16.62,31.08,8.42,270.91
Ireland,2025,IRL,5308035.0,308390920561.0,1.47,11.76,0.65,1.02,14.9,22.18,48.142,4.75,37.997,2.1,16.05,30.95,7.94,256.54
Israel,1965,ISR,2331450.0,25774106268.0,0.0,0.0,0.0,0.0,0.0,0.0,,,,,,,,
Israel,1966,ISR,2433836.0,26059961103.0,0.0,0.0,0.0,0.0,0.0,0.0,,,,,,,,
Israel,1967,ISR,2538658.0,26714975642.0,0.0,0.0,0.0,0.0,0.0,0.0,,,,,,,,
Israel,1968,ISR,2645472.0,30793714001.0,0.0,0.0,0.0,0.0,0.0,0.0,,,,,,,,
Israel,1969,ISR,2754159.0,34677898122.0,0.0,0.0,0.0,0.0,0.0,0.0,,,,,,,,
Israel,1970,ISR,2864773.0,37492044301.0,0.0,0.0,0.0,0.0,0.0,0.0,,,,,,,,
Israel,1971,ISR,2977303.0,41612219555.0,0.0,0.0,0.0,0.0,0.0,0.0,,,,,,,,
Israel,1972,ISR,3079404.0,46772752447.0,0.0,0.0,0.0,0.0,0.0,0.0,,,,,,,,
Israel,1973,ISR,3163042.0,49156995002.0,0.0,0.0,0.0,0.0,0.0,0.0,,,,,,,,
Israel,1974,ISR,3239987.0,52506460561.0,0.0,0.0,0.0,0.0,0.0,0.0,,,,,,,,
Israel,1975,ISR,3318087.0,54258217675.0,0.0,0.0,0.0,0.0,0.0,0.0,,,,,,,,
Israel,1976,ISR,3398266.0,54959612811.0,0.0,0.0,0.0,0.0,0.0,0.0,,,,,,,,
Israel,1977,ISR,3479619.0,54959326386.0,0.0,0.0,0.0,0.0,0.0,0.0,,,,,,,,
Israel,1978,ISR,3560404.0,57612679892.0,0.0,0.0,0.0,0.0,0.0,0.0,,,,,,,,
Israel,1979,ISR,3640877.0,61235977952.0,0.0,0.0,0.0,0.0,0.0,0.0,,,,,,,,
Israel,1980,ISR,3721666.0,65435675540.0,0.0,0.0,0.0,0.0,0.0,0.0,,,,,,,,
Israel,1981,ISR,3802233.0,68815619833.0,0.0,0.0,0.002,0.0,0.002,0.006,,,,,,,,
Israel,1982,ISR,3883640.0,70049631411.0,0.0,0.0,0.002,0.0,0.002,0.005,,,,,,,,
Israel,1983,ISR,3959631.0,72521861150.0,0.0,0.0,0.001,0.0,0.001,0.003,,,,,,,,
Israel,1984,ISR,4033735.0,73171252211.0,0.0,0.0,0.002,0.0,0.002,0.005,,,,,,,,
Israel,1985,ISR,4105362.0,75693883804.0,0.0,0.0,0.002,0.0,0.002,0.006,0.013,0.0,0.0,0.013,,15.431,,
Israel,1986,ISR,4168966.0,79316328300.0,0.0,0.0,0.006,0.0,0.006,0.016,0.037,0.0,0.0,0.037,,16.034,,
Israel,1987,ISR,4236875.0,85032772945.0,0.0,0.0,0.01,0.0,0.01,0.025,0.057,0.0,0.0,0.057,,17.677,,
Israel,1988,ISR,4307324.0,86737062375.0,0.0,0.0,0.01,0.0,0.01,0.023,0.052,0.0,0.0,0.052,,19.353,,
Israel,1989,ISR,4381512.0,87503240711.0,0.0,0.0,0.003,0.0,0.003,0.007,0.015,0.0,0.0,0.015,,20.453,,
Israel,1990,ISR,4544995.0,93268265028.0,0.0,0.0,0.003,0.0,0.003,0.006,0.014,0.0,0.0,0.014,,20.898,,
Israel,1991,ISR,4779892.0,97235343963.0,0.0,0.0,0.006,0.0,0.006,0.013,0.028,0.0,0.0,0.028,,21.514,,
Israel,1992,ISR,4957240.0,103860017405.0,0.0,0.0,0.029,0.0,0.029,0.053,0.117,0.0,0.0,0.117,,24.686,,
Israel,1993,ISR,5086041.0,107424032339.0,0.0,0.0,0.026,0.0,0.026,0.043,0.1,0.0,0.0,0.1,,26.0,,
Israel,1994,ISR,5216697.0,114572102371.0,0.0,0.0,0.023,0.0,0.023,0.037,0.081,0.0,0.0,0.081,,28.316,,
Israel,1995,ISR,5354734.0,125219738356.0,0.0,0.0,0.025,0.0,0.025,0.036,0.082,0.0,0.0,0.082,,30.437,,
Israel,1996,ISR,5499555.0,131748252991.0,0.0,0.0,0.024,0.0,0.024,0.033,0.074,0.0,0.0,0.074,,32.569,,
Israel,1997,ISR,5646476.0,136529502967.0,0.0,0.0,0.025,0.0,0.025,0.031,0.071,0.0,0.0,0.071,,35.111,,
Israel,1998,ISR,5790143.0,141524295423.0,0.0,0.0,0.025,0.0,0.025,0.03,0.066,0.0,0.0,0.066,,37.976,,
Israel,1999,ISR,5946079.0,146070391087.0,0.0,0.0,0.033,0.0,0.033,0.038,0.084,0.0,0.0,0.084,,39.228,,
Israel,2000,ISR,6111194.0,158656383479.0,0.0,0.0,0.03,0.0,0.03,0.038,0.07,0.0,0.0,0.07,42.63,42.66,33.89,794.42
Israel,2001,ISR,6259977.0,158567053954.0,0.0,0.01,0.01,0.0,0.02,0.024,0.046,0.0,0.023,0.023,43.93,43.95,35.49,807.51
Israel,2002,ISR,6387714.0,158018046039.0,0.0,0.01,0.02,0.0,0.03,0.088,0.066,0.0,0.022,0.044,45.47,45.5,36.93,811.65
Israel,2003,ISR,6502821.0,159162904545.0,0.0,0.01,0.03,0.0,0.04,0.099,0.085,0.0,0.021,0.064,47.0,47.04,38.14,810.8
Israel,2004,ISR,6615084.0,166466423998.0,0.0,0.01,0.03,0.0,0.04,0.094,0.085,0.0,0.021,0.063,47.24,47.28,38.0,803.72
Israel,2005,ISR,6728212.0,172697410123.0,0.0,0.01,0.03,0.0,0.04,0.117,0.082,0.0,0.021,0.062,48.57,48.61,38.7,796.13
Israel,2006,ISR,6844029.0,181910800706.0,0.0,0.01,0.01,0.0,0.02,0.068,0.04,0.0,0.02,0.02,50.54,50.56,39.61,783.43
Israel,2007,ISR,6962456.0,192596811708.0,0.0,0.01,0.01,0.0,0.02,0.06,0.037,0.0,0.019,0.019,53.77,53.79,41.92,779.33
Israel,2008,ISR,7082621.0,197785749719.0,0.0,0.01,0.02,0.01,0.04,0.069,0.07,0.0,0.018,0.035,56.75,56.79,43.07,758.41
Israel,2009,ISR,7206096.0,199771084186.0,0.02,0.01,0.02,0.04,0.09,0.149,0.164,0.037,0.018,0.037,54.64,54.73,41.26,753.88
Israel,2010,ISR,7336735.0,210327630432.0,0.07,0.01,0.03,0.06,0.17,0.222,0.29,0.12,0.017,0.051,58.38,58.55,43.37,740.73
Israel,2011,ISR,7471023.0,220210380263.0,0.19,0.01,0.03,0.07,0.3,0.353,0.503,0.319,0.017,0.05,59.3,59.6,44.37,744.46
Israel,2012,ISR,7607781.0,225909436249.0,0.37,0.01,0.03,0.08,0.49,0.502,0.778,0.587,0.016,0.048,62.52,63.01,48.0,761.78
Israel,2013,ISR,7749369.0,235885601546.0,0.49,0.01,0.03,0.04,0.57,0.583,0.93,0.799,0.016,0.049,60.75,61.32,44.14,719.83
Israel,2014,ISR,7897173.0,245129958334.0,0.88,0.01,0.01,0.06,0.96,0.987,1.577,1.446,0.016,0.016,59.9,60.86,42.93,705.39
Israel,2015,ISR,8052916.0,251223879854.0,1.12,0.01,0.02,0.07,1.22,1.269,1.899,1.744,0.016,0.031,63.01,64.23,44.49,692.67
Israel,2016,ISR,8210006.0,262584215516.0,1.54,0.05,0.0,0.11,1.7,1.746,2.537,2.298,0.075,0.0,65.31,67.01,44.37,662.14
Israel,2017,ISR,8361796.0,273812314306.0,1.51,0.18,0.0,0.0,1.69,1.75,2.506,2.239,0.267,0.0,65.75,67.44,44.05,653.17
Israel,2018,ISR,8510067.0,284956472967.0,1.57,0.18,0.0,0.13,1.88,1.89,2.724,2.275,0.261,0.0,67.14,69.02,44.42,643.58
Israel,2019,ISR,8657466.0,296799271432.0,3.21,0.19,0.0,0.11,3.51,2.903,4.827,4.415,0.261,0.0,69.2,72.71,46.1,634.03
Israel,2020,ISR,8800380.0,291287719910.0,4.1,0.2,0.02,0.12,4.44,4.024,6.104,5.637,0.275,0.027,68.3,72.74,44.75,615.21
Israel,2021,ISR,8942925.0,316373426613.0,5.52,0.18,0.02,0.1,5.82,4.889,7.852,7.447,0.243,0.027,68.3,74.12,44.2,596.33
Israel,2022,ISR,9103143.0,336722563455.0,7.05,0.29,0.02,0.11,7.47,5.387,9.718,9.171,0.377,0.026,69.4,76.87,44.84,583.32
Israel,2023,ISR,9256311.0,336722563455.0,8.56,0.46,0.0,0.11,9.13,7.83,11.791,11.055,0.594,0.0,68.3,77.43,43.27,558.83
Israel,2024,ISR,9387015.0,336722563455.0,10.52,0.46,0.01,0.11,11.1,9.795,13.806,13.085,0.572,0.012,69.3,80.4,43.46,540.55
Israel,2025,ISR,9517182.0,336722563455.0,13.28,0.46,0.0,0.16,13.9,9.795,16.931,16.175,0.56,0.0,68.2,82.1,40.45,492.69
Italy,1965,ITA,51480733.0,629615787023.0,0.0,0.0,42.634,2.676,45.31,13.761,,,,,,,,
Italy,1966,ITA,51919068.0,662465744179.0,0.0,0.0,43.72,3.351,47.071,13.179,,,,,,,,
Italy,1967,ITA,52338335.0,709741860656.0,0.0,0.0,42.34,3.475,45.815,11.842,,,,,,,,
Italy,1968,ITA,52712156.0,768994548476.0,0.0,0.0,42.677,3.617,46.294,11.071,,,,,,,,
Italy,1969,ITA,53060141.0,812977616000.0,0.0,0.0,41.166,3.812,44.978,9.995,,,,,,,,
Italy,1970,ITA,53390231.0,831317785406.0,0.0,0.0,40.373,4.228,44.601,8.984,,,,,,,,
Italy,1971,ITA,53707794.0,846968256500.0,0.0,0.0,39.079,4.209,43.288,8.281,,,,,,,,
Italy,1972,ITA,54067562.0,871751794687.0,0.0,0.0,41.348,3.807,45.155,8.224,,,,,,,,
Italy,1973,ITA,54450571.0,928806501562.0,0.0,0.0,37.523,3.845,41.368,7.222,,,,,,,,
Italy,1974,ITA,54821114.0,972368721304.0,0.0,0.0,37.795,4.245,42.04,7.35,,,,,,,,
Italy,1975,ITA,55166046.0,951557550058.0,0.0,0.0,41.021,3.986,45.007,8.029,,,,,,,,
Italy,1976,ITA,55459415.0,1013301897480.0,0.0,0.0,39.176,3.812,42.988,7.263,,,,,,,,
Italy,1977,ITA,55714552.0,1042645918097.0,0.0,0.0,51.139,3.73,54.869,9.228,,,,,,,,
Italy,1978,ITA,55938969.0,1081497979335.0,0.0,0.0,45.491,3.811,49.302,8.097,,,,,,,,
Italy,1979,ITA,56132382.0,1142855339257.0,0.0,0.0,45.947,3.825,49.772,7.925,,,,,,,,
Italy,1980,ITA,56412086.0,1183161666878.0,0.0,0.0,45.244,3.96,49.204,8.044,,,,,,,,
Italy,1981,ITA,56646752.0,1188868855925.0,0.0,0.0,43.034,3.469,46.503,7.759,,,,,,,,
Italy,1982,ITA,56719178.0,1194202254410.0,0.0,0.0,41.461,3.521,44.982,7.661,,,,,,,,
Italy,1983,ITA,56766114.0,1208770101503.0,0.0,0.0,41.445,3.393,44.838,7.798,,,,,,,,
Italy,1984,ITA,56810355.0,1239849227203.0,0.0,0.0,42.401,3.472,45.873,7.856,,,,,,,,
Italy,1985,ITA,56855499.0,1274693666324.0,0.0,0.0,41.092,2.836,43.928,7.548,23.65,0.0,0.0,22.123,130.909,185.74,,
Italy,1986,ITA,56875982.0,1310891922914.0,0.0,0.0,41.096,3.025,44.121,7.384,22.94,0.0,0.0,21.367,135.358,192.33,,
Italy,1987,ITA,56891919.0,1351528447250.0,0.0,0.0,39.505,3.243,42.748,6.95,21.228,0.0,0.0,19.618,154.708,201.372,,
Italy,1988,ITA,56928748.0,1403770038566.0,0.0,0.0,40.676,3.339,44.015,6.984,21.623,0.0,0.0,19.982,156.019,203.561,,
Italy,1989,ITA,56976750.0,1444197021007.0,0.002,0.002,34.057,3.332,37.393,5.772,17.743,0.001,0.001,16.16,169.058,210.75,,
Italy,1990,ITA,57031457.0,1475485283347.0,0.0,0.0,31.63,3.27,34.9,4.568,16.373,0.0,0.0,14.839,178.25,213.15,,564.25
Italy,1991,ITA,57075394.0,1509175668697.0,0.0,0.0,42.24,3.29,45.53,6.125,20.844,0.0,0.0,19.338,172.9,218.43,,533.76
Italy,1992,ITA,57124993.0,1531924051790.0,0.01,0.0,42.2,3.56,45.77,6.129,20.554,0.004,0.0,18.951,176.91,222.68,,527.21
Italy,1993,ITA,57170762.0,1529550155063.0,0.01,0.0,41.42,3.79,45.22,6.154,20.579,0.005,0.0,18.85,174.52,219.74,,517.57
Italy,1994,ITA,57420136.0,1573414707872.0,0.01,0.01,44.66,3.57,48.25,6.574,21.093,0.004,0.004,19.523,180.5,228.75,,517.81
Italy,1995,ITA,57403342.0,1630199200435.0,0.01,0.01,37.78,3.66,41.46,5.386,17.466,0.004,0.004,15.916,195.91,237.37,,541.64
Italy,1996,ITA,57162098.0,1662793011167.0,0.01,0.03,42.04,4.14,46.22,5.983,19.307,0.004,0.013,17.561,193.17,239.39,,525.38
Italy,1997,ITA,57189272.0,1705188033729.0,0.01,0.12,41.6,4.46,46.19,5.928,18.738,0.004,0.049,16.876,200.31,246.5,,519.84
Italy,1998,ITA,57215190.0,1744897501196.0,0.02,0.23,41.22,5.01,46.48,5.959,18.324,0.008,0.091,16.25,207.18,253.66,,519.75
Italy,1999,ITA,57240796.0,1784529161518.0,0.02,0.4,45.37,5.53,51.32,6.543,19.796,0.008,0.154,17.5,207.93,259.25,,500.87
Italy,2000,ITA,57272200.0,1863751547560.0,0.02,0.56,44.2,6.09,50.87,6.853,18.845,0.007,0.207,16.374,219.07,269.94,135.42,501.67
Italy,2001,ITA,57305760.0,1910272015654.0,0.02,1.18,46.81,6.34,54.35,7.295,19.989,0.007,0.434,17.216,217.55,271.9,135.59,498.68
Italy,2002,ITA,57420636.0,1929301903714.0,0.02,1.4,39.52,7.37,48.31,6.453,17.407,0.007,0.504,14.24,229.22,277.53,145.17,523.08
Italy,2003,ITA,57739697.0,1947667703883.0,0.02,1.46,36.67,8.71,46.86,6.06,16.369,0.007,0.51,12.81,239.41,286.27,149.79,523.25
Italy,2004,ITA,58176736.0,1994293720592.0,0.03,1.84,42.34,9.66,53.87,6.893,18.341,0.01,0.626,14.416,239.84,293.71,150.08,510.98
Italy,2005,ITA,58519696.0,2029243417217.0,0.03,2.34,36.07,9.99,48.43,6.161,16.438,0.01,0.794,12.242,246.2,294.63,150.31,510.17
Italy,2006,ITA,58754434.0,2086553648584.0,0.04,2.97,36.99,10.64,50.64,6.427,16.57,0.013,0.972,12.104,254.97,305.61,154.87,506.76
Italy,2007,ITA,59108723.0,2134371774096.0,0.04,4.03,32.82,10.83,47.72,6.173,15.586,0.013,1.316,10.72,258.45,306.17,154.54,504.75
Italy,2008,ITA,59561687.0,2129113318512.0,0.19,4.86,41.62,11.49,58.16,7.803,18.667,0.061,1.56,13.358,253.41,311.57,151.27,485.51
Italy,2009,ITA,59904016.0,2029023036275.0,0.68,6.54,49.14,12.9,69.26,10.127,24.186,0.237,2.284,17.16,217.1,286.36,131.32,458.58
Italy,2010,ITA,60164212.0,2080545936781.0,1.91,9.12,51.12,14.82,76.97,10.921,25.948,0.644,3.075,17.234,219.66,296.63,132.43,446.45
Italy,2011,ITA,60367882.0,2110883320816.0,10.8,9.85,45.82,16.48,82.95,11.912,27.801,3.62,3.301,15.357,215.42,298.37,132.95,445.59
Italy,2012,ITA,60531522.0,2047959835066.0,18.86,13.41,41.87,18.08,92.22,13.499,31.235,6.388,4.542,14.181,203.03,295.25,129.37,438.17
Italy,2013,ITA,60653864.0,2010255414011.0,21.59,14.9,52.77,22.74,112.0,16.96,39.158,7.548,5.209,18.45,174.02,286.02,114.11,398.96
Italy,2014,ITA,60664169.0,2010164047423.0,22.31,15.18,58.55,24.64,120.68,18.517,43.641,8.068,5.489,21.173,155.85,276.53,104.89,379.31
Italy,2015,ITA,60575314.0,2025809415322.0,22.94,14.84,45.54,25.57,108.89,16.66,38.931,8.202,5.306,16.282,170.81,279.7,111.51,398.68
Italy,2016,ITA,60478103.0,2052012434345.0,22.1,17.69,42.43,25.79,108.01,16.412,37.772,7.729,6.186,14.838,177.94,285.95,111.4,389.58
Italy,2017,ITA,60390317.0,2086237040647.0,24.38,17.74,36.2,25.57,103.89,15.675,35.568,8.347,6.073,12.393,188.2,292.09,114.74,392.82
Italy,2018,ITA,60277496.0,2105551772855.0,22.65,17.72,48.79,25.25,114.41,17.059,39.995,7.918,6.195,17.056,171.65,286.06,104.95,366.88
Italy,2019,ITA,60130136.0,2115725732767.0,23.69,20.2,46.32,25.62,115.83,17.412,39.943,8.169,6.966,15.973,174.16,289.99,101.88,351.32
Italy,2020,ITA,59912763.0,1925751927111.0,24.94,18.76,47.55,25.65,116.9,19.399,42.231,9.01,6.777,17.178,159.91,276.81,92.51,334.2
Italy,2021,ITA,59729353.0,2060299944789.0,25.04,20.93,45.39,24.97,116.33,18.014,40.747,8.771,7.331,15.899,169.16,285.49,96.81,339.1
Italy,2022,ITA,59619106.0,2136009300257.0,28.12,20.49,28.4,23.45,100.46,15.951,35.857,10.037,7.313,10.137,179.71,280.17,105.86,377.84
Italy,2023,ITA,59499452.0,2136009300257.0,30.71,23.59,40.52,21.7,116.52,18.854,44.55,11.742,9.019,15.492,145.03,261.55,84.54,323.23
Italy,2024,ITA,59342870.0,2136009300257.0,35.99,22.22,53.13,22.9,134.24,20.931,50.172,13.451,8.305,19.857,133.32,267.56,75.29,281.4
Italy,2025,ITA,59146263.0,2136009300257.0,44.63,21.48,41.7,21.3,129.11,20.931,48.776,16.861,8.115,15.754,135.59,264.7,75.38,284.78
Jamaica,2000,JAM,2607827.0,17441468822.0,0.0,0.0,0.11,0.2,0.31,,4.579,0.0,0.0,1.625,6.46,6.77,4.29,633.68
Jamaica,2001,JAM,2624410.0,17823908809.0,0.0,0.0,0.06,0.17,0.23,,3.387,0.0,0.0,0.884,6.56,6.79,4.36,642.12
Jamaica,2002,JAM,2640582.0,18032751164.0,0.0,0.0,0.09,0.06,0.15,,2.155,0.0,0.0,1.293,6.81,6.96,4.49,645.12
Jamaica,2003,JAM,2656629.0,18718066744.0,0.0,0.0,0.12,0.06,0.18,,2.507,0.0,0.0,1.671,7.0,7.18,4.62,643.45
Jamaica,2004,JAM,2672227.0,18987080266.0,0.0,0.03,0.13,0.07,0.23,,3.172,0.0,0.414,1.793,7.02,7.25,4.64,640.0
Jamaica,2005,JAM,2687070.0,19174940176.0,0.0,0.05,0.15,0.07,0.27,,3.614,0.0,0.669,2.008,7.2,7.47,4.76,637.22
Jamaica,2006,JAM,2700973.0,19747242374.0,0.0,0.05,0.16,0.07,0.28,,3.733,0.0,0.667,2.133,7.22,7.5,4.77,636.0
Jamaica,2007,JAM,2713808.0,20046356418.0,0.0,0.05,0.16,0.09,0.3,,4.95,0.0,0.825,2.64,5.76,6.06,3.81,628.71
Jamaica,2008,JAM,2725633.0,19893168382.0,0.0,0.05,0.16,0.05,0.26,,6.147,0.0,1.182,3.783,3.97,4.23,2.62,619.39
Jamaica,2009,JAM,2737001.0,19223460566.0,0.0,0.06,0.14,0.13,0.33,,7.5,0.0,1.364,3.182,4.07,4.4,2.71,615.91
Jamaica,2010,JAM,2748573.0,18949004011.0,0.0,0.05,0.15,0.13,0.33,,7.639,0.0,1.157,3.472,3.99,4.32,2.66,615.74
Jamaica,2011,JAM,2760493.0,19220287418.0,0.0,0.09,0.15,0.14,0.38,,8.716,0.0,2.064,3.44,3.98,4.36,2.65,607.8
Jamaica,2012,JAM,2772432.0,19123987392.0,0.0,0.11,0.15,0.18,0.44,,10.209,0.0,2.552,3.48,3.87,4.31,2.59,600.93
Jamaica,2013,JAM,2783689.0,19166827044.0,0.0,0.12,0.12,0.16,0.4,,9.324,0.0,2.797,2.797,3.89,4.29,2.59,603.73
Jamaica,2014,JAM,2793756.0,19277035737.0,0.01,0.12,0.14,0.15,0.42,,9.859,0.235,2.817,3.286,3.84,4.26,2.56,600.94
Jamaica,2015,JAM,2802536.0,19444553127.0,0.01,0.13,0.13,0.17,0.44,,10.28,0.234,3.037,3.037,3.84,4.28,2.57,600.47
Jamaica,2016,JAM,2809919.0,19735837824.0,0.01,0.21,0.12,0.21,0.55,,12.249,0.223,4.677,2.673,3.94,4.49,2.64,587.97
Jamaica,2017,JAM,2815765.0,19869841700.0,0.04,0.25,0.15,0.07,0.51,,11.644,0.913,5.708,3.425,3.87,4.38,2.54,579.91
Jamaica,2018,JAM,2820103.0,20232863013.0,0.05,0.3,0.18,0.05,0.58,,14.646,1.263,7.576,4.545,3.38,3.96,2.21,558.08
Jamaica,2019,JAM,2823275.0,20429119874.0,0.09,0.27,0.16,0.07,0.59,,12.716,1.94,5.819,3.448,4.05,4.64,2.65,571.12
Jamaica,2020,JAM,2830745.0,18402554628.0,0.12,0.28,0.14,0.05,0.59,,13.785,2.804,6.542,3.271,3.69,4.28,2.37,553.74
Jamaica,2021,JAM,2837680.0,19249256856.0,0.13,0.26,0.14,0.05,0.58,,13.333,2.989,5.977,3.218,3.77,4.35,2.42,556.32
Jamaica,2022,JAM,2839150.0,20019224153.0,0.13,0.27,0.12,0.06,0.58,,12.918,2.895,6.013,2.673,3.91,4.49,2.52,561.25
Jamaica,2023,JAM,2839785.0,20019224153.0,0.13,0.27,0.12,0.06,0.58,,12.159,2.725,5.66,2.516,4.19,4.77,2.69,563.94
Jamaica,2024,JAM,2839182.0,20019224153.0,0.15,0.29,0.12,0.06,0.62,,12.602,3.049,5.894,2.439,4.3,4.92,2.77,563.01
Japan,1965,JPN,100916018.0,935329863093.0,0.0,0.0,76.07,0.0,76.07,11.622,,,,,,,,
Japan,1966,JPN,101887833.0,1034825459609.0,0.0,0.0,79.35,0.0,79.35,10.676,,,,,,,,
Japan,1967,JPN,102965530.0,1149408206250.0,0.0,0.0,68.55,0.0,68.55,8.208,,,,,,,,
Japan,1968,JPN,104237476.0,1297449549609.0,0.0,0.0,73.45,0.0,73.45,7.982,,,,,,,,
Japan,1969,JPN,105475169.0,1459365508828.0,0.0,0.0,75.35,0.0,75.35,7.019,,,,,,,,
Japan,1970,JPN,106712370.0,1615677617093.0,0.0,0.0,75.4,0.243,75.643,6.173,,,,,,,,
Japan,1971,JPN,107952031.0,1691571412156.0,0.0,0.0,84.2,0.236,84.436,6.579,,,,,,,,
Japan,1972,JPN,109238963.0,1833991358515.0,0.0,0.0,85.1,0.249,85.349,6.21,,,,,,,,
Japan,1973,JPN,110614742.0,1981290079843.0,0.0,0.0,66.778,0.254,67.032,4.439,,,,,,,,
Japan,1974,JPN,112009689.0,1957033342773.0,0.0,0.0,82.68,0.308,82.988,5.551,,,,,,,,
Japan,1975,JPN,113321197.0,2017465104984.0,0.0,0.0,83.406,0.379,83.785,5.661,,,,,,,,
Japan,1976,JPN,114502792.0,2097612093750.0,0.0,0.0,83.59,0.368,83.958,5.443,,,,,,,,
Japan,1977,JPN,115574278.0,2189767724296.0,0.0,0.0,72.968,0.534,73.502,4.786,,,,,,,,
Japan,1978,JPN,116576940.0,2305153056093.0,0.0,0.0,70.047,0.828,70.875,4.52,,,,,,,,
Japan,1979,JPN,117521561.0,2431612995703.0,0.0,0.0,80.743,1.1,81.843,5.129,,,,,,,,
Japan,1980,JPN,118358761.0,2500143716750.0,0.0,0.0,88.292,1.091,89.383,5.813,,,,,,,,
Japan,1981,JPN,118994054.0,2579316807375.0,0.0,0.0,87.594,1.137,88.731,5.864,,,,,,,,
Japan,1982,JPN,119485775.0,2658129674062.0,0.0,0.0,81.606,9.871,91.477,6.312,,,,,,,,
Japan,1983,JPN,119948943.0,2719951102851.0,0.0,0.0,84.273,11.03,95.303,6.397,,,,,,,,
Japan,1984,JPN,120384395.0,2826577005218.0,0.0,0.0,71.617,12.119,83.736,5.444,,,,,,,,
Japan,1985,JPN,120832158.0,2950873707304.0,0.0,0.0,82.874,12.699,95.573,6.056,14.223,0.0,0.0,12.333,411.238,671.953,,
Japan,1986,JPN,121366733.0,3036325916250.0,0.0,0.0,80.816,13.803,94.619,6.014,13.989,0.0,0.0,11.949,410.453,676.363,,
Japan,1987,JPN,121943588.0,3162653763750.0,0.0,0.0,74.787,14.792,89.579,5.468,12.457,0.0,0.0,10.4,434.165,719.085,,
Japan,1988,JPN,122476957.0,3358737909000.0,0.0,0.0,90.291,15.987,106.278,6.138,14.1,0.0,0.0,11.979,467.18,753.728,,
Japan,1989,JPN,122947411.0,3520997607500.0,0.0,0.0,91.741,17.047,108.788,6.123,13.602,0.0,0.0,11.471,498.251,799.769,,
Japan,1990,JPN,123399767.0,3699821545804.0,0.001,0.0,86.895,11.34,98.236,5.368,11.144,0.0,0.0,9.858,579.753,881.5,,
Japan,1991,JPN,123889870.0,3824677506935.0,0.001,0.0,94.416,11.651,106.068,5.6,11.639,0.0,0.0,10.361,585.363,911.303,,
Japan,1992,JPN,124383707.0,3856515730401.0,0.01,0.0,80.046,11.85,91.907,4.805,10.025,0.001,0.0,8.731,598.275,916.787,,
Japan,1993,JPN,124839955.0,3860865231367.0,0.023,0.001,92.58,11.559,104.163,5.348,11.247,0.002,0.0,9.997,561.35,926.103,,
Japan,1994,JPN,125286861.0,3893220587047.0,0.029,0.001,64.462,13.473,77.964,3.887,7.919,0.003,0.0,6.548,637.083,984.493,,
Japan,1995,JPN,125672659.0,3997430939864.0,0.04,0.001,78.793,14.295,93.129,4.483,9.213,0.004,0.0,7.794,618.44,1010.88,,
Japan,1996,JPN,125975304.0,4118875121023.0,0.054,0.002,77.173,15.248,92.477,4.371,8.98,0.005,0.0,7.494,628.619,1029.857,,
Japan,1997,JPN,126265926.0,4160709430865.0,0.096,0.001,86.44,16.438,102.975,4.773,9.762,0.009,0.0,8.194,616.755,1054.864,,
Japan,1998,JPN,126549182.0,4111245191910.0,0.143,0.007,89.079,16.173,105.402,4.961,9.947,0.014,0.001,8.406,614.736,1059.663,,
Japan,1999,JPN,126801566.0,4098283065888.0,0.218,0.036,83.792,16.487,100.533,4.664,9.316,0.02,0.003,7.765,649.538,1079.142,,
Japan,2000,JPN,127027794.0,4209651870326.0,0.34,0.11,84.47,16.11,101.03,4.603,9.187,0.031,0.01,7.681,679.52,1099.67,466.73,424.43
Japan,2001,JPN,127260144.0,4224163277272.0,0.5,0.25,81.54,16.03,98.32,4.508,9.077,0.046,0.023,7.528,664.28,1083.14,459.27,424.02
Japan,2002,JPN,127484599.0,4226576076119.0,0.69,0.41,80.6,16.94,98.64,4.514,8.942,0.063,0.037,7.307,690.17,1103.07,478.43,433.73
Japan,2003,JPN,127671254.0,4288493482445.0,0.95,0.83,92.47,17.88,112.13,5.098,10.263,0.087,0.076,8.463,750.38,1092.59,520.42,476.32
Japan,2004,JPN,127815769.0,4380398118363.0,1.27,1.44,91.67,18.05,112.43,5.023,10.028,0.113,0.128,8.176,722.89,1121.19,504.83,450.26
Japan,2005,JPN,127913331.0,4450600710060.0,1.63,1.91,77.56,21.69,102.79,4.52,8.914,0.141,0.166,6.726,757.24,1153.07,532.49,461.8
Japan,2006,JPN,127997247.0,4514225078439.0,2.0,2.13,88.81,21.53,114.47,5.011,9.831,0.172,0.183,7.627,745.59,1164.35,520.75,447.25
Japan,2007,JPN,128087683.0,4590814009043.0,2.31,2.74,74.51,22.2,101.76,4.499,8.623,0.196,0.232,6.314,799.34,1180.11,554.88,470.19
Japan,2008,JPN,128155992.0,4542408020234.0,2.59,2.94,75.16,21.29,101.98,4.561,8.615,0.219,0.248,6.35,829.98,1183.7,574.36,485.22
Japan,2009,JPN,128192471.0,4298103109270.0,3.05,3.43,70.47,20.33,97.28,4.756,8.732,0.274,0.308,6.326,742.09,1114.02,512.68,460.21
Japan,2010,JPN,128185273.0,4480295644398.0,3.98,3.93,88.5,21.83,118.24,5.404,10.228,0.344,0.34,7.655,745.44,1156.04,516.36,446.66
Japan,2011,JPN,128096430.0,4468738319171.0,5.44,4.46,82.49,21.11,113.5,5.447,10.279,0.493,0.404,7.471,827.77,1104.2,558.0,505.34
Japan,2012,JPN,127928283.0,4530172048567.0,7.37,4.73,77.1,22.13,111.33,5.379,10.058,0.666,0.427,6.966,977.56,1106.88,658.07,594.53
Japan,2013,JPN,127723642.0,4621006950566.0,12.91,5.13,79.33,23.18,120.55,5.829,11.082,1.187,0.472,7.293,952.61,1087.76,648.2,595.9
Japan,2014,JPN,127486601.0,4634693421103.0,23.55,5.01,81.71,23.63,133.9,6.604,12.6,2.216,0.471,7.689,928.82,1062.72,628.63,591.53
Japan,2015,JPN,127275868.0,4707025000790.0,34.54,5.22,85.77,28.49,154.02,7.685,14.952,3.353,0.507,8.326,871.58,1030.12,595.46,578.05
Japan,2016,JPN,127159950.0,4742508721138.0,43.33,5.34,79.43,23.67,151.77,7.593,14.268,4.074,0.502,7.467,894.25,1063.7,603.16,567.04
Japan,2017,JPN,127064686.0,4821960242931.0,54.04,6.22,79.24,23.8,163.3,8.029,15.164,5.018,0.578,7.358,884.49,1076.86,600.92,558.03
Japan,2018,JPN,126913432.0,4852985093686.0,61.22,7.37,81.0,25.75,175.34,8.65,16.191,5.653,0.681,7.48,858.48,1082.93,586.37,541.47
Japan,2019,JPN,126699421.0,4833467877373.0,67.43,7.46,73.92,27.6,176.41,8.871,16.843,6.438,0.712,7.057,805.35,1047.4,553.54,528.49
Japan,2020,JPN,126304533.0,4626661481209.0,75.92,8.41,78.33,30.37,193.03,10.457,19.092,7.509,0.832,7.748,775.0,1011.03,533.57,527.75
Japan,2021,JPN,125679342.0,4725883595048.0,84.18,9.54,79.63,34.79,208.14,10.814,20.117,8.136,0.922,7.696,765.31,1034.67,532.33,514.49
Japan,2022,JPN,124997585.0,4774494846664.0,91.07,9.42,74.87,37.83,213.19,11.154,20.488,8.752,0.905,7.195,775.61,1040.57,540.68,519.6
Japan,2023,JPN,124370947.0,4774494846664.0,96.36,9.96,74.53,42.01,222.86,11.965,22.137,9.572,0.989,7.403,706.41,1006.73,495.76,492.45
Japan,2024,JPN,123753041.0,4774494846664.0,96.7,11.54,79.45,45.42,233.11,12.697,22.935,9.514,1.135,7.817,698.37,1016.39,491.35,483.43
Japan,2025,JPN,123103480.0,4774494846664.0,101.06,12.85,73.9,54.92,242.73,12.697,23.569,9.813,1.248,7.176,693.04,1029.86,491.51,477.26
Jordan,2000,JOR,5386945.0,35825242090.0,0.0,0.0,0.04,0.0,0.04,,0.543,0.0,0.0,0.543,7.33,7.37,4.85,658.07
Jordan,2001,JOR,5498900.0,38405924481.0,0.0,0.0,0.04,0.0,0.04,,0.531,0.0,0.0,0.531,7.5,7.54,4.96,657.83
Jordan,2002,JOR,5616077.0,41327374100.0,0.0,0.0,0.05,0.0,0.05,,0.616,0.0,0.0,0.616,8.07,8.12,5.33,656.4
Jordan,2003,JOR,5741837.0,43669159351.0,0.0,0.0,0.04,0.01,0.05,,0.623,0.0,0.0,0.498,7.98,8.03,5.28,657.53
Jordan,2004,JOR,5882066.0,47936969925.0,0.0,0.0,0.05,0.01,0.06,,0.67,0.0,0.0,0.558,8.9,8.96,6.01,670.76
Jordan,2005,JOR,6029597.0,52217618202.0,0.0,0.0,0.06,0.0,0.06,,0.622,0.0,0.0,0.622,9.59,9.65,6.49,672.54
Jordan,2006,JOR,6427377.0,59977821392.0,0.0,0.0,0.05,0.01,0.06,,0.54,0.0,0.0,0.45,11.06,11.12,7.55,678.96
Jordan,2007,JOR,6827235.0,68285595085.0,0.0,0.0,0.06,0.01,0.07,,0.546,0.0,0.0,0.468,12.76,12.83,8.76,682.78
Jordan,2008,JOR,6989874.0,72788636146.0,0.0,0.0,0.06,0.01,0.07,,0.495,0.0,0.0,0.424,14.08,14.15,9.68,684.1
Jordan,2009,JOR,7141763.0,76172493182.0,0.0,0.0,0.06,0.01,0.07,,0.49,0.0,0.0,0.42,14.21,14.28,9.8,686.28
Jordan,2010,JOR,7297046.0,77493873619.0,0.0,0.0,0.06,0.01,0.07,,0.474,0.0,0.0,0.406,14.71,14.78,10.05,679.97
Jordan,2011,JOR,7480431.0,79441955134.0,0.0,0.0,0.05,0.01,0.06,,0.41,0.0,0.0,0.342,14.58,14.64,9.73,664.62
Jordan,2012,JOR,7587133.0,81371594307.0,0.0,0.0,0.06,0.01,0.07,,0.422,0.0,0.0,0.362,16.52,16.59,10.97,661.24
Jordan,2013,JOR,7991812.0,83495396478.0,0.0,0.0,0.05,0.01,0.06,,0.348,0.0,0.0,0.29,17.2,17.26,11.47,664.54
Jordan,2014,JOR,8791715.0,86320876820.0,0.0,0.0,0.06,0.01,0.07,,0.383,0.0,0.0,0.328,18.2,18.27,12.02,657.91
Jordan,2015,JOR,9544730.0,88475445240.0,0.05,0.12,0.05,0.01,0.23,,1.207,0.262,0.63,0.262,18.83,19.06,12.71,666.84
Jordan,2016,JOR,10006369.0,90239641982.0,0.43,0.39,0.04,0.0,0.86,,4.372,2.186,1.983,0.203,18.81,19.67,12.98,659.89
Jordan,2017,JOR,10234227.0,92472176531.0,0.91,0.45,0.04,0.0,1.4,,6.737,4.379,2.166,0.192,19.38,20.78,13.37,643.41
Jordan,2018,JOR,10462310.0,94246709824.0,1.43,0.71,0.02,0.0,2.16,,10.604,7.02,3.486,0.098,18.21,20.37,12.65,621.01
Jordan,2019,JOR,10671893.0,96062846478.0,2.06,0.88,0.02,0.0,2.96,,14.418,10.034,4.286,0.097,17.57,20.53,12.25,596.69
Jordan,2020,JOR,10865232.0,94554674762.0,2.52,1.38,0.02,0.0,3.92,,18.937,12.174,6.667,0.097,16.78,20.7,11.73,566.67
Jordan,2021,JOR,11066356.0,96661338596.0,3.29,1.6,0.02,0.0,4.91,,22.987,15.403,7.491,0.094,16.45,21.36,11.54,540.26
Jordan,2022,JOR,11256269.0,99281825499.0,3.45,1.75,0.02,0.0,5.22,,23.128,15.286,7.754,0.089,17.35,22.57,12.17,539.21
Jordan,2023,JOR,11439220.0,99281825499.0,3.45,1.75,0.02,0.0,5.22,,21.96,14.514,7.362,0.084,18.55,23.77,12.89,542.28
Jordan,2024,JOR,11552885.0,99281825499.0,3.93,1.75,0.02,0.0,5.7,,24.081,16.603,7.393,0.084,17.97,23.67,12.54,529.79
Kazakhstan,1985,KAZ,16031087.0,182290341220.0,0.0,0.0,5.21,0.0,5.21,1.82,6.412,0.0,0.0,6.412,76.053,81.263,,
Kazakhstan,1986,KAZ,16262697.0,184592275171.0,0.0,0.0,4.782,0.0,4.782,1.633,5.619,0.0,0.0,5.619,80.312,85.094,,
Kazakhstan,1987,KAZ,16527717.0,183469482799.0,0.0,0.0,5.732,0.0,5.732,1.915,6.478,0.0,0.0,6.478,82.758,88.49,,
Kazakhstan,1988,KAZ,16781167.0,198629916031.0,0.0,0.0,6.991,0.0,6.991,2.254,7.907,0.0,0.0,7.907,81.426,88.417,,
Kazakhstan,1989,KAZ,16997012.0,197669316430.0,0.0,0.0,7.292,0.0,7.292,2.388,8.133,0.0,0.0,8.133,82.263,89.657,,
Kazakhstan,1990,KAZ,17154060.0,194940979656.0,0.0,0.0,7.366,0.0,7.366,2.384,8.43,0.0,0.0,8.43,80.013,87.379,,
Kazakhstan,1991,KAZ,17278604.0,174429524072.0,0.0,0.0,7.2,0.0,7.2,2.333,8.373,0.0,0.0,8.373,78.252,85.99,,
Kazakhstan,1992,KAZ,17332624.0,166043944401.0,0.0,0.0,6.866,0.0,6.866,2.254,8.256,0.0,0.0,8.256,75.839,83.166,,
Kazakhstan,1993,KAZ,17274487.0,151572718863.0,0.0,0.0,7.629,0.0,7.629,2.838,9.795,0.0,0.0,9.795,69.815,77.889,,
Kazakhstan,1994,KAZ,17043775.0,133221794942.0,0.0,0.0,9.179,0.0,9.179,3.836,13.746,0.0,0.0,13.746,57.222,66.777,,
Kazakhstan,1995,KAZ,16730541.0,122950929776.0,0.0,0.0,8.331,0.0,8.331,3.875,12.483,0.0,0.0,12.483,58.333,66.739,,
Kazakhstan,1996,KAZ,16416036.0,124225924285.0,0.0,0.0,7.331,0.0,7.331,3.917,12.479,0.0,0.0,12.479,51.331,58.747,,
Kazakhstan,1997,KAZ,16043250.0,127005576762.0,0.0,0.0,6.499,0.0,6.499,3.938,12.498,0.0,0.0,12.498,45.199,52.0,,
Kazakhstan,1998,KAZ,15647789.0,125251820898.0,0.0,0.0,6.141,0.0,6.141,3.95,12.331,0.0,0.0,12.331,43.573,49.8,,
Kazakhstan,1999,KAZ,15455877.0,129322680226.0,0.0,0.0,6.132,0.0,6.132,4.197,12.964,0.0,0.0,12.964,41.166,47.3,,
Kazakhstan,2000,KAZ,15501108.0,142758090799.0,0.0,0.0,7.53,0.0,7.53,5.679,14.582,0.0,0.0,14.582,44.11,51.64,40.34,781.18
Kazakhstan,2001,KAZ,15575550.0,162896083567.0,0.0,0.0,8.08,0.0,8.08,5.382,14.59,0.0,0.0,14.59,47.3,55.38,43.4,783.68
Kazakhstan,2002,KAZ,15656680.0,179807015103.0,0.0,0.0,8.89,0.0,8.89,5.767,15.241,0.0,0.0,15.241,49.44,58.33,45.22,775.24
Kazakhstan,2003,KAZ,15747377.0,197584132991.0,0.0,0.0,8.62,0.0,8.62,5.074,13.498,0.0,0.0,13.498,55.24,63.86,50.69,793.77
Kazakhstan,2004,KAZ,15850164.0,217713169930.0,0.0,0.0,8.06,0.0,8.06,4.463,12.039,0.0,0.0,12.039,58.89,66.95,54.43,813.0
Kazakhstan,2005,KAZ,15968118.0,240059743236.0,0.0,0.0,7.86,0.0,7.86,4.196,11.572,0.0,0.0,11.572,60.06,67.92,55.13,811.69
Kazakhstan,2006,KAZ,16103718.0,267135182235.0,0.0,0.0,7.77,0.0,7.77,3.832,10.843,0.0,0.0,10.843,63.89,71.66,57.67,804.77
Kazakhstan,2007,KAZ,16257212.0,292456722644.0,0.0,0.0,8.17,0.0,8.17,3.613,10.663,0.0,0.0,10.663,68.45,76.62,61.49,802.53
Kazakhstan,2008,KAZ,16426527.0,303717015928.0,0.0,0.0,7.46,0.0,7.46,3.104,9.284,0.0,0.0,9.284,72.89,80.35,66.86,832.11
Kazakhstan,2009,KAZ,16619851.0,309012285175.0,0.0,0.0,6.88,0.0,6.88,3.18,8.739,0.0,0.0,8.739,71.85,78.73,66.82,848.72
Kazakhstan,2010,KAZ,16836808.0,333341740713.0,0.0,0.0,8.02,0.0,8.02,3.426,9.704,0.0,0.0,9.704,74.63,82.65,69.06,835.57
Kazakhstan,2011,KAZ,17065996.0,360244945296.0,0.0,0.0,7.88,0.0,7.88,2.948,9.101,0.0,0.0,9.101,78.7,86.58,72.87,841.65
Kazakhstan,2012,KAZ,17306115.0,378260779954.0,0.0,0.0,7.64,0.0,7.64,2.703,8.431,0.0,0.0,8.431,82.98,90.62,77.27,852.68
Kazakhstan,2013,KAZ,17556502.0,400574375261.0,0.0,0.0,7.73,0.0,7.73,2.709,8.347,0.0,0.0,8.347,84.88,92.61,79.17,854.88
Kazakhstan,2014,KAZ,17816285.0,417799078586.0,0.0,0.01,8.26,0.0,8.27,2.743,8.738,0.0,0.011,8.728,86.37,94.64,80.58,851.44
Kazakhstan,2015,KAZ,18084175.0,421977118608.0,0.05,0.13,9.27,0.0,9.45,3.77,10.311,0.055,0.142,10.115,82.2,91.65,76.63,836.12
Kazakhstan,2016,KAZ,18363600.0,425774884998.0,0.09,0.27,11.62,0.0,11.98,4.246,12.66,0.095,0.285,12.279,82.65,94.63,77.12,814.96
Kazakhstan,2017,KAZ,18651931.0,442384368842.0,0.09,0.34,11.21,0.0,11.64,3.815,11.288,0.087,0.33,10.871,91.48,103.12,85.78,831.85
Kazakhstan,2018,KAZ,18932725.0,460522121041.0,0.14,0.39,10.38,0.0,10.91,3.445,10.17,0.13,0.364,9.676,96.37,107.28,90.24,841.16
Kazakhstan,2019,KAZ,19209556.0,481245619523.0,0.39,0.71,9.99,0.0,11.09,3.447,10.415,0.366,0.667,9.382,95.39,106.48,89.38,839.41
Kazakhstan,2020,KAZ,19482116.0,468733212615.0,1.24,1.03,9.66,0.01,11.94,4.014,10.99,1.141,0.948,8.892,96.7,108.64,90.81,835.88
Kazakhstan,2021,KAZ,19743607.0,487951301251.0,1.63,1.75,9.21,0.0,12.59,3.78,10.94,1.416,1.521,8.003,102.49,115.08,95.89,833.25
Kazakhstan,2022,KAZ,20034612.0,503634062609.0,1.77,2.31,9.2,0.0,13.28,3.995,11.707,1.56,2.036,8.11,100.16,113.44,94.27,831.01
Kazakhstan,2023,KAZ,20330109.0,503634062609.0,1.87,3.78,8.8,0.01,14.46,4.179,12.73,1.646,3.328,7.747,99.13,113.59,93.9,826.66
Kazakhstan,2024,KAZ,20592574.0,503634062609.0,1.87,4.91,11.25,0.0,18.03,5.12,15.214,1.578,4.143,9.493,100.48,118.51,95.05,802.04
Kazakhstan,2025,KAZ,20843758.0,503634062609.0,2.04,5.83,10.51,0.0,18.38,5.12,14.86,1.649,4.713,8.497,105.31,123.69,99.61,805.32
Kenya,2000,KEN,30642893.0,59408907766.0,0.0,0.0,1.31,0.43,1.74,,40.371,0.0,0.0,30.394,2.57,4.31,1.74,403.71
Kenya,2001,KEN,31619170.0,62956470966.0,0.0,0.0,2.38,0.48,2.86,,59.459,0.0,0.0,49.48,1.95,4.81,1.36,282.74
Kenya,2002,KEN,32629809.0,64478127960.0,0.0,0.0,3.09,0.86,3.95,,76.699,0.0,0.0,60.0,1.2,5.15,0.97,188.35
Kenya,2003,KEN,33652233.0,67617075406.0,0.0,0.0,3.23,1.26,4.49,,81.934,0.0,0.0,58.942,0.99,5.48,0.86,156.93
Kenya,2004,KEN,34713453.0,72070033430.0,0.0,0.0,2.84,1.5,4.34,,70.455,0.0,0.0,46.104,1.82,6.16,1.41,228.9
Kenya,2005,KEN,35796485.0,77598831261.0,0.0,0.0,3.0,1.47,4.47,,66.716,0.0,0.0,44.776,2.23,6.7,1.68,250.75
Kenya,2006,KEN,36904010.0,83653248054.0,0.0,0.0,3.24,1.48,4.72,,62.85,0.0,0.0,43.142,2.79,7.51,2.06,274.3
Kenya,2007,KEN,38036354.0,91060343688.0,0.0,0.0,3.45,1.49,4.94,,74.063,0.0,0.0,51.724,1.73,6.67,1.36,203.9
Kenya,2008,KEN,39206349.0,92971180385.0,0.0,0.0,2.82,1.65,4.47,,72.683,0.0,0.0,45.854,1.68,6.15,1.32,214.63
Kenya,2009,KEN,40408887.0,97792492598.0,0.0,0.01,2.15,1.81,3.97,,60.611,0.0,0.153,32.824,2.58,6.55,1.9,290.08
Kenya,2010,KEN,41598570.0,108082167772.0,0.0,0.02,3.39,1.92,5.33,,74.441,0.0,0.279,47.346,1.83,7.16,1.43,199.72
Kenya,2011,KEN,42758467.0,117152107312.0,0.01,0.02,3.42,1.97,5.42,,69.221,0.128,0.255,43.678,2.41,7.83,1.83,233.72
Kenya,2012,KEN,43888306.0,122504792826.0,0.01,0.01,4.26,2.05,6.33,,77.479,0.122,0.122,52.142,1.84,8.17,1.47,179.93
Kenya,2013,KEN,44986794.0,127157517259.0,0.03,0.01,3.91,2.38,6.33,,78.342,0.371,0.124,48.391,1.75,8.08,1.41,174.51
Kenya,2014,KEN,46051441.0,133540839466.0,0.05,0.02,3.28,3.68,7.03,,76.413,0.543,0.217,35.652,2.17,9.2,1.73,188.04
Kenya,2015,KEN,47088528.0,140175144054.0,0.05,0.06,3.75,4.95,8.81,,89.806,0.51,0.612,38.226,1.0,9.81,1.02,103.98
Kenya,2016,KEN,48139683.0,146082118752.0,0.06,0.06,3.31,5.21,8.64,,89.256,0.62,0.62,34.194,1.04,9.68,1.05,108.47
Kenya,2017,KEN,49197757.0,151656608610.0,0.07,0.06,3.17,5.46,8.76,,80.886,0.646,0.554,29.271,2.07,10.83,1.77,163.44
Kenya,2018,KEN,50207109.0,160257055688.0,0.09,0.38,3.99,5.29,9.75,,86.283,0.796,3.363,35.31,1.55,11.3,1.33,117.7
Kenya,2019,KEN,51202829.0,168452589868.0,0.09,1.56,3.21,5.39,10.25,,88.668,0.779,13.495,27.768,1.31,11.56,1.19,102.94
Kenya,2020,KEN,52217327.0,168031463891.0,0.09,1.33,4.23,5.28,10.93,,93.579,0.771,11.387,36.216,0.75,11.68,0.84,71.92
Kenya,2021,KEN,53219167.0,180662393951.0,0.17,1.99,3.67,5.29,11.12,,89.822,1.373,16.074,29.645,1.26,12.38,1.19,96.12
Kenya,2022,KEN,54252458.0,190362153076.0,0.42,2.14,3.04,5.78,11.38,,87.809,3.241,16.512,23.457,1.58,12.96,1.42,109.57
Kenya,2023,KEN,55339007.0,190362153076.0,0.58,2.01,2.67,6.23,11.49,,89.766,4.531,15.703,20.859,1.31,12.8,1.24,96.88
Kenya,2024,KEN,56432946.0,190362153076.0,0.66,2.17,3.1,6.2,12.13,,91.478,4.977,16.365,23.379,1.13,13.26,1.13,85.22
Kenya,2025,KEN,57532491.0,190362153076.0,0.65,2.3,2.94,6.75,12.64,,90.028,4.63,16.382,20.94,1.4,14.04,1.34,95.44
Kiribati,2000,KIR,88632.0,,0.0,0.0,0.0,0.0,0.0,,0.0,0.0,0.0,0.0,0.01,0.01,0.01,1000.0
Kiribati,2001,KIR,90350.0,,0.0,0.0,0.0,0.0,0.0,,0.0,0.0,0.0,0.0,0.02,0.02,0.01,500.0
Kiribati,2002,KIR,92281.0,,0.0,0.0,0.0,0.0,0.0,,0.0,0.0,0.0,0.0,0.02,0.02,0.01,500.0
Kiribati,2003,KIR,94189.0,,0.0,0.0,0.0,0.0,0.0,,0.0,0.0,0.0,0.0,0.02,0.02,0.01,500.0
Kiribati,2004,KIR,96096.0,,0.0,0.0,0.0,0.0,0.0,,0.0,0.0,0.0,0.0,0.02,0.02,0.01,500.0
Kiribati,2005,KIR,98045.0,,0.0,0.0,0.0,0.0,0.0,,0.0,0.0,0.0,0.0,0.02,0.02,0.01,500.0
Kiribati,2006,KIR,100028.0,,0.0,0.0,0.0,0.0,0.0,,0.0,0.0,0.0,0.0,0.03,0.03,0.02,666.67
Kiribati,2007,KIR,102081.0,,0.0,0.0,0.0,0.0,0.0,,0.0,0.0,0.0,0.0,0.03,0.03,0.02,666.67
Kiribati,2008,KIR,104235.0,,0.0,0.0,0.0,0.0,0.0,,0.0,0.0,0.0,0.0,0.02,0.02,0.01,500.0
Kiribati,2009,KIR,106479.0,,0.0,0.0,0.0,0.0,0.0,,0.0,0.0,0.0,0.0,0.02,0.02,0.01,500.0
Kiribati,2010,KIR,108717.0,,0.0,0.0,0.0,0.0,0.0,,0.0,0.0,0.0,0.0,0.02,0.02,0.01,500.0
Kiribati,2011,KIR,110660.0,,0.0,0.0,0.0,0.0,0.0,,0.0,0.0,0.0,0.0,0.02,0.02,0.01,500.0
Kiribati,2012,KIR,112293.0,,0.0,0.0,0.0,0.0,0.0,,0.0,0.0,0.0,0.0,0.02,0.02,0.01,500.0
Kiribati,2013,KIR,113847.0,,0.0,0.0,0.0,0.0,0.0,,0.0,0.0,0.0,0.0,0.03,0.03,0.02,666.67
Kiribati,2014,KIR,115339.0,,0.0,0.0,0.0,0.0,0.0,,0.0,0.0,0.0,0.0,0.03,0.03,0.02,666.67
Kiribati,2015,KIR,116826.0,,0.0,0.0,0.0,0.0,0.0,,0.0,0.0,0.0,0.0,0.03,0.03,0.02,666.67
Kiribati,2016,KIR,118488.0,,0.0,0.0,0.0,0.0,0.0,,0.0,0.0,0.0,0.0,0.03,0.03,0.02,666.67
Kiribati,2017,KIR,120288.0,,0.0,0.0,0.0,0.0,0.0,,0.0,0.0,0.0,0.0,0.03,0.03,0.02,666.67
Kiribati,2018,KIR,122097.0,,0.0,0.0,0.0,0.0,0.0,,0.0,0.0,0.0,0.0,0.03,0.03,0.02,666.67
Kiribati,2019,KIR,123928.0,,0.01,0.0,0.0,0.0,0.01,,25.0,25.0,0.0,0.0,0.03,0.04,0.02,500.0
Kiribati,2020,KIR,126110.0,,0.01,0.0,0.0,0.0,0.01,,25.0,25.0,0.0,0.0,0.03,0.04,0.02,500.0
Kiribati,2021,KIR,128387.0,,0.01,0.0,0.0,0.0,0.01,,25.0,25.0,0.0,0.0,0.03,0.04,0.02,500.0
Kiribati,2022,KIR,130483.0,,0.01,0.0,0.0,0.0,0.01,,25.0,25.0,0.0,0.0,0.03,0.04,0.02,500.0
Kiribati,2023,KIR,132540.0,,0.01,0.0,0.0,0.0,0.01,,25.0,25.0,0.0,0.0,0.03,0.04,0.02,500.0
Kiribati,2024,KIR,134521.0,,0.01,0.0,0.0,0.0,0.01,,25.0,25.0,0.0,0.0,0.03,0.04,0.02,500.0
Kosovo,2000,,1802488.0,,0.0,,0.05,0.0,0.05,,1.689,0.0,,1.689,2.91,2.96,2.93,989.87
Kosovo,2001,,1820013.0,,0.0,,0.05,0.0,0.05,,1.34,0.0,,1.34,3.68,3.73,3.71,994.64
Kosovo,2002,,1829467.0,,0.0,,0.05,0.0,0.05,,1.348,0.0,,1.348,3.66,3.71,3.69,994.61
Kosovo,2003,,1826436.0,,0.0,,0.05,0.0,0.05,,1.377,0.0,,1.377,3.58,3.63,3.61,994.49
Kosovo,2004,,1822778.0,,0.0,,0.11,0.0,0.11,,2.696,0.0,,2.696,3.97,4.08,4.0,980.39
Kosovo,2005,,1818356.0,,0.0,,0.11,0.0,0.11,,2.466,0.0,,2.466,4.35,4.46,4.39,984.31
Kosovo,2006,,1813077.0,,0.0,,0.1,0.0,0.1,,2.257,0.0,,2.257,4.33,4.43,4.37,986.46
Kosovo,2007,,1807098.0,,0.0,,0.09,0.0,0.09,,1.863,0.0,,1.863,4.74,4.83,4.78,989.65
Kosovo,2008,,1800861.0,,0.0,,0.08,0.0,0.08,,1.55,0.0,,1.55,5.08,5.16,5.13,994.19
Kosovo,2009,,1794688.0,,0.0,,0.12,0.0,0.12,,2.414,0.0,,2.414,4.85,4.97,4.9,985.92
Kosovo,2010,,1788756.0,,0.0,0.0,0.16,0.0,0.16,,3.095,0.0,0.0,3.095,5.01,5.17,5.05,976.79
Kosovo,2011,,1791949.0,,0.0,0.0,0.1,0.0,0.1,,1.724,0.0,0.0,1.724,5.7,5.8,5.75,991.38
Kosovo,2012,,1806538.0,,0.0,0.0,0.1,0.0,0.1,,1.684,0.0,0.0,1.684,5.84,5.94,5.9,993.27
Kosovo,2013,,1817171.0,,0.0,0.0,0.14,0.0,0.14,,2.147,0.0,0.0,2.147,6.38,6.52,6.45,989.26
Kosovo,2014,,1808983.0,,0.0,0.0,0.15,0.0,0.15,,2.762,0.0,0.0,2.762,5.28,5.43,5.34,983.43
Kosovo,2015,,1779019.0,,0.0,0.0,0.14,0.0,0.14,,2.291,0.0,0.0,2.291,5.97,6.11,6.04,988.54
Kosovo,2016,,1761765.0,,0.0,0.0,0.25,0.0,0.25,,4.181,0.0,0.0,4.181,5.73,5.98,5.8,969.9
Kosovo,2017,,1768125.0,,0.0,0.0,0.18,0.0,0.18,,3.041,0.0,0.0,3.041,5.74,5.92,5.8,979.73
Kosovo,2018,,1767748.0,,0.0,0.03,0.27,0.0,0.3,,5.076,0.0,0.508,4.569,5.61,5.91,5.68,961.08
Kosovo,2019,,1755048.0,,0.01,0.09,0.21,0.0,0.31,,4.882,0.157,1.417,3.307,6.04,6.35,6.1,960.63
Kosovo,2020,,1751413.0,,0.01,0.09,0.26,0.0,0.36,,5.373,0.149,1.343,3.881,6.34,6.7,6.42,958.21
Kosovo,2021,,1741449.0,,0.02,0.13,0.3,0.0,0.45,,6.512,0.289,1.881,4.342,6.46,6.91,6.53,945.01
Kosovo,2022,,1717950.0,,0.02,0.13,0.3,0.0,0.45,,6.512,0.289,1.881,4.342,6.46,6.91,6.53,945.01
Kosovo,2023,,1700039.0,,0.01,0.4,0.39,0.0,0.8,,12.618,0.158,6.309,6.151,5.54,6.34,5.61,884.86
Kosovo,2024,,1684796.0,,0.01,0.36,0.21,0.0,0.58,,8.567,0.148,5.318,3.102,6.19,6.77,6.26,924.67
Kosovo,2025,,1674131.0,,0.01,0.35,0.23,0.0,0.59,,11.028,0.187,6.542,4.299,4.76,5.35,4.82,900.94
Kuwait,1965,KWT,521180.0,17859849321.0,0.0,0.0,0.0,0.0,0.0,0.0,,,,,,,,
Kuwait,1966,KWT,572597.0,20059132698.0,0.0,0.0,0.0,0.0,0.0,0.0,,,,,,,,
Kuwait,1967,KWT,628104.0,20539106828.0,0.0,0.0,0.0,0.0,0.0,0.0,,,,,,,,
Kuwait,1968,KWT,687726.0,22458033961.0,0.0,0.0,0.0,0.0,0.0,0.0,,,,,,,,
Kuwait,1969,KWT,749460.0,23071219919.0,0.0,0.0,0.0,0.0,0.0,0.0,,,,,,,,
Kuwait,1970,KWT,809118.0,36573031046.0,0.0,0.0,0.0,0.0,0.0,0.0,,,,,,,,
Kuwait,1971,KWT,865079.0,39111968103.0,0.0,0.0,0.0,0.0,0.0,0.0,,,,,,,,
Kuwait,1972,KWT,920358.0,40651100335.0,0.0,0.0,0.0,0.0,0.0,0.0,,,,,,,,
Kuwait,1973,KWT,977665.0,38012723282.0,0.0,0.0,0.0,0.0,0.0,0.0,,,,,,,,
Kuwait,1974,KWT,1038354.0,33154325468.0,0.0,0.0,0.0,0.0,0.0,0.0,,,,,,,,
Kuwait,1975,KWT,1104869.0,29149524234.0,0.0,0.0,0.0,0.0,0.0,0.0,,,,,,,,
Kuwait,1976,KWT,1178717.0,31027771401.0,0.0,0.0,0.0,0.0,0.0,0.0,,,,,,,,
Kuwait,1977,KWT,1258029.0,29840863432.0,0.0,0.0,0.0,0.0,0.0,0.0,,,,,,,,
Kuwait,1978,KWT,1340323.0,31993714580.0,0.0,0.0,0.0,0.0,0.0,0.0,,,,,,,,
Kuwait,1979,KWT,1423523.0,36387116509.0,0.0,0.0,0.0,0.0,0.0,0.0,,,,,,,,
Kuwait,1980,KWT,1504789.0,28976094334.0,0.0,0.0,0.0,0.0,0.0,0.0,,,,,,,,
Kuwait,1981,KWT,1583428.0,23490747383.0,0.0,0.0,0.0,0.0,0.0,0.0,,,,,,,,
Kuwait,1982,KWT,1662489.0,20732804686.0,0.0,0.0,0.0,0.0,0.0,0.0,,,,,,,,
Kuwait,1983,KWT,1744302.0,22378728331.0,0.0,0.0,0.0,0.0,0.0,0.0,,,,,,,,
Kuwait,1984,KWT,1820692.0,23551124070.0,0.0,0.0,0.0,0.0,0.0,0.0,,,,,,,,
Kuwait,1985,KWT,1894255.0,22552704029.0,0.0,0.0,0.0,0.0,0.0,0.0,0.0,0.0,0.0,0.0,,15.417,,
Kuwait,1986,KWT,1972520.0,24471405085.0,0.0,0.0,0.0,0.0,0.0,0.0,0.0,0.0,0.0,0.0,,16.935,,
Kuwait,1987,KWT,2053007.0,23484703343.0,0.0,0.0,0.0,0.0,0.0,0.0,0.0,0.0,0.0,0.0,,18.092,,
Kuwait,1988,KWT,2134708.0,24303263290.0,0.0,0.0,0.0,0.0,0.0,0.0,0.0,0.0,0.0,0.0,,19.599,,
Kuwait,1989,KWT,2217470.0,26123150748.0,0.0,0.0,0.0,0.0,0.0,0.0,0.0,0.0,0.0,0.0,,21.085,,
Kuwait,1990,KWT,1684833.0,20899601193.0,0.0,0.0,0.0,0.0,0.0,0.0,0.0,0.0,0.0,0.0,,18.477,,
Kuwait,1991,KWT,1351403.0,5968350535.0,0.0,0.0,0.0,0.0,0.0,0.0,0.0,0.0,0.0,0.0,,10.78,,
Kuwait,1992,KWT,1634968.0,18278670155.0,0.0,0.0,0.0,0.0,0.0,0.0,0.0,0.0,0.0,0.0,,16.885,,
Kuwait,1993,KWT,1672158.0,29845167808.0,0.0,0.0,0.0,0.0,0.0,0.0,0.0,0.0,0.0,0.0,,20.178,,
Kuwait,1994,KWT,1664371.0,38842906079.0,0.0,0.0,0.0,0.0,0.0,0.0,0.0,0.0,0.0,0.0,,22.802,,
Kuwait,1995,KWT,1681518.0,46090594401.0,0.0,0.0,0.0,0.0,0.0,0.0,0.0,0.0,0.0,0.0,,23.724,,
Kuwait,1996,KWT,1730255.0,51809716654.0,0.0,0.0,0.0,0.0,0.0,0.0,0.0,0.0,0.0,0.0,,25.475,,
Kuwait,1997,KWT,1787692.0,57062986447.0,0.0,0.0,0.0,0.0,0.0,0.0,0.0,0.0,0.0,0.0,,26.724,,
Kuwait,1998,KWT,1844308.0,62305861237.0,0.0,0.0,0.0,0.0,0.0,0.0,0.0,0.0,0.0,0.0,,29.984,,
Kuwait,1999,KWT,1900035.0,64236405197.0,0.0,0.0,0.0,0.0,0.0,0.0,0.0,0.0,0.0,0.0,,31.576,,
Kuwait,2000,KWT,1954713.0,71053965539.0,0.0,0.0,0.0,0.0,0.0,0.0,0.0,0.0,0.0,0.0,32.33,32.33,21.14,653.88
Kuwait,2001,KWT,2008127.0,75867443155.0,0.0,0.0,0.0,0.0,0.0,0.0,0.0,0.0,0.0,0.0,34.3,34.3,22.43,653.94
Kuwait,2002,KWT,2059983.0,83636154969.0,0.0,0.0,0.0,0.0,0.0,0.0,0.0,0.0,0.0,0.0,36.37,36.37,23.83,655.21
Kuwait,2003,KWT,2109886.0,104974065782.0,0.0,0.0,0.0,0.0,0.0,0.0,0.0,0.0,0.0,0.0,39.8,39.8,26.06,654.77
Kuwait,2004,KWT,2157329.0,123477836787.0,0.0,0.0,0.0,0.0,0.0,0.0,0.0,0.0,0.0,0.0,41.26,41.26,27.0,654.39
Kuwait,2005,KWT,2236797.0,142799938874.0,0.0,0.0,0.0,0.0,0.0,0.0,0.0,0.0,0.0,0.0,43.73,43.73,28.63,654.7
Kuwait,2006,KWT,2364741.0,159619963672.0,0.0,0.0,0.0,0.0,0.0,0.0,0.0,0.0,0.0,0.0,47.6,47.6,31.12,653.78
Kuwait,2007,KWT,2507890.0,174545824817.0,0.0,0.0,0.0,0.0,0.0,0.0,0.0,0.0,0.0,0.0,48.75,48.75,31.87,653.74
Kuwait,2008,KWT,2651433.0,183755530386.0,0.0,0.0,0.0,0.0,0.0,0.0,0.0,0.0,0.0,0.0,51.75,51.75,33.8,653.14
Kuwait,2009,KWT,2795489.0,175302339443.0,0.0,0.0,0.0,0.0,0.0,0.0,0.0,0.0,0.0,0.0,53.22,53.22,34.82,654.27
Kuwait,2010,KWT,2943374.0,176036955078.0,0.0,0.0,0.0,0.0,0.0,0.0,0.0,0.0,0.0,0.0,57.03,57.03,37.26,653.34
Kuwait,2011,KWT,3132815.0,201228682118.0,0.0,0.0,0.0,0.0,0.0,0.0,0.0,0.0,0.0,0.0,57.46,57.46,37.5,652.63
Kuwait,2012,KWT,3337025.0,214560063974.0,0.0,0.0,0.0,0.0,0.0,0.0,0.0,0.0,0.0,0.0,61.12,61.12,39.79,651.01
Kuwait,2013,KWT,3507755.0,217029672079.0,0.0,0.01,0.0,0.0,0.01,0.0,0.016,0.0,0.016,0.0,60.98,60.99,39.76,651.91
Kuwait,2014,KWT,3665769.0,218112639263.0,0.0,0.01,0.0,0.0,0.01,0.002,0.015,0.0,0.015,0.0,65.14,65.15,42.41,650.96
Kuwait,2015,KWT,3834465.0,219406044434.0,0.0,0.01,0.0,0.0,0.01,0.003,0.015,0.0,0.015,0.0,68.29,68.3,44.43,650.51
Kuwait,2016,KWT,4003976.0,225825859800.0,0.01,0.01,0.0,0.0,0.02,0.026,0.029,0.014,0.014,0.0,70.08,70.1,45.57,650.07
Kuwait,2017,KWT,4154686.0,215180426540.0,0.01,0.03,0.0,0.0,0.04,0.028,0.058,0.015,0.044,0.0,68.85,68.89,44.82,650.6
Kuwait,2018,KWT,4323389.0,220424403170.0,0.05,0.04,0.0,0.0,0.09,0.028,0.121,0.067,0.054,0.0,74.04,74.13,48.19,650.07
Kuwait,2019,KWT,4442201.0,219207651814.0,0.06,0.04,0.0,0.0,0.1,0.035,0.133,0.08,0.053,0.0,74.94,75.04,48.74,649.52
Kuwait,2020,KWT,4400146.0,199796812404.0,0.06,0.03,0.0,0.0,0.09,0.037,0.121,0.08,0.04,0.0,74.55,74.64,48.53,650.19
Kuwait,2021,KWT,4360748.0,202410138854.0,0.14,0.07,0.0,0.0,0.21,0.111,0.26,0.173,0.087,0.0,80.59,80.8,52.49,649.63
Kuwait,2022,KWT,4589514.0,218961227193.0,0.18,1.72,0.0,0.0,1.9,0.093,2.228,0.211,2.017,0.0,83.39,85.29,54.32,636.89
Kuwait,2023,KWT,4838781.0,218961227193.0,0.19,1.72,0.0,0.0,1.91,0.084,2.128,0.212,1.916,0.0,87.85,89.76,57.1,636.14
Kuwait,2024,KWT,4934508.0,218961227193.0,0.21,1.86,0.0,0.0,2.07,0.076,2.238,0.227,2.011,0.0,90.42,92.49,58.75,635.2
Kuwait,2025,KWT,5026079.0,218961227193.0,0.21,1.86,0.0,0.0,2.07,0.076,2.238,0.227,2.011,0.0,90.42,92.49,58.76,635.31
Kyrgyzstan,2000,KGZ,5025150.0,15667564559.0,0.0,0.0,13.55,0.0,13.55,,85.489,0.0,0.0,85.489,2.3,15.85,1.61,101.58
Kyrgyzstan,2001,KGZ,5071960.0,16336535537.0,0.0,0.0,12.31,0.0,12.31,,83.12,0.0,0.0,83.12,2.5,14.81,1.64,110.74
Kyrgyzstan,2002,KGZ,5116252.0,16170495966.0,0.0,0.0,10.68,0.0,10.68,,82.28,0.0,0.0,82.28,2.3,12.98,1.39,107.09
Kyrgyzstan,2003,KGZ,5159422.0,17135753196.0,0.0,0.0,13.38,0.0,13.38,,86.658,0.0,0.0,86.658,2.06,15.44,1.38,89.38
Kyrgyzstan,2004,KGZ,5203048.0,18155686902.0,0.0,0.0,13.95,0.0,13.95,,86.324,0.0,0.0,86.324,2.21,16.16,1.45,89.73
Kyrgyzstan,2005,KGZ,5246337.0,17942169018.0,0.0,0.0,12.66,0.0,12.66,,85.483,0.0,0.0,85.483,2.15,14.81,1.96,132.34
Kyrgyzstan,2006,KGZ,5282451.0,18316466710.0,0.0,0.0,12.35,0.0,12.35,,84.88,0.0,0.0,84.88,2.2,14.55,1.97,135.4
Kyrgyzstan,2007,KGZ,5313376.0,19684074796.0,0.0,0.0,12.61,0.0,12.61,,85.782,0.0,0.0,85.782,2.09,14.7,2.03,138.1
Kyrgyzstan,2008,KGZ,5342530.0,20960394949.0,0.0,0.0,10.02,0.0,10.02,,85.714,0.0,0.0,85.714,1.67,11.69,1.66,142.0
Kyrgyzstan,2009,KGZ,5398013.0,21348199451.0,0.0,0.0,10.11,0.0,10.11,,92.076,0.0,0.0,92.076,0.87,10.98,0.9,81.97
Kyrgyzstan,2010,KGZ,5491763.0,21037148123.0,0.0,0.0,11.0,0.0,11.0,,91.743,0.0,0.0,91.743,0.99,11.99,1.03,85.91
Kyrgyzstan,2011,KGZ,5594537.0,22069322288.0,0.0,0.0,14.0,0.0,14.0,,93.271,0.0,0.0,93.271,1.01,15.01,1.13,75.28
Kyrgyzstan,2012,KGZ,5696521.0,22049906072.0,0.0,0.0,14.04,0.0,14.04,,93.413,0.0,0.0,93.413,0.99,15.03,1.18,78.51
Kyrgyzstan,2013,KGZ,5797294.0,24456653043.0,0.0,0.0,13.0,0.0,13.0,,93.391,0.0,0.0,93.391,0.92,13.92,1.15,82.62
Kyrgyzstan,2014,KGZ,5898322.0,25440781974.0,0.0,0.0,13.16,0.0,13.16,,91.199,0.0,0.0,91.199,1.27,14.43,1.42,98.41
Kyrgyzstan,2015,KGZ,6001876.0,26426866370.0,0.0,0.0,10.99,0.0,10.99,,85.062,0.0,0.0,85.062,1.93,12.92,2.0,154.8
Kyrgyzstan,2016,KGZ,6108460.0,27572739134.0,0.0,0.0,11.38,0.0,11.38,,86.54,0.0,0.0,86.54,1.77,13.15,1.83,139.16
Kyrgyzstan,2017,KGZ,6220148.0,28879683468.0,0.0,0.0,14.06,0.0,14.06,,91.477,0.0,0.0,91.477,1.31,15.37,1.5,97.59
Kyrgyzstan,2018,KGZ,6341733.0,29878637891.0,0.0,0.0,14.17,0.0,14.17,,91.834,0.0,0.0,91.834,1.26,15.43,1.47,95.27
Kyrgyzstan,2019,KGZ,6494036.0,31253353975.0,0.0,0.0,13.71,0.0,13.71,,91.583,0.0,0.0,91.583,1.26,14.97,1.47,98.2
Kyrgyzstan,2020,KGZ,6664143.0,28560253227.0,0.0,0.0,13.98,0.0,13.98,,90.779,0.0,0.0,90.779,1.42,15.4,1.62,105.2
Kyrgyzstan,2021,KGZ,6820483.0,29628978769.0,0.0,0.0,12.96,0.0,12.96,,85.601,0.0,0.0,85.601,2.18,15.14,2.29,151.26
Kyrgyzstan,2022,KGZ,6955792.0,31703003147.0,0.0,0.0,11.9,0.0,11.9,,86.107,0.0,0.0,86.107,1.92,13.82,2.03,146.89
Kyrgyzstan,2023,KGZ,7073523.0,31703003147.0,0.0,0.0,11.76,0.0,11.76,,86.471,0.0,0.0,86.471,1.84,13.6,1.9,139.71
Kyrgyzstan,2024,KGZ,7186014.0,31703003147.0,0.0,0.0,14.0,0.0,14.0,,88.776,0.0,0.0,88.776,1.77,15.77,1.88,119.21
Kyrgyzstan,2025,KGZ,7295037.0,31703003147.0,0.0,0.0,13.37,0.0,13.37,,84.728,0.0,0.0,84.728,2.41,15.78,2.41,152.73
Laos,2000,LAO,5431213.0,12209285510.0,0.0,0.0,3.28,0.0,3.28,,89.863,0.0,0.0,89.863,0.37,3.65,0.32,87.67
Laos,2001,LAO,5521481.0,13005702889.0,0.0,0.0,3.3,0.0,3.3,,89.918,0.0,0.0,89.918,0.37,3.67,0.32,87.19
Laos,2002,LAO,5610888.0,13872426080.0,0.0,0.0,3.21,0.0,3.21,,89.916,0.0,0.0,89.916,0.36,3.57,0.32,89.64
Laos,2003,LAO,5697944.0,14843718409.0,0.0,0.0,2.83,0.0,2.83,,89.841,0.0,0.0,89.841,0.32,3.15,0.28,88.89
Laos,2004,LAO,5781627.0,16000772290.0,0.0,0.0,3.0,0.0,3.0,,100.0,0.0,0.0,100.0,0.0,3.0,0.07,23.33
Laos,2005,LAO,5869531.0,17208611490.0,0.0,0.0,3.51,0.0,3.51,,100.0,0.0,0.0,100.0,0.0,3.51,0.08,22.79
Laos,2006,LAO,5963199.0,17176979638.0,0.0,0.0,3.6,0.0,3.6,,100.0,0.0,0.0,100.0,0.0,3.6,0.09,25.0
Laos,2007,LAO,6056237.0,20454811822.0,0.0,0.0,3.37,0.0,3.37,,100.0,0.0,0.0,100.0,0.0,3.37,0.08,23.74
Laos,2008,LAO,6148974.0,22210959976.0,0.0,0.0,3.72,0.0,3.72,,100.0,0.0,0.0,100.0,0.0,3.72,0.09,24.19
Laos,2009,LAO,6241649.0,24050843271.0,0.0,0.0,3.37,0.0,3.37,,100.0,0.0,0.0,100.0,0.0,3.37,0.08,23.74
Laos,2010,LAO,6334198.0,26198017296.0,0.0,0.0,8.36,0.0,8.36,,100.0,0.0,0.0,100.0,0.0,8.36,0.2,23.92
Laos,2011,LAO,6426592.0,28505277000.0,0.0,0.0,12.84,0.0,12.84,,100.0,0.0,0.0,100.0,0.0,12.84,0.31,24.14
Laos,2012,LAO,6518981.0,30756620000.0,0.0,0.0,12.93,0.0,12.93,,100.0,0.0,0.0,100.0,0.0,12.93,0.31,23.98
Laos,2013,LAO,6611385.0,33213895000.0,0.0,0.0,15.35,0.01,15.36,,100.0,0.0,0.0,99.935,0.0,15.36,0.36,23.44
Laos,2014,LAO,6703170.0,35727804000.0,0.0,0.0,15.12,0.0,15.12,,100.0,0.0,0.0,100.0,0.0,15.12,0.36,23.81
Laos,2015,LAO,6801647.0,38423808000.0,0.0,0.0,13.9,0.0,13.9,,86.015,0.0,0.0,86.015,2.26,16.16,2.4,148.52
Laos,2016,LAO,6908800.0,41128975200.0,0.0,0.0,17.53,0.0,17.53,,68.772,0.0,0.0,68.772,7.96,25.49,7.72,302.86
Laos,2017,LAO,7018150.0,43958737408.0,0.01,0.0,20.1,0.03,20.14,,64.821,0.032,0.0,64.693,10.93,31.07,10.52,338.59
Laos,2018,LAO,7128043.0,46694965948.0,0.02,0.0,22.33,0.05,22.4,,65.078,0.058,0.0,64.875,12.02,34.42,11.57,336.14
Laos,2019,LAO,7237635.0,49243304815.0,0.04,0.0,19.74,0.05,19.83,,63.476,0.128,0.0,63.188,11.41,31.24,10.95,350.51
Laos,2020,LAO,7346534.0,50856670244.0,0.04,0.0,28.51,0.06,28.61,,71.597,0.1,0.0,71.346,11.35,39.96,11.11,278.03
Laos,2021,LAO,7453192.0,52626361275.0,0.07,0.0,32.9,0.05,33.02,,73.541,0.156,0.0,73.274,11.88,44.9,11.69,260.36
Laos,2022,LAO,7559008.0,54953902901.0,0.08,0.0,38.74,0.04,38.86,,76.136,0.157,0.0,75.901,12.18,51.04,12.11,237.27
Laos,2023,LAO,7665001.0,54953902901.0,0.08,0.0,40.0,0.04,40.12,,76.711,0.153,0.0,76.482,12.18,52.3,12.14,232.12
Laos,2024,LAO,7769823.0,54953902901.0,0.09,0.0,40.0,0.04,40.13,,76.716,0.172,0.0,76.467,12.18,52.31,12.14,232.08
Latin America and Caribbean (Ember),2000,,,,0.02,0.24,584.3,20.61,605.17,,60.044,0.002,0.024,57.974,382.25,1007.87,273.84,271.7
Latin America and Caribbean (Ember),2001,,,,0.02,0.32,542.94,22.99,566.27,,56.657,0.002,0.032,54.323,403.13,999.47,287.21,287.36
Latin America and Caribbean (Ember),2002,,,,0.02,0.45,564.38,24.27,589.12,,57.152,0.002,0.044,54.752,412.26,1030.79,293.7,284.93
Latin America and Caribbean (Ember),2003,,,,0.02,0.51,582.85,26.91,610.29,,56.607,0.002,0.047,54.062,436.4,1078.12,310.51,288.01
Latin America and Caribbean (Ember),2004,,,,0.02,0.53,611.08,28.49,640.12,,56.462,0.002,0.047,53.901,464.92,1133.71,328.22,289.51
Latin America and Caribbean (Ember),2005,,,,0.02,0.51,647.83,30.45,678.81,,57.372,0.002,0.043,54.753,476.85,1183.18,339.56,286.99
Latin America and Caribbean (Ember),2006,,,,0.02,0.78,678.06,31.0,709.86,,57.44,0.002,0.063,54.867,493.62,1235.82,351.13,284.13
Latin America and Caribbean (Ember),2007,,,,0.02,1.36,696.65,37.29,735.32,,56.999,0.002,0.105,54.001,524.72,1290.06,374.59,290.37
Latin America and Caribbean (Ember),2008,,,,0.04,1.87,712.64,39.88,754.43,,56.609,0.003,0.14,53.473,547.12,1332.71,387.18,290.52
Latin America and Caribbean (Ember),2009,,,,0.06,2.64,717.03,44.19,763.92,,57.121,0.004,0.197,53.615,541.8,1337.36,386.96,289.35
Latin America and Caribbean (Ember),2010,,,,0.08,4.62,730.38,54.96,790.04,,56.209,0.006,0.329,51.964,587.9,1405.55,418.88,298.02
Latin America and Caribbean (Ember),2011,,,,0.16,5.9,772.3,57.37,835.73,,57.156,0.011,0.404,52.818,594.32,1462.2,425.0,290.66
Latin America and Caribbean (Ember),2012,,,,0.41,11.38,753.01,61.59,826.39,,54.352,0.027,0.748,49.526,662.84,1520.44,471.94,310.4
Latin America and Caribbean (Ember),2013,,,,0.75,14.25,734.65,68.88,818.53,,52.071,0.048,0.907,46.735,719.97,1571.96,512.65,326.12
Latin America and Caribbean (Ember),2014,,,,1.46,24.87,704.2,75.83,806.36,,51.301,0.093,1.582,44.801,734.9,1571.83,522.33,332.31
Latin America and Caribbean (Ember),2015,,,,3.06,40.09,696.99,79.93,820.07,,50.88,0.19,2.487,43.244,758.35,1611.77,538.71,334.24
Latin America and Caribbean (Ember),2016,,,,5.23,55.43,713.94,82.29,856.89,,52.617,0.321,3.404,43.839,736.94,1628.54,527.08,323.65
Latin America and Caribbean (Ember),2017,,,,8.75,66.38,725.0,83.36,883.49,,54.2,0.537,4.072,44.477,713.87,1630.07,507.0,311.03
Latin America and Caribbean (Ember),2018,,,,16.14,77.94,743.08,84.31,921.47,,55.226,0.967,4.671,44.535,710.98,1668.54,505.01,302.67
Latin America and Caribbean (Ember),2019,,,,29.18,95.19,715.61,86.1,926.08,,55.127,1.737,5.666,42.598,718.06,1679.9,510.78,304.05
Latin America and Caribbean (Ember),2020,,,,41.98,104.56,718.18,91.23,955.95,,58.325,2.561,6.379,43.818,647.81,1639.0,461.09,281.32
Latin America and Caribbean (Ember),2021,,,,57.84,126.95,703.27,89.79,977.85,,57.45,3.398,7.458,41.318,687.46,1702.1,485.1,285.0
Latin America and Caribbean (Ember),2022,,,,77.73,138.11,771.22,87.63,1074.69,,62.047,4.488,7.974,44.526,624.49,1732.06,446.85,257.99
Latin America and Caribbean (Ember),2023,,,,104.83,154.13,765.37,91.43,1115.76,,62.354,5.858,8.614,42.773,637.78,1789.39,455.2,254.39
Latin America and Caribbean (Ember),2024,,,,133.9,169.12,750.91,91.42,1145.35,,62.545,7.312,9.235,41.006,647.34,1831.23,462.17,252.38
Latin America and Caribbean (Ember),2025,,,,158.3,184.14,741.69,88.22,1172.35,,63.475,8.571,9.97,40.158,637.8,1846.94,456.14,246.97
Latvia,1985,LVA,2579237.0,37201218983.0,0.0,0.0,2.979,0.0,2.979,7.824,60.042,0.0,0.0,60.042,,4.961,,
Latvia,1986,LVA,2599784.0,38189519598.0,0.0,0.0,3.001,0.0,3.001,8.486,57.885,0.0,0.0,57.885,,5.184,,
Latvia,1987,LVA,2625969.0,38039138662.0,0.0,0.0,3.699,0.0,3.699,11.486,62.305,0.0,0.0,62.305,,5.937,,
Latvia,1988,LVA,2652250.0,39628013214.0,0.0,0.0,3.001,0.0,3.001,9.862,58.724,0.0,0.0,58.724,,5.11,,
Latvia,1989,LVA,2664839.0,41772727533.0,0.0,0.0,3.606,0.0,3.606,11.87,62.166,0.0,0.0,62.166,,5.801,,
Latvia,1990,LVA,2660131.0,42100704929.0,0.0,0.0,4.5,0.0,4.5,14.555,67.669,0.0,0.0,67.669,2.15,6.65,,153.38
Latvia,1991,LVA,2648933.0,36517762608.0,0.0,0.0,3.28,0.0,3.28,11.502,58.053,0.0,0.0,58.053,2.37,5.65,,196.46
Latvia,1992,LVA,2614833.0,24594371373.0,0.0,0.0,2.52,0.0,2.52,12.318,65.625,0.0,0.0,65.625,1.32,3.84,,153.65
Latvia,1993,LVA,2563820.0,21610169740.0,0.0,0.0,2.88,0.0,2.88,16.32,73.282,0.0,0.0,73.282,1.05,3.93,,150.13
Latvia,1994,LVA,2521238.0,21908377653.0,0.0,0.0,3.31,0.0,3.31,19.401,74.55,0.0,0.0,74.55,1.13,4.44,,164.41
Latvia,1995,LVA,2485948.0,21602325855.0,0.0,0.0,2.94,0.0,2.94,18.407,73.684,0.0,0.0,73.684,1.05,3.99,,150.38
Latvia,1996,LVA,2457907.0,21944517346.0,0.0,0.0,1.86,0.0,1.86,12.483,59.615,0.0,0.0,59.615,1.26,3.12,,230.77
Latvia,1997,LVA,2433229.0,23733281647.0,0.0,0.0,2.95,0.0,2.95,19.779,65.41,0.0,0.0,65.41,1.56,4.51,,161.86
Latvia,1998,LVA,2410217.0,25089221158.0,0.0,0.0,4.32,0.0,4.32,26.66,74.483,0.0,0.0,74.483,1.48,5.8,,129.31
Latvia,1999,LVA,2390822.0,25549229736.0,0.0,0.0,2.76,0.0,2.76,19.963,67.153,0.0,0.0,67.153,1.35,4.11,,165.45
Latvia,2000,LVA,2368320.0,26727290777.0,0.0,0.0,2.82,0.0,2.82,20.891,68.116,0.0,0.0,68.116,1.32,4.14,0.61,147.34
Latvia,2001,LVA,2338299.0,28242589693.0,0.0,0.0,2.83,0.0,2.83,19.382,66.276,0.0,0.0,66.276,1.44,4.27,0.63,147.54
Latvia,2002,LVA,2311358.0,30014856985.0,0.0,0.01,2.46,0.01,2.48,16.668,62.469,0.0,0.252,61.965,1.49,3.97,0.66,166.25
Latvia,2003,LVA,2288983.0,32298352002.0,0.0,0.05,2.27,0.02,2.34,15.783,58.942,0.0,1.259,57.179,1.63,3.97,0.68,171.29
Latvia,2004,LVA,2264179.0,34720425840.0,0.0,0.05,3.11,0.04,3.2,19.121,68.23,0.0,1.066,66.311,1.49,4.69,0.64,136.46
Latvia,2005,LVA,2239787.0,38143684659.0,0.0,0.05,3.33,0.04,3.42,19.73,69.512,0.0,1.016,67.683,1.5,4.92,0.64,130.08
Latvia,2006,LVA,2219039.0,42361248688.0,0.0,0.05,2.7,0.04,2.79,16.884,57.055,0.0,1.022,55.215,2.1,4.89,0.84,171.78
Latvia,2007,LVA,2200774.0,46228816935.0,0.0,0.05,2.73,0.04,2.82,16.497,59.244,0.0,1.05,57.353,1.94,4.76,0.78,163.87
Latvia,2008,LVA,2177710.0,44217430207.0,0.0,0.06,3.11,0.04,3.21,18.494,60.911,0.0,1.139,59.013,2.06,5.27,0.83,157.5
Latvia,2009,LVA,2142044.0,37590730012.0,0.0,0.05,3.46,0.05,3.56,21.616,63.914,0.0,0.898,62.118,2.01,5.57,0.82,147.22
Latvia,2010,LVA,2097834.0,35881177042.0,0.0,0.05,3.52,0.07,3.64,19.887,54.902,0.0,0.754,53.092,2.99,6.63,1.19,179.49
Latvia,2011,LVA,2059940.0,37869724459.0,0.0,0.07,2.89,0.12,3.08,18.86,50.575,0.0,1.149,47.455,3.01,6.09,1.2,197.04
Latvia,2012,LVA,2034639.0,40536567235.0,0.0,0.11,3.71,0.29,4.11,24.023,66.613,0.0,1.783,60.13,2.06,6.17,0.9,145.87
Latvia,2013,LVA,2013004.0,41350512828.0,0.0,0.12,2.91,0.5,3.53,21.731,56.935,0.0,1.935,46.935,2.67,6.2,1.16,187.1
Latvia,2014,LVA,1994153.0,42137028688.0,0.0,0.14,1.99,0.67,2.8,18.958,54.475,0.0,2.724,38.716,2.34,5.14,1.04,202.34
Latvia,2015,LVA,1977874.0,43774190659.0,0.0,0.15,1.86,0.77,2.78,18.663,50.181,0.0,2.708,33.574,2.76,5.54,1.22,220.22
Latvia,2016,LVA,1959863.0,44810998817.0,0.0,0.13,2.53,0.82,3.48,21.134,54.206,0.0,2.025,39.408,2.94,6.42,1.31,204.05
Latvia,2017,LVA,1942599.0,46295495418.0,0.0,0.15,4.38,0.93,5.46,29.607,72.51,0.0,1.992,58.167,2.07,7.53,1.06,140.77
Latvia,2018,LVA,1927586.0,48143398790.0,0.0,0.12,2.43,0.94,3.49,22.387,51.935,0.0,1.786,36.161,3.23,6.72,1.45,215.77
Latvia,2019,LVA,1914267.0,49380620266.0,0.0,0.15,2.11,0.93,3.19,19.894,49.534,0.0,2.329,32.764,3.25,6.44,1.44,223.6
Latvia,2020,LVA,1901119.0,48292861660.0,0.0,0.18,2.6,0.86,3.64,24.894,63.636,0.0,3.147,45.455,2.08,5.72,1.01,176.57
Latvia,2021,LVA,1885593.0,50255494980.0,0.01,0.14,2.71,0.86,3.72,24.165,63.59,0.171,2.393,46.325,2.13,5.85,1.03,176.07
Latvia,2022,LVA,1881059.0,51248480035.0,0.08,0.19,2.75,0.8,3.82,26.646,75.944,1.59,3.777,54.672,1.21,5.03,0.68,135.19
Latvia,2023,LVA,1882399.0,51248480035.0,0.24,0.27,3.79,0.66,4.96,31.776,77.743,3.762,4.232,59.404,1.42,6.38,0.76,119.12
Latvia,2024,LVA,1871874.0,51248480035.0,0.54,0.28,3.21,0.62,4.65,29.669,73.46,8.531,4.423,50.711,1.68,6.33,0.85,134.28
Latvia,2025,LVA,1853560.0,51248480035.0,0.82,0.22,2.93,0.61,4.58,29.669,73.046,13.078,3.509,46.73,1.69,6.27,0.87,138.76
Lebanon,2000,LBN,4329345.0,25915975238.0,0.0,0.0,0.44,0.0,0.44,,4.422,0.0,0.0,4.422,9.51,9.95,6.27,630.15
Lebanon,2001,LBN,4401923.0,27854825604.0,0.0,0.0,0.33,0.0,0.33,,3.317,0.0,0.0,3.317,9.62,9.95,6.34,637.19
Lebanon,2002,LBN,4463505.0,29771684188.0,0.0,0.0,0.67,0.0,0.67,,5.801,0.0,0.0,5.801,10.88,11.55,7.18,621.65
Lebanon,2003,LBN,4525513.0,31778515559.0,0.0,0.0,1.35,0.0,1.35,,10.441,0.0,0.0,10.441,11.58,12.93,7.65,591.65
Lebanon,2004,LBN,4599285.0,35314011356.0,0.0,0.0,1.11,0.0,1.11,,9.703,0.0,0.0,9.703,10.33,11.44,6.83,597.03
Lebanon,2005,LBN,4671105.0,37512383718.0,0.0,0.0,1.04,0.0,1.04,,8.866,0.0,0.0,8.866,10.69,11.73,7.05,601.02
Lebanon,2006,LBN,4751146.0,39442140692.0,0.0,0.0,0.69,0.0,0.69,,6.09,0.0,0.0,6.09,10.64,11.33,7.02,619.59
Lebanon,2007,LBN,4844119.0,44589675655.0,0.0,0.0,0.58,0.0,0.58,,5.487,0.0,0.0,5.487,9.99,10.57,6.58,622.52
Lebanon,2008,LBN,4925359.0,50361558474.0,0.0,0.0,0.37,0.0,0.37,,2.972,0.0,0.0,2.972,12.08,12.45,7.96,639.36
Lebanon,2009,LBN,4992295.0,57304677732.0,0.0,0.0,0.62,0.0,0.62,,4.777,0.0,0.0,4.777,12.36,12.98,8.13,626.35
Lebanon,2010,LBN,5041290.0,64006241939.0,0.0,0.0,0.83,0.0,0.83,,5.283,0.0,0.0,5.283,14.88,15.71,9.74,619.99
Lebanon,2011,LBN,5096018.0,66782067583.0,0.0,0.0,0.8,0.0,0.8,,4.908,0.0,0.0,4.908,15.5,16.3,10.22,626.99
Lebanon,2012,LBN,5235742.0,68494363923.0,0.0,0.0,1.0,0.0,1.0,,6.075,0.0,0.0,6.075,15.46,16.46,10.19,619.08
Lebanon,2013,LBN,5743441.0,71116324024.0,0.0,0.0,1.26,0.0,1.26,,6.702,0.0,0.0,6.702,17.54,18.8,11.57,615.43
Lebanon,2014,LBN,6346993.0,72883563855.0,0.01,0.01,0.19,0.0,0.21,,1.169,0.056,0.056,1.057,17.76,17.97,11.69,650.53
Lebanon,2015,LBN,6472470.0,73219558993.0,0.02,0.01,0.47,0.0,0.5,,2.682,0.107,0.054,2.521,18.14,18.64,11.95,641.09
Lebanon,2016,LBN,6323061.0,74358860056.0,0.04,0.01,0.38,0.0,0.43,,2.215,0.206,0.052,1.958,18.98,19.41,12.5,644.0
Lebanon,2017,LBN,6160129.0,75030320802.0,0.06,0.01,0.41,0.0,0.48,,2.259,0.282,0.047,1.929,20.77,21.25,13.68,643.77
Lebanon,2018,LBN,5984120.0,73615988520.0,0.09,0.01,0.34,0.03,0.47,,2.209,0.423,0.047,1.598,20.81,21.28,13.71,644.27
Lebanon,2019,LBN,5794601.0,68525451094.0,0.12,0.01,0.96,0.03,1.12,,5.188,0.556,0.046,4.447,20.47,21.59,13.51,625.75
Lebanon,2020,LBN,5702400.0,50772560784.0,0.14,0.01,1.05,0.03,1.23,,6.74,0.767,0.055,5.753,17.02,18.25,11.24,615.89
Lebanon,2021,LBN,5718129.0,50772615264.0,0.31,0.01,0.61,0.03,0.96,,9.284,2.998,0.097,5.899,9.38,10.34,6.2,599.61
Lebanon,2022,LBN,5744492.0,48741710654.0,1.26,0.01,0.69,0.03,1.99,,45.538,28.833,0.229,15.789,2.38,4.37,1.66,379.86
Lebanon,2023,LBN,5773494.0,48741710654.0,1.4,0.01,0.7,0.03,2.14,,34.076,22.293,0.159,11.146,4.14,6.28,2.82,449.05
Lebanon,2024,LBN,5805962.0,48741710654.0,1.6,0.01,0.7,0.03,2.34,,43.82,29.963,0.187,13.109,3.0,5.34,2.08,389.51
Lesotho,2000,LSO,2003919.0,3769602063.0,0.0,0.0,0.29,0.0,0.29,,100.0,0.0,0.0,100.0,0.0,0.29,0.01,34.48
Lesotho,2001,LSO,2000859.0,3838921434.0,0.0,0.0,0.28,0.0,0.28,,100.0,0.0,0.0,100.0,0.0,0.28,0.01,35.71
Lesotho,2002,LSO,1994686.0,3773087839.0,0.0,0.0,0.31,0.0,0.31,,100.0,0.0,0.0,100.0,0.0,0.31,0.01,32.26
Lesotho,2003,LSO,1985060.0,3857951274.0,0.0,0.0,0.32,0.0,0.32,,100.0,0.0,0.0,100.0,0.0,0.32,0.01,31.25
Lesotho,2004,LSO,1971130.0,3857815847.0,0.0,0.0,0.3,0.0,0.3,,100.0,0.0,0.0,100.0,0.0,0.3,0.01,33.33
Lesotho,2005,LSO,1953080.0,3870538474.0,0.0,0.0,0.46,0.0,0.46,,100.0,0.0,0.0,100.0,0.0,0.46,0.01,21.74
Lesotho,2006,LSO,1945066.0,3946096482.0,0.0,0.0,0.52,0.0,0.52,,100.0,0.0,0.0,100.0,0.0,0.52,0.01,19.23
Lesotho,2007,LSO,1953273.0,4038812448.0,0.0,0.0,0.55,0.0,0.55,,100.0,0.0,0.0,100.0,0.0,0.55,0.01,18.18
Lesotho,2008,LSO,1966547.0,4170596962.0,0.0,0.0,0.58,0.0,0.58,,100.0,0.0,0.0,100.0,0.0,0.58,0.01,17.24
Lesotho,2009,LSO,1980884.0,4214040389.0,0.0,0.0,0.65,0.0,0.65,,100.0,0.0,0.0,100.0,0.0,0.65,0.02,30.77
Lesotho,2010,LSO,1996256.0,4442653593.0,0.0,0.0,0.69,0.0,0.69,,100.0,0.0,0.0,100.0,0.0,0.69,0.02,28.99
Lesotho,2011,LSO,2014015.0,4516050000.0,0.0,0.0,0.49,0.0,0.49,,100.0,0.0,0.0,100.0,0.0,0.49,0.01,20.41
Lesotho,2012,LSO,2034363.0,4740080000.0,0.0,0.0,0.49,0.0,0.49,,100.0,0.0,0.0,100.0,0.0,0.49,0.01,20.41
Lesotho,2013,LSO,2056509.0,4954224000.0,0.0,0.0,0.51,0.0,0.51,,100.0,0.0,0.0,100.0,0.0,0.51,0.01,19.61
Lesotho,2014,LSO,2080091.0,5134648000.0,0.0,0.0,0.52,0.0,0.52,,100.0,0.0,0.0,100.0,0.0,0.52,0.01,19.23
Lesotho,2015,LSO,2104614.0,5279080000.0,0.0,0.0,0.53,0.0,0.53,,100.0,0.0,0.0,100.0,0.0,0.53,0.01,18.87
Lesotho,2016,LSO,2130424.0,5418793037.0,0.0,0.0,0.52,0.0,0.52,,100.0,0.0,0.0,100.0,0.0,0.52,0.01,19.23
Lesotho,2017,LSO,2157117.0,5197453242.0,0.0,0.0,0.54,0.0,0.54,,100.0,0.0,0.0,100.0,0.0,0.54,0.01,18.52
Lesotho,2018,LSO,2183611.0,5068079163.0,0.0,0.0,0.52,0.0,0.52,,100.0,0.0,0.0,100.0,0.0,0.52,0.01,19.23
Lesotho,2019,LSO,2209414.0,4996214053.0,0.0,0.0,0.39,0.0,0.39,,100.0,0.0,0.0,100.0,0.0,0.39,0.01,25.64
Lesotho,2020,LSO,2235727.0,4623560803.0,0.0,0.0,0.43,0.0,0.43,,100.0,0.0,0.0,100.0,0.0,0.43,0.01,23.26
Lesotho,2021,LSO,2261549.0,4709220668.0,0.0,0.0,0.53,0.0,0.53,,100.0,0.0,0.0,100.0,0.0,0.53,0.01,18.87
Lesotho,2022,LSO,2286112.0,4761723180.0,0.0,0.0,0.48,0.0,0.48,,100.0,0.0,0.0,100.0,0.0,0.48,0.01,20.83
Lesotho,2023,LSO,2311476.0,4761723180.0,0.0,0.0,0.0,0.0,0.0,,100.0,0.0,0.0,100.0,0.0,0.0,0.0,20.83
Lesotho,2024,LSO,2337428.0,4761723180.0,0.0,0.0,0.0,0.0,0.0,,100.0,0.0,0.0,100.0,0.0,0.0,0.0,20.83
Liberia,2000,LBR,2928117.0,2767093377.0,0.0,0.0,0.0,0.0,0.0,,0.0,0.0,0.0,0.0,0.2,0.2,0.13,650.0
Liberia,2001,LBR,3015343.0,3200677181.0,0.0,0.0,0.0,0.0,0.0,,0.0,0.0,0.0,0.0,0.2,0.2,0.13,650.0
Liberia,2002,LBR,3094793.0,3998735673.0,0.0,0.0,0.0,0.0,0.0,,0.0,0.0,0.0,0.0,0.2,0.2,0.13,650.0
Liberia,2003,LBR,3119534.0,2541250362.0,0.0,0.0,0.0,0.0,0.0,,0.0,0.0,0.0,0.0,0.2,0.2,0.13,650.0
Liberia,2004,LBR,3156893.0,2286431759.0,0.0,0.0,0.0,0.0,0.0,,0.0,0.0,0.0,0.0,0.2,0.2,0.13,650.0
Liberia,2005,LBR,3301016.0,2369891568.0,0.0,0.0,0.0,0.0,0.0,,0.0,0.0,0.0,0.0,0.2,0.2,0.13,650.0
Liberia,2006,LBR,3490792.0,2547129019.0,0.0,0.0,0.0,0.0,0.0,,0.0,0.0,0.0,0.0,0.2,0.2,0.13,650.0
Liberia,2007,LBR,3669050.0,2664910191.0,0.0,0.0,0.0,0.0,0.0,,0.0,0.0,0.0,0.0,0.25,0.25,0.16,640.0
Liberia,2008,LBR,3821006.0,2922602346.0,0.0,0.0,0.0,0.0,0.0,,0.0,0.0,0.0,0.0,0.25,0.25,0.16,640.0
Liberia,2009,LBR,3943035.0,3108980113.0,0.0,0.0,0.0,0.0,0.0,,0.0,0.0,0.0,0.0,0.25,0.25,0.16,640.0
Liberia,2010,LBR,4058897.0,3260614939.0,0.0,0.0,0.0,0.0,0.0,,0.0,0.0,0.0,0.0,0.25,0.25,0.16,640.0
Liberia,2011,LBR,4221177.0,3266880000.0,0.0,0.0,0.0,0.0,0.0,,0.0,0.0,0.0,0.0,0.3,0.3,0.2,666.67
Liberia,2012,LBR,4373046.0,3532273000.0,0.0,0.0,0.0,0.0,0.0,,0.0,0.0,0.0,0.0,0.3,0.3,0.2,666.67
Liberia,2013,LBR,4470246.0,3819600000.0,0.0,0.0,0.0,0.0,0.0,,0.0,0.0,0.0,0.0,0.3,0.3,0.2,666.67
Liberia,2014,LBR,4564299.0,3843632000.0,0.0,0.0,0.0,0.0,0.0,,0.0,0.0,0.0,0.0,0.3,0.3,0.2,666.67
Liberia,2015,LBR,4659436.0,3857900000.0,0.0,0.0,0.0,0.0,0.0,,0.0,0.0,0.0,0.0,0.31,0.31,0.2,645.16
Liberia,2016,LBR,4755607.0,3859976097.0,0.0,0.0,0.0,0.0,0.0,,0.0,0.0,0.0,0.0,0.3,0.3,0.2,666.67
Liberia,2017,LBR,4848927.0,3977674130.0,0.0,0.0,0.0,0.0,0.0,,0.0,0.0,0.0,0.0,0.35,0.35,0.23,657.14
Liberia,2018,LBR,4944728.0,4051631897.0,0.0,0.0,0.13,0.0,0.13,,31.707,0.0,0.0,31.707,0.28,0.41,0.18,439.02
Liberia,2019,LBR,5043719.0,3959325948.0,0.0,0.0,0.13,0.0,0.13,,30.952,0.0,0.0,30.952,0.29,0.42,0.19,452.38
Liberia,2020,LBR,5149470.0,3845664451.0,0.0,0.0,0.13,0.0,0.13,,28.889,0.0,0.0,28.889,0.32,0.45,0.21,466.67
Liberia,2021,LBR,5259327.0,4037436536.0,0.0,0.0,0.13,0.0,0.13,,34.211,0.0,0.0,34.211,0.25,0.38,0.16,421.05
Liberia,2022,LBR,5373297.0,4231561135.0,0.0,0.0,0.13,0.0,0.13,,33.333,0.0,0.0,33.333,0.26,0.39,0.17,435.9
Liberia,2023,LBR,5493035.0,4231561135.0,0.0,0.0,0.35,0.0,0.35,,57.377,0.0,0.0,57.377,0.26,0.61,0.18,295.08
Liberia,2024,LBR,5612813.0,4231561135.0,0.01,0.0,0.3,0.0,0.31,,54.386,1.754,0.0,52.632,0.26,0.57,0.18,315.79
Libya,2000,LBY,5305020.0,49983450587.0,0.0,0.0,0.0,0.0,0.0,,0.0,0.0,0.0,0.0,15.5,15.5,10.97,707.74
Libya,2001,LBY,5403639.0,54225701449.0,0.0,0.0,0.0,0.0,0.0,,0.0,0.0,0.0,0.0,16.11,16.11,11.4,707.64
Libya,2002,LBY,5508412.0,57785797189.0,0.0,0.0,0.0,0.0,0.0,,0.0,0.0,0.0,0.0,17.53,17.53,12.37,705.65
Libya,2003,LBY,5619405.0,70475273789.0,0.0,0.0,0.0,0.0,0.0,,0.0,0.0,0.0,0.0,18.95,18.95,13.35,704.49
Libya,2004,LBY,5736696.0,79415538130.0,0.0,0.0,0.0,0.0,0.0,,0.0,0.0,0.0,0.0,20.2,20.2,14.16,700.99
Libya,2005,LBY,5858793.0,94523140632.0,0.0,0.0,0.0,0.0,0.0,,0.0,0.0,0.0,0.0,22.32,22.32,16.04,718.64
Libya,2006,LBY,5980212.0,108872914713.0,0.0,0.0,0.0,0.0,0.0,,0.0,0.0,0.0,0.0,24.75,24.75,18.51,747.88
Libya,2007,LBY,6104381.0,123716329182.0,0.0,0.0,0.0,0.0,0.0,,0.0,0.0,0.0,0.0,26.23,26.23,19.88,757.91
Libya,2008,LBY,6235433.0,153726726038.0,0.0,0.0,0.0,0.0,0.0,,0.0,0.0,0.0,0.0,28.67,28.67,21.53,750.96
Libya,2009,LBY,6366689.0,165559661154.0,0.0,0.0,0.0,0.0,0.0,,0.0,0.0,0.0,0.0,30.38,30.38,22.69,746.87
Libya,2010,LBY,6497837.0,187528533215.0,0.01,0.0,0.0,0.0,0.01,,0.031,0.031,0.0,0.0,32.55,32.56,24.89,764.44
Libya,2011,LBY,6343210.0,79210078190.0,0.01,0.0,0.0,0.0,0.01,,0.038,0.038,0.0,0.0,26.0,26.01,20.64,793.54
Libya,2012,LBY,6179327.0,147985814988.0,0.01,0.0,0.0,0.0,0.01,,0.029,0.029,0.0,0.0,34.28,34.29,27.26,794.98
Libya,2013,LBY,6304636.0,121351322417.0,0.01,0.0,0.0,0.0,0.01,,0.026,0.026,0.0,0.0,37.92,37.93,29.97,790.14
Libya,2014,LBY,6427260.0,93388346336.0,0.01,0.0,0.0,0.0,0.01,,0.027,0.027,0.0,0.0,37.72,37.73,29.42,779.75
Libya,2015,LBY,6531825.0,92601079752.0,0.01,0.0,0.0,0.0,0.01,,0.027,0.027,0.0,0.0,37.5,37.51,29.27,780.33
Libya,2016,LBY,6632130.0,91220396354.0,0.01,0.0,0.0,0.0,0.01,,0.032,0.032,0.0,0.0,31.41,31.42,25.85,822.72
Libya,2017,LBY,6738771.0,120859728232.0,0.01,0.0,0.0,0.0,0.01,,0.03,0.03,0.0,0.0,33.27,33.28,27.07,813.4
Libya,2018,LBY,6849058.0,130457185445.0,0.01,0.0,0.0,0.0,0.01,,0.029,0.029,0.0,0.0,34.17,34.18,27.57,806.61
Libya,2019,LBY,6951040.0,115851209708.0,0.01,0.0,0.0,0.0,0.01,,0.029,0.029,0.0,0.0,34.62,34.63,28.05,809.99
Libya,2020,LBY,7045403.0,81726075633.0,0.01,0.0,0.0,0.0,0.01,,0.034,0.034,0.0,0.0,29.49,29.5,24.31,824.07
Libya,2021,LBY,7135179.0,104883157614.0,0.01,0.0,0.0,0.0,0.01,,0.029,0.029,0.0,0.0,34.78,34.79,28.93,831.56
Libya,2022,LBY,7223804.0,91444480945.0,0.01,0.0,0.0,0.0,0.01,,0.028,0.028,0.0,0.0,35.1,35.11,29.16,830.53
Libya,2023,LBY,7305659.0,91444480945.0,0.01,0.0,0.0,0.0,0.01,,0.03,0.03,0.0,0.0,33.74,33.75,27.85,825.19
Libya,2024,LBY,7381029.0,91444480945.0,0.01,0.0,0.0,0.0,0.01,,0.029,0.029,0.0,0.0,34.58,34.59,28.6,826.83
Lithuania,1985,LTU,3562393.0,47660893950.0,0.0,0.0,0.393,0.0,0.393,0.607,1.876,0.0,0.0,1.876,,20.962,,
Lithuania,1986,LTU,3593782.0,49468977771.0,0.0,0.0,0.384,0.0,0.384,0.643,1.715,0.0,0.0,1.715,,22.416,,
Lithuania,1987,LTU,3627368.0,50529333248.0,0.0,0.0,0.362,0.0,0.362,0.578,1.593,0.0,0.0,1.593,,22.755,,
Lithuania,1988,LTU,3672653.0,54561830724.0,0.0,0.0,0.384,0.0,0.384,0.585,1.479,0.0,0.0,1.479,,26.0,,
Lithuania,1989,LTU,3696107.0,54088606250.0,0.0,0.0,0.384,0.0,0.384,0.541,1.319,0.0,0.0,1.319,,29.158,,
Lithuania,1990,LTU,3695016.0,51021989460.0,0.0,0.0,0.41,0.0,0.41,0.59,1.444,0.0,0.0,1.444,10.96,28.4,,190.49
Lithuania,1991,LTU,3701408.0,47786759590.0,0.0,0.0,0.34,0.0,0.34,0.457,1.158,0.0,0.0,1.158,12.03,29.37,,212.8
Lithuania,1992,LTU,3697552.0,37159351315.0,0.0,0.0,0.31,0.0,0.31,0.662,1.671,0.0,0.0,1.671,3.6,18.55,,113.21
Lithuania,1993,LTU,3680201.0,30736278642.0,0.0,0.0,0.39,0.0,0.39,1.064,2.8,0.0,0.0,2.8,1.28,13.93,,60.3
Lithuania,1994,LTU,3654893.0,27661451474.0,0.0,0.0,0.45,0.0,0.45,1.418,4.611,0.0,0.0,4.611,1.6,9.76,,103.48
Lithuania,1995,LTU,3627038.0,29216540607.0,0.0,0.0,0.37,0.0,0.37,1.051,2.737,0.0,0.0,2.737,1.33,13.52,,65.09
Lithuania,1996,LTU,3599721.0,30721763295.0,0.0,0.0,0.33,0.0,0.33,0.843,2.032,0.0,0.0,2.032,1.97,16.24,,73.89
Lithuania,1997,LTU,3573418.0,33267370320.0,0.0,0.0,0.3,0.0,0.3,0.822,2.085,0.0,0.0,2.085,2.07,14.39,,90.34
Lithuania,1998,LTU,3547768.0,35744382405.0,0.0,0.0,0.42,0.0,0.42,1.083,2.449,0.0,0.0,2.449,3.18,17.15,,122.45
Lithuania,1999,LTU,3522905.0,35335381903.0,0.0,0.0,0.41,0.0,0.41,1.314,3.135,0.0,0.0,3.135,2.81,13.08,,124.62
Lithuania,2000,LTU,3500410.0,36684799266.0,0.0,0.0,0.34,0.0,0.34,1.209,3.055,0.0,0.0,3.055,2.37,11.13,1.15,103.32
Lithuania,2001,LTU,3473008.0,39077069410.0,0.0,0.0,0.33,0.0,0.33,1.01,2.298,0.0,0.0,2.298,2.67,14.36,1.29,89.83
Lithuania,2002,LTU,3444051.0,41716677051.0,0.0,0.0,0.35,0.0,0.35,1.01,2.024,0.0,0.0,2.024,2.8,17.29,1.33,76.92
Lithuania,2003,LTU,3415276.0,46106059871.0,0.0,0.0,0.32,0.01,0.33,0.896,1.753,0.0,0.0,1.7,3.01,18.82,1.35,71.73
Lithuania,2004,LTU,3376703.0,49123583277.0,0.0,0.0,0.42,0.01,0.43,1.144,2.293,0.0,0.0,2.24,3.22,18.75,1.45,77.33
Lithuania,2005,LTU,3322264.0,52913078254.0,0.0,0.0,0.45,0.01,0.46,1.363,3.19,0.0,0.0,3.121,3.62,14.42,1.59,110.26
Lithuania,2006,LTU,3269809.0,56827410871.0,0.0,0.01,0.4,0.02,0.43,1.571,3.563,0.0,0.083,3.314,2.99,12.07,1.33,110.19
Lithuania,2007,LTU,3231378.0,63122228308.0,0.0,0.11,0.42,0.05,0.58,2.221,4.309,0.0,0.817,3.12,3.05,13.46,1.41,104.76
Lithuania,2008,LTU,3198482.0,64776249050.0,0.0,0.13,0.4,0.07,0.6,2.403,4.501,0.0,0.975,3.001,2.84,13.33,1.38,103.53
Lithuania,2009,LTU,3163255.0,55174536683.0,0.0,0.16,0.42,0.1,0.68,2.737,4.645,0.0,1.093,2.869,3.11,14.64,1.53,104.51
Lithuania,2010,LTU,3097721.0,56073777524.0,0.0,0.22,0.54,0.15,0.91,4.494,18.2,0.0,4.4,10.8,4.09,5.0,1.84,368.0
Lithuania,2011,LTU,3028642.0,59460372771.0,0.0,0.47,0.48,0.16,1.11,5.089,26.118,0.0,11.059,11.294,3.14,4.25,1.37,322.35
Lithuania,2012,LTU,2988334.0,61745948022.0,0.0,0.54,0.42,0.22,1.18,5.654,26.222,0.0,12.0,9.333,3.32,4.5,1.45,322.22
Lithuania,2013,LTU,2958359.0,63937849304.0,0.05,0.6,0.52,0.36,1.53,7.556,36.516,1.193,14.32,12.411,2.66,4.19,1.23,293.56
Lithuania,2014,LTU,2933171.0,66199372603.0,0.07,0.64,0.4,0.4,1.51,7.885,40.921,1.897,17.344,10.84,2.18,3.69,1.05,284.55
Lithuania,2015,LTU,2905771.0,67539660018.0,0.07,0.81,0.35,0.45,1.68,8.308,39.716,1.655,19.149,8.274,2.55,4.23,1.25,295.51
Lithuania,2016,LTU,2869109.0,69240911932.0,0.07,1.14,0.45,0.44,2.1,9.468,57.851,1.928,31.405,12.397,1.53,3.63,0.85,234.16
Lithuania,2017,LTU,2829317.0,72206131673.0,0.07,1.36,0.6,0.5,2.53,10.892,71.067,1.966,38.202,16.854,1.03,3.56,0.65,182.58
Lithuania,2018,LTU,2802485.0,75089601435.0,0.09,1.14,0.43,0.54,2.2,9.533,75.342,3.082,39.041,14.726,0.72,2.92,0.52,178.08
Lithuania,2019,LTU,2795057.0,78562641002.0,0.09,1.5,0.35,0.53,2.47,10.436,73.952,2.695,44.91,10.479,0.87,3.34,0.57,170.66
Lithuania,2020,LTU,2795766.0,78545278418.0,0.13,1.55,0.3,0.59,2.57,11.356,54.681,2.766,32.979,6.383,2.13,4.7,1.09,231.92
Lithuania,2021,LTU,2794490.0,83242845981.0,0.19,1.36,0.38,0.69,2.62,12.011,60.93,4.419,31.628,8.837,1.68,4.3,0.95,220.93
Lithuania,2022,LTU,2816923.0,84814257826.0,0.34,1.51,0.46,0.71,3.02,14.382,74.752,8.416,37.376,11.386,1.02,4.04,0.73,180.69
Lithuania,2023,LTU,2854104.0,84814257826.0,0.69,2.54,0.45,0.76,4.44,18.719,83.774,13.019,47.925,8.491,0.86,5.3,0.63,118.87
Lithuania,2024,LTU,2859112.0,84814257826.0,1.4,3.41,0.44,0.98,6.23,23.414,84.303,18.945,46.143,5.954,1.16,7.39,0.86,116.37
Lithuania,2025,LTU,2830150.0,84814257826.0,1.67,3.99,0.35,0.89,6.9,23.414,77.615,18.785,44.882,3.937,1.99,8.89,1.23,138.36
Luxembourg,1965,LUX,329709.0,5967663000.0,0.0,0.0,0.086,0.0,0.086,0.574,,,,,,,,
Luxembourg,1966,LUX,333085.0,6038156981.0,0.0,0.0,0.078,0.0,0.078,0.539,,,,,,,,
Luxembourg,1967,LUX,335524.0,6052326672.0,0.0,0.0,0.088,0.0,0.088,0.618,,,,,,,,
Luxembourg,1968,LUX,337015.0,6305567140.0,0.0,0.0,0.09,0.0,0.09,0.584,,,,,,,,
Luxembourg,1969,LUX,338271.0,6924150000.0,0.0,0.0,0.078,0.0,0.078,0.472,,,,,,,,
Luxembourg,1970,LUX,339337.0,7042269995.0,0.0,0.0,0.086,0.0,0.086,0.502,,,,,,,,
Luxembourg,1971,LUX,341961.0,7230460671.0,0.0,0.0,0.049,0.0,0.049,0.295,,,,,,,,
Luxembourg,1972,LUX,346085.0,7706997735.0,0.0,0.0,0.057,0.0,0.057,0.338,,,,,,,,
Luxembourg,1973,LUX,349206.0,8347719290.0,0.0,0.0,0.051,0.0,0.051,0.281,,,,,,,,
Luxembourg,1974,LUX,351432.0,8699789850.0,0.0,0.0,0.075,0.0,0.075,0.409,,,,,,,,
Luxembourg,1975,LUX,353686.0,8127705126.0,0.0,0.0,0.065,0.0,0.065,0.426,,,,,,,,
Luxembourg,1976,LUX,355877.0,8333325000.0,0.0,0.0,0.041,0.0,0.041,0.268,,,,,,,,
Luxembourg,1977,LUX,358252.0,8464074935.0,0.0,0.0,0.079,0.013,0.092,0.656,,,,,,,,
Luxembourg,1978,LUX,361047.0,8810255248.0,0.0,0.0,0.075,0.015,0.09,0.62,,,,,,,,
Luxembourg,1979,LUX,362898.0,9015468000.0,0.0,0.0,0.082,0.016,0.098,0.655,,,,,,,,
Luxembourg,1980,LUX,363711.0,9092144247.0,0.0,0.0,0.086,0.015,0.101,0.735,,,,,,,,
Luxembourg,1981,LUX,364487.0,9184694246.0,0.0,0.0,0.092,0.018,0.11,0.938,,,,,,,,
Luxembourg,1982,LUX,365061.0,9144778266.0,0.0,0.0,0.082,0.018,0.1,0.909,,,,,,,,
Luxembourg,1983,LUX,365495.0,9417148381.0,0.0,0.0,0.081,0.017,0.098,0.951,,,,,,,,
Luxembourg,1984,LUX,365904.0,10000324502.0,0.0,0.0,0.086,0.019,0.105,0.948,,,,,,,,
Luxembourg,1985,LUX,366665.0,10292481585.0,0.0,0.0,0.07,0.018,0.088,0.773,9.33,0.0,0.0,7.413,,0.939,,
Luxembourg,1986,LUX,368409.0,11089390343.0,0.0,0.0,0.086,0.017,0.103,0.926,10.103,0.0,0.0,8.437,,1.02,,
Luxembourg,1987,LUX,370789.0,11347894891.0,0.0,0.0,0.1,0.022,0.122,1.163,11.78,0.0,0.0,9.657,,1.036,,
Luxembourg,1988,LUX,373789.0,12527435787.0,0.0,0.0,0.092,0.023,0.115,1.071,8.621,0.0,0.0,6.896,,1.334,,
Luxembourg,1989,LUX,377384.0,13761264562.0,0.0,0.0,0.07,0.019,0.089,0.724,6.452,0.0,0.0,5.076,,1.38,,
Luxembourg,1990,LUX,381707.0,14057150121.0,0.0,0.0,0.07,0.01,0.08,0.629,12.903,0.0,0.0,11.29,0.54,0.62,,564.52
Luxembourg,1991,LUX,386819.0,15215996110.0,0.0,0.0,0.08,0.01,0.09,0.694,12.857,0.0,0.0,11.429,0.61,0.7,,557.14
Luxembourg,1992,LUX,391972.0,15437632140.0,0.0,0.0,0.07,0.01,0.08,0.578,12.121,0.0,0.0,10.606,0.58,0.66,,560.61
Luxembourg,1993,LUX,397210.0,16036038097.0,0.0,0.0,0.07,0.01,0.08,0.572,11.94,0.0,0.0,10.448,0.59,0.67,,582.09
Luxembourg,1994,LUX,402597.0,16598368279.0,0.0,0.0,0.09,0.02,0.11,0.733,18.644,0.0,0.0,15.254,0.48,0.59,,508.48
Luxembourg,1995,LUX,408237.0,16769949507.0,0.0,0.0,0.09,0.02,0.11,0.9,22.449,0.0,0.0,18.367,0.38,0.49,,408.16
Luxembourg,1996,LUX,413779.0,16910298497.0,0.0,0.0,0.06,0.02,0.08,0.616,17.778,0.0,0.0,13.333,0.37,0.45,,400.0
Luxembourg,1997,LUX,418970.0,17813499245.0,0.0,0.0,0.08,0.02,0.1,0.855,24.39,0.0,0.0,19.512,0.31,0.41,,365.85
Luxembourg,1998,LUX,424158.0,18821504348.0,0.0,0.01,0.12,0.02,0.15,1.224,40.541,0.0,2.703,32.432,0.22,0.37,,216.22
Luxembourg,1999,LUX,429909.0,20355341580.0,0.0,0.02,0.09,0.02,0.13,0.99,36.111,0.0,5.556,25.0,0.23,0.36,,250.0
Luxembourg,2000,LUX,436142.0,21937467256.0,0.0,0.02,0.12,0.02,0.16,1.296,40.0,0.0,5.0,30.0,0.24,0.4,0.09,225.0
Luxembourg,2001,LUX,441754.0,22387796714.0,0.0,0.02,0.12,0.03,0.17,1.186,19.54,0.0,2.299,13.793,0.7,0.87,0.25,287.36
Luxembourg,2002,LUX,446392.0,23160273686.0,0.0,0.02,0.1,0.03,0.15,0.975,5.357,0.0,0.714,3.571,2.65,2.8,0.89,317.86
Luxembourg,2003,LUX,451845.0,23454191347.0,0.0,0.03,0.08,0.03,0.14,0.872,5.018,0.0,1.075,2.867,2.65,2.79,0.89,319.0
Luxembourg,2004,LUX,458305.0,24195538088.0,0.01,0.04,0.1,0.04,0.19,1.057,5.638,0.297,1.187,2.967,3.18,3.37,1.06,314.54
Luxembourg,2005,LUX,465369.0,24872864640.0,0.02,0.05,0.09,0.05,0.21,1.108,6.269,0.597,1.493,2.687,3.14,3.35,1.05,313.43
Luxembourg,2006,LUX,472869.0,26045643731.0,0.02,0.06,0.11,0.06,0.25,1.321,7.062,0.565,1.695,3.107,3.29,3.54,1.11,313.56
Luxembourg,2007,LUX,480277.0,28135947926.0,0.02,0.06,0.12,0.06,0.26,2.484,8.15,0.627,1.881,3.762,2.93,3.19,0.99,310.35
Luxembourg,2008,LUX,488995.0,27660465282.0,0.02,0.06,0.13,0.07,0.28,2.585,10.294,0.735,2.206,4.779,2.44,2.72,0.84,308.82
Luxembourg,2009,LUX,498196.0,26344603078.0,0.02,0.06,0.11,0.08,0.27,2.554,8.571,0.635,1.905,3.492,2.88,3.15,0.98,311.11
Luxembourg,2010,LUX,507418.0,27526699944.0,0.02,0.06,0.11,0.08,0.27,2.428,8.333,0.617,1.852,3.395,2.97,3.24,1.01,311.73
Luxembourg,2011,LUX,518583.0,28143126706.0,0.03,0.06,0.06,0.09,0.24,2.491,9.091,1.136,2.273,2.273,2.4,2.64,0.83,314.39
Luxembourg,2012,LUX,530951.0,28607408843.0,0.04,0.08,0.1,0.09,0.31,2.902,11.232,1.449,2.899,3.623,2.45,2.76,0.84,304.35
Luxembourg,2013,LUX,543358.0,29514812514.0,0.07,0.08,0.12,0.09,0.36,3.551,19.565,3.804,4.348,6.522,1.48,1.84,0.53,288.04
Luxembourg,2014,LUX,556285.0,30289014849.0,0.09,0.08,0.11,0.12,0.4,4.242,20.942,4.712,4.188,5.759,1.51,1.91,0.55,287.96
Luxembourg,2015,LUX,569540.0,30976491415.0,0.1,0.1,0.1,0.13,0.43,4.903,32.09,7.463,7.463,7.463,0.91,1.34,0.36,268.66
Luxembourg,2016,LUX,583511.0,32518554202.0,0.1,0.1,0.12,0.14,0.46,5.297,58.228,12.658,12.658,15.19,0.33,0.79,0.17,215.19
Luxembourg,2017,LUX,596506.0,32946911821.0,0.11,0.23,0.09,0.17,0.6,6.526,66.667,12.222,25.556,10.0,0.3,0.9,0.17,188.89
Luxembourg,2018,LUX,608109.0,33348602359.0,0.12,0.25,0.09,0.22,0.68,6.964,70.833,12.5,26.042,9.375,0.28,0.96,0.18,187.5
Luxembourg,2019,LUX,620167.0,34122291521.0,0.13,0.28,0.11,0.28,0.8,7.718,74.766,12.15,26.168,10.28,0.27,1.07,0.18,168.22
Luxembourg,2020,LUX,630597.0,33850190319.0,0.16,0.35,0.09,0.37,0.97,10.605,79.508,13.115,28.689,7.377,0.25,1.22,0.2,163.93
Luxembourg,2021,LUX,640276.0,35577396523.0,0.18,0.31,0.11,0.39,0.99,9.928,80.488,14.634,25.203,8.943,0.24,1.23,0.2,162.6
Luxembourg,2022,LUX,653315.0,36128358732.0,0.28,0.31,0.06,0.39,1.04,11.035,85.95,23.14,25.62,4.959,0.17,1.21,0.17,140.5
Luxembourg,2023,LUX,665101.0,36128358732.0,0.29,0.5,0.09,0.38,1.26,12.572,89.362,20.567,35.461,6.383,0.15,1.41,0.17,120.57
Luxembourg,2024,LUX,673042.0,36128358732.0,0.36,0.46,0.11,0.44,1.37,14.278,90.728,23.841,30.464,7.285,0.14,1.51,0.2,132.45
Luxembourg,2025,LUX,680454.0,36128358732.0,0.47,0.47,0.05,0.42,1.41,14.278,91.558,30.519,30.519,3.247,0.13,1.54,0.19,123.38
Macao,2000,MAC,437316.0,,0.0,0.0,0.0,0.0,0.0,,0.0,0.0,0.0,0.0,1.57,1.57,1.03,656.05
Macao,2001,MAC,445121.0,,0.0,0.0,0.0,0.06,0.06,,3.822,0.0,0.0,0.0,1.51,1.57,1.0,636.94
Macao,2002,MAC,456026.0,,0.0,0.0,0.0,0.07,0.07,,4.118,0.0,0.0,0.0,1.63,1.7,1.09,641.18
Macao,2003,MAC,469062.0,,0.0,0.0,0.0,0.15,0.15,,8.333,0.0,0.0,0.0,1.65,1.8,1.12,622.22
Macao,2004,MAC,482209.0,,0.0,0.0,0.0,0.15,0.15,,7.614,0.0,0.0,0.0,1.82,1.97,1.23,624.37
Macao,2005,MAC,495416.0,,0.0,0.0,0.0,0.16,0.16,,7.882,0.0,0.0,0.0,1.87,2.03,1.26,620.69
Macao,2006,MAC,508752.0,,0.0,0.0,0.0,0.17,0.17,,10.18,0.0,0.0,0.0,1.5,1.67,1.03,616.77
Macao,2007,MAC,522281.0,,0.0,0.0,0.0,0.17,0.17,,11.184,0.0,0.0,0.0,1.35,1.52,0.93,611.84
Macao,2008,MAC,535935.0,,0.0,0.0,0.0,0.18,0.18,,14.876,0.0,0.0,0.0,1.03,1.21,0.68,561.98
Macao,2009,MAC,549492.0,,0.0,0.0,0.0,0.18,0.18,,12.329,0.0,0.0,0.0,1.28,1.46,0.85,582.19
Macao,2010,MAC,562809.0,,0.0,0.0,0.0,0.2,0.2,,18.519,0.0,0.0,0.0,0.88,1.08,0.57,527.78
Macao,2011,MAC,575644.0,,0.0,0.0,0.0,0.21,0.21,,23.596,0.0,0.0,0.0,0.68,0.89,0.47,528.09
Macao,2012,MAC,587450.0,,0.0,0.0,0.0,0.23,0.23,,41.071,0.0,0.0,0.0,0.33,0.56,0.27,482.14
Macao,2013,MAC,598752.0,,0.0,0.0,0.0,0.24,0.24,,58.537,0.0,0.0,0.0,0.17,0.41,0.16,390.24
Macao,2014,MAC,610308.0,,0.0,0.0,0.0,0.26,0.26,,40.625,0.0,0.0,0.0,0.38,0.64,0.3,468.75
Macao,2015,MAC,622185.0,,0.0,0.0,0.0,0.2,0.2,,21.053,0.0,0.0,0.0,0.75,0.95,0.53,557.9
Macao,2016,MAC,634317.0,,0.0,0.0,0.0,0.2,0.2,,20.202,0.0,0.0,0.0,0.79,0.99,0.56,565.66
Macao,2017,MAC,646558.0,,0.0,0.0,0.0,0.21,0.21,,14.286,0.0,0.0,0.0,1.26,1.47,0.83,564.63
Macao,2018,MAC,658777.0,,0.0,0.0,0.0,0.18,0.18,,27.692,0.0,0.0,0.0,0.47,0.65,0.33,507.69
Macao,2019,MAC,670982.0,,0.0,0.0,0.0,0.22,0.22,,26.19,0.0,0.0,0.0,0.62,0.84,0.42,500.0
Macao,2020,MAC,683069.0,,0.0,0.0,0.0,0.19,0.19,,33.929,0.0,0.0,0.0,0.37,0.56,0.27,482.14
Macao,2021,MAC,694404.0,,0.0,0.0,0.0,0.21,0.21,,42.0,0.0,0.0,0.0,0.29,0.5,0.23,460.0
Macao,2022,MAC,704360.0,,0.0,0.0,0.0,0.2,0.2,,40.816,0.0,0.0,0.0,0.29,0.49,0.22,448.98
Macao,2023,MAC,713916.0,,0.0,0.0,0.0,0.22,0.22,,33.333,0.0,0.0,0.0,0.44,0.66,0.32,484.85
Macao,2024,MAC,720270.0,,0.0,0.0,0.0,0.24,0.24,,30.769,0.0,0.0,0.0,0.54,0.78,0.37,474.36
Madagascar,2000,MDG,16516336.0,19457200304.0,0.0,0.0,0.54,0.01,0.55,,63.953,0.0,0.0,62.791,0.31,0.86,0.21,244.19
Madagascar,2001,MDG,17032933.0,20850416898.0,0.0,0.0,0.53,0.01,0.54,,61.364,0.0,0.0,60.227,0.34,0.88,0.23,261.36
Madagascar,2002,MDG,17549915.0,18473840634.0,0.0,0.0,0.54,0.01,0.55,,63.953,0.0,0.0,62.791,0.31,0.86,0.21,244.19
Madagascar,2003,MDG,18071860.0,20509701124.0,0.0,0.0,0.6,0.01,0.61,,63.542,0.0,0.0,62.5,0.35,0.96,0.24,250.0
Madagascar,2004,MDG,18606606.0,21834931987.0,0.0,0.0,0.63,0.01,0.64,,60.952,0.0,0.0,60.0,0.41,1.05,0.28,266.67
Madagascar,2005,MDG,19159711.0,23129761607.0,0.0,0.0,0.64,0.01,0.65,,61.321,0.0,0.0,60.377,0.41,1.06,0.29,273.59
Madagascar,2006,MDG,19730916.0,24652234312.0,0.0,0.0,0.63,0.01,0.64,,59.813,0.0,0.0,58.879,0.43,1.07,0.29,271.03
Madagascar,2007,MDG,20318590.0,26539188296.0,0.0,0.0,0.71,0.01,0.72,,64.286,0.0,0.0,63.393,0.4,1.12,0.28,250.0
Madagascar,2008,MDG,20923842.0,28762450059.0,0.0,0.0,0.69,0.01,0.7,,59.322,0.0,0.0,58.475,0.48,1.18,0.34,288.14
Madagascar,2009,MDG,21547277.0,27725052410.0,0.0,0.0,0.73,0.01,0.74,,62.185,0.0,0.0,61.345,0.45,1.19,0.32,268.91
Madagascar,2010,MDG,22183343.0,28122419419.0,0.0,0.0,0.7,0.01,0.71,,54.615,0.0,0.0,53.846,0.59,1.3,0.41,315.39
Madagascar,2011,MDG,22822305.0,28843634595.0,0.0,0.0,0.68,0.02,0.7,,47.619,0.0,0.0,46.259,0.77,1.47,0.54,367.35
Madagascar,2012,MDG,23462444.0,29712119552.0,0.0,0.0,0.75,0.02,0.77,,49.359,0.0,0.0,48.077,0.79,1.56,0.56,358.97
Madagascar,2013,MDG,24109290.0,30395500923.0,0.01,0.0,0.8,0.02,0.83,,50.303,0.606,0.0,48.485,0.82,1.65,0.58,351.52
Madagascar,2014,MDG,24764356.0,31410405446.0,0.01,0.0,0.88,0.02,0.91,,52.907,0.581,0.0,51.163,0.81,1.72,0.57,331.4
Madagascar,2015,MDG,25426703.0,32394175176.0,0.02,0.0,0.93,0.02,0.97,,54.19,1.117,0.0,51.955,0.82,1.79,0.58,324.02
Madagascar,2016,MDG,26099950.0,33687674194.0,0.02,0.0,0.88,0.02,0.92,,48.421,1.053,0.0,46.316,0.98,1.9,0.68,357.9
Madagascar,2017,MDG,26788379.0,35012614968.0,0.02,0.0,0.78,0.03,0.83,,41.919,1.01,0.0,39.394,1.15,1.98,0.81,409.09
Madagascar,2018,MDG,27494930.0,36130917975.0,0.04,0.0,0.96,0.03,1.03,,43.277,1.681,0.0,40.336,1.35,2.38,1.01,424.37
Madagascar,2019,MDG,28219559.0,37724649896.0,0.04,0.0,0.89,0.02,0.95,,38.462,1.619,0.0,36.032,1.52,2.47,1.11,449.39
Madagascar,2020,MDG,28953560.0,35031864099.0,0.04,0.0,0.82,0.02,0.88,,40.741,1.852,0.0,37.963,1.28,2.16,0.9,416.67
Madagascar,2021,MDG,29691087.0,37042695870.0,0.04,0.0,0.77,0.03,0.84,,33.202,1.581,0.0,30.435,1.69,2.53,1.23,486.17
Madagascar,2022,MDG,30437261.0,38602188321.0,0.08,0.0,0.82,0.03,0.93,,35.227,3.03,0.0,31.061,1.71,2.64,1.26,477.27
Madagascar,2023,MDG,31195937.0,38602188321.0,0.08,0.0,0.98,0.03,1.09,,43.952,3.226,0.0,39.516,1.39,2.48,1.05,423.39
Madagascar,2024,MDG,31964960.0,38602188321.0,0.1,0.0,0.9,0.03,1.03,,42.387,4.115,0.0,37.037,1.4,2.43,1.05,432.1
Malawi,2000,MWI,11315947.0,11274206470.0,0.0,0.0,1.02,0.07,1.09,,90.083,0.0,0.0,84.298,0.12,1.21,0.12,99.17
Malawi,2001,MWI,11593057.0,10808318915.0,0.0,0.0,1.04,0.07,1.11,,90.984,0.0,0.0,85.246,0.11,1.22,0.11,90.16
Malawi,2002,MWI,11880443.0,10984271331.0,0.0,0.0,1.09,0.07,1.16,,90.625,0.0,0.0,85.156,0.12,1.28,0.13,101.56
Malawi,2003,MWI,12181575.0,11581699921.0,0.0,0.0,1.14,0.07,1.21,,92.366,0.0,0.0,87.023,0.1,1.31,0.12,91.6
Malawi,2004,MWI,12500736.0,12176822884.0,0.0,0.0,1.26,0.07,1.33,,90.476,0.0,0.0,85.714,0.14,1.47,0.14,95.24
Malawi,2005,MWI,12840034.0,12535229211.0,0.0,0.0,1.31,0.06,1.37,,89.542,0.0,0.0,85.621,0.16,1.53,0.15,98.04
Malawi,2006,MWI,13198699.0,13079496449.0,0.0,0.0,1.34,0.06,1.4,,89.172,0.0,0.0,85.35,0.17,1.57,0.15,95.54
Malawi,2007,MWI,13576344.0,14282894527.0,0.0,0.0,1.37,0.06,1.43,,90.506,0.0,0.0,86.709,0.15,1.58,0.14,88.61
Malawi,2008,MWI,13976415.0,15293785292.0,0.0,0.0,1.52,0.06,1.58,,92.941,0.0,0.0,89.412,0.12,1.7,0.13,76.47
Malawi,2009,MWI,14395788.0,16486871191.0,0.0,0.0,1.49,0.06,1.55,,92.814,0.0,0.0,89.222,0.12,1.67,0.13,77.84
Malawi,2010,MWI,14826466.0,17495879385.0,0.0,0.0,1.74,0.06,1.8,,93.75,0.0,0.0,90.625,0.12,1.92,0.13,67.71
Malawi,2011,MWI,15265026.0,18220347468.0,0.0,0.0,1.79,0.06,1.85,,93.909,0.0,0.0,90.863,0.12,1.97,0.13,65.99
Malawi,2012,MWI,15709577.0,18563980884.0,0.01,0.0,1.86,0.05,1.92,,93.659,0.488,0.0,90.732,0.13,2.05,0.14,68.29
Malawi,2013,MWI,16161816.0,19529310978.0,0.01,0.0,1.86,0.05,1.92,,93.659,0.488,0.0,90.732,0.13,2.05,0.14,68.29
Malawi,2014,MWI,16621534.0,20642483934.0,0.02,0.0,1.97,0.06,2.05,,94.47,0.922,0.0,90.783,0.12,2.17,0.14,64.52
Malawi,2015,MWI,17085587.0,21251437245.0,0.03,0.0,1.96,0.05,2.04,,94.009,1.382,0.0,90.323,0.13,2.17,0.15,69.12
Malawi,2016,MWI,17557741.0,21733841491.0,0.03,0.0,1.94,0.05,2.02,,93.953,1.395,0.0,90.233,0.13,2.15,0.15,69.77
Malawi,2017,MWI,18039714.0,22603193649.0,0.04,0.0,1.82,0.05,1.91,,100.0,2.094,0.0,95.288,0.0,1.91,0.05,26.18
Malawi,2018,MWI,18528086.0,23595927755.0,0.01,0.0,1.42,0.05,1.48,,81.768,0.552,0.0,78.453,0.33,1.81,0.26,143.65
Malawi,2019,MWI,19025748.0,24881432457.0,0.01,0.0,1.67,0.05,1.73,,96.111,0.556,0.0,92.778,0.07,1.8,0.1,55.56
Malawi,2020,MWI,19533885.0,25108605204.0,0.01,0.0,1.68,0.05,1.74,,99.429,0.571,0.0,96.0,0.01,1.75,0.06,34.29
Malawi,2021,MWI,20047264.0,26255309111.0,0.01,0.0,1.69,0.05,1.75,,95.628,0.546,0.0,92.35,0.08,1.83,0.1,54.65
Malawi,2022,MWI,20568731.0,26465351444.0,0.01,0.0,1.69,0.05,1.75,,95.628,0.546,0.0,92.35,0.08,1.83,0.1,54.65
Malawi,2023,MWI,21104480.0,26465351444.0,0.01,0.0,1.69,0.05,1.75,,95.628,0.546,0.0,92.35,0.08,1.83,0.1,54.65
Malawi,2024,MWI,21655288.0,26465351444.0,0.01,0.0,1.69,0.05,1.75,,95.628,0.546,0.0,92.35,0.08,1.83,0.1,54.65
Malaysia,1965,MYS,9056415.0,27746653757.0,0.0,0.0,0.587,0.0,0.587,4.944,,,,,,,,
Malaysia,1966,MYS,9284693.0,29125219644.0,0.0,0.0,0.692,0.0,0.692,5.039,,,,,,,,
Malaysia,1967,MYS,9507107.0,29621778920.0,0.0,0.0,0.725,0.0,0.725,4.915,,,,,,,,
Malaysia,1968,MYS,9725283.0,32227313132.0,0.0,0.0,0.804,0.0,0.804,5.272,,,,,,,,
Malaysia,1969,MYS,9947604.0,34076719539.0,0.0,0.0,1.014,0.0,1.014,6.063,,,,,,,,
Malaysia,1970,MYS,10178802.0,36156455228.0,0.0,0.0,1.202,0.0,1.202,7.58,,,,,,,,
Malaysia,1971,MYS,10423466.0,38820382202.0,0.0,0.0,1.046,0.0,1.046,5.899,,,,,,,,
Malaysia,1972,MYS,10676839.0,41749894524.0,0.0,0.0,1.154,0.0,1.154,5.843,,,,,,,,
Malaysia,1973,MYS,10935622.0,47796126006.0,0.0,0.0,1.108,0.0,1.108,5.322,,,,,,,,
Malaysia,1974,MYS,11200903.0,51361123095.0,0.0,0.0,1.006,0.0,1.006,4.765,,,,,,,,
Malaysia,1975,MYS,11471914.0,51780284841.0,0.0,0.0,1.005,0.0,1.005,4.615,,,,,,,,
Malaysia,1976,MYS,11750093.0,58225279886.0,0.0,0.0,0.948,0.0,0.948,3.897,,,,,,,,
Malaysia,1977,MYS,12035716.0,62980902353.0,0.0,0.0,0.769,0.0,0.769,2.7,,,,,,,,
Malaysia,1978,MYS,12328158.0,68504296845.0,0.0,0.0,0.904,0.0,0.904,2.381,,,,,,,,
Malaysia,1979,MYS,12627866.0,74075579062.0,0.0,0.0,1.104,0.0,1.104,2.529,,,,,,,,
Malaysia,1980,MYS,12983365.0,80232405257.0,0.0,0.0,1.409,0.0,1.409,3.088,,,,,,,,
Malaysia,1981,MYS,13399206.0,85915667597.0,0.0,0.0,1.561,0.0,1.561,3.311,,,,,,,,
Malaysia,1982,MYS,13832796.0,91022694017.0,0.0,0.0,1.503,0.0,1.503,2.975,,,,,,,,
Malaysia,1983,MYS,14285914.0,96580487539.0,0.0,0.0,1.749,0.0,1.749,3.017,,,,,,,,
Malaysia,1984,MYS,14759013.0,104084238911.0,0.0,0.0,3.451,0.0,3.451,5.532,,,,,,,,
Malaysia,1985,MYS,15252262.0,103003214742.0,0.0,0.0,3.768,0.0,3.768,6.097,25.217,0.0,0.0,25.217,11.211,14.944,,
Malaysia,1986,MYS,15760425.0,104308422934.0,0.0,0.0,4.121,0.0,4.121,6.075,25.545,0.0,0.0,25.545,12.049,16.131,,
Malaysia,1987,MYS,16276735.0,109808531666.0,0.0,0.0,4.966,0.0,4.966,7.105,28.505,0.0,0.0,28.505,12.502,17.421,,
Malaysia,1988,MYS,16796612.0,119529208109.0,0.0,0.0,5.729,0.0,5.729,7.796,29.604,0.0,0.0,29.604,13.677,19.352,,
Malaysia,1989,MYS,17315003.0,130700372085.0,0.0,0.0,5.295,0.0,5.295,6.433,24.609,0.0,0.0,24.609,16.27,21.515,,
Malaysia,1990,MYS,17833179.0,143192117242.0,0.0,0.0,4.027,0.0,4.027,4.645,17.495,0.0,0.0,17.495,19.027,23.016,,
Malaysia,1991,MYS,18342474.0,157808067102.0,0.0,0.0,4.449,0.0,4.449,4.096,16.757,0.0,0.0,16.757,22.144,26.552,,
Malaysia,1992,MYS,18834569.0,173041788524.0,0.0,0.0,4.286,0.0,4.286,3.497,13.658,0.0,0.0,13.658,27.095,31.381,,
Malaysia,1993,MYS,19322667.0,191754981739.0,0.0,0.0,4.853,0.0,4.853,3.937,13.914,0.0,0.0,13.914,30.024,34.877,,
Malaysia,1994,MYS,19820446.0,211154262265.0,0.0,0.0,6.483,0.0,6.483,4.956,16.308,0.0,0.0,16.308,33.271,39.754,,
Malaysia,1995,MYS,20330602.0,233787220224.0,0.0,0.0,6.218,0.0,6.218,4.343,13.351,0.0,0.0,13.351,40.356,46.575,,
Malaysia,1996,MYS,20850085.0,259190306939.0,0.0,0.0,5.184,0.0,5.184,3.241,9.706,0.0,0.0,9.706,48.225,53.409,,
Malaysia,1997,MYS,21375225.0,280383835444.0,0.0,0.0,4.173,0.0,4.173,2.248,6.963,0.0,0.0,6.963,55.762,59.935,,
Malaysia,1998,MYS,21906713.0,261784096585.0,0.0,0.0,4.457,0.0,4.457,2.498,6.949,0.0,0.0,6.949,59.684,64.141,,
Malaysia,1999,MYS,22435532.0,279671618438.0,0.0,0.0,7.552,0.0,7.552,3.965,11.078,0.0,0.0,11.078,60.618,68.17,,
Malaysia,2000,MYS,22967817.0,305803211129.0,0.0,0.0,6.99,0.57,7.56,3.472,10.815,0.0,0.0,10.0,62.34,69.9,40.67,581.83
Malaysia,2001,MYS,23526535.0,309934494308.0,0.0,0.0,6.07,0.57,6.64,2.964,8.762,0.0,0.0,8.01,69.14,75.78,45.47,600.03
Malaysia,2002,MYS,24102477.0,329700338274.0,0.0,0.0,5.41,0.4,5.81,2.442,7.184,0.0,0.0,6.69,75.06,80.87,50.0,618.28
Malaysia,2003,MYS,24679604.0,350966698067.0,0.0,0.0,5.09,0.42,5.51,2.124,6.614,0.0,0.0,6.11,77.8,83.31,52.58,631.14
Malaysia,2004,MYS,25256773.0,377079435469.0,0.0,0.0,5.57,0.58,6.15,2.19,6.402,0.0,0.0,5.798,89.91,96.06,62.42,649.8
Malaysia,2005,MYS,25836075.0,399781035415.0,0.0,0.0,6.01,0.59,6.6,2.155,6.684,0.0,0.0,6.086,92.15,98.75,64.43,652.46
Malaysia,2006,MYS,26417909.0,426608936099.0,0.0,0.0,6.32,0.62,6.94,2.242,6.674,0.0,0.0,6.078,97.05,103.99,67.87,652.66
Malaysia,2007,MYS,26998383.0,458125848157.0,0.0,0.0,5.96,0.76,6.72,2.063,6.191,0.0,0.0,5.491,101.83,108.55,71.89,662.28
Malaysia,2008,MYS,27570052.0,485245105845.0,0.0,0.0,7.81,0.8,8.61,2.527,7.564,0.0,0.0,6.861,105.22,113.83,74.11,651.06
Malaysia,2009,MYS,28124779.0,483081319364.0,0.0,0.0,6.89,1.39,8.28,2.488,7.131,0.0,0.0,5.934,107.83,116.11,77.4,666.61
Malaysia,2010,MYS,28655772.0,525056610488.0,0.0,0.0,6.36,1.26,7.62,2.202,6.094,0.0,0.0,5.086,117.42,125.04,86.15,688.98
Malaysia,2011,MYS,29162034.0,557469657636.0,0.0,0.0,8.06,1.54,9.6,2.703,7.555,0.0,0.0,6.343,117.47,127.07,87.13,685.69
Malaysia,2012,MYS,29662835.0,587985572583.0,0.01,0.0,9.25,1.5,10.76,2.877,8.025,0.007,0.0,6.899,123.32,134.08,91.54,682.73
Malaysia,2013,MYS,30174269.0,615585637854.0,0.14,0.0,11.8,1.1,13.04,3.328,9.25,0.099,0.0,8.371,127.93,140.97,93.89,666.03
Malaysia,2014,MYS,30696133.0,652563833807.0,0.23,0.0,13.39,0.69,14.31,3.679,9.704,0.156,0.0,9.08,133.16,147.47,97.67,662.3
Malaysia,2015,MYS,31232796.0,685237676618.0,0.27,0.0,13.92,0.75,14.94,3.849,9.953,0.18,0.0,9.273,135.17,150.11,100.45,669.18
Malaysia,2016,MYS,31789692.0,715730748101.0,0.31,0.0,20.02,0.76,21.09,4.961,13.463,0.198,0.0,12.78,135.56,156.65,101.71,649.28
Malaysia,2017,MYS,32355642.0,757336192678.0,0.33,0.0,26.85,0.76,27.94,6.312,17.393,0.205,0.0,16.714,132.7,160.64,99.69,620.58
Malaysia,2018,MYS,32910963.0,794013962862.0,0.63,0.0,26.33,1.35,28.31,6.332,16.596,0.369,0.0,15.436,142.27,170.58,107.52,630.32
Malaysia,2019,MYS,33440590.0,829053844392.0,1.46,0.0,26.2,1.14,28.8,6.431,16.134,0.818,0.0,14.678,149.7,178.5,111.75,626.05
Malaysia,2020,MYS,33889554.0,783174020832.0,2.06,0.0,27.3,1.23,30.59,7.175,17.579,1.184,0.0,15.689,143.42,174.01,110.27,633.7
Malaysia,2021,MYS,34282404.0,807389756202.0,2.3,0.0,30.2,1.23,33.73,7.646,19.251,1.313,0.0,17.236,141.48,175.21,107.13,611.44
Malaysia,2022,MYS,34695494.0,877584198429.0,2.75,0.0,31.78,1.23,35.76,7.833,19.474,1.498,0.0,17.307,147.87,183.63,110.92,604.04
Malaysia,2023,MYS,35126295.0,877584198429.0,3.24,0.0,31.51,1.23,35.98,8.117,19.159,1.725,0.0,16.778,151.82,187.8,114.16,607.88
Malaysia,2024,MYS,35557670.0,877584198429.0,4.12,0.0,34.52,1.71,40.35,8.282,20.366,2.08,0.0,17.424,157.77,198.12,118.96,600.44
Malaysia,2025,MYS,35977834.0,877584198429.0,4.51,0.0,35.24,1.78,41.53,8.282,20.652,2.243,0.0,17.524,159.56,201.09,121.05,601.97
Maldives,2000,MDV,282025.0,,0.0,0.0,0.0,0.0,0.0,,0.0,0.0,0.0,0.0,0.15,0.15,0.1,666.67
Maldives,2001,MDV,286778.0,,0.0,0.0,0.0,0.0,0.0,,0.0,0.0,0.0,0.0,0.16,0.16,0.11,687.5
Maldives,2002,MDV,291631.0,,0.0,0.0,0.0,0.0,0.0,,0.0,0.0,0.0,0.0,0.19,0.19,0.13,684.21
Maldives,2003,MDV,296497.0,,0.0,0.0,0.0,0.0,0.0,,0.0,0.0,0.0,0.0,0.22,0.22,0.14,636.36
Maldives,2004,MDV,301416.0,,0.0,0.0,0.0,0.0,0.0,,0.0,0.0,0.0,0.0,0.24,0.24,0.16,666.67
Maldives,2005,MDV,306429.0,,0.0,0.0,0.0,0.0,0.0,,0.0,0.0,0.0,0.0,0.27,0.27,0.18,666.67
Maldives,2006,MDV,313866.0,,0.0,0.0,0.0,0.0,0.0,,0.0,0.0,0.0,0.0,0.31,0.31,0.2,645.16
Maldives,2007,MDV,324489.0,,0.0,0.0,0.0,0.0,0.0,,0.0,0.0,0.0,0.0,0.35,0.35,0.23,657.14
Maldives,2008,MDV,336178.0,,0.0,0.0,0.0,0.0,0.0,,0.0,0.0,0.0,0.0,0.41,0.41,0.27,658.54
Maldives,2009,MDV,348282.0,,0.0,0.0,0.0,0.0,0.0,,0.0,0.0,0.0,0.0,0.39,0.39,0.26,666.67
Maldives,2010,MDV,360802.0,,0.0,0.0,0.0,0.0,0.0,,0.0,0.0,0.0,0.0,0.35,0.35,0.23,657.14
Maldives,2011,MDV,373683.0,,0.0,0.0,0.0,0.0,0.0,,0.0,0.0,0.0,0.0,0.38,0.38,0.25,657.9
Maldives,2012,MDV,386821.0,,0.0,0.0,0.0,0.0,0.0,,0.0,0.0,0.0,0.0,0.4,0.4,0.26,650.0
Maldives,2013,MDV,400077.0,,0.0,0.0,0.0,0.0,0.0,,0.0,0.0,0.0,0.0,0.42,0.42,0.28,666.67
Maldives,2014,MDV,413623.0,,0.01,0.0,0.0,0.0,0.01,,1.852,1.852,0.0,0.0,0.53,0.54,0.35,648.15
Maldives,2015,MDV,428165.0,,0.01,0.0,0.0,0.0,0.01,,1.613,1.613,0.0,0.0,0.61,0.62,0.4,645.16
Maldives,2016,MDV,443316.0,,0.01,0.0,0.0,0.0,0.01,,1.493,1.493,0.0,0.0,0.66,0.67,0.43,641.79
Maldives,2017,MDV,458297.0,,0.02,0.0,0.0,0.0,0.02,,2.74,2.74,0.0,0.0,0.71,0.73,0.47,643.84
Maldives,2018,MDV,473106.0,,0.03,0.0,0.0,0.0,0.03,,3.797,3.797,0.0,0.0,0.76,0.79,0.5,632.91
Maldives,2019,MDV,487737.0,,0.03,0.0,0.0,0.0,0.03,,3.704,3.704,0.0,0.0,0.78,0.81,0.51,629.63
Maldives,2020,MDV,502127.0,,0.04,0.0,0.0,0.0,0.04,,4.878,4.878,0.0,0.0,0.78,0.82,0.51,621.95
Maldives,2021,MDV,516163.0,,0.05,0.0,0.0,0.0,0.05,,5.952,5.952,0.0,0.0,0.79,0.84,0.52,619.05
Maldives,2022,MDV,524116.0,,0.06,0.0,0.0,0.0,0.06,,7.059,7.059,0.0,0.0,0.79,0.85,0.52,611.77
Maldives,2023,MDV,526009.0,,0.06,0.0,0.0,0.0,0.06,,7.059,7.059,0.0,0.0,0.79,0.85,0.52,611.77
Maldives,2024,MDV,527801.0,,0.06,0.0,0.0,0.0,0.06,,7.059,7.059,0.0,0.0,0.79,0.85,0.52,611.77
Mali,2000,MLI,11559291.0,12490372339.0,0.0,0.0,0.23,0.05,0.28,,26.415,0.0,0.0,21.698,0.78,1.06,0.53,500.0
Mali,2001,MLI,11912162.0,14257391001.0,0.0,0.0,0.23,0.05,0.28,,26.168,0.0,0.0,21.495,0.79,1.07,0.54,504.67
Mali,2002,MLI,12288051.0,14544531770.0,0.0,0.0,0.24,0.05,0.29,,26.126,0.0,0.0,21.622,0.82,1.11,0.56,504.51
Mali,2003,MLI,12684951.0,15730792757.0,0.0,0.0,0.23,0.05,0.28,,25.225,0.0,0.0,20.721,0.83,1.11,0.57,513.51
Mali,2004,MLI,13102415.0,15828925288.0,0.0,0.0,0.25,0.05,0.3,,23.81,0.0,0.0,19.841,0.96,1.26,0.65,515.87
Mali,2005,MLI,13538648.0,16700213321.0,0.0,0.0,0.45,0.05,0.5,,33.557,0.0,0.0,30.201,0.99,1.49,0.67,449.66
Mali,2006,MLI,13990143.0,17320423242.0,0.0,0.0,0.48,0.05,0.53,,33.758,0.0,0.0,30.573,1.04,1.57,0.7,445.86
Mali,2007,MLI,14457776.0,17779653731.0,0.0,0.0,0.47,0.05,0.52,,32.911,0.0,0.0,29.747,1.06,1.58,0.72,455.7
Mali,2008,MLI,14940786.0,18486110807.0,0.0,0.0,0.57,0.05,0.62,,34.254,0.0,0.0,31.492,1.19,1.81,0.8,441.99
Mali,2009,MLI,15435536.0,19186286887.0,0.0,0.0,0.67,0.05,0.72,,46.154,0.0,0.0,42.949,0.84,1.56,0.58,371.8
Mali,2010,MLI,15945201.0,20054729287.0,0.01,0.0,1.1,0.05,1.16,,49.153,0.424,0.0,46.61,1.2,2.36,0.83,351.7
Mali,2011,MLI,16469054.0,20518694824.0,0.02,0.0,1.15,0.05,1.22,,56.481,0.926,0.0,53.241,0.94,2.16,0.66,305.56
Mali,2012,MLI,16957039.0,20347159384.0,0.03,0.0,1.24,0.05,1.32,,57.143,1.299,0.0,53.68,0.99,2.31,0.69,298.7
Mali,2013,MLI,17459619.0,20814126326.0,0.03,0.0,1.11,0.05,1.19,,54.091,1.364,0.0,50.455,1.01,2.2,0.7,318.18
Mali,2014,MLI,18020267.0,22288805151.0,0.03,0.0,1.38,0.05,1.46,,58.167,1.195,0.0,54.98,1.05,2.51,0.73,290.84
Mali,2015,MLI,18593022.0,23664472662.0,0.03,0.0,1.12,0.06,1.21,,48.207,1.195,0.0,44.622,1.3,2.51,0.9,358.57
Mali,2016,MLI,19191298.0,25049317347.0,0.03,0.0,1.48,0.06,1.57,,51.987,0.993,0.0,49.007,1.45,3.02,1.0,331.13
Mali,2017,MLI,19813016.0,26378184458.0,0.03,0.0,1.48,0.06,1.57,,45.64,0.872,0.0,43.023,1.87,3.44,1.28,372.09
Mali,2018,MLI,20442031.0,27630093375.0,0.03,0.0,1.36,0.06,1.45,,40.166,0.831,0.0,37.673,2.16,3.61,1.46,404.43
Mali,2019,MLI,21068405.0,28946666484.0,0.03,0.0,1.37,0.06,1.46,,38.32,0.787,0.0,35.958,2.35,3.81,1.59,417.32
Mali,2020,MLI,21713837.0,28586570096.0,0.1,0.0,1.44,0.07,1.61,,40.863,2.538,0.0,36.548,2.33,3.94,1.58,401.02
Mali,2021,MLI,22388637.0,29459890071.0,0.14,0.0,1.33,0.07,1.54,,39.086,3.553,0.0,33.756,2.4,3.94,1.64,416.24
Mali,2022,MLI,23072641.0,30551085997.0,0.15,0.0,1.64,0.07,1.86,,42.857,3.456,0.0,37.788,2.48,4.34,1.7,391.71
Mali,2023,MLI,23769130.0,30551085997.0,0.15,0.0,0.97,0.07,1.19,,19.8,2.496,0.0,16.14,4.82,6.01,3.22,535.77
Mali,2024,MLI,24478597.0,30551085997.0,0.17,0.0,0.92,0.07,1.16,,19.463,2.852,0.0,15.436,4.8,5.96,3.21,538.59
Malta,1990,MLT,367913.0,4761399641.0,0.0,0.0,0.0,0.0,0.0,,0.0,0.0,0.0,0.0,1.11,1.11,,792.79
Malta,1991,MLT,371335.0,5017928103.0,0.0,0.0,0.0,0.0,0.0,,0.0,0.0,0.0,0.0,1.42,1.42,,760.56
Malta,1992,MLT,374805.0,5251067551.0,0.0,0.0,0.0,0.0,0.0,,0.0,0.0,0.0,0.0,1.49,1.49,,751.68
Malta,1993,MLT,378222.0,5496706096.0,0.0,0.0,0.0,0.0,0.0,,0.0,0.0,0.0,0.0,1.5,1.5,,753.33
Malta,1994,MLT,381467.0,5813472890.0,0.0,0.0,0.0,0.0,0.0,,0.0,0.0,0.0,0.0,1.54,1.54,,714.29
Malta,1995,MLT,384559.0,6198303778.0,0.0,0.0,0.0,0.0,0.0,,0.0,0.0,0.0,0.0,1.63,1.63,,668.71
Malta,1996,MLT,387627.0,6430283255.0,0.0,0.0,0.0,0.0,0.0,,0.0,0.0,0.0,0.0,1.66,1.66,,656.63
Malta,1997,MLT,390687.0,6769141339.0,0.0,0.0,0.0,0.0,0.0,,0.0,0.0,0.0,0.0,1.69,1.69,,656.81
Malta,1998,MLT,393782.0,7118691053.0,0.0,0.0,0.0,0.0,0.0,,0.0,0.0,0.0,0.0,1.72,1.72,,656.98
Malta,1999,MLT,396897.0,7456060205.0,0.0,0.0,0.0,0.0,0.0,,0.0,0.0,0.0,0.0,1.85,1.85,,659.46
Malta,2000,MLT,399905.0,7963752394.0,0.0,0.0,0.0,0.0,0.0,,0.0,0.0,0.0,0.0,1.92,1.92,1.26,656.25
Malta,2001,MLT,402788.0,8019470830.0,0.0,0.0,0.0,0.0,0.0,,0.0,0.0,0.0,0.0,1.94,1.94,1.28,659.79
Malta,2002,MLT,405571.0,8259626928.0,0.0,0.0,0.0,0.0,0.0,,0.0,0.0,0.0,0.0,2.05,2.05,1.35,658.54
Malta,2003,MLT,408236.0,8473515195.0,0.0,0.0,0.0,0.0,0.0,,0.0,0.0,0.0,0.0,2.24,2.24,1.47,656.25
Malta,2004,MLT,410800.0,8512522890.0,0.0,0.0,0.0,0.0,0.0,,0.0,0.0,0.0,0.0,2.22,2.22,1.46,657.66
Malta,2005,MLT,413324.0,8839849182.0,0.0,0.0,0.0,0.0,0.0,,0.0,0.0,0.0,0.0,2.24,2.24,1.47,656.25
Malta,2006,MLT,415463.0,9004655302.0,0.0,0.0,0.0,0.0,0.0,,0.0,0.0,0.0,0.0,2.26,2.26,1.49,659.29
Malta,2007,MLT,417201.0,9368888474.0,0.0,0.0,0.0,0.0,0.0,,0.0,0.0,0.0,0.0,2.3,2.3,1.51,656.52
Malta,2008,MLT,418969.0,9685986656.0,0.0,0.0,0.0,0.0,0.0,,0.0,0.0,0.0,0.0,2.31,2.31,1.52,658.01
Malta,2009,MLT,420800.0,9450779381.0,0.0,0.0,0.0,0.0,0.0,,0.0,0.0,0.0,0.0,2.17,2.17,1.43,658.99
Malta,2010,MLT,422654.0,9788869399.0,0.0,0.0,0.0,0.0,0.0,,0.0,0.0,0.0,0.0,2.11,2.11,1.39,658.77
Malta,2011,MLT,424635.0,9930574943.0,0.0,0.0,0.0,0.0,0.0,,0.0,0.0,0.0,0.0,2.17,2.17,1.43,658.99
Malta,2012,MLT,426616.0,10339580228.0,0.02,0.0,0.0,0.01,0.03,,1.304,0.87,0.0,0.0,2.27,2.3,1.49,647.83
Malta,2013,MLT,428457.0,10905471410.0,0.03,0.0,0.0,0.01,0.04,,1.77,1.327,0.0,0.0,2.22,2.26,1.46,646.02
Malta,2014,MLT,434494.0,11737898948.0,0.07,0.0,0.0,0.01,0.08,,3.556,3.111,0.0,0.0,2.17,2.25,1.43,635.56
Malta,2015,MLT,444978.0,12865695938.0,0.09,0.0,0.0,0.01,0.1,,7.692,6.923,0.0,0.0,1.2,1.3,0.79,607.69
Malta,2016,MLT,455276.0,13300698899.0,0.13,0.0,0.0,0.01,0.14,,16.279,15.116,0.0,0.0,0.72,0.86,0.48,558.14
Malta,2017,MLT,467902.0,14746505042.0,0.16,0.0,0.0,0.01,0.17,,10.303,9.697,0.0,0.0,1.48,1.65,0.87,527.27
Malta,2018,MLT,484560.0,15659758064.0,0.19,0.0,0.0,0.01,0.2,,10.152,9.645,0.0,0.0,1.77,1.97,1.01,512.69
Malta,2019,MLT,504017.0,16757308198.0,0.2,0.0,0.0,0.01,0.21,,10.145,9.662,0.0,0.0,1.86,2.07,1.07,516.91
Malta,2020,MLT,518212.0,15314071319.0,0.24,0.0,0.0,0.01,0.25,,11.628,11.163,0.0,0.0,1.9,2.15,1.09,506.98
Malta,2021,MLT,524383.0,17122043843.0,0.26,0.0,0.0,0.01,0.27,,12.162,11.712,0.0,0.0,1.95,2.22,1.12,504.51
Malta,2022,MLT,528194.0,18295132993.0,0.29,0.0,0.0,0.01,0.3,,13.043,12.609,0.0,0.0,2.0,2.3,1.15,500.0
Malta,2023,MLT,532964.0,18295132993.0,0.31,0.0,0.0,0.01,0.32,,13.617,13.191,0.0,0.0,2.03,2.35,1.16,493.62
Malta,2024,MLT,539612.0,18295132993.0,0.33,0.0,0.0,0.01,0.34,,15.525,15.068,0.0,0.0,1.85,2.19,1.07,488.58
Malta,2025,MLT,545406.0,18295132993.0,0.34,0.0,0.0,0.01,0.35,,15.982,15.525,0.0,0.0,1.84,2.19,1.06,484.02
Martinique,2000,MTQ,421388.0,,,,,,0.0,,0.0,,,,1.14,1.14,0.75,657.9
Martinique,2001,MTQ,417157.0,,,,,,0.0,,0.0,,,,1.31,1.31,0.86,656.49
Martinique,2002,MTQ,412479.0,,,,,0.01,0.01,,0.741,,,,1.34,1.35,0.88,651.85
Martinique,2003,MTQ,408417.0,,,,,0.01,0.01,,0.714,,,,1.39,1.4,0.91,650.0
Martinique,2004,MTQ,405104.0,,,0.0,,0.01,0.01,,0.694,,0.0,,1.43,1.44,0.94,652.78
Martinique,2005,MTQ,401849.0,,,0.0,,0.01,0.01,,0.694,,0.0,,1.43,1.44,0.94,652.78
Martinique,2006,MTQ,400459.0,,0.0,0.0,,0.01,0.01,,0.68,0.0,0.0,,1.46,1.47,0.96,653.06
Martinique,2007,MTQ,400812.0,,0.0,0.0,,0.02,0.02,,1.351,0.0,0.0,,1.46,1.48,0.96,648.65
Martinique,2008,MTQ,400699.0,,0.01,0.0,,0.02,0.03,,1.961,0.654,0.0,,1.5,1.53,0.99,647.06
Martinique,2009,MTQ,399527.0,,0.01,0.0,,0.02,0.03,,1.948,0.649,0.0,,1.51,1.54,0.99,642.86
Martinique,2010,MTQ,397389.0,,0.02,0.0,,0.01,0.03,,1.863,1.242,0.0,,1.58,1.61,1.04,645.96
Martinique,2011,MTQ,394576.0,,0.04,0.0,,0.01,0.05,,3.185,2.548,0.0,,1.52,1.57,1.0,636.94
Martinique,2012,MTQ,391741.0,,0.08,0.0,,0.01,0.09,,5.66,5.031,0.0,,1.5,1.59,0.99,622.64
Martinique,2013,MTQ,389470.0,,0.08,0.0,,0.01,0.09,,5.696,5.063,0.0,,1.49,1.58,0.98,620.25
Martinique,2014,MTQ,387027.0,,0.08,0.0,,0.01,0.09,,5.806,5.161,0.0,,1.46,1.55,0.96,619.36
Martinique,2015,MTQ,383737.0,,0.08,0.0,,0.01,0.09,,5.769,5.128,0.0,,1.47,1.56,0.97,621.8
Martinique,2016,MTQ,378892.0,,0.08,0.0,,0.01,0.09,,5.696,5.063,0.0,,1.49,1.58,0.98,620.25
Martinique,2017,MTQ,371510.0,,0.08,0.0,,0.01,0.09,,5.769,5.128,0.0,,1.47,1.56,0.97,621.8
Martinique,2018,MTQ,364100.0,,0.08,0.01,,0.09,0.18,,11.688,5.195,0.649,,1.36,1.54,0.91,590.91
Martinique,2019,MTQ,359621.0,,0.09,0.05,0.0,0.25,0.39,,25.161,5.806,3.226,0.0,1.16,1.55,0.81,522.58
Martinique,2020,MTQ,356625.0,,0.08,0.04,0.0,0.22,0.34,,22.667,5.333,2.667,0.0,1.16,1.5,0.81,540.0
Martinique,2021,MTQ,353286.0,,0.09,0.05,0.0,0.24,0.38,,25.166,5.96,3.311,0.0,1.13,1.51,0.79,523.18
Martinique,2022,MTQ,349462.0,,0.09,0.04,0.0,0.26,0.39,,26.174,6.04,2.685,0.0,1.1,1.49,0.77,516.78
Martinique,2023,MTQ,346008.0,,0.11,0.03,0.0,0.25,0.39,,25.828,7.285,1.987,0.0,1.12,1.51,0.8,529.8
Mauritania,2000,MRT,2613450.0,4838789905.0,0.0,0.0,0.03,0.0,0.03,,7.143,0.0,0.0,7.143,0.39,0.42,0.26,619.05
Mauritania,2001,MRT,2678766.0,5040767611.0,0.0,0.0,0.03,0.0,0.03,,6.383,0.0,0.0,6.383,0.44,0.47,0.29,617.02
Mauritania,2002,MRT,2738659.0,5178324094.0,0.0,0.0,0.03,0.0,0.03,,5.66,0.0,0.0,5.66,0.5,0.53,0.33,622.64
Mauritania,2003,MRT,2802050.0,5603753283.0,0.0,0.0,0.04,0.0,0.04,,8.0,0.0,0.0,8.0,0.46,0.5,0.3,600.0
Mauritania,2004,MRT,2868671.0,6050710140.0,0.0,0.0,0.04,0.0,0.04,,7.407,0.0,0.0,7.407,0.5,0.54,0.33,611.11
Mauritania,2005,MRT,2939060.0,6728916707.0,0.0,0.0,0.05,0.0,0.05,,9.434,0.0,0.0,9.434,0.48,0.53,0.32,603.77
Mauritania,2006,MRT,3013659.0,8166141817.0,0.0,0.0,0.05,0.0,0.05,,8.065,0.0,0.0,8.065,0.57,0.62,0.38,612.9
Mauritania,2007,MRT,3093065.0,8570478345.0,0.0,0.0,0.05,0.0,0.05,,7.813,0.0,0.0,7.813,0.59,0.64,0.39,609.38
Mauritania,2008,MRT,3183276.0,8846256694.0,0.0,0.0,0.06,0.0,0.06,,8.333,0.0,0.0,8.333,0.66,0.72,0.43,597.22
Mauritania,2009,MRT,3284454.0,8935093258.0,0.0,0.0,0.11,0.0,0.11,,14.286,0.0,0.0,14.286,0.66,0.77,0.43,558.44
Mauritania,2010,MRT,3390968.0,9559709837.0,0.0,0.0,0.12,0.0,0.12,,14.118,0.0,0.0,14.118,0.73,0.85,0.48,564.71
Mauritania,2011,MRT,3502813.0,10187328000.0,0.0,0.0,0.13,0.0,0.13,,14.943,0.0,0.0,14.943,0.74,0.87,0.49,563.22
Mauritania,2012,MRT,3619035.0,10792467000.0,0.0,0.0,0.14,0.0,0.14,,14.583,0.0,0.0,14.583,0.82,0.96,0.54,562.5
Mauritania,2013,MRT,3734324.0,11410722000.0,0.03,0.01,0.17,0.0,0.21,,21.429,3.061,1.02,17.347,0.77,0.98,0.51,520.41
Mauritania,2014,MRT,3848511.0,12165303000.0,0.03,0.01,0.18,0.0,0.22,,21.359,2.913,0.971,17.476,0.81,1.03,0.53,514.56
Mauritania,2015,MRT,3965959.0,12316128000.0,0.03,0.1,0.19,0.0,0.32,,27.586,2.586,8.621,16.379,0.84,1.16,0.55,474.14
Mauritania,2016,MRT,4086655.0,12416318727.0,0.06,0.1,0.13,0.0,0.29,,25.0,5.172,8.621,11.207,0.87,1.16,0.57,491.38
Mauritania,2017,MRT,4210603.0,13137043588.0,0.06,0.1,0.17,0.0,0.33,,24.444,4.444,7.407,12.593,1.02,1.35,0.67,496.3
Mauritania,2018,MRT,4337685.0,13699199188.0,0.15,0.1,0.19,0.0,0.44,,30.137,10.274,6.849,13.014,1.02,1.46,0.68,465.75
Mauritania,2019,MRT,4467714.0,14424796068.0,0.15,0.12,0.2,0.0,0.47,,29.936,9.554,7.643,12.739,1.1,1.57,0.73,464.97
Mauritania,2020,MRT,4600136.0,14289417678.0,0.14,0.12,0.21,0.0,0.47,,28.834,8.589,7.362,12.883,1.16,1.63,0.77,472.39
Mauritania,2021,MRT,4734874.0,14638845766.0,0.14,0.1,0.21,0.0,0.45,,28.481,8.861,6.329,13.291,1.13,1.58,0.75,474.68
Mauritania,2022,MRT,4875644.0,15674544913.0,0.14,0.1,0.21,0.0,0.45,,27.439,8.537,6.098,12.805,1.19,1.64,0.79,481.71
Mauritania,2023,MRT,5022442.0,15674544913.0,0.14,0.1,0.21,0.0,0.45,,21.531,6.699,4.785,10.048,1.64,2.09,1.09,521.53
Mauritania,2024,MRT,5169403.0,15674544913.0,0.16,0.1,0.21,0.0,0.47,,22.705,7.729,4.831,10.145,1.6,2.07,1.06,512.08
Mauritius,2000,MUS,1216632.0,16933370565.0,0.0,0.0,0.09,0.43,0.52,,29.379,0.0,0.0,5.085,1.25,1.77,0.99,559.32
Mauritius,2001,MUS,1225807.0,17203931989.0,0.0,0.0,0.07,0.48,0.55,,28.646,0.0,0.0,3.646,1.37,1.92,1.09,567.71
Mauritius,2002,MUS,1234090.0,17186721600.0,0.0,0.0,0.09,0.45,0.54,,27.551,0.0,0.0,4.592,1.42,1.96,1.14,581.63
Mauritius,2003,MUS,1242094.0,17869390349.0,0.0,0.0,0.12,0.45,0.57,,27.273,0.0,0.0,5.742,1.52,2.09,1.2,574.16
Mauritius,2004,MUS,1249799.0,18313509621.0,0.0,0.0,0.12,0.47,0.59,,27.315,0.0,0.0,5.556,1.57,2.16,1.22,564.82
Mauritius,2005,MUS,1257215.0,18306765429.0,0.0,0.0,0.11,0.45,0.56,,24.779,0.0,0.0,4.867,1.7,2.26,1.34,592.92
Mauritius,2006,MUS,1263785.0,18846649433.0,0.0,0.0,0.08,0.45,0.53,,22.458,0.0,0.0,3.39,1.83,2.36,1.47,622.88
Mauritius,2007,MUS,1269522.0,19573401107.0,0.0,0.0,0.08,0.47,0.55,,22.358,0.0,0.0,3.252,1.91,2.46,1.56,634.15
Mauritius,2008,MUS,1274635.0,20249055784.0,0.0,0.0,0.11,0.49,0.6,,23.438,0.0,0.0,4.297,1.96,2.56,1.63,636.72
Mauritius,2009,MUS,1278976.0,20448211941.0,0.0,0.0,0.12,0.49,0.61,,23.735,0.0,0.0,4.669,1.96,2.57,1.61,626.46
Mauritius,2010,MUS,1282710.0,20850923367.0,0.0,0.0,0.1,0.55,0.65,,24.164,0.0,0.0,3.717,2.04,2.69,1.67,620.82
Mauritius,2011,MUS,1286270.0,21190874379.0,0.0,0.0,0.05,0.49,0.54,,19.78,0.0,0.0,1.832,2.19,2.73,1.77,648.35
Mauritius,2012,MUS,1289174.0,21931705213.0,0.0,0.0,0.07,0.5,0.57,,20.43,0.0,0.0,2.509,2.22,2.79,1.8,645.16
Mauritius,2013,MUS,1290988.0,22668609990.0,0.0,0.0,0.09,0.49,0.58,,20.28,0.0,0.0,3.147,2.28,2.86,1.85,646.85
Mauritius,2014,MUS,1292006.0,23536142578.0,0.03,0.0,0.09,0.48,0.6,,20.408,1.02,0.0,3.061,2.34,2.94,1.89,642.86
Mauritius,2015,MUS,1292283.0,24404852680.0,0.03,0.0,0.12,0.53,0.68,,22.742,1.003,0.0,4.013,2.31,2.99,1.86,622.07
Mauritius,2016,MUS,1291807.0,25347373765.0,0.03,0.02,0.1,0.52,0.67,,21.967,0.984,0.656,3.279,2.38,3.05,1.93,632.79
Mauritius,2017,MUS,1290654.0,26345551590.0,0.04,0.01,0.09,0.48,0.62,,19.936,1.286,0.322,2.894,2.49,3.11,2.0,643.09
Mauritius,2018,MUS,1288836.0,27401224769.0,0.05,0.01,0.12,0.46,0.64,,20.513,1.603,0.321,3.846,2.48,3.12,1.98,634.62
Mauritius,2019,MUS,1286269.0,28193387492.0,0.13,0.01,0.1,0.46,0.7,,21.672,4.025,0.31,3.096,2.53,3.23,2.0,619.2
Mauritius,2020,MUS,1283231.0,24077716198.0,0.15,0.02,0.12,0.41,0.7,,24.138,5.172,0.69,4.138,2.2,2.9,1.78,613.79
Mauritius,2021,MUS,1279628.0,24920195118.0,0.15,0.01,0.11,0.37,0.64,,21.405,5.017,0.334,3.679,2.35,2.99,1.88,628.76
Mauritius,2022,MUS,1276134.0,26988574640.0,0.16,0.02,0.13,0.3,0.61,,19.551,5.128,0.641,4.167,2.51,3.12,1.92,615.39
Mauritius,2023,MUS,1273591.0,26988574640.0,0.15,0.01,0.09,0.32,0.57,,17.431,4.587,0.306,2.752,2.7,3.27,2.07,633.03
Mauritius,2024,MUS,1271171.0,26988574640.0,0.17,0.01,0.11,0.32,0.61,,17.889,4.985,0.293,3.226,2.8,3.41,2.19,642.23
Mexico,1965,MEX,43174476.0,258981939835.0,0.0,0.0,8.863,0.0,8.863,8.439,,,,,,,,
Mexico,1966,MEX,44629105.0,276900100585.0,0.0,0.0,10.118,0.0,10.118,9.102,,,,,,,,
Mexico,1967,MEX,46129602.0,294308765296.0,0.0,0.0,11.017,0.0,11.017,9.728,,,,,,,,
Mexico,1968,MEX,47668308.0,318504951750.0,0.0,0.0,12.642,0.0,12.642,10.253,,,,,,,,
Mexico,1969,MEX,49233192.0,338814352898.0,0.0,0.0,13.406,0.0,13.406,9.903,,,,,,,,
Mexico,1970,MEX,50814958.0,362723648906.0,0.0,0.0,15.005,0.0,15.005,10.385,,,,,,,,
Mexico,1971,MEX,52412564.0,376060509000.0,0.0,0.0,14.572,0.0,14.572,9.587,,,,,,,,
Mexico,1972,MEX,54030172.0,406222029781.0,0.0,0.0,15.531,0.0,15.531,9.242,,,,,,,,
Mexico,1973,MEX,55667287.0,437262843710.0,0.0,0.0,16.371,0.161,16.532,9.13,,,,,,,,
Mexico,1974,MEX,57320150.0,461217273621.0,0.0,0.0,16.708,0.463,17.171,8.626,,,,,,,,
Mexico,1975,MEX,58982403.0,486091833515.0,0.0,0.0,15.182,0.518,15.7,7.385,,,,,,,,
Mexico,1976,MEX,60645513.0,505910534144.0,0.0,0.0,17.255,0.579,17.834,7.883,,,,,,,,
Mexico,1977,MEX,62308499.0,521365328351.0,0.0,0.0,19.193,0.592,19.785,8.29,,,,,,,,
Mexico,1978,MEX,63979053.0,567422138164.0,0.0,0.0,16.217,0.598,16.815,6.257,,,,,,,,
Mexico,1979,MEX,65648868.0,621948418625.0,0.0,0.0,18.008,1.019,19.027,6.417,,,,,,,,
Mexico,1980,MEX,67300338.0,678622094789.0,0.0,0.0,16.91,0.915,17.825,5.515,,,,,,,,
Mexico,1981,MEX,68892107.0,737336121156.0,0.0,0.0,24.618,0.964,25.582,7.154,,,,,,,,
Mexico,1982,MEX,70433258.0,733602880000.0,0.0,0.0,22.924,1.296,24.22,6.509,,,,,,,,
Mexico,1983,MEX,71971238.0,708391996437.0,0.0,0.0,20.733,1.353,22.086,6.006,,,,,,,,
Mexico,1984,MEX,73506848.0,734058534890.0,0.0,0.0,23.603,1.424,25.027,6.501,,,,,,,,
Mexico,1985,MEX,75043415.0,751167311914.0,0.0,0.0,28.427,1.641,30.068,7.443,31.254,0.0,0.0,29.548,66.139,96.208,,
Mexico,1986,MEX,76585638.0,728181074789.0,0.0,0.0,21.298,3.394,24.692,6.355,24.793,0.0,0.0,21.385,74.898,99.59,,
Mexico,1987,MEX,78136652.0,741613787687.0,0.0,0.0,19.285,4.418,23.703,5.938,22.327,0.0,0.0,18.165,82.462,106.165,,
Mexico,1988,MEX,79695526.0,751820202312.0,0.0,0.0,21.836,4.633,26.469,6.574,23.585,0.0,0.0,19.456,85.762,112.231,,
Mexico,1989,MEX,81247174.0,782981323125.0,0.0,0.0,25.354,4.675,30.029,7.048,25.014,0.0,0.0,21.12,89.647,120.047,,
Mexico,1990,MEX,82820170.0,823577476195.0,0.001,0.001,24.481,5.124,29.607,6.385,25.178,0.001,0.001,20.819,85.046,117.592,,
Mexico,1991,MEX,84430565.0,865148747123.0,0.002,0.001,22.625,5.833,28.461,5.984,22.136,0.002,0.001,17.597,95.868,128.571,,
Mexico,1992,MEX,86044806.0,902108311201.0,0.003,0.001,26.814,6.366,33.183,6.836,25.086,0.002,0.001,20.271,95.172,132.276,,
Mexico,1993,MEX,87653817.0,925343285645.0,0.004,0.001,26.655,6.5,33.16,6.828,24.628,0.003,0.001,19.797,96.551,134.643,,
Mexico,1994,MEX,89259202.0,972991932169.0,0.005,0.005,20.271,6.219,26.5,5.181,18.135,0.003,0.003,13.872,115.385,146.128,,
Mexico,1995,MEX,90862449.0,916478942218.0,0.005,0.007,27.599,6.414,34.025,6.739,22.63,0.003,0.005,18.356,107.886,150.356,,
Mexico,1996,MEX,92452700.0,971219776949.0,0.006,0.006,31.336,6.185,37.533,7.227,23.969,0.004,0.004,20.012,111.178,156.591,,
Mexico,1997,MEX,94021204.0,1045710706219.0,0.006,0.012,26.362,5.883,32.263,6.075,19.349,0.004,0.007,15.81,124.024,166.748,,
Mexico,1998,MEX,95575242.0,1105636637948.0,0.007,0.015,24.593,6.139,30.754,5.574,16.985,0.004,0.008,13.583,141.043,181.059,,
Mexico,1999,MEX,97115710.0,1156619631372.0,0.007,0.017,32.712,6.06,38.796,6.9,20.421,0.004,0.009,17.219,141.177,189.979,,
Mexico,2000,MEX,98625553.0,1241194674661.0,0.01,0.02,33.07,6.36,39.46,6.665,19.379,0.005,0.01,16.241,155.94,203.62,106.98,525.39
Mexico,2001,MEX,100099101.0,1251502726420.0,0.01,0.02,28.44,6.25,34.72,5.91,16.516,0.005,0.01,13.529,166.77,210.22,114.34,543.91
Mexico,2002,MEX,101548627.0,1275458026881.0,0.01,0.02,24.86,6.07,30.96,5.125,14.351,0.005,0.009,11.524,175.02,215.73,119.39,553.42
Mexico,2003,MEX,102978517.0,1306677417369.0,0.01,0.02,19.85,6.95,26.83,4.41,11.93,0.004,0.009,8.826,187.57,224.9,128.23,570.17
Mexico,2004,MEX,104394131.0,1373060298988.0,0.01,0.02,25.18,7.26,32.47,4.989,13.794,0.004,0.008,10.697,193.73,235.39,130.39,553.93
Mexico,2005,MEX,105811504.0,1427140428046.0,0.01,0.02,27.71,8.14,35.88,5.005,14.469,0.004,0.008,11.175,201.29,247.97,137.83,555.83
Mexico,2006,MEX,107253666.0,1510732401129.0,0.01,0.05,30.45,7.49,38.0,5.178,14.829,0.004,0.02,11.883,207.38,256.25,140.12,546.81
Mexico,2007,MEX,108774356.0,1572479287017.0,0.01,0.25,27.34,8.25,35.85,4.846,13.618,0.004,0.095,10.385,216.99,263.26,145.9,554.21
Mexico,2008,MEX,110374286.0,1607479004533.0,0.02,0.25,39.22,7.9,47.39,6.043,17.598,0.007,0.093,14.564,212.1,269.29,140.58,522.04
Mexico,2009,MEX,111999720.0,1543820957956.0,0.03,0.6,26.72,7.55,34.9,4.559,13.034,0.011,0.224,9.979,222.36,267.76,148.36,554.08
Mexico,2010,MEX,113623898.0,1638271507559.0,0.03,1.24,37.2,8.0,46.47,5.953,16.863,0.011,0.45,13.499,223.22,275.57,149.34,541.93
Mexico,2011,MEX,115243503.0,1716088331953.0,0.04,1.65,36.27,7.97,45.93,5.602,15.721,0.014,0.565,12.415,236.13,292.15,157.7,539.79
Mexico,2012,MEX,116818208.0,1774999946047.0,0.07,3.69,31.85,7.45,43.06,5.194,14.528,0.024,1.245,10.746,244.56,296.39,163.09,550.26
Mexico,2013,MEX,118343572.0,1803059285337.0,0.11,4.18,27.96,7.87,40.12,4.834,13.503,0.037,1.407,9.41,245.2,297.12,162.47,546.82
Mexico,2014,MEX,119784265.0,1854551091374.0,0.22,6.43,38.89,8.1,53.64,6.426,17.684,0.073,2.12,12.821,240.01,303.33,159.43,525.6
Mexico,2015,MEX,121072310.0,1916008739051.0,0.2,8.75,30.89,8.4,48.24,5.862,15.543,0.064,2.819,9.953,250.54,310.36,165.7,533.9
Mexico,2016,MEX,122251344.0,1961906742138.0,0.25,10.38,30.03,8.32,48.98,5.731,15.29,0.078,3.24,9.374,260.8,320.35,172.22,537.6
Mexico,2017,MEX,123400052.0,2007719438156.0,1.19,10.62,30.88,8.09,50.78,5.77,15.43,0.362,3.227,9.383,267.43,329.09,175.63,533.68
Mexico,2018,MEX,124573713.0,2051539127317.0,3.21,12.44,32.23,7.36,55.24,6.343,15.815,0.919,3.562,9.227,280.5,349.29,183.0,523.92
Mexico,2019,MEX,125762978.0,2047701179708.0,9.96,16.73,23.6,7.21,57.5,6.641,16.687,2.891,4.855,6.849,275.88,344.57,181.15,525.73
Mexico,2020,MEX,126799053.0,1880176557054.0,15.84,19.7,26.82,7.01,69.37,8.668,21.297,4.863,6.048,8.234,245.18,325.73,157.67,484.05
Mexico,2021,MEX,127648151.0,1973141022977.0,20.19,21.07,34.72,6.11,82.09,9.538,24.983,6.144,6.412,10.566,234.58,328.59,149.92,456.25
Mexico,2022,MEX,128613116.0,2033437602787.0,20.34,20.53,35.56,6.7,83.13,9.243,24.439,5.98,6.036,10.454,246.17,340.15,157.96,464.38
Mexico,2023,MEX,129739761.0,2033437602787.0,23.34,20.7,20.61,6.63,71.28,7.928,20.267,6.636,5.886,5.86,268.03,351.7,172.0,489.05
Mexico,2024,MEX,130861001.0,2033437602787.0,25.72,19.75,23.54,5.99,75.0,8.251,21.116,7.241,5.561,6.628,267.87,355.18,171.6,483.14
Mexico,2025,MEX,131946897.0,2033437602787.0,26.34,21.38,28.75,5.96,82.43,8.251,23.092,7.379,5.989,8.054,264.38,356.97,169.21,474.02
Moldova,2000,MDA,4234969.0,12554043876.0,0.0,0.0,0.39,0.0,0.39,,7.156,0.0,0.0,7.156,5.06,5.45,3.61,662.39
Moldova,2001,MDA,4189769.0,13087722618.0,0.0,0.0,0.36,0.0,0.36,,6.154,0.0,0.0,6.154,5.49,5.85,3.92,670.09
Moldova,2002,MDA,4142937.0,13857813762.0,0.0,0.0,0.35,0.0,0.35,,6.206,0.0,0.0,6.206,5.29,5.64,3.77,668.44
Moldova,2003,MDA,4095418.0,14513550202.0,0.0,0.0,0.36,0.0,0.36,,6.239,0.0,0.0,6.239,5.41,5.77,3.86,668.98
Moldova,2004,MDA,4046672.0,15302841155.0,0.0,0.0,0.35,0.0,0.35,,6.034,0.0,0.0,6.034,5.45,5.8,3.89,670.69
Moldova,2005,MDA,3988668.0,16157452511.0,0.0,0.0,0.36,0.0,0.36,,6.03,0.0,0.0,6.03,5.61,5.97,4.01,671.69
Moldova,2006,MDA,3921320.0,16628252777.0,0.0,0.0,0.37,0.0,0.37,,6.086,0.0,0.0,6.086,5.71,6.08,4.08,671.05
Moldova,2007,MDA,3851397.0,16819758019.0,0.0,0.0,0.35,0.0,0.35,,5.963,0.0,0.0,5.963,5.52,5.87,3.94,671.21
Moldova,2008,MDA,3779503.0,17815141666.0,0.0,0.0,0.38,0.0,0.38,,6.323,0.0,0.0,6.323,5.63,6.01,4.02,668.89
Moldova,2009,MDA,3706212.0,16449234621.0,0.0,0.0,0.35,0.0,0.35,,5.654,0.0,0.0,5.654,5.84,6.19,4.16,672.05
Moldova,2010,MDA,3631990.0,17299250407.0,0.0,0.0,0.4,0.0,0.4,,6.547,0.0,0.0,6.547,5.71,6.11,4.07,666.12
Moldova,2011,MDA,3557278.0,18145357193.0,0.0,0.0,0.35,0.0,0.35,,6.055,0.0,0.0,6.055,5.43,5.78,3.87,669.55
Moldova,2012,MDA,3482629.0,18038303680.0,0.0,0.0,0.27,0.0,0.27,,4.647,0.0,0.0,4.647,5.54,5.81,3.95,679.86
Moldova,2013,MDA,3408741.0,19669685322.0,0.0,0.0,0.31,0.0,0.31,,6.874,0.0,0.0,6.874,4.2,4.51,3.0,665.19
Moldova,2014,MDA,3342715.0,20653170404.0,0.0,0.0,0.32,0.01,0.33,,6.145,0.0,0.0,5.959,5.04,5.37,3.6,670.39
Moldova,2015,MDA,3287168.0,20583362405.0,0.0,0.0,0.26,0.01,0.27,,4.47,0.0,0.0,4.305,5.77,6.04,4.12,682.12
Moldova,2016,MDA,3237798.0,21490882450.0,0.0,0.0,0.23,0.01,0.24,,4.103,0.0,0.0,3.932,5.61,5.85,4.0,683.76
Moldova,2017,MDA,3193500.0,22393497127.0,0.0,0.01,0.28,0.02,0.31,,6.25,0.0,0.202,5.645,4.65,4.96,3.32,669.36
Moldova,2018,MDA,3153779.0,23311634910.0,0.0,0.02,0.27,0.03,0.32,,5.948,0.0,0.372,5.019,5.06,5.38,3.62,672.86
Moldova,2019,MDA,3112561.0,24150849841.0,0.0,0.04,0.3,0.03,0.37,,6.503,0.0,0.703,5.272,5.32,5.69,3.81,669.6
Moldova,2020,MDA,3069135.0,22146328756.0,0.0,0.05,0.28,0.03,0.36,,5.825,0.0,0.809,4.531,5.82,6.18,4.16,673.14
Moldova,2021,MDA,3023780.0,25234640526.0,0.01,0.08,0.32,0.03,0.44,,6.607,0.15,1.201,4.805,6.22,6.66,4.45,668.17
Moldova,2022,MDA,3039986.0,23827554273.0,0.05,0.14,0.29,0.03,0.51,,9.568,0.938,2.627,5.441,4.82,5.33,3.45,647.28
Moldova,2023,MDA,3067072.0,23827554273.0,0.09,0.19,0.32,0.01,0.61,,9.606,1.417,2.992,5.039,5.74,6.35,4.08,642.52
Moldova,2024,MDA,3034967.0,23827554273.0,0.1,0.21,0.32,0.02,0.65,,10.708,1.647,3.46,5.272,5.42,6.07,3.85,634.27
Moldova,2025,MDA,2996104.0,23827554273.0,0.16,0.16,0.35,0.02,0.69,,11.201,2.597,2.597,5.682,5.47,6.16,3.9,633.12
Mongolia,2000,MNG,2455182.0,7225650413.0,0.0,0.0,0.0,0.0,0.0,,0.0,0.0,0.0,0.0,2.9,2.9,2.64,910.35
Mongolia,2001,MNG,2477704.0,7799420655.0,0.0,0.0,0.0,0.0,0.0,,0.0,0.0,0.0,0.0,2.97,2.97,2.7,909.09
Mongolia,2002,MNG,2500074.0,8569503317.0,0.0,0.0,0.0,0.0,0.0,,0.0,0.0,0.0,0.0,3.09,3.09,2.81,909.39
Mongolia,2003,MNG,2521809.0,9616040556.0,0.0,0.0,0.0,0.0,0.0,,0.0,0.0,0.0,0.0,3.11,3.11,2.83,909.97
Mongolia,2004,MNG,2542801.0,11156311740.0,0.0,0.0,0.0,0.0,0.0,,0.0,0.0,0.0,0.0,3.28,3.28,2.98,908.54
Mongolia,2005,MNG,2563466.0,12547451302.0,0.0,0.0,0.0,0.0,0.0,,0.0,0.0,0.0,0.0,3.4,3.4,3.09,908.82
Mongolia,2006,MNG,2584761.0,14288905306.0,0.0,0.0,0.0,0.0,0.0,,0.0,0.0,0.0,0.0,3.53,3.53,3.21,909.35
Mongolia,2007,MNG,2607976.0,16520107221.0,0.0,0.0,0.0,0.0,0.0,,0.0,0.0,0.0,0.0,3.71,3.71,3.36,905.66
Mongolia,2008,MNG,2634431.0,18865759800.0,0.01,0.0,0.0,0.0,0.01,,0.25,0.25,0.0,0.0,3.99,4.0,3.62,905.0
Mongolia,2009,MNG,2665333.0,19534582355.0,0.01,0.0,0.02,0.0,0.03,,0.743,0.248,0.0,0.495,4.01,4.04,3.63,898.52
Mongolia,2010,MNG,2701739.0,21791068014.0,0.01,0.0,0.04,0.0,0.05,,1.157,0.231,0.0,0.926,4.27,4.32,3.86,893.52
Mongolia,2011,MNG,2745183.0,26811268000.0,0.01,0.0,0.05,0.0,0.06,,1.322,0.22,0.0,1.101,4.48,4.54,4.04,889.87
Mongolia,2012,MNG,2795463.0,30114910000.0,0.01,0.0,0.05,0.0,0.06,,1.247,0.208,0.0,1.04,4.75,4.81,4.28,889.81
Mongolia,2013,MNG,2851887.0,33619040000.0,0.01,0.05,0.06,0.0,0.12,,2.39,0.199,0.996,1.195,4.9,5.02,4.42,880.48
Mongolia,2014,MNG,2913041.0,36271699000.0,0.01,0.13,0.07,0.0,0.21,,3.903,0.186,2.416,1.301,5.17,5.38,4.67,868.03
Mongolia,2015,MNG,2976528.0,37107214000.0,0.01,0.15,0.06,0.0,0.22,,3.993,0.181,2.722,1.089,5.29,5.51,4.78,867.51
Mongolia,2016,MNG,3040815.0,37322351698.0,0.01,0.15,0.09,0.0,0.25,,4.409,0.176,2.646,1.587,5.42,5.67,4.92,867.73
Mongolia,2017,MNG,3104371.0,39053686549.0,0.03,0.14,0.08,0.0,0.25,,4.146,0.498,2.322,1.327,5.78,6.03,5.22,865.67
Mongolia,2018,MNG,3167714.0,41646694213.0,0.06,0.3,0.08,0.0,0.44,,6.697,0.913,4.566,1.218,6.13,6.57,5.54,843.23
Mongolia,2019,MNG,3232118.0,43979841080.0,0.12,0.48,0.09,0.0,0.69,,9.942,1.729,6.916,1.297,6.25,6.94,5.64,812.68
Mongolia,2020,MNG,3290786.0,41975349786.0,0.12,0.48,0.08,0.0,0.68,,10.241,1.807,7.229,1.205,5.96,6.64,5.38,810.24
Mongolia,2021,MNG,3339676.0,42662390805.0,0.17,0.58,0.08,0.0,0.83,,11.156,2.285,7.796,1.075,6.61,7.44,5.97,802.42
Mongolia,2022,MNG,3386015.0,44809463232.0,0.19,0.51,0.06,0.0,0.76,,9.806,2.452,6.581,0.774,6.99,7.75,6.31,814.19
Mongolia,2023,MNG,3431938.0,44809463232.0,0.19,0.51,0.06,0.0,0.76,,9.168,2.292,6.152,0.724,7.53,8.29,6.77,816.65
Mongolia,2024,MNG,3475541.0,44809463232.0,0.21,0.51,0.06,0.0,0.78,,8.844,2.381,5.782,0.68,8.04,8.82,7.15,810.66
Mongolia,2025,MNG,3517097.0,44809463232.0,0.21,0.54,0.06,0.0,0.81,,8.359,2.167,5.573,0.619,8.88,9.69,7.91,816.31
Montenegro,2005,MNE,634059.0,5587145362.0,0.0,,1.87,0.0,1.87,,65.157,0.0,,65.157,1.0,2.87,1.06,369.34
Montenegro,2006,MNE,633876.0,6395709656.0,0.0,,1.75,0.0,1.75,,59.322,0.0,,59.322,1.2,2.95,1.26,427.12
Montenegro,2007,MNE,633388.0,7462959925.0,0.0,,1.28,0.0,1.28,,59.813,0.0,,59.813,0.86,2.14,0.9,420.56
Montenegro,2008,MNE,632855.0,8414771352.0,0.0,,1.54,0.0,1.54,,54.417,0.0,,54.417,1.29,2.83,1.35,477.03
Montenegro,2009,MNE,632445.0,8371377925.0,0.0,,2.07,0.0,2.07,,75.0,0.0,,75.0,0.69,2.76,0.75,271.74
Montenegro,2010,MNE,632088.0,9033097807.0,0.0,,2.75,0.0,2.75,,68.408,0.0,,68.408,1.27,4.02,1.36,338.31
Montenegro,2011,MNE,632689.0,9801452189.0,0.0,,1.2,0.0,1.2,,45.283,0.0,,45.283,1.45,2.65,1.5,566.04
Montenegro,2012,MNE,633546.0,9593079942.0,0.0,,1.48,0.0,1.48,,51.93,0.0,,51.93,1.37,2.85,1.43,501.75
Montenegro,2013,MNE,633199.0,9985414363.0,0.0,,2.5,0.0,2.5,,63.452,0.0,,63.452,1.44,3.94,1.52,385.79
Montenegro,2014,MNE,631377.0,10205667487.0,0.0,,1.75,0.0,1.75,,55.205,0.0,,55.205,1.42,3.17,1.48,466.88
Montenegro,2015,MNE,628145.0,10689584516.0,0.0,,1.49,0.0,1.49,,49.667,0.0,,49.667,1.51,3.0,1.57,523.33
Montenegro,2016,MNE,624246.0,10988665274.0,0.0,,1.84,0.0,1.84,,58.599,0.0,,58.599,1.3,3.14,1.36,433.12
Montenegro,2017,MNE,620112.0,11487747356.0,0.0,0.1,1.02,0.0,1.12,,45.161,0.0,4.032,41.129,1.36,2.48,1.4,564.52
Montenegro,2018,MNE,615798.0,12049855060.0,0.0,0.14,2.11,0.0,2.25,,59.211,0.0,3.684,55.526,1.55,3.8,1.62,426.32
Montenegro,2019,MNE,611671.0,12539436047.0,0.0,0.3,1.63,0.0,1.93,,56.268,0.0,8.746,47.522,1.5,3.43,1.56,454.81
Montenegro,2020,MNE,607934.0,10620037519.0,0.0,0.32,1.45,0.0,1.77,,52.212,0.0,9.44,42.773,1.62,3.39,1.68,495.58
Montenegro,2021,MNE,603854.0,12005261164.0,0.0,0.32,2.01,0.0,2.33,,61.804,0.0,8.488,53.316,1.44,3.77,1.51,400.53
Montenegro,2022,MNE,614649.0,12774399882.0,0.0,0.32,1.44,0.0,1.76,,53.172,0.0,9.668,43.505,1.55,3.31,1.6,483.38
Montenegro,2023,MNE,633553.0,12774399882.0,0.02,0.31,2.22,0.0,2.55,,60.859,0.477,7.399,52.983,1.64,4.19,1.72,410.5
Montenegro,2024,MNE,638481.0,12774399882.0,0.06,0.27,1.77,0.0,2.1,,59.49,1.7,7.649,50.142,1.43,3.53,1.49,422.1
Montenegro,2025,MNE,632730.0,12774399882.0,0.14,0.28,1.44,0.0,1.86,,75.61,5.691,11.382,58.537,0.6,2.46,0.65,264.23
Montserrat,2000,MSR,5053.0,,0.0,0.0,0.0,0.0,0.0,,0.0,0.0,0.0,0.0,0.01,0.01,0.01,1000.0
Montserrat,2001,MSR,4616.0,,0.0,0.0,0.0,0.0,0.0,,0.0,0.0,0.0,0.0,0.01,0.01,0.01,1000.0
Montserrat,2002,MSR,4500.0,,0.0,0.0,0.0,0.0,0.0,,0.0,0.0,0.0,0.0,0.01,0.01,0.01,1000.0
Montserrat,2003,MSR,4515.0,,0.0,0.0,0.0,0.0,0.0,,0.0,0.0,0.0,0.0,0.01,0.01,0.01,1000.0
Montserrat,2004,MSR,4541.0,,0.0,0.0,0.0,0.0,0.0,,0.0,0.0,0.0,0.0,0.01,0.01,0.01,1000.0
Montserrat,2005,MSR,4574.0,,0.0,0.0,0.0,0.0,0.0,,0.0,0.0,0.0,0.0,0.01,0.01,0.01,1000.0
Montserrat,2006,MSR,4606.0,,0.0,0.0,0.0,0.0,0.0,,0.0,0.0,0.0,0.0,0.01,0.01,0.01,1000.0
Montserrat,2007,MSR,4649.0,,0.0,0.0,0.0,0.0,0.0,,0.0,0.0,0.0,0.0,0.01,0.01,0.01,1000.0
Montserrat,2008,MSR,4700.0,,0.0,0.0,0.0,0.0,0.0,,0.0,0.0,0.0,0.0,0.01,0.01,0.01,1000.0
Montserrat,2009,MSR,4759.0,,0.0,0.0,0.0,0.0,0.0,,0.0,0.0,0.0,0.0,0.01,0.01,0.01,1000.0
Montserrat,2010,MSR,4819.0,,0.0,0.0,0.0,0.0,0.0,,0.0,0.0,0.0,0.0,0.01,0.01,0.01,1000.0
Montserrat,2011,MSR,4846.0,,0.0,0.0,0.0,0.0,0.0,,0.0,0.0,0.0,0.0,0.01,0.01,0.01,1000.0
Montserrat,2012,MSR,4822.0,,0.0,0.0,0.0,0.0,0.0,,0.0,0.0,0.0,0.0,0.01,0.01,0.01,1000.0
Montserrat,2013,MSR,4774.0,,0.0,0.0,0.0,0.0,0.0,,0.0,0.0,0.0,0.0,0.01,0.01,0.01,1000.0
Montserrat,2014,MSR,4738.0,,0.0,0.0,0.0,0.0,0.0,,0.0,0.0,0.0,0.0,0.01,0.01,0.01,1000.0
Montserrat,2015,MSR,4693.0,,0.0,0.0,0.0,0.0,0.0,,0.0,0.0,0.0,0.0,0.01,0.01,0.01,1000.0
Montserrat,2016,MSR,4665.0,,0.0,0.0,0.0,0.0,0.0,,0.0,0.0,0.0,0.0,0.01,0.01,0.01,1000.0
Montserrat,2017,MSR,4624.0,,0.0,0.0,0.0,0.0,0.0,,0.0,0.0,0.0,0.0,0.01,0.01,0.01,1000.0
Montserrat,2018,MSR,4595.0,,0.0,0.0,0.0,0.0,0.0,,0.0,0.0,0.0,0.0,0.01,0.01,0.01,1000.0
Montserrat,2019,MSR,4564.0,,0.0,0.0,0.0,0.0,0.0,,0.0,0.0,0.0,0.0,0.01,0.01,0.01,1000.0
Montserrat,2020,MSR,4532.0,,0.0,0.0,0.0,0.0,0.0,,0.0,0.0,0.0,0.0,0.01,0.01,0.01,1000.0
Montserrat,2021,MSR,4505.0,,0.0,0.0,0.0,0.0,0.0,,0.0,0.0,0.0,0.0,0.01,0.01,0.01,1000.0
Montserrat,2022,MSR,4476.0,,0.0,0.0,0.0,0.0,0.0,,0.0,0.0,0.0,0.0,0.01,0.01,0.01,1000.0
Montserrat,2023,MSR,4440.0,,0.0,0.0,0.0,0.0,0.0,,0.0,0.0,0.0,0.0,0.01,0.01,0.01,1000.0
Montserrat,2024,MSR,4414.0,,0.0,0.0,0.0,0.0,0.0,,0.0,0.0,0.0,0.0,0.01,0.01,0.01,1000.0
Morocco,1965,MAR,13239173.0,31254994847.0,0.0,0.0,1.213,0.0,1.213,19.206,,,,,,,,
Morocco,1966,MAR,13597063.0,32995101213.0,0.0,0.0,1.054,0.0,1.054,12.622,,,,,,,,
Morocco,1967,MAR,13968180.0,34843128024.0,0.0,0.0,0.932,0.0,0.932,10.579,,,,,,,,
Morocco,1968,MAR,14347897.0,36768418203.0,0.0,0.0,1.058,0.0,1.058,11.19,,,,,,,,
Morocco,1969,MAR,14734252.0,38839439649.0,0.0,0.0,1.368,0.0,1.368,13.211,,,,,,,,
Morocco,1970,MAR,15129453.0,40982293406.0,0.0,0.0,1.346,0.0,1.346,12.408,,,,,,,,
Morocco,1971,MAR,15527227.0,43295738718.0,0.0,0.0,1.52,0.0,1.52,13.191,,,,,,,,
Morocco,1972,MAR,15924695.0,44317381992.0,0.0,0.0,1.596,0.0,1.596,12.812,,,,,,,,
Morocco,1973,MAR,16326276.0,45895623046.0,0.0,0.0,1.192,0.0,1.192,8.591,,,,,,,,
Morocco,1974,MAR,16733850.0,48382644591.0,0.0,0.0,1.337,0.0,1.337,9.016,,,,,,,,
Morocco,1975,MAR,17150790.0,51629453326.0,0.0,0.0,1.016,0.0,1.016,6.731,,,,,,,,
Morocco,1976,MAR,17574187.0,57286407177.0,0.0,0.0,0.998,0.0,0.998,6.098,,,,,,,,
Morocco,1977,MAR,18014761.0,60121204515.0,0.0,0.0,1.365,0.0,1.365,7.443,,,,,,,,
Morocco,1978,MAR,18477383.0,61864818003.0,0.0,0.0,1.416,0.0,1.416,7.273,,,,,,,,
Morocco,1979,MAR,18955587.0,64683993285.0,0.0,0.0,1.582,0.0,1.582,7.285,,,,,,,,
Morocco,1980,MAR,19459942.0,70582897316.0,0.0,0.0,1.515,0.0,1.515,6.955,,,,,,,,
Morocco,1981,MAR,19985407.0,68608384970.0,0.0,0.0,1.024,0.0,1.024,4.84,,,,,,,,
Morocco,1982,MAR,20520324.0,75240270996.0,0.0,0.0,0.572,0.0,0.572,2.62,,,,,,,,
Morocco,1983,MAR,21060697.0,74825387414.0,0.0,0.0,0.481,0.0,0.481,2.145,,,,,,,,
Morocco,1984,MAR,21593777.0,77950833498.0,0.0,0.0,0.366,0.0,0.366,1.61,,,,,,,,
Morocco,1985,MAR,22113953.0,82816247078.0,0.0,0.0,0.486,0.0,0.486,2.07,6.617,0.0,0.0,6.617,,7.345,,
Morocco,1986,MAR,22600803.0,89314712544.0,0.0,0.0,0.643,0.0,0.643,2.649,8.282,0.0,0.0,8.282,,7.764,,
Morocco,1987,MAR,23054390.0,87281656953.0,0.0,0.0,0.825,0.0,0.825,3.301,10.311,0.0,0.0,10.311,,8.001,,
Morocco,1988,MAR,23500528.0,96219230537.0,0.0,0.0,0.936,0.0,0.936,3.546,10.419,0.0,0.0,10.419,,8.984,,
Morocco,1989,MAR,23939414.0,98443646312.0,0.0,0.0,1.157,0.0,1.157,3.985,12.821,0.0,0.0,12.821,,9.024,,
Morocco,1990,MAR,24375558.0,102154759492.0,0.0,0.0,1.22,0.0,1.22,4.106,12.671,0.0,0.0,12.671,,9.628,,
Morocco,1991,MAR,24799016.0,109740063063.0,0.0,0.0,1.226,0.0,1.226,4.074,13.319,0.0,0.0,13.319,,9.205,,
Morocco,1992,MAR,25212469.0,107664067531.0,0.0,0.0,0.964,0.0,0.964,2.861,9.919,0.0,0.0,9.919,,9.719,,
Morocco,1993,MAR,25614586.0,107072637645.0,0.0,0.0,0.443,0.0,0.443,1.3,4.47,0.0,0.0,4.47,,9.91,,
Morocco,1994,MAR,26000824.0,118651280111.0,0.0,0.0,0.84,0.0,0.84,2.237,7.323,0.0,0.0,7.323,,11.47,,
Morocco,1995,MAR,26399431.0,112285412713.0,0.0,0.0,0.611,0.0,0.611,1.658,5.053,0.0,0.0,5.053,,12.092,,
Morocco,1996,MAR,26808109.0,126007526018.0,0.0,0.0,1.957,0.0,1.957,5.092,15.609,0.0,0.0,15.609,,12.538,,
Morocco,1997,MAR,27213340.0,123891488018.0,0.0,0.0,2.083,0.0,2.083,5.214,15.324,0.0,0.0,15.324,,13.593,,
Morocco,1998,MAR,27621638.0,132709015459.0,0.0,0.0,1.777,0.0,1.777,4.334,13.703,0.0,0.0,13.703,,12.968,,
Morocco,1999,MAR,28027188.0,134068868267.0,0.0,0.0,0.825,0.0,0.825,1.936,6.398,0.0,0.0,6.398,,12.895,,
Morocco,2000,MAR,28423439.0,136639290851.0,0.0,0.06,0.71,0.0,0.77,1.851,5.62,0.0,0.438,5.182,12.93,13.7,10.4,759.12
Morocco,2001,MAR,28814646.0,146692867628.0,0.0,0.21,0.86,0.0,1.07,2.328,6.859,0.0,1.346,5.513,14.53,15.6,12.0,769.23
Morocco,2002,MAR,29198146.0,151385794465.0,0.0,0.19,0.84,0.0,1.03,2.185,6.821,0.0,1.258,5.563,14.07,15.1,11.56,765.56
Morocco,2003,MAR,29571415.0,160559931983.0,0.0,0.2,1.44,0.0,1.64,3.443,10.037,0.0,1.224,8.813,14.7,16.34,12.01,735.01
Morocco,2004,MAR,29953021.0,168466885680.0,0.0,0.2,1.59,0.0,1.79,3.273,10.246,0.0,1.145,9.101,15.68,17.47,12.8,732.69
Morocco,2005,MAR,30358145.0,174390745088.0,0.0,0.21,1.43,0.0,1.64,1.954,8.515,0.0,1.09,7.425,17.62,19.26,13.81,717.03
Morocco,2006,MAR,30771179.0,188101125607.0,0.0,0.18,1.6,0.0,1.78,1.895,8.958,0.0,0.906,8.052,18.09,19.87,14.08,708.61
Morocco,2007,MAR,31186468.0,195286744421.0,0.0,0.28,1.33,0.0,1.61,1.927,8.177,0.0,1.422,6.755,18.08,19.69,13.93,707.47
Morocco,2008,MAR,31606769.0,207385199268.0,0.0,0.3,1.37,0.0,1.67,1.78,8.206,0.0,1.474,6.732,18.68,20.35,14.16,695.82
Morocco,2009,MAR,32030779.0,216763299753.0,0.0,0.39,2.95,0.0,3.34,4.431,15.958,0.0,1.863,14.095,17.59,20.93,13.3,635.45
Morocco,2010,MAR,32467009.0,225643836837.0,0.0,0.66,3.63,0.0,4.29,5.532,18.775,0.0,2.888,15.886,18.56,22.85,13.95,610.5
Morocco,2011,MAR,32912585.0,238103276789.0,0.0,0.69,2.14,0.0,2.83,3.421,11.617,0.0,2.833,8.785,21.53,24.36,15.9,652.71
Morocco,2012,MAR,33355246.0,245270189355.0,0.0,0.73,1.82,0.0,2.55,2.923,9.619,0.0,2.754,6.865,23.96,26.51,17.19,648.44
Morocco,2013,MAR,33787573.0,256393198875.0,0.0,1.36,2.99,0.0,4.35,4.796,16.147,0.0,5.048,11.099,22.59,26.94,16.5,612.47
Morocco,2014,MAR,34204784.0,263251716082.0,0.0,1.92,2.03,0.01,3.96,4.187,14.103,0.0,6.838,7.229,24.12,28.08,18.29,651.35
Morocco,2015,MAR,34607590.0,274689990243.0,0.0,2.52,2.28,0.01,4.81,5.072,16.082,0.0,8.425,7.623,25.1,29.91,19.14,639.92
Morocco,2016,MAR,35023459.0,276121131010.0,0.4,3.02,1.66,0.01,5.09,5.258,16.489,1.296,9.783,5.377,25.78,30.87,19.56,633.63
Morocco,2017,MAR,35446395.0,290087315215.0,0.41,3.04,1.57,0.04,5.06,4.972,15.842,1.284,9.518,4.915,26.88,31.94,20.36,637.45
Morocco,2018,MAR,35839760.0,298981397583.0,0.95,3.86,2.0,0.04,6.85,6.699,19.821,2.749,11.169,5.787,27.71,34.56,21.48,621.53
Morocco,2019,MAR,36210907.0,307624970074.0,1.58,4.72,1.65,0.04,7.99,7.11,19.787,3.913,11.689,4.086,32.39,40.38,25.51,631.75
Morocco,2020,MAR,36584208.0,285515953096.0,1.52,4.59,1.29,0.04,7.44,7.142,19.175,3.918,11.83,3.325,31.36,38.8,25.05,645.62
Morocco,2021,MAR,36954443.0,308157391278.0,1.82,5.11,1.21,0.04,8.18,7.126,19.806,4.407,12.373,2.93,33.12,41.3,26.43,639.95
Morocco,2022,MAR,37329068.0,311654947615.0,1.45,5.36,0.68,0.04,7.53,6.616,18.184,3.502,12.944,1.642,33.88,41.41,27.44,662.64
Morocco,2023,MAR,37712516.0,311654947615.0,2.11,6.55,0.52,0.04,9.22,7.974,21.715,4.969,15.426,1.225,33.24,42.46,26.17,616.35
Morocco,2024,MAR,38081176.0,311654947615.0,2.41,7.09,0.81,0.04,10.35,8.673,24.41,5.684,16.722,1.91,32.05,42.4,25.22,594.81
Morocco,2025,MAR,38430774.0,311654947615.0,2.57,7.14,0.91,0.04,10.66,8.673,23.955,5.775,16.045,2.045,33.84,44.5,26.54,596.4
Mozambique,2000,MOZ,18129652.0,20141918616.0,0.0,0.0,9.56,0.0,9.56,,99.896,0.0,0.0,99.896,0.01,9.57,0.24,25.08
Mozambique,2001,MOZ,18537735.0,20943673338.0,0.0,0.0,11.72,0.0,11.72,,99.66,0.0,0.0,99.66,0.04,11.76,0.31,26.36
Mozambique,2002,MOZ,18958338.0,21025370393.0,0.0,0.0,12.55,0.0,12.55,,99.762,0.0,0.0,99.762,0.03,12.58,0.32,25.44
Mozambique,2003,MOZ,19392477.0,20673806269.0,0.0,0.0,10.76,0.0,10.76,,99.722,0.0,0.0,99.722,0.03,10.79,0.28,25.95
Mozambique,2004,MOZ,19840312.0,20561725686.0,0.0,0.0,11.55,0.0,11.55,,99.569,0.0,0.0,99.569,0.05,11.6,0.31,26.72
Mozambique,2005,MOZ,20304577.0,20658231192.0,0.0,0.0,13.13,0.0,13.13,,99.848,0.0,0.0,99.848,0.02,13.15,0.33,25.1
Mozambique,2006,MOZ,20787088.0,20951970966.0,0.0,0.0,14.57,0.0,14.57,,99.863,0.0,0.0,99.863,0.02,14.59,0.37,25.36
Mozambique,2007,MOZ,21287638.0,20803537606.0,0.0,0.0,15.9,0.0,15.9,,99.937,0.0,0.0,99.937,0.01,15.91,0.39,24.51
Mozambique,2008,MOZ,21819037.0,20553356220.0,0.0,0.0,14.96,0.0,14.96,,99.933,0.0,0.0,99.933,0.01,14.97,0.37,24.72
Mozambique,2009,MOZ,22391751.0,20249940482.0,0.0,0.0,16.78,0.0,16.78,,99.94,0.0,0.0,99.94,0.01,16.79,0.41,24.42
Mozambique,2010,MOZ,22999234.0,20039610112.0,0.0,0.0,16.65,0.0,16.65,,99.88,0.0,0.0,99.88,0.02,16.67,0.41,24.6
Mozambique,2011,MOZ,23649045.0,19919625683.0,0.0,0.0,16.48,0.0,16.48,,99.337,0.0,0.0,99.337,0.11,16.59,0.46,27.73
Mozambique,2012,MOZ,24337849.0,21365393250.0,0.0,0.0,14.86,0.0,14.86,,99.265,0.0,0.0,99.265,0.11,14.97,0.42,28.06
Mozambique,2013,MOZ,25051613.0,22853277292.0,0.0,0.0,14.66,0.0,14.66,,98.588,0.0,0.0,98.588,0.21,14.87,0.49,32.95
Mozambique,2014,MOZ,25788473.0,24544192952.0,0.0,0.0,16.18,0.0,16.18,,98.659,0.0,0.0,98.659,0.22,16.4,0.53,32.32
Mozambique,2015,MOZ,26547576.0,26194296097.0,0.0,0.0,17.09,0.0,17.09,,92.982,0.0,0.0,92.982,1.29,18.38,1.25,68.01
Mozambique,2016,MOZ,27337107.0,27195969056.0,0.0,0.0,15.6,0.0,15.6,,82.715,0.0,0.0,82.715,3.26,18.86,2.5,132.56
Mozambique,2017,MOZ,28166397.0,28213368238.0,0.0,0.0,14.06,0.14,14.2,,80.499,0.0,0.0,79.705,3.44,17.64,2.61,147.96
Mozambique,2018,MOZ,29018647.0,29185036688.0,0.0,0.0,13.9,0.12,14.02,,81.797,0.0,0.0,81.097,3.12,17.14,2.39,139.44
Mozambique,2019,MOZ,29884378.0,29860675429.0,0.03,0.0,14.93,0.11,15.07,,79.358,0.158,0.0,78.62,3.92,18.99,2.93,154.29
Mozambique,2020,MOZ,30783685.0,29502646219.0,0.07,0.0,15.7,0.11,15.88,,83.491,0.368,0.0,82.545,3.14,19.02,2.44,128.29
Mozambique,2021,MOZ,31707798.0,30189464161.0,0.07,0.0,15.47,0.11,15.65,,82.98,0.371,0.0,82.025,3.21,18.86,2.48,131.5
Mozambique,2022,MOZ,32656242.0,31441725629.0,0.07,0.0,16.17,0.13,16.37,,83.691,0.358,0.0,82.669,3.19,19.56,2.5,127.81
Mozambique,2023,MOZ,33635163.0,31441725629.0,0.07,0.0,16.48,0.13,16.68,,83.567,0.351,0.0,82.565,3.28,19.96,2.57,128.76
Mozambique,2024,MOZ,34631767.0,31441725629.0,0.08,0.0,16.3,0.13,16.51,,83.426,0.404,0.0,82.365,3.28,19.79,2.56,129.36
Myanmar,2000,MMR,45290850.0,84093543935.0,0.0,0.0,1.87,0.0,1.87,,36.667,0.0,0.0,36.667,3.23,5.1,2.9,568.63
Myanmar,2001,MMR,45771140.0,92175090616.0,0.0,0.0,1.8,0.0,1.8,,38.544,0.0,0.0,38.544,2.87,4.67,2.61,558.89
Myanmar,2002,MMR,46232656.0,101591501239.0,0.0,0.0,2.11,0.0,2.11,,41.617,0.0,0.0,41.617,2.96,5.07,2.79,550.3
Myanmar,2003,MMR,46667191.0,113781428684.0,0.0,0.0,2.08,0.0,2.08,,38.376,0.0,0.0,38.376,3.34,5.42,3.15,581.18
Myanmar,2004,MMR,47068779.0,127115611447.0,0.0,0.0,2.41,0.0,2.41,,42.959,0.0,0.0,42.959,3.2,5.61,3.05,543.67
Myanmar,2005,MMR,47438362.0,142039114248.0,0.0,0.0,3.0,0.0,3.0,,49.834,0.0,0.0,49.834,3.02,6.02,2.88,478.41
Myanmar,2006,MMR,47785141.0,158028614076.0,0.0,0.0,3.33,0.0,3.33,,53.883,0.0,0.0,53.883,2.85,6.18,2.71,438.51
Myanmar,2007,MMR,48125047.0,174123352808.0,0.0,0.0,3.62,0.0,3.62,,56.562,0.0,0.0,56.562,2.78,6.4,2.64,412.5
Myanmar,2008,MMR,48390790.0,177512910900.0,0.0,0.0,4.07,0.0,4.07,,61.48,0.0,0.0,61.48,2.55,6.62,2.46,371.6
Myanmar,2009,MMR,48660458.0,183291522878.0,0.0,0.0,5.26,0.0,5.26,,75.466,0.0,0.0,75.466,1.71,6.97,1.7,243.9
Myanmar,2010,MMR,49024376.0,189724140707.0,0.0,0.0,6.19,0.0,6.19,,71.81,0.0,0.0,71.81,2.43,8.62,2.39,277.26
Myanmar,2011,MMR,49419825.0,197359087812.0,0.0,0.0,7.52,0.0,7.52,,72.1,0.0,0.0,72.1,2.91,10.43,2.87,275.17
Myanmar,2012,MMR,49837451.0,210159799971.0,0.0,0.0,7.77,0.19,7.96,,71.326,0.0,0.0,69.624,3.2,11.16,3.17,284.05
Myanmar,2013,MMR,50262658.0,226760324221.0,0.01,0.0,8.82,0.21,9.04,,72.552,0.08,0.0,70.787,3.42,12.46,3.44,276.08
Myanmar,2014,MMR,50681635.0,245354667120.0,0.01,0.0,8.83,0.22,9.06,,62.96,0.069,0.0,61.362,5.33,14.39,5.27,366.23
Myanmar,2015,MMR,51089060.0,263690038660.0,0.03,0.0,9.4,0.21,9.64,,59.506,0.185,0.0,58.025,6.56,16.2,6.45,398.15
Myanmar,2016,MMR,51495701.0,280587266112.0,0.05,0.0,9.74,0.21,10.0,,55.188,0.276,0.0,53.753,8.12,18.12,7.97,439.85
Myanmar,2017,MMR,51894939.0,296721043920.0,0.06,0.0,10.93,0.23,11.22,,53.327,0.285,0.0,51.949,9.82,21.04,9.49,451.05
Myanmar,2018,MMR,52272250.0,315726037240.0,0.07,0.0,12.27,0.25,12.59,,58.179,0.323,0.0,56.701,9.05,21.64,8.77,405.27
Myanmar,2019,MMR,52640718.0,337037542855.0,0.09,0.0,10.52,0.26,10.87,,56.263,0.466,0.0,54.451,8.45,19.32,8.1,419.26
Myanmar,2020,MMR,53016525.0,347785669977.0,0.08,0.0,8.8,0.26,9.14,,48.669,0.426,0.0,46.858,9.64,18.78,9.15,487.22
Myanmar,2021,MMR,53387103.0,285399881185.0,0.09,0.0,9.51,0.26,9.86,,49.349,0.45,0.0,47.598,10.12,19.98,9.68,484.48
Myanmar,2022,MMR,53756791.0,291025085135.0,0.16,0.0,9.07,0.27,9.5,,40.86,0.688,0.0,39.011,13.75,23.25,13.11,563.87
Myanmar,2023,MMR,54133800.0,291025085135.0,0.11,0.0,9.43,0.27,9.81,,46.493,0.521,0.0,44.692,11.29,21.1,10.88,515.64
Myanmar,2024,MMR,54500086.0,291025085135.0,0.12,0.0,10.0,0.27,10.39,,47.858,0.553,0.0,46.062,11.32,21.71,10.92,502.99
Namibia,2000,NAM,1818650.0,11306497296.0,0.0,0.0,1.4,0.0,1.4,,97.222,0.0,0.0,97.222,0.04,1.44,0.06,41.67
Namibia,2001,NAM,1857059.0,11455708939.0,0.0,0.0,1.21,0.0,1.21,,100.0,0.0,0.0,100.0,0.0,1.21,0.03,24.79
Namibia,2002,NAM,1889976.0,12021866961.0,0.0,0.0,1.42,0.0,1.42,,99.301,0.0,0.0,99.301,0.01,1.43,0.04,27.97
Namibia,2003,NAM,1917469.0,12213390181.0,0.0,0.0,1.42,0.0,1.42,,99.301,0.0,0.0,99.301,0.01,1.43,0.04,27.97
Namibia,2004,NAM,1942087.0,13656396271.0,0.0,0.0,1.37,0.0,1.37,,99.275,0.0,0.0,99.275,0.01,1.38,0.04,28.99
Namibia,2005,NAM,1966581.0,14023333339.0,0.0,0.0,1.66,0.0,1.66,,98.225,0.0,0.0,98.225,0.03,1.69,0.07,41.42
Namibia,2006,NAM,1991890.0,15035738461.0,0.0,0.0,1.51,0.0,1.51,,93.789,0.0,0.0,93.789,0.1,1.61,0.13,80.75
Namibia,2007,NAM,2018607.0,15866803390.0,0.0,0.0,1.54,0.0,1.54,,98.089,0.0,0.0,98.089,0.03,1.57,0.07,44.59
Namibia,2008,NAM,2047059.0,16311345821.0,0.0,0.0,1.39,0.0,1.39,,88.535,0.0,0.0,88.535,0.18,1.57,0.19,121.02
Namibia,2009,NAM,2077400.0,16383138236.0,0.01,0.0,1.41,0.0,1.42,,94.667,0.667,0.0,94.0,0.08,1.5,0.1,66.67
Namibia,2010,NAM,2109815.0,17398594185.0,0.01,0.0,1.25,0.0,1.26,,96.183,0.763,0.0,95.42,0.05,1.31,0.07,53.44
Namibia,2011,NAM,2146331.0,18309342330.0,0.01,0.0,1.4,0.0,1.41,,97.241,0.69,0.0,96.552,0.04,1.45,0.07,48.28
Namibia,2012,NAM,2194656.0,19236166518.0,0.01,0.0,1.61,0.0,1.62,,97.006,0.599,0.0,96.407,0.05,1.67,0.08,47.9
Namibia,2013,NAM,2252505.0,20316276333.0,0.02,0.0,1.27,0.0,1.29,,95.556,1.481,0.0,94.074,0.06,1.35,0.07,51.85
Namibia,2014,NAM,2312143.0,21554146363.0,0.03,0.0,1.49,0.0,1.52,,99.346,1.961,0.0,97.386,0.01,1.53,0.05,32.68
Namibia,2015,NAM,2374305.0,22473214767.0,0.04,0.0,1.5,0.0,1.54,,97.468,2.532,0.0,94.937,0.04,1.58,0.07,44.3
Namibia,2016,NAM,2439219.0,22480856444.0,0.06,0.0,1.36,0.0,1.42,,95.946,4.054,0.0,91.892,0.06,1.48,0.08,54.05
Namibia,2017,NAM,2506854.0,22249978012.0,0.11,0.0,1.59,0.0,1.7,,96.045,6.215,0.0,89.831,0.07,1.77,0.11,62.15
Namibia,2018,NAM,2577327.0,22485828408.0,0.23,0.02,1.14,0.0,1.39,,98.582,16.312,1.418,80.851,0.02,1.41,0.06,42.55
Namibia,2019,NAM,2650499.0,22297166631.0,0.36,0.02,0.95,0.0,1.33,,96.377,26.087,1.449,68.841,0.05,1.38,0.08,57.97
Namibia,2020,NAM,2728760.0,20505368156.0,0.41,0.02,1.5,0.0,1.93,,96.5,20.5,1.0,75.0,0.07,2.0,0.12,60.0
Namibia,2021,NAM,2810552.0,21049990407.0,0.48,0.02,0.97,0.0,1.47,,97.351,31.788,1.325,64.238,0.04,1.51,0.07,46.36
Namibia,2022,NAM,2889668.0,21858730428.0,0.5,0.02,0.78,0.0,1.3,,98.485,37.879,1.515,59.091,0.02,1.32,0.06,45.46
Namibia,2023,NAM,2963102.0,21858730428.0,0.51,0.02,1.32,0.0,1.85,,97.884,26.984,1.058,69.841,0.04,1.89,0.09,47.62
Namibia,2024,NAM,3030127.0,21858730428.0,0.58,0.02,1.0,0.0,1.6,,97.561,35.366,1.22,60.976,0.04,1.64,0.08,48.78
Nauru,2000,NRU,10187.0,,0.0,0.0,0.0,0.0,0.0,,0.0,0.0,0.0,0.0,0.03,0.03,0.02,666.67
Nauru,2001,NRU,10147.0,,0.0,0.0,0.0,0.0,0.0,,0.0,0.0,0.0,0.0,0.03,0.03,0.02,666.67
Nauru,2002,NRU,10105.0,,0.0,0.0,0.0,0.0,0.0,,0.0,0.0,0.0,0.0,0.03,0.03,0.02,666.67
Nauru,2003,NRU,10086.0,,0.0,0.0,0.0,0.0,0.0,,0.0,0.0,0.0,0.0,0.03,0.03,0.02,666.67
Nauru,2004,NRU,10084.0,,0.0,0.0,0.0,0.0,0.0,,0.0,0.0,0.0,0.0,0.03,0.03,0.02,666.67
Nauru,2005,NRU,10071.0,,0.0,0.0,0.0,0.0,0.0,,0.0,0.0,0.0,0.0,0.03,0.03,0.02,666.67
Nauru,2006,NRU,10061.0,,0.0,0.0,0.0,0.0,0.0,,0.0,0.0,0.0,0.0,0.02,0.02,0.01,500.0
Nauru,2007,NRU,10042.0,,0.0,0.0,0.0,0.0,0.0,,0.0,0.0,0.0,0.0,0.02,0.02,0.01,500.0
Nauru,2008,NRU,10032.0,,0.0,0.0,0.0,0.0,0.0,,0.0,0.0,0.0,0.0,0.02,0.02,0.01,500.0
Nauru,2009,NRU,10041.0,,0.0,0.0,0.0,0.0,0.0,,0.0,0.0,0.0,0.0,0.02,0.02,0.01,500.0
Nauru,2010,NRU,10067.0,,0.0,0.0,0.0,0.0,0.0,,0.0,0.0,0.0,0.0,0.02,0.02,0.01,500.0
Nauru,2011,NRU,10116.0,,0.0,0.0,0.0,0.0,0.0,,0.0,0.0,0.0,0.0,0.02,0.02,0.01,500.0
Nauru,2012,NRU,10289.0,,0.0,0.0,0.0,0.0,0.0,,0.0,0.0,0.0,0.0,0.02,0.02,0.01,500.0
Nauru,2013,NRU,10539.0,,0.0,0.0,0.0,0.0,0.0,,0.0,0.0,0.0,0.0,0.02,0.02,0.01,500.0
Nauru,2014,NRU,10766.0,,0.0,0.0,0.0,0.0,0.0,,0.0,0.0,0.0,0.0,0.03,0.03,0.02,666.67
Nauru,2015,NRU,10975.0,,0.0,0.0,0.0,0.0,0.0,,0.0,0.0,0.0,0.0,0.03,0.03,0.02,666.67
Nauru,2016,NRU,11173.0,,0.0,0.0,0.0,0.0,0.0,,0.0,0.0,0.0,0.0,0.03,0.03,0.02,666.67
Nauru,2017,NRU,11351.0,,0.0,0.0,0.0,0.0,0.0,,0.0,0.0,0.0,0.0,0.03,0.03,0.02,666.67
Nauru,2018,NRU,11499.0,,0.0,0.0,0.0,0.0,0.0,,0.0,0.0,0.0,0.0,0.04,0.04,0.03,750.0
Nauru,2019,NRU,11609.0,,0.0,0.0,0.0,0.0,0.0,,0.0,0.0,0.0,0.0,0.04,0.04,0.03,750.0
Nauru,2020,NRU,11665.0,,0.0,0.0,0.0,0.0,0.0,,0.0,0.0,0.0,0.0,0.04,0.04,0.03,750.0
Nauru,2021,NRU,11727.0,,0.0,0.0,0.0,0.0,0.0,,0.0,0.0,0.0,0.0,0.04,0.04,0.03,750.0
Nauru,2022,NRU,11822.0,,0.0,0.0,0.0,0.0,0.0,,0.0,0.0,0.0,0.0,0.04,0.04,0.03,750.0
Nauru,2023,NRU,11900.0,,0.0,0.0,0.0,0.0,0.0,,0.0,0.0,0.0,0.0,0.04,0.04,0.03,750.0
Nauru,2024,NRU,11968.0,,0.01,0.0,0.0,0.0,0.01,,20.0,20.0,0.0,0.0,0.04,0.05,0.03,600.0
Nepal,2000,NPL,24546509.0,39381724035.0,0.0,0.0,1.62,0.0,1.62,,98.182,0.0,0.0,98.182,0.03,1.65,0.06,36.36
Nepal,2001,NPL,24946755.0,41523111510.0,0.0,0.0,1.83,0.0,1.83,,98.919,0.0,0.0,98.919,0.02,1.85,0.05,27.03
Nepal,2002,NPL,25328989.0,41501458057.0,0.0,0.0,2.1,0.0,2.1,,100.0,0.0,0.0,100.0,0.0,2.1,0.05,23.81
Nepal,2003,NPL,25688762.0,43073954586.0,0.0,0.0,2.26,0.0,2.26,,100.0,0.0,0.0,100.0,0.0,2.26,0.05,22.12
Nepal,2004,NPL,26016652.0,45033771388.0,0.0,0.0,2.38,0.0,2.38,,99.582,0.0,0.0,99.582,0.01,2.39,0.07,29.29
Nepal,2005,NPL,26309462.0,46375899545.0,0.0,0.0,2.49,0.0,2.49,,99.203,0.0,0.0,99.203,0.02,2.51,0.07,27.89
Nepal,2006,NPL,26565430.0,48016624917.0,0.0,0.0,2.71,0.0,2.71,,99.632,0.0,0.0,99.632,0.01,2.72,0.07,25.74
Nepal,2007,NPL,26788498.0,49595508764.0,0.0,0.0,2.76,0.0,2.76,,99.639,0.0,0.0,99.639,0.01,2.77,0.08,28.88
Nepal,2008,NPL,26990036.0,52545963062.0,0.0,0.0,2.78,0.0,2.78,,99.642,0.0,0.0,99.642,0.01,2.79,0.08,28.67
Nepal,2009,NPL,27173035.0,54837737569.0,0.0,0.0,3.07,0.0,3.07,,99.675,0.0,0.0,99.675,0.01,3.08,0.08,25.97
Nepal,2010,NPL,27341955.0,57388251486.0,0.01,0.0,3.17,0.0,3.18,,100.0,0.314,0.0,99.686,0.0,3.18,0.08,25.16
Nepal,2011,NPL,27464499.0,59280309000.0,0.01,0.0,3.45,0.0,3.46,,100.0,0.289,0.0,99.711,0.0,3.46,0.08,23.12
Nepal,2012,NPL,27534916.0,62106290000.0,0.01,0.0,3.5,0.0,3.51,,99.433,0.283,0.0,99.15,0.02,3.53,0.09,25.5
Nepal,2013,NPL,27589997.0,64655772000.0,0.02,0.0,3.47,0.0,3.49,,99.714,0.571,0.0,99.143,0.01,3.5,0.09,25.71
Nepal,2014,NPL,27672373.0,68540931000.0,0.02,0.01,3.77,0.0,3.8,,100.0,0.526,0.263,99.211,0.0,3.8,0.09,23.68
Nepal,2015,NPL,27823631.0,70404490000.0,0.02,0.01,3.43,0.0,3.46,,100.0,0.578,0.289,99.133,0.0,3.46,0.08,23.12
Nepal,2016,NPL,27955471.0,70942615519.0,0.02,0.01,4.15,0.0,4.18,,100.0,0.478,0.239,99.282,0.0,4.18,0.1,23.92
Nepal,2017,NPL,28011258.0,77349484140.0,0.08,0.01,4.49,0.0,4.58,,100.0,1.747,0.218,98.035,0.0,4.58,0.11,24.02
Nepal,2018,NPL,28079688.0,83234791901.0,0.08,0.01,4.75,0.0,4.84,,100.0,1.653,0.207,98.14,0.0,4.84,0.11,22.73
Nepal,2019,NPL,28414066.0,88775779267.0,0.08,0.01,6.06,0.0,6.15,,100.0,1.301,0.163,98.537,0.0,6.15,0.14,22.76
Nepal,2020,NPL,28966580.0,86672124340.0,0.08,0.01,6.09,0.0,6.18,,100.0,1.294,0.162,98.544,0.0,6.18,0.14,22.65
Nepal,2021,NPL,29475016.0,90865461899.0,0.09,0.01,9.53,0.0,9.63,,100.0,0.935,0.104,98.962,0.0,9.63,0.23,23.88
Nepal,2022,NPL,29715435.0,95965910597.0,0.1,0.01,10.59,0.0,10.7,,100.0,0.935,0.093,98.972,0.0,10.7,0.25,23.36
Nepal,2023,NPL,29694614.0,95965910597.0,0.1,0.01,10.59,0.0,10.7,,100.0,0.935,0.093,98.972,0.0,10.7,0.25,23.36
Nepal,2024,NPL,29651054.0,95965910597.0,0.12,0.01,11.0,0.0,11.13,,100.0,1.078,0.09,98.832,0.0,11.13,0.27,24.26
Netherlands,1965,NLD,12301136.0,191976456000.0,0.0,0.0,0.0,0.0,0.0,0.0,,,,,,,,
Netherlands,1966,NLD,12464283.0,197259119306.0,0.0,0.0,0.0,0.0,0.0,0.0,,,,,,,,
Netherlands,1967,NLD,12607835.0,207633421404.0,0.0,0.0,0.0,0.0,0.0,0.0,,,,,,,,
Netherlands,1968,NLD,12740851.0,220964062773.0,0.0,0.0,0.0,0.0,0.0,0.0,,,,,,,,
Netherlands,1969,NLD,12890641.0,235189710000.0,0.0,0.0,0.0,0.0,0.0,0.0,,,,,,,,
Netherlands,1970,NLD,13052082.0,248591789379.0,0.0,0.0,0.0,0.0,0.0,0.0,,,,,,,,
Netherlands,1971,NLD,13208353.0,259072992746.0,0.0,0.0,0.0,0.0,0.0,0.0,,,,,,,,
Netherlands,1972,NLD,13342780.0,267650540516.0,0.0,0.0,0.0,0.0,0.0,0.0,,,,,,,,
Netherlands,1973,NLD,13453743.0,280204167994.0,0.0,0.0,0.0,0.0,0.0,0.0,,,,,,,,
Netherlands,1974,NLD,13559671.0,291312123839.0,0.0,0.0,0.0,0.0,0.0,0.0,,,,,,,,
Netherlands,1975,NLD,13680033.0,291064001443.0,0.0,0.0,0.0,0.803,0.803,0.305,,,,,,,,
Netherlands,1976,NLD,13786641.0,304755716417.0,0.0,0.0,0.0,0.872,0.872,0.304,,,,,,,,
Netherlands,1977,NLD,13868605.0,313049851248.0,0.0,0.0,0.0,0.867,0.867,0.308,,,,,,,,
Netherlands,1978,NLD,13953922.0,320433845812.0,0.0,0.0,0.0,1.211,1.211,0.421,,,,,,,,
Netherlands,1979,NLD,14050176.0,327558455599.0,0.0,0.0,0.0,1.106,1.106,0.372,,,,,,,,
Netherlands,1980,NLD,14162686.0,331504760244.0,0.0,0.0,0.0,1.024,1.024,0.367,,,,,,,,
Netherlands,1981,NLD,14262691.0,329838768517.0,0.0,0.0,0.0,1.085,1.085,0.41,,,,,,,,
Netherlands,1982,NLD,14333902.0,325990943144.0,0.0,0.0,0.0,0.265,0.265,0.108,,,,,,,,
Netherlands,1983,NLD,14396898.0,331569924519.0,0.0,0.0,0.0,0.231,0.231,0.094,,,,,,,,
Netherlands,1984,NLD,14462809.0,342475533447.0,0.0,0.0,0.0,0.017,0.017,0.007,,,,,,,,
Netherlands,1985,NLD,14538958.0,353024505325.0,0.0,0.0,0.003,0.441,0.444,0.169,0.705,0.0,0.0,0.005,56.304,62.975,,
Netherlands,1986,NLD,14626488.0,362737684375.0,0.0,0.001,0.003,0.553,0.557,0.201,0.829,0.0,0.001,0.004,60.096,67.17,,
Netherlands,1987,NLD,14724948.0,367878506665.0,0.0,0.002,0.001,0.702,0.705,0.25,1.03,0.0,0.003,0.001,61.899,68.448,,
Netherlands,1988,NLD,14825915.0,377506480189.0,0.0,0.016,0.002,0.835,0.853,0.301,1.225,0.0,0.023,0.003,62.479,69.654,,
Netherlands,1989,NLD,14921107.0,395159119113.0,0.0,0.023,0.037,0.9,0.96,0.335,1.314,0.0,0.031,0.051,65.393,73.081,,
Netherlands,1990,NLD,15030886.0,411390791201.0,0.0,0.06,0.09,0.67,0.82,0.273,1.16,0.0,0.085,0.127,66.38,70.7,,588.26
Netherlands,1991,NLD,15155093.0,423942311236.0,0.0,0.09,0.1,0.74,0.93,0.31,1.27,0.0,0.123,0.137,68.96,73.22,,566.79
Netherlands,1992,NLD,15276787.0,433663917114.0,0.0,0.15,0.12,0.73,1.0,0.33,1.319,0.0,0.198,0.158,71.04,75.84,,556.83
Netherlands,1993,NLD,15389718.0,441708287208.0,0.0,0.17,0.09,0.84,1.1,0.363,1.45,0.0,0.224,0.119,70.83,75.88,,548.37
Netherlands,1994,NLD,15485453.0,457377474101.0,0.0,0.24,0.1,0.92,1.26,0.414,1.61,0.0,0.307,0.128,73.03,78.26,,561.97
Netherlands,1995,NLD,15565034.0,474451023067.0,0.0,0.32,0.09,1.0,1.41,0.442,1.767,0.0,0.401,0.113,74.35,79.78,,579.09
Netherlands,1996,NLD,15640032.0,494206817608.0,0.0,0.44,0.08,1.3,1.82,0.546,2.165,0.0,0.523,0.095,78.09,84.07,,558.94
Netherlands,1997,NLD,15723621.0,518458402185.0,0.0,0.47,0.09,1.45,2.01,0.616,2.362,0.0,0.552,0.106,80.68,85.1,,556.99
Netherlands,1998,NLD,15827109.0,545041076356.0,0.0,0.64,0.11,1.57,2.32,0.703,2.595,0.0,0.716,0.123,83.26,89.39,,554.87
Netherlands,1999,NLD,15940183.0,575899135456.0,0.01,0.64,0.09,1.77,2.51,0.77,2.947,0.012,0.752,0.106,78.82,85.16,,533.23
Netherlands,2000,NLD,16058757.0,603803040978.0,0.01,0.83,0.14,1.99,2.97,0.895,3.373,0.011,0.943,0.159,81.16,88.06,47.58,540.31
Netherlands,2001,NLD,16182705.0,620170874924.0,0.01,0.83,0.12,2.35,3.31,0.958,3.592,0.011,0.901,0.13,84.85,92.14,49.85,541.03
Netherlands,2002,NLD,16288060.0,624424625610.0,0.02,0.95,0.11,2.9,3.98,1.15,4.205,0.021,1.004,0.116,86.75,94.64,50.99,538.78
Netherlands,2003,NLD,16366914.0,629811489833.0,0.03,1.32,0.07,2.54,3.96,1.124,4.148,0.031,1.383,0.073,87.49,95.47,51.63,540.8
Netherlands,2004,NLD,16425562.0,646331449347.0,0.03,1.87,0.09,3.31,5.3,1.452,5.31,0.03,1.873,0.09,90.7,99.82,52.18,522.74
Netherlands,2005,NLD,16465707.0,664118269501.0,0.04,2.07,0.09,5.26,7.46,2.013,7.571,0.041,2.101,0.091,87.07,98.53,50.42,511.72
Netherlands,2006,NLD,16493851.0,691453801614.0,0.04,2.74,0.11,5.17,8.06,2.24,8.265,0.041,2.81,0.113,85.99,97.52,49.87,511.38
Netherlands,2007,NLD,16531360.0,721200009128.0,0.04,3.44,0.11,4.0,7.59,2.341,7.321,0.039,3.318,0.106,91.89,103.68,52.85,509.74
Netherlands,2008,NLD,16597259.0,737705013303.0,0.04,4.26,0.1,5.13,9.53,2.817,8.973,0.038,4.011,0.094,92.51,106.21,52.51,494.4
Netherlands,2009,NLD,16684148.0,713986817901.0,0.04,4.58,0.1,6.11,10.83,3.323,9.64,0.036,4.077,0.089,97.27,112.35,54.68,486.69
Netherlands,2010,NLD,16771232.0,728193221597.0,0.06,3.99,0.1,7.04,11.19,3.039,9.475,0.051,3.378,0.085,102.94,118.1,56.47,478.15
Netherlands,2011,NLD,16851061.0,744614396708.0,0.1,5.1,0.06,7.06,12.32,3.546,10.938,0.089,4.528,0.053,96.18,112.64,53.2,472.3
Netherlands,2012,NLD,16915191.0,736942199791.0,0.19,4.98,0.1,7.2,12.47,3.67,12.193,0.186,4.869,0.098,85.89,102.27,50.57,494.48
Netherlands,2013,NLD,16967066.0,735982982299.0,0.41,5.63,0.11,5.95,12.1,3.61,12.033,0.408,5.599,0.109,85.57,100.56,50.34,500.6
Netherlands,2014,NLD,17030085.0,746458868661.0,0.73,5.8,0.11,5.01,11.65,3.651,11.41,0.715,5.681,0.108,86.36,102.1,53.22,521.25
Netherlands,2015,NLD,17107429.0,761083250759.0,1.11,7.55,0.09,4.94,13.69,4.031,12.561,1.018,6.927,0.083,91.22,108.99,60.1,551.43
Netherlands,2016,NLD,17204693.0,777764090323.0,1.6,8.17,0.1,4.91,14.78,4.139,12.969,1.404,7.169,0.088,95.22,113.96,59.78,524.57
Netherlands,2017,NLD,17315376.0,800404023156.0,2.2,10.57,0.06,4.6,17.43,4.795,15.021,1.896,9.109,0.052,95.21,116.04,56.82,489.66
Netherlands,2018,NLD,17421285.0,819300805024.0,3.71,10.55,0.07,4.55,18.88,5.505,16.693,3.28,9.328,0.062,90.71,113.1,52.83,467.11
Netherlands,2019,NLD,17537505.0,835323029559.0,5.4,11.51,0.07,5.82,22.8,6.709,18.992,4.498,9.588,0.058,93.34,120.05,49.22,410.0
Netherlands,2020,NLD,17636732.0,802861622095.0,8.57,15.27,0.05,8.84,32.73,9.735,26.837,7.027,12.52,0.041,85.14,121.96,41.82,342.9
Netherlands,2021,NLD,17730565.0,841906706612.0,11.3,18.13,0.09,10.92,40.44,11.483,33.452,9.347,14.997,0.074,76.62,120.89,42.55,351.97
Netherlands,2022,NLD,17904421.0,879609110665.0,16.66,21.57,0.05,9.82,48.1,14.417,40.097,13.888,17.981,0.042,67.7,119.96,39.06,325.61
Netherlands,2023,NLD,18092526.0,879609110665.0,19.61,29.52,0.07,7.64,56.84,16.63,47.382,16.347,24.608,0.058,59.13,119.96,32.17,268.17
Netherlands,2024,NLD,18228740.0,879609110665.0,21.82,33.48,0.09,6.68,62.07,18.119,50.74,17.837,27.369,0.074,56.69,122.33,30.67,250.72
Netherlands,2025,NLD,18346823.0,879609110665.0,28.5,33.7,0.05,6.85,69.1,18.119,51.2,21.117,24.97,0.037,61.87,134.96,34.22,253.56
New Caledonia,2000,NCL,223110.0,,0.0,0.01,0.44,0.0,0.45,,27.439,0.0,0.61,26.829,1.19,1.64,0.83,506.1
New Caledonia,2001,NCL,227714.0,,0.0,0.01,0.36,0.0,0.37,,21.512,0.0,0.581,20.93,1.35,1.72,0.94,546.51
New Caledonia,2002,NCL,232239.0,,0.0,0.01,0.32,0.0,0.33,,18.857,0.0,0.571,18.286,1.42,1.75,1.0,571.43
New Caledonia,2003,NCL,236684.0,,0.0,0.0,0.32,0.0,0.32,,18.286,0.0,0.0,18.286,1.43,1.75,0.99,565.71
New Caledonia,2004,NCL,240865.0,,0.0,0.01,0.32,0.0,0.33,,19.76,0.0,0.599,19.162,1.34,1.67,0.93,556.89
New Caledonia,2005,NCL,244391.0,,0.0,0.02,0.34,0.0,0.36,,19.149,0.0,1.064,18.085,1.52,1.88,1.05,558.51
New Caledonia,2006,NCL,247557.0,,0.0,0.03,0.28,0.0,0.31,,16.578,0.0,1.604,14.973,1.56,1.87,1.08,577.54
New Caledonia,2007,NCL,250730.0,,0.0,0.04,0.39,0.0,0.43,,22.28,0.0,2.073,20.207,1.5,1.93,1.04,538.86
New Caledonia,2008,NCL,253831.0,,0.0,0.03,0.45,0.0,0.48,,25.806,0.0,1.613,24.194,1.38,1.86,0.94,505.38
New Caledonia,2009,NCL,257261.0,,0.0,0.03,0.4,0.0,0.43,,22.165,0.0,1.546,20.619,1.51,1.94,1.05,541.24
New Caledonia,2010,NCL,261580.0,,0.0,0.05,0.26,0.0,0.31,,14.623,0.0,2.358,12.264,1.81,2.12,1.32,622.64
New Caledonia,2011,NCL,266550.0,,0.0,0.05,0.37,0.0,0.42,,18.584,0.0,2.212,16.372,1.84,2.26,1.34,592.92
New Caledonia,2012,NCL,271640.0,,0.0,0.06,0.4,0.0,0.46,,20.087,0.0,2.62,17.467,1.83,2.29,1.32,576.42
New Caledonia,2013,NCL,276832.0,,0.0,0.05,0.46,0.0,0.51,,20.319,0.0,1.992,18.327,2.0,2.51,1.45,577.69
New Caledonia,2014,NCL,281233.0,,0.0,0.06,0.29,0.0,0.35,,11.628,0.0,1.993,9.635,2.66,3.01,1.91,634.55
New Caledonia,2015,NCL,283179.0,,0.01,0.06,0.34,0.0,0.41,,14.138,0.345,2.069,11.724,2.49,2.9,1.82,627.59
New Caledonia,2016,NCL,283432.0,,0.01,0.05,0.23,0.0,0.29,,9.236,0.318,1.592,7.325,2.85,3.14,2.12,675.16
New Caledonia,2017,NCL,283554.0,,0.03,0.05,0.36,0.0,0.44,,13.622,0.929,1.548,11.146,2.79,3.23,2.12,656.35
New Caledonia,2018,NCL,283551.0,,0.05,0.05,0.32,0.0,0.42,,12.0,1.429,1.429,9.143,3.08,3.5,2.33,665.71
New Caledonia,2019,NCL,283616.0,,0.12,0.06,0.28,0.0,0.46,,13.814,3.604,1.802,8.408,2.87,3.33,2.21,663.66
New Caledonia,2020,NCL,284187.0,,0.15,0.05,0.31,0.0,0.51,,15.741,4.63,1.543,9.568,2.73,3.24,2.13,657.41
New Caledonia,2021,NCL,285227.0,,0.18,0.04,0.43,0.0,0.65,,22.337,6.186,1.375,14.777,2.26,2.91,1.74,597.94
New Caledonia,2022,NCL,287130.0,,0.23,0.04,0.54,0.0,0.81,,26.214,7.443,1.294,17.476,2.28,3.09,1.75,566.34
New Caledonia,2023,NCL,289879.0,,0.23,0.04,0.54,0.0,0.81,,26.214,7.443,1.294,17.476,2.28,3.09,1.75,566.34
New Caledonia,2024,NCL,292655.0,,0.26,0.04,0.54,0.0,0.84,,26.923,8.333,1.282,17.308,2.28,3.12,1.75,560.9
New Zealand,1965,NZL,2636493.0,45787174706.0,0.0,0.0,10.019,1.348,11.367,38.232,,,,,,,,
New Zealand,1966,NZL,2682589.0,48674218934.0,0.0,0.0,10.805,1.359,12.164,38.495,,,,,,,,
New Zealand,1967,NZL,2723417.0,46452208387.0,0.0,0.0,11.221,1.134,12.355,38.718,,,,,,,,
New Zealand,1968,NZL,2754522.0,46376031000.0,0.0,0.0,11.773,1.295,13.068,40.06,,,,,,,,
New Zealand,1969,NZL,2784399.0,51163398000.0,0.0,0.0,11.636,1.327,12.963,39.058,,,,,,,,
New Zealand,1970,NZL,2822184.0,50438272620.0,0.0,0.0,12.67,1.273,13.943,37.702,,,,,,,,
New Zealand,1971,NZL,2867168.0,53055036500.0,0.0,0.0,14.394,1.256,15.65,40.438,,,,,,,,
New Zealand,1972,NZL,2919263.0,55327771744.0,0.0,0.0,15.265,1.257,16.522,39.986,,,,,,,,
New Zealand,1973,NZL,2978989.0,59259510166.0,0.0,0.0,15.097,1.243,16.34,37.984,,,,,,,,
New Zealand,1974,NZL,3041223.0,62785891595.0,0.0,0.0,15.189,2.079,17.268,39.815,,,,,,,,
New Zealand,1975,NZL,3094039.0,62066045572.0,0.0,0.0,16.664,2.106,18.77,42.64,,,,,,,,
New Zealand,1976,NZL,3126639.0,63578722534.0,0.0,0.0,15.499,2.055,17.554,38.524,,,,,,,,
New Zealand,1977,NZL,3140129.0,60481237133.0,0.0,0.0,14.72,1.978,16.698,35.864,,,,,,,,
New Zealand,1978,NZL,3142245.0,60726376536.0,0.0,0.0,15.66,2.001,17.661,38.342,,,,,,,,
New Zealand,1979,NZL,3141596.0,61961889956.0,0.0,0.0,18.443,1.878,20.321,43.582,,,,,,,,
New Zealand,1980,NZL,3146325.0,62391720228.0,0.0,0.0,19.365,1.971,21.336,45.717,,,,,,,,
New Zealand,1981,NZL,3159844.0,65419585647.0,0.0,0.0,19.68,1.939,21.618,46.194,,,,,,,,
New Zealand,1982,NZL,3185129.0,66640155000.0,0.0,0.0,18.304,1.968,20.272,41.855,,,,,,,,
New Zealand,1983,NZL,3219281.0,68466870000.0,0.0,0.0,19.752,1.986,21.738,43.192,,,,,,,,
New Zealand,1984,NZL,3249828.0,71840334000.0,0.0,0.0,20.377,2.138,22.515,42.204,,,,,,,,
New Zealand,1985,NZL,3268030.0,72396720000.0,0.0,0.0,19.708,2.01,21.718,40.366,76.298,0.0,0.0,69.235,,28.465,,
New Zealand,1986,NZL,3281510.0,73916284000.0,0.0,0.0,22.098,2.083,24.181,41.711,82.401,0.0,0.0,75.303,,29.345,,
New Zealand,1987,NZL,3299443.0,74219984000.0,0.0,0.0,21.929,2.078,24.006,40.944,80.687,0.0,0.0,73.703,,29.753,,
New Zealand,1988,NZL,3316026.0,74015942000.0,0.0,0.0,22.963,2.087,25.05,41.01,80.582,0.0,0.0,73.868,,31.086,,
New Zealand,1989,NZL,3333822.0,74677446000.0,0.0,0.0,22.559,2.578,25.137,40.259,80.161,0.0,0.0,71.94,,31.358,,
New Zealand,1990,NZL,3396981.0,74483238000.0,0.0,0.0,23.185,2.953,26.138,40.273,80.143,0.0,0.0,71.089,,32.614,,
New Zealand,1991,NZL,3480933.0,74961224062.0,0.0,0.0,22.894,3.122,26.016,39.293,77.339,0.0,0.0,68.059,,33.639,,
New Zealand,1992,NZL,3532246.0,75624106462.0,0.0,0.001,21.093,3.069,24.163,36.402,72.755,0.0,0.002,63.511,,33.211,,
New Zealand,1993,NZL,3573609.0,79461848563.0,0.0,0.001,23.493,3.218,26.712,39.094,77.167,0.0,0.003,67.868,,34.616,,
New Zealand,1994,NZL,3621030.0,84890067977.0,0.0,0.001,25.837,3.075,28.913,40.072,82.149,0.0,0.003,73.41,,35.196,,
New Zealand,1995,NZL,3674434.0,88724280201.0,0.0,0.001,27.535,3.025,30.56,40.821,83.934,0.0,0.003,75.625,,36.41,,
New Zealand,1996,NZL,3729383.0,92246848029.0,0.0,0.008,26.183,2.951,29.143,38.333,79.183,0.0,0.023,71.141,,36.804,,
New Zealand,1997,NZL,3776950.0,95195281693.0,0.0,0.014,23.258,3.046,26.318,34.585,70.288,0.0,0.036,62.115,,37.443,,
New Zealand,1998,NZL,3811376.0,96170421359.0,0.0,0.022,25.319,3.308,28.649,37.698,75.84,0.0,0.058,67.025,,37.776,,
New Zealand,1999,NZL,3835561.0,100616403871.0,0.0,0.039,22.92,3.556,26.515,34.58,69.849,0.0,0.103,60.378,,37.96,,
New Zealand,2000,NZL,3857576.0,104942102861.0,0.0,0.12,24.19,3.61,27.92,35.364,71.755,0.0,0.308,62.169,10.99,38.91,7.17,184.27
New Zealand,2001,NZL,3891763.0,107226686179.0,0.0,0.14,21.46,3.4,25.0,31.767,63.646,0.0,0.356,54.633,14.28,39.28,9.05,230.4
New Zealand,2002,NZL,3951116.0,112775904669.0,0.0,0.15,24.62,3.23,28.0,34.139,69.634,0.0,0.373,61.229,12.21,40.21,7.95,197.71
New Zealand,2003,NZL,4022585.0,118221542739.0,0.0,0.15,23.39,3.14,26.68,33.366,66.089,0.0,0.372,57.939,13.69,40.37,9.33,231.11
New Zealand,2004,NZL,4083912.0,123732222489.0,0.0,0.36,26.97,3.27,30.6,36.99,72.392,0.0,0.852,63.804,11.67,42.27,8.63,204.16
New Zealand,2005,NZL,4135002.0,127087212440.0,0.0,0.61,23.09,3.66,27.36,33.787,64.407,0.0,1.436,54.355,15.12,42.48,10.8,254.24
New Zealand,2006,NZL,4181943.0,130823651084.0,0.0,0.62,23.34,3.92,27.88,34.047,64.777,0.0,1.441,54.229,15.16,43.04,10.71,248.84
New Zealand,2007,NZL,4223270.0,136252900902.0,0.0,0.92,23.4,4.09,28.41,34.701,65.491,0.0,2.121,53.942,14.97,43.38,9.85,227.06
New Zealand,2008,NZL,4261819.0,135932629621.0,0.0,1.05,22.12,4.7,27.87,33.836,64.231,0.0,2.42,50.979,15.52,43.39,10.71,246.83
New Zealand,2009,NZL,4304304.0,136500728040.0,0.0,1.46,23.98,5.35,30.79,37.362,71.688,0.0,3.399,55.832,12.16,42.95,8.44,196.51
New Zealand,2010,NZL,4347766.0,139478805582.0,0.0,1.62,24.48,6.3,32.4,38.311,73.121,0.0,3.656,55.247,11.91,44.31,7.95,179.42
New Zealand,2011,NZL,4382699.0,142521900112.0,0.0,1.94,24.86,6.53,33.33,39.187,75.992,0.0,4.423,56.68,10.53,43.86,7.28,165.98
New Zealand,2012,NZL,4411682.0,146280651356.0,0.0,2.06,22.67,6.65,31.38,36.696,71.726,0.0,4.709,51.817,12.37,43.75,8.67,198.17
New Zealand,2013,NZL,4453857.0,149512485774.0,0.01,2.0,22.8,6.87,31.68,36.769,74.192,0.023,4.684,53.396,11.02,42.7,7.56,177.05
New Zealand,2014,NZL,4522976.0,154422989929.0,0.02,2.19,24.07,7.67,33.95,37.452,79.101,0.047,5.103,56.081,8.97,42.92,6.37,148.42
New Zealand,2015,NZL,4614035.0,160782215776.0,0.04,2.34,24.28,8.23,34.89,38.143,80.078,0.092,5.371,55.726,8.68,43.57,6.22,142.76
New Zealand,2016,NZL,4714768.0,167418113760.0,0.06,2.32,25.66,8.35,36.39,38.817,84.334,0.139,5.377,59.467,6.76,43.15,4.94,114.48
New Zealand,2017,NZL,4812749.0,174187918857.0,0.08,2.07,24.93,8.38,35.46,37.085,81.219,0.183,4.741,57.1,8.2,43.66,5.76,131.93
New Zealand,2018,NZL,4900840.0,181445758308.0,0.1,2.05,26.03,8.29,36.47,38.098,83.398,0.229,4.688,59.524,7.26,43.73,5.41,123.71
New Zealand,2019,NZL,4989410.0,187274507980.0,0.13,2.23,25.32,8.38,36.06,36.9,82.423,0.297,5.097,57.874,7.69,43.75,5.85,133.71
New Zealand,2020,NZL,5069895.0,184971347287.0,0.16,2.28,24.03,8.61,35.08,39.275,80.923,0.369,5.26,55.433,8.27,43.35,6.16,142.1
New Zealand,2021,NZL,5107694.0,196312458906.0,0.21,2.62,23.99,8.77,35.59,40.316,81.722,0.482,6.016,55.086,7.96,43.55,6.31,144.89
New Zealand,2022,NZL,5131731.0,200602760076.0,0.28,2.89,25.86,8.57,37.6,43.295,86.936,0.647,6.682,59.792,5.65,43.25,4.46,103.12
New Zealand,2023,NZL,5172837.0,200602760076.0,0.37,3.51,26.17,8.39,38.44,42.265,89.625,0.863,8.184,61.017,4.45,42.89,3.74,87.2
New Zealand,2024,NZL,5213942.0,200602760076.0,0.37,4.31,23.45,9.71,37.84,42.554,85.98,0.841,9.793,53.283,6.17,44.01,4.93,112.02
New Zealand,2025,NZL,5251897.0,200602760076.0,0.37,4.22,23.77,10.01,38.37,42.554,88.533,0.854,9.737,54.845,4.97,43.34,4.02,92.76
Nicaragua,2000,NIC,5022636.0,13909591678.0,0.0,0.0,0.21,0.28,0.49,,21.491,0.0,0.0,9.211,1.79,2.28,1.21,530.7
Nicaragua,2001,NIC,5087827.0,14579899402.0,0.0,0.0,0.19,0.3,0.49,,19.838,0.0,0.0,7.692,1.98,2.47,1.33,538.46
Nicaragua,2002,NIC,5149914.0,14954188068.0,0.0,0.0,0.3,0.34,0.64,,25.098,0.0,0.0,11.765,1.91,2.55,1.31,513.73
Nicaragua,2003,NIC,5210970.0,15599450900.0,0.0,0.0,0.29,0.45,0.74,,27.407,0.0,0.0,10.741,1.96,2.7,1.35,500.0
Nicaragua,2004,NIC,5272909.0,16722815302.0,0.0,0.0,0.32,0.47,0.79,,28.114,0.0,0.0,11.388,2.02,2.81,1.4,498.22
Nicaragua,2005,NIC,5342108.0,17753885555.0,0.0,0.0,0.43,0.59,1.02,,35.664,0.0,0.0,15.035,1.84,2.86,1.3,454.55
Nicaragua,2006,NIC,5418857.0,18819405708.0,0.0,0.0,0.31,0.63,0.94,,30.032,0.0,0.0,9.904,2.19,3.13,1.53,488.82
Nicaragua,2007,NIC,5497247.0,20171035929.0,0.0,0.0,0.3,0.62,0.92,,28.75,0.0,0.0,9.375,2.28,3.2,1.6,500.0
Nicaragua,2008,NIC,5576597.0,21118480099.0,0.0,0.0,0.53,0.66,1.19,,35.417,0.0,0.0,15.774,2.17,3.36,1.52,452.38
Nicaragua,2009,NIC,5656602.0,20900358446.0,0.0,0.11,0.29,0.66,1.06,,30.725,0.0,3.188,8.406,2.39,3.45,1.67,484.06
Nicaragua,2010,NIC,5737451.0,21950676457.0,0.0,0.16,0.5,0.68,1.34,,36.712,0.0,4.384,13.699,2.31,3.65,1.62,443.84
Nicaragua,2011,NIC,5819051.0,23734874000.0,0.0,0.21,0.44,0.64,1.29,,33.858,0.0,5.512,11.549,2.52,3.81,1.76,461.94
Nicaragua,2012,NIC,5901290.0,25065728000.0,0.0,0.33,0.42,0.97,1.72,,42.68,0.0,8.189,10.422,2.31,4.03,1.65,409.43
Nicaragua,2013,NIC,5983852.0,26206803000.0,0.0,0.56,0.46,1.16,2.18,,52.278,0.0,13.429,11.031,1.99,4.17,1.45,347.72
Nicaragua,2014,NIC,6066493.0,27402565000.0,0.0,0.85,0.4,1.15,2.4,,53.812,0.0,19.058,8.969,2.06,4.46,1.51,338.57
Nicaragua,2015,NIC,6149417.0,28748328000.0,0.0,0.87,0.29,1.14,2.3,,50.109,0.0,18.954,6.318,2.29,4.59,1.66,361.66
Nicaragua,2016,NIC,6232664.0,29929662026.0,0.0,0.73,0.43,1.24,2.4,,52.288,0.0,15.904,9.368,2.19,4.59,1.6,348.58
Nicaragua,2017,NIC,6316235.0,31179621906.0,0.01,0.63,0.47,1.42,2.53,,55.973,0.221,13.938,10.398,1.99,4.52,1.49,329.65
Nicaragua,2018,NIC,6400074.0,30002714290.0,0.02,0.8,0.41,1.5,2.73,,58.71,0.43,17.204,8.817,1.92,4.65,1.46,313.98
Nicaragua,2019,NIC,6483660.0,29133575354.0,0.03,0.73,0.23,1.62,2.61,,56.987,0.655,15.939,5.022,1.97,4.58,1.53,334.06
Nicaragua,2020,NIC,6565267.0,28619004754.0,0.03,0.55,0.57,1.5,2.65,,69.921,0.792,14.512,15.04,1.14,3.79,0.95,250.66
Nicaragua,2021,NIC,6644745.0,31580275032.0,0.03,0.66,0.6,1.62,2.91,,69.121,0.713,15.677,14.252,1.3,4.21,1.1,261.28
Nicaragua,2022,NIC,6730662.0,32764782125.0,0.03,0.56,0.6,1.58,2.77,,64.12,0.694,12.963,13.889,1.55,4.32,1.25,289.35
Nicaragua,2023,NIC,6823619.0,32764782125.0,0.03,0.56,0.65,1.58,2.82,,62.389,0.664,12.389,14.381,1.7,4.52,1.36,300.89
Nicaragua,2024,NIC,6916136.0,32764782125.0,0.03,0.56,0.65,1.58,2.82,,62.389,0.664,12.389,14.381,1.7,4.52,1.36,300.89
Niger,2000,NER,11509634.0,7478107136.0,0.0,0.0,0.0,0.0,0.0,,0.0,0.0,0.0,0.0,0.21,0.21,0.17,809.52
Niger,2001,NER,11920648.0,8079568499.0,0.0,0.0,0.0,0.0,0.0,,0.0,0.0,0.0,0.0,0.18,0.18,0.14,777.78
Niger,2002,NER,12349150.0,8506710068.0,0.0,0.0,0.0,0.0,0.0,,0.0,0.0,0.0,0.0,0.19,0.19,0.15,789.47
Niger,2003,NER,12796979.0,9108500707.0,0.0,0.0,0.0,0.0,0.0,,0.0,0.0,0.0,0.0,0.2,0.2,0.16,800.0
Niger,2004,NER,13265843.0,9044074242.0,0.0,0.0,0.0,0.0,0.0,,0.0,0.0,0.0,0.0,0.2,0.2,0.16,800.0
Niger,2005,NER,13756192.0,9809322645.0,0.0,0.0,0.0,0.0,0.0,,0.0,0.0,0.0,0.0,0.23,0.23,0.19,826.09
Niger,2006,NER,14268583.0,10382568329.0,0.0,0.0,0.0,0.0,0.0,,0.0,0.0,0.0,0.0,0.22,0.22,0.18,818.18
Niger,2007,NER,14803604.0,10716181753.0,0.0,0.0,0.0,0.0,0.0,,0.0,0.0,0.0,0.0,0.22,0.22,0.18,818.18
Niger,2008,NER,15361921.0,11762875984.0,0.0,0.0,0.0,0.0,0.0,,0.0,0.0,0.0,0.0,0.22,0.22,0.18,818.18
Niger,2009,NER,15943673.0,11700248745.0,0.0,0.0,0.0,0.0,0.0,,0.0,0.0,0.0,0.0,0.26,0.26,0.21,807.69
Niger,2010,NER,16548833.0,12694118605.0,0.0,0.0,0.0,0.0,0.0,,0.0,0.0,0.0,0.0,0.29,0.29,0.23,793.1
Niger,2011,NER,17176286.0,12994344552.0,0.0,0.0,0.0,0.0,0.0,,0.0,0.0,0.0,0.0,0.34,0.34,0.27,794.12
Niger,2012,NER,17836770.0,14364207370.0,0.0,0.0,0.0,0.0,0.0,,0.0,0.0,0.0,0.0,0.39,0.39,0.3,769.23
Niger,2013,NER,18519899.0,15127089342.0,0.0,0.0,0.0,0.0,0.0,,0.0,0.0,0.0,0.0,0.44,0.44,0.34,772.73
Niger,2014,NER,19215917.0,16132130068.0,0.01,0.0,0.0,0.0,0.01,,2.222,2.222,0.0,0.0,0.44,0.45,0.34,755.56
Niger,2015,NER,19939496.0,16840818422.0,0.01,0.0,0.0,0.0,0.01,,1.852,1.852,0.0,0.0,0.53,0.54,0.39,722.22
Niger,2016,NER,20685758.0,17807651308.0,0.01,0.0,0.0,0.0,0.01,,1.429,1.429,0.0,0.0,0.69,0.7,0.5,714.29
Niger,2017,NER,21435449.0,18698209711.0,0.01,0.0,0.0,0.0,0.01,,1.786,1.786,0.0,0.0,0.55,0.56,0.4,714.29
Niger,2018,NER,22188074.0,20008393727.0,0.01,0.0,0.0,0.0,0.01,,1.887,1.887,0.0,0.0,0.52,0.53,0.37,698.11
Niger,2019,NER,22947765.0,21237507069.0,0.02,0.0,0.0,0.0,0.02,,2.985,2.985,0.0,0.0,0.65,0.67,0.46,686.57
Niger,2020,NER,23717615.0,21991440513.0,0.02,0.0,0.0,0.0,0.02,,2.985,2.985,0.0,0.0,0.65,0.67,0.47,701.49
Niger,2021,NER,24502145.0,22299096291.0,0.02,0.0,0.0,0.0,0.02,,2.817,2.817,0.0,0.0,0.69,0.71,0.49,690.14
Niger,2022,NER,25311978.0,24776754234.0,0.02,0.0,0.0,0.0,0.02,,2.532,2.532,0.0,0.0,0.77,0.79,0.54,683.54
Niger,2023,NER,26159863.0,24776754234.0,0.02,0.0,0.0,0.0,0.02,,2.062,2.062,0.0,0.0,0.95,0.97,0.66,680.41
Niger,2024,NER,27032417.0,24776754234.0,0.03,0.0,0.0,0.0,0.03,,3.158,3.158,0.0,0.0,0.92,0.95,0.64,673.68
Nigeria,2000,NGA,126382490.0,268133056679.0,0.0,0.0,5.63,0.01,5.64,,38.263,0.0,0.0,38.195,9.1,14.74,6.07,411.81
Nigeria,2001,NGA,129862594.0,293371700731.0,0.0,0.0,5.91,0.01,5.92,,38.268,0.0,0.0,38.203,9.55,15.47,6.37,411.77
Nigeria,2002,NGA,133471995.0,344836483316.0,0.0,0.0,8.23,0.01,8.24,,38.237,0.0,0.0,38.19,13.31,21.55,8.88,412.07
Nigeria,2003,NGA,137202646.0,387284228400.0,0.0,0.0,7.45,0.01,7.46,,36.931,0.0,0.0,36.881,12.74,20.2,8.49,420.3
Nigeria,2004,NGA,141057045.0,438814816180.0,0.0,0.0,8.11,0.01,8.12,,33.429,0.0,0.0,33.388,16.17,24.29,10.74,442.16
Nigeria,2005,NGA,145017256.0,481797619872.0,0.0,0.0,7.77,0.01,7.78,,33.036,0.0,0.0,32.994,15.77,23.55,10.47,444.59
Nigeria,2006,NGA,149077335.0,527631752471.0,0.0,0.0,6.26,0.01,6.27,,27.119,0.0,0.0,27.076,16.85,23.12,11.14,481.83
Nigeria,2007,NGA,153267254.0,581001445796.0,0.0,0.0,6.23,0.01,6.24,,27.142,0.0,0.0,27.099,16.75,22.99,11.08,481.95
Nigeria,2008,NGA,157595014.0,638908028616.0,0.0,0.0,5.72,0.01,5.73,,27.131,0.0,0.0,27.083,15.39,21.12,10.18,482.01
Nigeria,2009,NGA,162049466.0,709931188516.0,0.0,0.0,4.53,0.01,4.54,,22.941,0.0,0.0,22.89,15.25,19.79,10.06,508.34
Nigeria,2010,NGA,166642888.0,809999411809.0,0.0,0.0,6.37,0.01,6.38,,24.416,0.0,0.0,24.378,19.75,26.13,13.04,499.04
Nigeria,2011,NGA,171379602.0,871103799000.0,0.0,0.0,5.88,0.01,5.89,,21.783,0.0,0.0,21.746,21.15,27.04,13.94,515.53
Nigeria,2012,NGA,176200627.0,908380661120.0,0.02,0.0,5.66,0.01,5.69,,19.798,0.07,0.0,19.694,23.05,28.74,15.17,527.84
Nigeria,2013,NGA,181049440.0,957382666012.0,0.02,0.0,5.33,0.02,5.37,,18.562,0.069,0.0,18.424,23.56,28.93,15.5,535.78
Nigeria,2014,NGA,185896917.0,1017790765613.0,0.02,0.0,5.35,0.02,5.39,,16.698,0.062,0.0,16.574,26.89,32.28,17.67,547.4
Nigeria,2015,NGA,190671883.0,1044789628210.0,0.03,0.0,6.42,0.02,6.47,,19.506,0.09,0.0,19.355,26.7,33.17,17.57,529.7
Nigeria,2016,NGA,195443698.0,1027896680223.0,0.03,0.0,8.15,0.03,8.21,,22.469,0.082,0.0,22.304,28.33,36.54,18.68,511.22
Nigeria,2017,NGA,200254580.0,1036180414988.0,0.03,0.0,7.75,0.02,7.8,,24.194,0.093,0.0,24.038,24.44,32.24,16.12,500.0
Nigeria,2018,NGA,204938752.0,1056103594567.0,0.04,0.0,7.7,0.03,7.77,,21.166,0.109,0.0,20.975,28.94,36.71,19.07,519.48
Nigeria,2019,NGA,209485637.0,1079426893318.0,0.05,0.0,8.43,0.03,8.51,,23.341,0.137,0.0,23.121,27.95,36.46,18.44,505.76
Nigeria,2020,NGA,213996185.0,1060059201469.0,0.08,0.0,7.69,0.04,7.81,,20.553,0.211,0.0,20.237,30.19,38.0,19.89,523.42
Nigeria,2021,NGA,218529286.0,1098721596994.0,0.1,0.0,7.94,0.06,8.1,,20.663,0.255,0.0,20.255,31.1,39.2,20.49,522.7
Nigeria,2022,NGA,223150906.0,1134448580250.0,0.1,0.0,9.23,0.06,9.39,,24.711,0.263,0.0,24.289,28.61,38.0,18.9,497.37
Nigeria,2023,NGA,227882949.0,1134448580250.0,0.11,0.0,9.11,0.06,9.28,,22.678,0.269,0.0,22.263,31.64,40.92,20.88,510.26
Nigeria,2024,NGA,232679482.0,1134448580250.0,0.13,0.0,9.2,0.06,9.39,,25.0,0.346,0.0,24.494,28.17,37.56,18.62,495.74
Nigeria,2025,NGA,237527788.0,1134448580250.0,0.13,0.0,12.82,0.06,13.01,,31.319,0.313,0.0,30.862,28.53,41.54,18.93,455.71
Niue,2000,NIU,2068.0,,0.0,0.0,0.0,0.0,0.0,,,,,,0.0,0.0,0.0,
Niue,2001,NIU,2007.0,,0.0,0.0,0.0,0.0,0.0,,,,,,0.0,0.0,0.0,
Niue,2002,NIU,1965.0,,0.0,0.0,0.0,0.0,0.0,,,,,,0.0,0.0,0.0,
Niue,2003,NIU,1928.0,,0.0,0.0,0.0,0.0,0.0,,,,,,0.0,0.0,0.0,
Niue,2004,NIU,1891.0,,0.0,0.0,0.0,0.0,0.0,,,,,,0.0,0.0,0.0,
Niue,2005,NIU,1849.0,,0.0,0.0,0.0,0.0,0.0,,,,,,0.0,0.0,0.0,
Niue,2006,NIU,1818.0,,0.0,0.0,0.0,0.0,0.0,,,,,,0.0,0.0,0.0,
Niue,2007,NIU,1810.0,,0.0,0.0,0.0,0.0,0.0,,,,,,0.0,0.0,0.0,
Niue,2008,NIU,1805.0,,0.0,0.0,0.0,0.0,0.0,,,,,,0.0,0.0,0.0,
Niue,2009,NIU,1801.0,,0.0,0.0,0.0,0.0,0.0,,,,,,0.0,0.0,0.0,
Niue,2010,NIU,1786.0,,0.0,0.0,0.0,0.0,0.0,,,,,,0.0,0.0,0.0,
Niue,2011,NIU,1776.0,,0.0,0.0,0.0,0.0,0.0,,,,,,0.0,0.0,0.0,
Niue,2012,NIU,1784.0,,0.0,0.0,0.0,0.0,0.0,,,,,,0.0,0.0,0.0,
Niue,2013,NIU,1786.0,,0.0,0.0,0.0,0.0,0.0,,,,,,0.0,0.0,0.0,
Niue,2014,NIU,1792.0,,0.0,0.0,0.0,0.0,0.0,,,,,,0.0,0.0,0.0,
Niue,2015,NIU,1803.0,,0.0,0.0,0.0,0.0,0.0,,,,,,0.0,0.0,0.0,
Niue,2016,NIU,1806.0,,0.0,0.0,0.0,0.0,0.0,,,,,,0.0,0.0,0.0,
Niue,2017,NIU,1803.0,,0.0,0.0,0.0,0.0,0.0,,,,,,0.0,0.0,0.0,
Niue,2018,NIU,1805.0,,0.0,0.0,0.0,0.0,0.0,,,,,,0.0,0.0,0.0,
Niue,2019,NIU,1814.0,,0.0,0.0,0.0,0.0,0.0,,,,,,0.0,0.0,0.0,
Niue,2020,NIU,1822.0,,0.0,0.0,0.0,0.0,0.0,,,,,,0.0,0.0,0.0,
Niue,2021,NIU,1836.0,,0.0,0.0,0.0,0.0,0.0,,,,,,0.0,0.0,0.0,
Niue,2022,NIU,1844.0,,0.0,0.0,0.0,0.0,0.0,,,,,,0.0,0.0,0.0,
Niue,2023,NIU,1841.0,,0.0,0.0,0.0,0.0,0.0,,,,,,0.0,0.0,0.0,
North Korea,2000,PRK,23665909.0,37758035363.0,0.0,0.0,10.1,0.0,10.1,,52.332,0.0,0.0,52.332,9.2,19.3,8.39,434.72
North Korea,2001,PRK,23815364.0,39161385107.0,0.0,0.0,10.49,0.0,10.49,,52.215,0.0,0.0,52.215,9.6,20.09,8.71,433.55
North Korea,2002,PRK,23943975.0,39634147135.0,0.0,0.0,10.51,0.0,10.51,,53.459,0.0,0.0,53.459,9.15,19.66,8.3,422.18
North Korea,2003,PRK,24090382.0,40352082900.0,0.0,0.0,11.6,0.0,11.6,,55.556,0.0,0.0,55.556,9.28,20.88,8.45,404.69
North Korea,2004,PRK,24254946.0,41171424607.0,0.0,0.0,12.38,0.0,12.38,,56.633,0.0,0.0,56.633,9.48,21.86,8.65,395.7
North Korea,2005,PRK,24396434.0,42708227011.0,0.0,0.0,13.0,0.0,13.0,,57.093,0.0,0.0,57.093,9.77,22.77,8.97,393.94
North Korea,2006,PRK,24524508.0,42264169568.0,0.0,0.0,12.49,0.0,12.49,,55.984,0.0,0.0,55.984,9.82,22.31,9.05,405.65
North Korea,2007,PRK,24646384.0,41765545354.0,0.0,0.0,13.15,0.0,13.15,,61.477,0.0,0.0,61.477,8.24,21.39,7.6,355.31
North Korea,2008,PRK,24764620.0,43163303891.0,0.0,0.0,13.93,0.0,13.93,,60.408,0.0,0.0,60.408,9.13,23.06,8.42,365.13
North Korea,2009,PRK,24878338.0,42791212438.0,0.0,0.0,12.38,0.0,12.38,,52.951,0.0,0.0,52.951,11.0,23.38,10.12,432.85
North Korea,2010,PRK,24987257.0,42605438930.0,0.0,0.0,13.27,0.0,13.27,,56.3,0.0,0.0,56.3,10.3,23.57,9.53,404.33
North Korea,2011,PRK,25097877.0,42961431310.0,0.0,0.0,13.07,0.0,13.07,,62.626,0.0,0.0,62.626,7.8,20.87,7.24,346.91
North Korea,2012,PRK,25211737.0,43545173971.0,0.0,0.0,13.36,0.0,13.36,,62.547,0.0,0.0,62.547,8.0,21.36,7.44,348.32
North Korea,2013,PRK,25329456.0,44033758330.0,0.01,0.0,13.76,0.0,13.77,,62.676,0.046,0.0,62.631,8.2,21.97,7.63,347.29
North Korea,2014,PRK,25451263.0,44518471841.0,0.01,0.0,12.87,0.0,12.88,,59.963,0.047,0.0,59.916,8.6,21.48,7.97,371.04
North Korea,2015,PRK,25575355.0,44032955306.0,0.03,0.0,9.9,0.0,9.93,,52.456,0.158,0.0,52.298,9.0,18.93,8.2,433.18
North Korea,2016,PRK,25698325.0,45739740287.0,0.04,0.0,12.67,0.0,12.71,,53.381,0.168,0.0,53.213,11.1,23.81,10.14,425.87
North Korea,2017,PRK,25817710.0,44160501992.0,0.05,0.0,11.78,0.0,11.83,,50.491,0.213,0.0,50.277,11.6,23.43,10.61,452.84
North Korea,2018,PRK,25931153.0,42349472757.0,0.06,0.0,12.67,0.0,12.73,,51.269,0.242,0.0,51.027,12.1,24.83,11.08,446.23
North Korea,2019,PRK,26037633.0,42499100315.0,0.08,0.0,11.0,0.0,11.08,,46.399,0.335,0.0,46.064,12.8,23.88,11.62,486.6
North Korea,2020,PRK,26136312.0,40572892149.0,0.1,0.0,12.8,0.0,12.9,,53.527,0.415,0.0,53.112,11.2,24.1,10.23,424.48
North Korea,2021,PRK,26232530.0,40550428396.0,0.13,0.0,16.1,0.0,16.23,,63.324,0.507,0.0,62.817,9.4,25.63,8.78,342.57
North Korea,2022,PRK,26328843.0,40488847458.0,0.15,0.0,16.6,0.0,16.75,,63.089,0.565,0.0,62.524,9.8,26.55,9.14,344.26
North Korea,2023,PRK,26418196.0,40488847458.0,0.15,0.0,16.6,0.0,16.75,,62.687,0.561,0.0,62.126,9.97,26.72,9.25,346.18
North Korea,2024,PRK,26498832.0,40488847458.0,0.17,0.0,17.0,0.0,17.17,,63.358,0.627,0.0,62.731,9.93,27.1,9.23,340.59
North Macedonia,1990,MKD,2063690.0,17074264103.0,0.0,0.0,0.49,0.0,0.49,4.612,8.522,0.0,0.0,8.522,5.26,5.75,,925.22
North Macedonia,1991,MKD,2056002.0,16091738511.0,0.0,0.0,0.85,0.0,0.85,8.041,14.731,0.0,0.0,14.731,4.92,5.77,,866.55
North Macedonia,1992,MKD,2032516.0,15099004830.0,0.0,0.0,0.85,0.0,0.85,7.83,14.003,0.0,0.0,14.003,5.22,6.07,,873.15
North Macedonia,1993,MKD,2006853.0,14032388036.0,0.0,0.0,0.52,0.0,0.52,4.804,10.039,0.0,0.0,10.039,4.66,5.18,,909.27
North Macedonia,1994,MKD,1992669.0,13843334272.0,0.0,0.0,0.69,0.0,0.69,6.818,11.616,0.0,0.0,11.616,5.25,5.94,,898.99
North Macedonia,1995,MKD,1998531.0,13754792054.0,0.0,0.0,0.8,0.0,0.8,7.805,13.051,0.0,0.0,13.051,5.33,6.13,,884.18
North Macedonia,1996,MKD,2012553.0,13985282522.0,0.0,0.0,0.85,0.0,0.85,7.127,12.801,0.0,0.0,12.801,5.79,6.64,,885.54
North Macedonia,1997,MKD,2025764.0,14249362170.0,0.0,0.0,0.9,0.0,0.9,8.375,13.373,0.0,0.0,13.373,5.83,6.73,,879.64
North Macedonia,1998,MKD,2037575.0,14789521174.0,0.0,0.0,1.08,0.0,1.08,8.919,15.319,0.0,0.0,15.319,5.97,7.05,,860.99
North Macedonia,1999,MKD,2048088.0,15508166039.0,0.0,0.0,1.39,0.0,1.39,11.962,20.262,0.0,0.0,20.262,5.47,6.86,,811.95
North Macedonia,2000,MKD,2057254.0,16307994486.0,0.0,0.0,1.17,0.0,1.17,10.608,17.181,0.0,0.0,17.181,5.64,6.81,5.6,822.32
North Macedonia,2001,MKD,2066300.0,15872667390.0,0.0,0.0,0.63,0.0,0.63,5.981,9.89,0.0,0.0,9.89,5.74,6.37,5.78,907.38
North Macedonia,2002,MKD,2074482.0,16017432272.0,0.0,0.0,0.76,0.0,0.76,7.348,12.479,0.0,0.0,12.479,5.33,6.09,5.36,880.13
North Macedonia,2003,MKD,2081417.0,16466000239.0,0.0,0.0,1.37,0.0,1.37,11.797,20.357,0.0,0.0,20.357,5.36,6.73,5.46,811.29
North Macedonia,2004,MKD,2086581.0,17324217189.0,0.0,0.0,1.48,0.0,1.48,12.822,22.222,0.0,0.0,22.222,5.18,6.66,5.29,794.29
North Macedonia,2005,MKD,2089809.0,18219129334.0,0.0,0.0,1.49,0.0,1.49,12.409,21.47,0.0,0.0,21.47,5.45,6.94,5.57,802.59
North Macedonia,2006,MKD,2089232.0,19227779553.0,0.0,0.0,1.65,0.0,1.65,13.409,23.538,0.0,0.0,23.538,5.36,7.01,5.39,768.9
North Macedonia,2007,MKD,2081972.0,20547244002.0,0.0,0.0,1.01,0.0,1.01,8.212,15.538,0.0,0.0,15.538,5.49,6.5,5.43,835.39
North Macedonia,2008,MKD,2070837.0,21752220835.0,0.0,0.0,0.84,0.0,0.84,7.049,13.312,0.0,0.0,13.312,5.47,6.31,5.51,873.22
North Macedonia,2009,MKD,2060601.0,21758909955.0,0.0,0.0,1.27,0.0,1.27,10.849,18.622,0.0,0.0,18.622,5.55,6.82,5.57,816.72
North Macedonia,2010,MKD,2051510.0,22583127369.0,0.0,0.0,2.43,0.0,2.43,18.923,33.471,0.0,0.0,33.471,4.83,7.26,4.92,677.69
North Macedonia,2011,MKD,2040445.0,23201482935.0,0.0,0.0,1.43,0.0,1.43,11.084,21.154,0.0,0.0,21.154,5.33,6.76,5.37,794.38
North Macedonia,2012,MKD,2027288.0,23095684802.0,0.0,0.0,1.04,0.0,1.04,8.636,16.613,0.0,0.0,16.613,5.22,6.26,5.13,819.49
North Macedonia,2013,MKD,2013280.0,23771197646.0,0.01,0.0,1.58,0.0,1.59,13.683,26.108,0.164,0.0,25.944,4.5,6.09,4.38,719.21
North Macedonia,2014,MKD,1997842.0,24633991465.0,0.01,0.07,1.21,0.0,1.29,11.857,23.978,0.186,1.301,22.491,4.09,5.38,4.03,749.07
North Macedonia,2015,MKD,1980366.0,25583815729.0,0.02,0.12,1.87,0.02,2.03,17.673,35.929,0.354,2.124,33.097,3.62,5.65,3.57,631.86
North Macedonia,2016,MKD,1961268.0,26312536822.0,0.02,0.11,1.9,0.04,2.07,17.241,36.767,0.355,1.954,33.748,3.56,5.63,3.34,593.25
North Macedonia,2017,MKD,1940877.0,26597107306.0,0.02,0.11,1.11,0.05,1.29,11.201,23.036,0.357,1.964,19.821,4.31,5.6,3.95,705.36
North Macedonia,2018,MKD,1919730.0,27363281668.0,0.02,0.1,1.79,0.05,1.96,16.351,34.938,0.357,1.783,31.907,3.65,5.61,3.34,595.37
North Macedonia,2019,MKD,1897643.0,28433274864.0,0.02,0.1,1.16,0.06,1.34,10.903,22.828,0.341,1.704,19.761,4.53,5.87,4.11,700.17
North Macedonia,2020,MKD,1872021.0,27100243788.0,0.02,0.12,1.28,0.06,1.48,13.396,27.715,0.375,2.247,23.97,3.86,5.34,3.33,623.6
North Macedonia,2021,MKD,1851109.0,28165634846.0,0.05,0.1,1.45,0.05,1.65,14.348,29.837,0.904,1.808,26.221,3.88,5.53,3.11,562.39
North Macedonia,2022,MKD,1840236.0,28770256385.0,0.1,0.11,1.35,0.05,1.61,13.053,27.104,1.684,1.852,22.727,4.33,5.94,3.71,624.58
North Macedonia,2023,MKD,1831800.0,28770256385.0,0.36,0.16,1.62,0.07,2.21,16.833,32.075,5.225,2.322,23.512,4.68,6.89,3.92,568.94
North Macedonia,2024,MKD,1823011.0,28770256385.0,0.89,0.17,1.37,0.06,2.49,16.037,39.461,14.105,2.694,21.712,3.82,6.31,3.22,510.3
North Macedonia,2025,MKD,1813792.0,28770256385.0,1.62,0.2,1.36,0.04,3.22,16.037,47.214,23.754,2.933,19.941,3.6,6.82,3.01,441.35
Norway,1965,NOR,3723173.0,51573116411.0,0.0,0.0,49.452,0.0,49.452,66.502,,,,,,,,
Norway,1966,NOR,3752788.0,53519227021.0,0.0,0.0,48.744,0.0,48.744,63.971,,,,,,,,
Norway,1967,NOR,3784111.0,56866006025.0,0.0,0.0,53.301,0.0,53.301,65.187,,,,,,,,
Norway,1968,NOR,3816089.0,58140195824.0,0.0,0.0,60.205,0.0,60.205,65.743,,,,,,,,
Norway,1969,NOR,3847304.0,60764566884.0,0.0,0.0,57.371,0.0,57.371,62.426,,,,,,,,
Norway,1970,NOR,3875351.0,61972260219.0,0.0,0.0,57.808,0.0,57.808,60.02,,,,,,,,
Norway,1971,NOR,3902754.0,65149528031.0,0.0,0.0,63.245,0.0,63.245,62.513,,,,,,,,
Norway,1972,NOR,3932913.0,68469665003.0,0.0,0.0,67.417,0.0,67.417,62.848,,,,,,,,
Norway,1973,NOR,3960597.0,71489065319.0,0.0,0.0,72.867,0.0,72.867,64.158,,,,,,,,
Norway,1974,NOR,3985283.0,74488458336.0,0.0,0.0,76.597,0.0,76.597,66.946,,,,,,,,
Norway,1975,NOR,4007368.0,78383042050.0,0.0,0.0,77.33,0.0,77.33,66.598,,,,,,,,
Norway,1976,NOR,4026219.0,82978994772.0,0.0,0.0,81.933,0.0,81.933,65.944,,,,,,,,
Norway,1977,NOR,4043259.0,86520545466.0,0.0,0.0,72.022,0.0,72.022,62.82,,,,,,,,
Norway,1978,NOR,4058668.0,89538338690.0,0.0,0.0,80.706,0.0,80.706,62.729,,,,,,,,
Norway,1979,NOR,4072499.0,93549790070.0,0.0,0.0,88.698,0.0,88.698,64.445,,,,,,,,
Norway,1980,NOR,4085603.0,98181537036.0,0.0,0.0,83.613,0.0,83.613,63.822,,,,,,,,
Norway,1981,NOR,4099675.0,99126698247.0,0.0,0.0,92.834,0.0,92.834,67.236,,,,,,,,
Norway,1982,NOR,4114742.0,99335075607.0,0.0,0.0,92.499,0.0,92.499,67.812,,,,,,,,
Norway,1983,NOR,4128332.0,102897042380.0,0.0,0.0,105.688,0.0,105.688,70.602,,,,,,,,
Norway,1984,NOR,4139970.0,108971446149.0,0.0,0.0,105.903,0.0,105.903,69.836,,,,,,,,
Norway,1985,NOR,4152399.0,114639982242.0,0.0,0.0,102.383,0.005,102.388,68.189,99.125,0.0,0.0,99.12,,103.292,,
Norway,1986,NOR,4167252.0,118764657839.0,0.0,0.0,96.201,0.026,96.227,65.58,98.913,0.0,0.0,98.887,,97.284,,
Norway,1987,NOR,4186818.0,121201513299.0,0.0,0.0,103.273,0.021,103.294,67.066,99.052,0.0,0.0,99.031,,104.283,,
Norway,1988,NOR,4209470.0,121152473106.0,0.0,0.0,108.857,0.027,108.884,68.65,98.968,0.0,0.0,98.944,,110.019,,
Norway,1989,NOR,4226914.0,122313004364.0,0.0,0.0,118.4,0.029,118.429,70.15,99.356,0.0,0.0,99.331,,119.197,,
Norway,1990,NOR,4241440.0,124859200464.0,0.0,0.0,121.14,0.21,121.35,71.558,99.794,0.0,0.0,99.622,0.25,121.6,,25.58
Norway,1991,NOR,4261618.0,132697585836.0,0.0,0.0,110.13,0.21,110.34,70.179,99.801,0.0,0.0,99.611,0.22,110.56,,25.6
Norway,1992,NOR,4286255.0,141648316012.0,0.0,0.0,116.67,0.23,116.9,71.026,99.821,0.0,0.0,99.624,0.21,117.11,,25.45
Norway,1993,NOR,4311864.0,150177267961.0,0.0,0.01,119.23,0.24,119.48,70.755,99.8,0.0,0.008,99.591,0.24,119.72,,25.48
Norway,1994,NOR,4336467.0,162645039026.0,0.0,0.01,111.64,0.27,111.92,68.297,99.644,0.0,0.009,99.395,0.4,112.32,,26.35
Norway,1995,NOR,4358991.0,174592147085.0,0.0,0.01,121.53,0.29,121.83,69.429,99.656,0.0,0.008,99.411,0.42,122.25,,26.18
Norway,1996,NOR,4381137.0,189011166346.0,0.0,0.01,103.86,0.3,104.17,64.532,99.503,0.0,0.01,99.207,0.52,104.69,,27.13
Norway,1997,NOR,4404988.0,205129717023.0,0.0,0.01,109.78,0.24,110.03,65.003,99.575,0.0,0.009,99.348,0.47,110.5,,26.61
Norway,1998,NOR,4431308.0,216978667712.0,0.0,0.01,115.7,0.27,115.98,65.899,99.622,0.0,0.009,99.382,0.44,116.42,,26.37
Norway,1999,NOR,4461789.0,228192617125.0,0.0,0.03,121.45,0.27,121.75,67.145,99.558,0.0,0.025,99.313,0.54,122.29,,26.66
Norway,2000,NOR,4490864.0,242751277829.0,0.0,0.03,141.82,0.26,142.11,70.793,99.712,0.0,0.021,99.509,0.41,142.52,3.67,25.75
Norway,2001,NOR,4513650.0,255455331302.0,0.0,0.03,120.46,0.25,120.74,66.998,99.522,0.0,0.025,99.291,0.58,121.32,3.26,26.87
Norway,2002,NOR,4538016.0,267081351259.0,0.0,0.08,129.37,0.25,129.7,68.324,99.585,0.0,0.061,99.332,0.54,130.24,3.45,26.49
Norway,2003,NOR,4564666.0,277856282106.0,0.0,0.22,105.48,0.33,106.03,62.65,99.4,0.0,0.206,98.884,0.64,106.67,2.96,27.75
Norway,2004,NOR,4591739.0,297743119876.0,0.0,0.25,108.78,0.36,109.39,63.413,99.355,0.0,0.227,98.801,0.71,110.1,3.07,27.88
Norway,2005,NOR,4623120.0,314940774381.0,0.0,0.5,135.69,0.33,136.52,68.685,99.468,0.0,0.364,98.863,0.73,137.25,3.7,26.96
Norway,2006,NOR,4660487.0,332457531096.0,0.0,0.64,119.37,0.39,120.4,65.662,99.324,0.0,0.528,98.474,0.82,121.22,3.38,27.88
Norway,2007,NOR,4709017.0,352692911227.0,0.0,0.89,133.66,0.39,134.94,67.798,99.14,0.0,0.654,98.2,1.17,136.11,3.89,28.58
Norway,2008,NOR,4768097.0,364943654963.0,0.0,0.91,139.04,0.4,140.35,69.317,99.405,0.0,0.645,98.477,0.84,141.19,3.88,27.48
Norway,2009,NOR,4828625.0,370113292846.0,0.0,0.97,125.28,0.23,126.48,67.628,96.572,0.0,0.741,95.655,4.49,130.97,5.12,39.09
Norway,2010,NOR,4889160.0,383760934305.0,0.0,0.87,116.74,0.35,117.96,64.629,95.793,0.0,0.707,94.803,5.18,123.14,5.28,42.88
Norway,2011,NOR,4952969.0,399420041611.0,0.0,1.29,120.28,0.34,121.91,65.624,96.808,0.0,1.024,95.513,4.02,125.93,4.83,38.36
Norway,2012,NOR,5018453.0,410276121127.0,0.0,1.54,141.72,0.33,143.59,69.202,98.228,0.0,1.053,96.949,2.59,146.18,4.7,32.15
Norway,2013,NOR,5080126.0,414445317738.0,0.0,1.88,128.14,0.4,130.42,66.873,97.957,0.0,1.412,96.245,2.72,133.14,4.52,33.95
Norway,2014,NOR,5137397.0,422933730082.0,0.0,2.22,135.47,0.25,137.94,67.914,97.913,0.0,1.576,96.16,2.94,140.88,4.78,33.93
Norway,2015,NOR,5189777.0,430788988142.0,0.0,2.52,137.3,0.25,140.07,67.676,97.951,0.0,1.762,96.014,2.93,143.0,4.81,33.64
Norway,2016,NOR,5235974.0,435806553454.0,0.0,2.11,142.81,0.23,145.15,69.046,98.054,0.0,1.425,96.474,2.88,148.03,4.9,33.1
Norway,2017,NOR,5276807.0,446543702505.0,0.0,2.85,142.37,0.26,145.48,68.894,98.118,0.0,1.922,96.021,2.79,148.27,4.89,32.98
Norway,2018,NOR,5311751.0,450245217440.0,0.0,3.87,138.98,0.2,143.05,68.132,98.02,0.0,2.652,95.231,2.89,145.94,4.83,33.1
Norway,2019,NOR,5347733.0,455304831150.0,0.01,5.52,125.29,0.25,131.07,66.741,97.938,0.007,4.125,93.619,2.76,133.83,4.48,33.48
Norway,2020,NOR,5379275.0,449485260525.0,0.08,9.91,141.8,0.24,152.03,70.963,98.516,0.052,6.422,91.887,2.29,154.32,4.69,30.39
Norway,2021,NOR,5408082.0,467007972731.0,0.11,11.76,143.97,0.22,156.06,71.305,99.319,0.07,7.484,91.625,1.07,157.13,4.23,26.92
Norway,2022,NOR,5456796.0,482328451592.0,0.17,14.8,128.24,0.24,143.45,69.648,98.645,0.117,10.177,88.186,1.97,145.42,4.31,29.64
Norway,2023,NOR,5519167.0,482328451592.0,0.36,13.96,136.71,0.25,151.28,70.758,98.47,0.234,9.087,88.987,2.35,153.63,4.68,30.46
Norway,2024,NOR,5576656.0,482328451592.0,0.53,14.6,139.55,0.24,154.92,71.812,98.606,0.337,9.293,88.823,2.19,157.11,4.66,29.66
Norway,2025,NOR,5623074.0,482328451592.0,0.53,13.56,144.77,0.34,159.2,71.812,98.999,0.33,8.432,90.025,1.61,160.81,4.52,28.11
Oman,1965,OMN,585245.0,1138811611.0,0.0,0.0,0.0,0.0,0.0,0.0,,,,,,,,
Oman,1966,OMN,598815.0,1199748426.0,0.0,0.0,0.0,0.0,0.0,0.0,,,,,,,,
Oman,1967,OMN,613318.0,1992792768.0,0.0,0.0,0.0,0.0,0.0,0.0,,,,,,,,
Oman,1968,OMN,628801.0,3626114829.0,0.0,0.0,0.0,0.0,0.0,0.0,,,,,,,,
Oman,1969,OMN,645262.0,4555251137.0,0.0,0.0,0.0,0.0,0.0,0.0,,,,,,,,
Oman,1970,OMN,662691.0,4714814081.0,0.0,0.0,0.0,0.0,0.0,0.0,,,,,,,,
Oman,1971,OMN,681125.0,4753764227.0,0.0,0.0,0.0,0.0,0.0,0.0,,,,,,,,
Oman,1972,OMN,700591.0,5198972473.0,0.0,0.0,0.0,0.0,0.0,0.0,,,,,,,,
Oman,1973,OMN,721182.0,4478044021.0,0.0,0.0,0.0,0.0,0.0,0.0,,,,,,,,
Oman,1974,OMN,746995.0,4991525490.0,0.0,0.0,0.0,0.0,0.0,0.0,,,,,,,,
Oman,1975,OMN,778871.0,6212164387.0,0.0,0.0,0.0,0.0,0.0,0.0,,,,,,,,
Oman,1976,OMN,814703.0,7008887605.0,0.0,0.0,0.0,0.0,0.0,0.0,,,,,,,,
Oman,1977,OMN,855316.0,7029722074.0,0.0,0.0,0.0,0.0,0.0,0.0,,,,,,,,
Oman,1978,OMN,900312.0,6895599792.0,0.0,0.0,0.0,0.0,0.0,0.0,,,,,,,,
Oman,1979,OMN,949122.0,7190609784.0,0.0,0.0,0.0,0.0,0.0,0.0,,,,,,,,
Oman,1980,OMN,1001248.0,7625997148.0,0.0,0.0,0.0,0.0,0.0,0.0,,,,,,,,
Oman,1981,OMN,1057326.0,8925583062.0,0.0,0.0,0.0,0.0,0.0,0.0,,,,,,,,
Oman,1982,OMN,1117686.0,9954318046.0,0.0,0.0,0.0,0.0,0.0,0.0,,,,,,,,
Oman,1983,OMN,1181464.0,11615733169.0,0.0,0.0,0.0,0.0,0.0,0.0,,,,,,,,
Oman,1984,OMN,1247723.0,13560461008.0,0.0,0.0,0.0,0.0,0.0,0.0,,,,,,,,
Oman,1985,OMN,1325489.0,15457397547.0,0.0,0.0,0.0,0.0,0.0,0.0,0.0,0.0,0.0,0.0,,2.888,,
Oman,1986,OMN,1413424.0,15789073016.0,0.0,0.0,0.0,0.0,0.0,0.0,0.0,0.0,0.0,0.0,,3.617,,
Oman,1987,OMN,1501006.0,17052943068.0,0.0,0.0,0.0,0.0,0.0,0.0,0.0,0.0,0.0,0.0,,3.884,,
Oman,1988,OMN,1588573.0,17563823554.0,0.0,0.0,0.0,0.0,0.0,0.0,0.0,0.0,0.0,0.0,,4.408,,
Oman,1989,OMN,1676234.0,18300875919.0,0.0,0.0,0.0,0.0,0.0,0.0,0.0,0.0,0.0,0.0,,4.707,,
Oman,1990,OMN,1763957.0,18309502487.0,0.0,0.0,0.0,0.0,0.0,0.0,0.0,0.0,0.0,0.0,,4.501,,
Oman,1991,OMN,1851476.0,20523449762.0,0.0,0.0,0.0,0.0,0.0,0.0,0.0,0.0,0.0,0.0,,4.625,,
Oman,1992,OMN,1938240.0,23477627483.0,0.0,0.0,0.0,0.0,0.0,0.0,0.0,0.0,0.0,0.0,,5.113,,
Oman,1993,OMN,2021677.0,26328163578.0,0.0,0.0,0.0,0.0,0.0,0.0,0.0,0.0,0.0,0.0,,5.833,,
Oman,1994,OMN,2081839.0,28891343065.0,0.0,0.0,0.0,0.0,0.0,0.0,0.0,0.0,0.0,0.0,,6.198,,
Oman,1995,OMN,2120531.0,32313285852.0,0.0,0.0,0.0,0.0,0.0,0.0,0.0,0.0,0.0,0.0,,6.5,,
Oman,1996,OMN,2156925.0,35842067925.0,0.0,0.0,0.0,0.0,0.0,0.0,0.0,0.0,0.0,0.0,,6.802,,
Oman,1997,OMN,2190726.0,41346951900.0,0.0,0.0,0.0,0.0,0.0,0.0,0.0,0.0,0.0,0.0,,7.318,,
Oman,1998,OMN,2222492.0,46306004470.0,0.0,0.0,0.0,0.0,0.0,0.0,0.0,0.0,0.0,0.0,,8.2,,
Oman,1999,OMN,2252910.0,50522589652.0,0.0,0.0,0.0,0.0,0.0,0.0,0.0,0.0,0.0,0.0,,8.413,,
Oman,2000,OMN,2282139.0,58124187550.0,0.0,0.0,0.0,0.0,0.0,0.0,0.0,0.0,0.0,0.0,9.11,9.11,5.29,580.68
Oman,2001,OMN,2310223.0,64949142360.0,0.0,0.0,0.0,0.0,0.0,0.0,0.0,0.0,0.0,0.0,9.74,9.74,5.66,581.11
Oman,2002,OMN,2337144.0,68131998222.0,0.0,0.0,0.0,0.0,0.0,0.0,0.0,0.0,0.0,0.0,10.33,10.33,6.0,580.83
Oman,2003,OMN,2363801.0,69978417960.0,0.0,0.0,0.0,0.0,0.0,0.0,0.0,0.0,0.0,0.0,10.71,10.71,6.23,581.7
Oman,2004,OMN,2404822.0,74745449481.0,0.0,0.0,0.0,0.0,0.0,0.0,0.0,0.0,0.0,0.0,11.5,11.5,6.68,580.87
Oman,2005,OMN,2459808.0,80936605625.0,0.0,0.0,0.0,0.0,0.0,0.0,0.0,0.0,0.0,0.0,12.65,12.65,7.33,579.45
Oman,2006,OMN,2514794.0,90553430362.0,0.0,0.0,0.0,0.0,0.0,0.0,0.0,0.0,0.0,0.0,13.29,13.29,7.69,578.63
Oman,2007,OMN,2570175.0,100681198254.0,0.0,0.0,0.0,0.0,0.0,0.0,0.0,0.0,0.0,0.0,14.17,14.17,8.02,565.98
Oman,2008,OMN,2626536.0,115217924982.0,0.0,0.0,0.0,0.0,0.0,0.0,0.0,0.0,0.0,0.0,16.05,16.05,9.09,566.36
Oman,2009,OMN,2684665.0,127016653137.0,0.0,0.0,0.0,0.0,0.0,0.0,0.0,0.0,0.0,0.0,18.45,18.45,10.45,566.4
Oman,2010,OMN,2757450.0,135198273857.0,0.0,0.0,0.0,0.0,0.0,0.0,0.0,0.0,0.0,0.0,19.81,19.81,11.23,566.89
Oman,2011,OMN,3076762.0,132756531310.0,0.0,0.0,0.0,0.0,0.0,0.0,0.0,0.0,0.0,0.0,21.87,21.87,12.4,566.99
Oman,2012,OMN,3547104.0,144522749866.0,0.0,0.0,0.0,0.0,0.0,0.0,0.0,0.0,0.0,0.0,25.02,25.02,14.18,566.75
Oman,2013,OMN,3833915.0,152076951430.0,0.0,0.0,0.0,0.0,0.0,0.001,0.0,0.0,0.0,0.0,26.24,26.24,14.88,567.07
Oman,2014,OMN,4002444.0,154041791696.0,0.0,0.0,0.0,0.0,0.0,0.001,0.0,0.0,0.0,0.0,29.13,29.13,16.52,567.11
Oman,2015,OMN,4184898.0,161770059399.0,0.0,0.0,0.0,0.0,0.0,0.003,0.0,0.0,0.0,0.0,32.75,32.75,18.58,567.33
Oman,2016,OMN,4390880.0,169932976616.0,0.0,0.0,0.0,0.0,0.0,0.003,0.0,0.0,0.0,0.0,34.23,34.23,19.42,567.34
Oman,2017,OMN,4537397.0,170449577065.0,0.02,0.0,0.0,0.0,0.02,0.011,0.055,0.055,0.0,0.0,36.13,36.15,20.49,566.81
Oman,2018,OMN,4597878.0,172643265345.0,0.05,0.0,0.0,0.0,0.05,0.01,0.132,0.132,0.0,0.0,37.71,37.76,21.39,566.47
Oman,2019,OMN,4591248.0,170692383655.0,0.05,0.01,0.0,0.0,0.06,0.017,0.154,0.129,0.026,0.0,38.83,38.89,22.03,566.47
Oman,2020,OMN,4522502.0,165230251016.0,0.1,0.0,0.0,0.0,0.1,0.109,0.262,0.262,0.0,0.0,38.1,38.2,21.59,565.18
Oman,2021,OMN,4500429.0,170025212745.0,0.6,0.1,0.0,0.0,0.7,0.496,1.707,1.463,0.244,0.0,40.3,41.0,22.93,559.27
Oman,2022,OMN,4730229.0,177355008173.0,1.8,0.1,0.0,0.0,1.9,1.136,4.481,4.245,0.236,0.0,40.5,42.4,23.12,545.28
Oman,2023,OMN,5049267.0,177355008173.0,2.1,0.1,0.0,0.0,2.2,1.142,4.889,4.667,0.222,0.0,42.8,45.0,24.41,542.44
Oman,2024,OMN,5281542.0,177355008173.0,2.3,0.1,0.0,0.0,2.4,1.115,4.888,4.684,0.204,0.0,46.7,49.1,26.65,542.77
Oman,2025,OMN,5494696.0,177355008173.0,2.3,0.1,0.0,0.0,2.4,1.115,4.542,4.353,0.189,0.0,50.44,52.84,28.77,544.47
Other CIS (EI),1985,,,,,,,,,16.519,,,,,,,,
Other CIS (EI),1986,,,,,,,,,15.975,,,,,,,,
Other CIS (EI),1987,,,,,,,,,15.737,,,,,,,,
Other CIS (EI),1988,,,,,,,,,19.467,,,,,,,,
Other CIS (EI),1989,,,,,,,,,18.049,,,,,,,,
Other CIS (EI),1990,,,,,,,,,19.586,,,,,,,,
Other CIS (EI),1991,,,,,,,,,23.191,,,,,,,,
Other CIS (EI),1992,,,,,,,,,27.563,,,,,,,,
Other CIS (EI),1993,,,,,,,,,37.533,,,,,,,,
Other CIS (EI),1994,,,,,,,,,47.09,,,,,,,,
Other CIS (EI),1995,,,,,,,,,46.757,,,,,,,,
Other CIS (EI),1996,,,,,,,,,45.061,,,,,,,,
Other CIS (EI),1997,,,,,,,,,43.233,,,,,,,,
Other CIS (EI),1998,,,,,,,,,42.662,,,,,,,,
Other CIS (EI),1999,,,,,,,,,50.167,,,,,,,,
Other CIS (EI),2000,,,,,,,,,52.096,,,,,,,,
Other CIS (EI),2001,,,,,,,,,50.343,,,,,,,,
Other CIS (EI),2002,,,,,,,,,50.194,,,,,,,,
Other CIS (EI),2003,,,,,,,,,53.692,,,,,,,,
Other CIS (EI),2004,,,,,,,,,51.075,,,,,,,,
Other CIS (EI),2005,,,,,,,,,49.272,,,,,,,,
Other CIS (EI),2006,,,,,,,,,47.78,,,,,,,,
Other CIS (EI),2007,,,,,,,,,45.251,,,,,,,,
Other CIS (EI),2008,,,,,,,,,40.412,,,,,,,,
Other CIS (EI),2009,,,,,,,,,40.927,,,,,,,,
Other CIS (EI),2010,,,,,,,,,43.158,,,,,,,,
Other CIS (EI),2011,,,,,,,,,43.814,,,,,,,,
Other CIS (EI),2012,,,,,,,,,42.412,,,,,,,,
Other CIS (EI),2013,,,,,,,,,42.862,,,,,,,,
Other CIS (EI),2014,,,,,,,,,40.248,,,,,,,,
Other CIS (EI),2015,,,,,,,,,38.187,,,,,,,,
Other CIS (EI),2016,,,,,,,,,38.027,,,,,,,,
Other CIS (EI),2017,,,,,,,,,40.17,,,,,,,,
Other CIS (EI),2018,,,,,,,,,38.275,,,,,,,,
Other CIS (EI),2019,,,,,,,,,40.072,,,,,,,,
Other CIS (EI),2020,,,,,,,,,38.335,,,,,,,,
Other CIS (EI),2021,,,,,,,,,37.628,,,,,,,,
Other CIS (EI),2022,,,,,,,,,37.213,,,,,,,,
Other CIS (EI),2023,,,,,,,,,38.303,,,,,,,,
Other CIS (EI),2024,,,,,,,,,38.954,,,,,,,,
Other Caribbean (EI),1965,,,,,,,,,4.581,,,,,,,,
Other Caribbean (EI),1966,,,,,,,,,4.561,,,,,,,,
Other Caribbean (EI),1967,,,,,,,,,4.349,,,,,,,,
Other Caribbean (EI),1968,,,,,,,,,4.338,,,,,,,,
Other Caribbean (EI),1969,,,,,,,,,4.323,,,,,,,,
Other Caribbean (EI),1970,,,,,,,,,3.901,,,,,,,,
Other Caribbean (EI),1971,,,,,,,,,5.336,,,,,,,,
Other Caribbean (EI),1972,,,,,,,,,5.01,,,,,,,,
Other Caribbean (EI),1973,,,,,,,,,4.64,,,,,,,,
Other Caribbean (EI),1974,,,,,,,,,4.744,,,,,,,,
Other Caribbean (EI),1975,,,,,,,,,4.701,,,,,,,,
Other Caribbean (EI),1976,,,,,,,,,5.107,,,,,,,,
Other Caribbean (EI),1977,,,,,,,,,4.976,,,,,,,,
Other Caribbean (EI),1978,,,,,,,,,5.139,,,,,,,,
Other Caribbean (EI),1979,,,,,,,,,5.243,,,,,,,,
Other Caribbean (EI),1980,,,,,,,,,5.251,,,,,,,,
Other Caribbean (EI),1981,,,,,,,,,5.332,,,,,,,,
Other Caribbean (EI),1982,,,,,,,,,5.837,,,,,,,,
Other Caribbean (EI),1983,,,,,,,,,6.373,,,,,,,,
Other Caribbean (EI),1984,,,,,,,,,6.126,,,,,,,,
Other Caribbean (EI),1985,,,,,,,,,6.678,,,,,,,,
Other Caribbean (EI),1986,,,,,,,,,7.031,,,,,,,,
Other Caribbean (EI),1987,,,,,,,,,6.983,,,,,,,,
Other Caribbean (EI),1988,,,,,,,,,7.322,,,,,,,,
Other Caribbean (EI),1989,,,,,,,,,6.209,,,,,,,,
Other Caribbean (EI),1990,,,,,,,,,6.542,,,,,,,,
Other Caribbean (EI),1991,,,,,,,,,6.552,,,,,,,,
Other Caribbean (EI),1992,,,,,,,,,6.083,,,,,,,,
Other Caribbean (EI),1993,,,,,,,,,5.265,,,,,,,,
Other Caribbean (EI),1994,,,,,,,,,4.506,,,,,,,,
Other Caribbean (EI),1995,,,,,,,,,4.652,,,,,,,,
Other Caribbean (EI),1996,,,,,,,,,4.845,,,,,,,,
Other Caribbean (EI),1997,,,,,,,,,4.461,,,,,,,,
Other Caribbean (EI),1998,,,,,,,,,4.613,,,,,,,,
Other Caribbean (EI),1999,,,,,,,,,5.257,,,,,,,,
Other Caribbean (EI),2000,,,,,,,,,4.002,,,,,,,,
Other Caribbean (EI),2001,,,,,,,,,3.531,,,,,,,,
Other Caribbean (EI),2002,,,,,,,,,3.529,,,,,,,,
Other Caribbean (EI),2003,,,,,,,,,3.603,,,,,,,,
Other Caribbean (EI),2004,,,,,,,,,3.658,,,,,,,,
Other Caribbean (EI),2005,,,,,,,,,3.502,,,,,,,,
Other Caribbean (EI),2006,,,,,,,,,2.886,,,,,,,,
Other Caribbean (EI),2007,,,,,,,,,2.403,,,,,,,,
Other Caribbean (EI),2008,,,,,,,,,2.451,,,,,,,,
Other Caribbean (EI),2009,,,,,,,,,2.681,,,,,,,,
Other Caribbean (EI),2010,,,,,,,,,2.613,,,,,,,,
Other Caribbean (EI),2011,,,,,,,,,2.798,,,,,,,,
Other Caribbean (EI),2012,,,,,,,,,3.225,,,,,,,,
Other Caribbean (EI),2013,,,,,,,,,3.731,,,,,,,,
Other Caribbean (EI),2014,,,,,,,,,3.234,,,,,,,,
Other Caribbean (EI),2015,,,,,,,,,3.036,,,,,,,,
Other Caribbean (EI),2016,,,,,,,,,3.292,,,,,,,,
Other Caribbean (EI),2017,,,,,,,,,4.0,,,,,,,,
Other Caribbean (EI),2018,,,,,,,,,3.875,,,,,,,,
Other Caribbean (EI),2019,,,,,,,,,4.076,,,,,,,,
Other Caribbean (EI),2020,,,,,,,,,4.905,,,,,,,,
Other Caribbean (EI),2021,,,,,,,,,5.223,,,,,,,,
Other Caribbean (EI),2022,,,,,,,,,5.294,,,,,,,,
Other Caribbean (EI),2023,,,,,,,,,5.26,,,,,,,,
Other Caribbean (EI),2024,,,,,,,,,5.399,,,,,,,,
Pakistan,1965,PAK,52209015.0,70661282988.0,0.0,0.0,2.196,0.0,2.196,7.456,,,,,,,,
Pakistan,1966,PAK,53678671.0,76405786843.0,0.0,0.0,2.196,0.0,2.196,7.4,,,,,,,,
Pakistan,1967,PAK,55214772.0,79258961257.0,0.0,0.0,2.603,0.0,2.603,7.924,,,,,,,,
Pakistan,1968,PAK,56810512.0,84766477183.0,0.0,0.0,3.129,0.0,3.129,8.392,,,,,,,,
Pakistan,1969,PAK,58460945.0,90261653464.0,0.0,0.0,3.301,0.0,3.301,8.814,,,,,,,,
Pakistan,1970,PAK,60166721.0,99675942742.0,0.0,0.0,2.921,0.0,2.921,7.922,,,,,,,,
Pakistan,1971,PAK,61847896.0,100157188906.0,0.0,0.0,3.814,0.0,3.814,10.942,,,,,,,,
Pakistan,1972,PAK,63583192.0,100869216328.0,0.0,0.0,4.013,0.0,4.013,12.553,,,,,,,,
Pakistan,1973,PAK,65461912.0,108175171710.0,0.0,0.0,4.234,0.0,4.234,12.396,,,,,,,,
Pakistan,1974,PAK,67415487.0,111773760656.0,0.0,0.0,4.256,0.0,4.256,11.496,,,,,,,,
Pakistan,1975,PAK,69461179.0,116475289398.0,0.0,0.0,4.897,0.0,4.897,12.61,,,,,,,,
Pakistan,1976,PAK,71620249.0,122635611968.0,0.0,0.0,5.317,0.0,5.317,13.489,,,,,,,,
Pakistan,1977,PAK,73901831.0,127467033312.0,0.0,0.0,6.315,0.0,6.315,14.816,,,,,,,,
Pakistan,1978,PAK,76307381.0,137688230625.0,0.0,0.0,7.84,0.0,7.84,17.203,,,,,,,,
Pakistan,1979,PAK,78997040.0,142754670023.0,0.0,0.0,8.476,0.0,8.476,17.059,,,,,,,,
Pakistan,1980,PAK,82291008.0,157740585914.0,0.0,0.0,8.887,0.0,8.887,16.12,,,,,,,,
Pakistan,1981,PAK,85802048.0,170114458312.0,0.0,0.0,9.281,0.0,9.281,15.652,,,,,,,,
Pakistan,1982,PAK,89089247.0,183113352296.0,0.0,0.0,10.443,0.0,10.443,15.973,,,,,,,,
Pakistan,1983,PAK,92227711.0,195559367070.0,0.0,0.0,12.096,0.0,12.096,17.322,,,,,,,,
Pakistan,1984,PAK,95164940.0,203232800671.0,0.0,0.0,12.538,0.0,12.538,16.962,,,,,,,,
Pakistan,1985,PAK,98229291.0,220940072343.0,0.0,0.0,13.024,0.0,13.024,16.764,45.183,0.0,0.0,45.183,,28.825,,
Pakistan,1986,PAK,101606770.0,234955266578.0,0.0,0.0,12.454,0.0,12.454,15.108,38.5,0.0,0.0,38.5,,32.348,,
Pakistan,1987,PAK,105130710.0,248712727781.0,0.0,0.0,16.374,0.0,16.374,17.737,45.049,0.0,0.0,45.049,,36.347,,
Pakistan,1988,PAK,108724740.0,264731820890.0,0.0,0.0,17.165,0.0,17.165,17.499,42.204,0.0,0.0,42.204,,40.671,,
Pakistan,1989,PAK,112336634.0,277371088054.0,0.0,0.0,17.443,0.0,17.443,16.76,40.75,0.0,0.0,40.75,,42.806,,
Pakistan,1990,PAK,116155584.0,290069526062.0,0.0,0.0,17.085,0.0,17.085,15.694,37.154,0.0,0.0,37.154,,45.985,,
Pakistan,1991,PAK,120060409.0,311483364597.0,0.0,0.0,18.283,0.0,18.283,15.851,36.406,0.0,0.0,36.406,,50.22,,
Pakistan,1992,PAK,123546855.0,327814343506.0,0.0,0.0,19.945,0.0,19.945,16.468,37.228,0.0,0.0,37.228,,53.575,,
Pakistan,1993,PAK,127020117.0,338978430026.0,0.0,0.0,21.933,0.0,21.933,16.362,38.472,0.0,0.0,38.472,,57.012,,
Pakistan,1994,PAK,130748076.0,356454516834.0,0.0,0.0,21.527,0.0,21.527,15.512,37.165,0.0,0.0,37.165,,57.923,,
Pakistan,1995,PAK,134582255.0,376967615526.0,0.0,0.0,22.747,0.0,22.747,15.541,35.681,0.0,0.0,35.681,,63.75,,
Pakistan,1996,PAK,138557089.0,391435181933.0,0.0,0.0,24.797,0.0,24.797,15.909,36.701,0.0,0.0,36.701,,67.565,,
Pakistan,1997,PAK,142531801.0,402359547116.0,0.0,0.0,18.447,0.0,18.447,12.213,29.523,0.0,0.0,29.523,,62.481,,
Pakistan,1998,PAK,146522354.0,419024845538.0,0.0,0.0,24.108,0.0,24.108,14.898,36.309,0.0,0.0,36.309,,66.396,,
Pakistan,1999,PAK,150565381.0,440333180316.0,0.0,0.0,21.505,0.0,21.505,12.713,32.931,0.0,0.0,32.931,,65.302,,
Pakistan,2000,PAK,154879124.0,459798536606.0,0.0,0.0,17.19,0.0,17.19,10.753,25.854,0.0,0.0,25.854,48.92,66.49,33.24,499.93
Pakistan,2001,PAK,159270910.0,477964444881.0,0.0,0.0,18.94,0.0,18.94,10.829,26.265,0.0,0.0,26.265,51.19,72.11,34.88,483.71
Pakistan,2002,PAK,163222552.0,504824722487.0,0.0,0.0,22.35,0.0,22.35,11.551,29.497,0.0,0.0,29.497,51.62,75.77,35.28,465.62
Pakistan,2003,PAK,167110250.0,543920300431.0,0.0,0.0,26.94,1.2,28.14,12.784,34.284,0.0,0.0,32.822,52.13,82.08,36.31,442.37
Pakistan,2004,PAK,171285999.0,592025705114.0,0.0,0.0,25.67,1.2,26.87,12.115,31.259,0.0,0.0,29.863,57.16,85.96,39.7,461.84
Pakistan,2005,PAK,175453212.0,641139042718.0,0.0,0.0,30.86,1.0,31.86,12.98,33.693,0.0,0.0,32.635,60.29,94.56,41.77,441.73
Pakistan,2006,PAK,179682690.0,685965623310.0,0.0,0.0,31.95,1.06,33.01,11.995,33.166,0.0,0.0,32.101,63.97,99.53,44.09,442.98
Pakistan,2007,PAK,184493231.0,719253757580.0,0.0,0.0,28.71,1.25,29.96,11.84,31.16,0.0,0.0,29.86,63.88,96.15,43.91,456.68
Pakistan,2008,PAK,189499112.0,746912719652.0,0.0,0.0,27.78,1.28,29.06,10.105,31.244,0.0,0.0,29.868,62.21,93.01,42.7,459.09
Pakistan,2009,PAK,194376535.0,774880575078.0,0.0,0.01,28.09,1.0,29.1,10.194,30.278,0.0,0.01,29.227,64.37,96.11,44.04,458.23
Pakistan,2010,PAK,199239048.0,805491514683.0,0.01,0.01,31.81,0.99,32.82,10.436,34.715,0.011,0.011,33.647,59.16,94.54,40.62,429.66
Pakistan,2011,PAK,203746069.0,845096928750.0,0.03,0.02,28.52,1.11,29.68,10.606,31.298,0.032,0.021,30.075,61.31,94.83,42.04,443.32
Pakistan,2012,PAK,207667129.0,878485024934.0,0.07,0.01,29.86,1.17,31.11,3.989,31.713,0.071,0.01,30.438,61.72,98.1,42.35,431.7
Pakistan,2013,PAK,211073979.0,918328534363.0,0.14,0.4,31.87,1.35,33.76,10.559,32.189,0.133,0.381,30.387,66.72,104.88,45.75,436.21
Pakistan,2014,PAK,214264649.0,961516822345.0,0.24,0.8,32.47,1.92,35.43,10.733,32.833,0.222,0.741,30.09,67.9,107.91,46.7,432.77
Pakistan,2015,PAK,217290884.0,1010825281718.0,0.38,0.79,34.63,2.15,37.95,10.407,33.647,0.337,0.7,30.703,70.51,112.79,48.7,431.78
Pakistan,2016,PAK,220138863.0,1061146810870.0,0.68,1.33,32.18,1.66,35.85,10.286,29.17,0.553,1.082,26.184,81.61,122.9,56.16,456.96
Pakistan,2017,PAK,223273974.0,1117267177186.0,0.92,2.1,27.92,1.7,32.64,8.975,25.038,0.706,1.611,21.418,89.61,130.36,63.37,486.12
Pakistan,2018,PAK,226928893.0,1165406508457.0,0.92,3.16,27.34,1.71,33.13,8.879,25.678,0.713,2.449,21.191,86.6,129.02,62.46,484.11
Pakistan,2019,PAK,230800908.0,1172330212219.0,2.61,2.88,33.58,1.71,40.78,10.438,30.214,1.934,2.134,24.88,85.12,134.97,63.3,468.99
Pakistan,2020,PAK,235001745.0,1202026422230.0,4.1,2.9,33.55,1.75,42.3,11.468,28.941,2.805,1.984,22.954,94.22,146.16,69.79,477.49
Pakistan,2021,PAK,239477805.0,1278204948031.0,5.79,4.58,33.55,1.85,45.77,9.927,28.044,3.548,2.806,20.556,101.7,163.21,74.55,456.77
Pakistan,2022,PAK,243700667.0,1318834969356.0,7.72,6.34,34.58,1.91,50.55,10.571,28.726,4.387,3.603,19.651,103.14,175.97,75.96,431.66
Pakistan,2023,PAK,247504505.0,1318834969356.0,11.35,6.05,37.9,1.77,57.07,12.266,33.186,6.6,3.518,22.039,92.46,171.97,69.01,401.29
Pakistan,2024,PAK,251269160.0,1318834969356.0,19.83,5.16,38.27,1.82,65.08,12.507,37.197,11.334,2.949,21.874,87.0,174.96,65.38,373.69
Pakistan,2025,PAK,255219560.0,1318834969356.0,36.61,5.74,39.35,1.67,83.37,12.507,42.747,18.771,2.943,20.176,87.95,195.03,67.59,346.56
Palestine,2000,PSE,3151800.0,16535485180.0,0.0,0.0,0.0,0.0,0.0,,0.0,0.0,0.0,0.0,0.03,0.03,0.02,666.67
Palestine,2001,PSE,3242286.0,14595986667.0,0.0,0.0,0.0,0.0,0.0,,0.0,0.0,0.0,0.0,0.04,0.04,0.03,750.0
Palestine,2002,PSE,3322369.0,12429343876.0,0.0,0.0,0.0,0.0,0.0,,0.0,0.0,0.0,0.0,0.15,0.15,0.1,666.67
Palestine,2003,PSE,3398071.0,13784762233.0,0.0,0.0,0.0,0.0,0.0,,0.0,0.0,0.0,0.0,0.34,0.34,0.22,647.06
Palestine,2004,PSE,3475178.0,14801525695.0,0.0,0.0,0.0,0.0,0.0,,0.0,0.0,0.0,0.0,0.4,0.4,0.26,650.0
Palestine,2005,PSE,3557406.0,15962719146.0,0.0,0.0,0.0,0.0,0.0,,0.0,0.0,0.0,0.0,0.5,0.5,0.33,660.0
Palestine,2006,PSE,3645096.0,14923434404.0,0.0,0.0,0.0,0.0,0.0,,0.0,0.0,0.0,0.0,0.35,0.35,0.23,657.14
Palestine,2007,PSE,3736694.0,15482101098.0,0.0,0.0,0.0,0.0,0.0,,0.0,0.0,0.0,0.0,0.42,0.42,0.28,666.67
Palestine,2008,PSE,3829039.0,15978427884.0,0.0,0.0,0.0,0.0,0.0,,0.0,0.0,0.0,0.0,0.43,0.43,0.28,651.16
Palestine,2009,PSE,3921245.0,16895251586.0,0.0,0.0,0.0,0.0,0.0,,0.0,0.0,0.0,0.0,0.5,0.5,0.33,660.0
Palestine,2010,PSE,4016918.0,17771111593.0,0.0,0.0,0.0,0.0,0.0,,0.0,0.0,0.0,0.0,0.47,0.47,0.31,659.57
Palestine,2011,PSE,4115912.0,19437411000.0,0.0,0.0,0.0,0.0,0.0,,0.0,0.0,0.0,0.0,0.57,0.57,0.38,666.67
Palestine,2012,PSE,4215318.0,20660752000.0,0.0,0.0,0.0,0.0,0.0,,0.0,0.0,0.0,0.0,0.46,0.46,0.3,652.17
Palestine,2013,PSE,4315263.0,21115612000.0,0.0,0.0,0.0,0.0,0.0,,0.0,0.0,0.0,0.0,0.53,0.53,0.35,660.38
Palestine,2014,PSE,4415887.0,21084591000.0,0.0,0.0,0.0,0.0,0.0,,0.0,0.0,0.0,0.0,0.34,0.34,0.22,647.06
Palestine,2015,PSE,4521564.0,21808077000.0,0.01,0.0,0.0,0.0,0.01,,1.923,1.923,0.0,0.0,0.51,0.52,0.34,653.85
Palestine,2016,PSE,4632743.0,23665914839.0,0.04,0.0,0.0,0.0,0.04,,7.547,7.547,0.0,0.0,0.49,0.53,0.32,603.77
Palestine,2017,PSE,4742747.0,23886477912.0,0.05,0.0,0.0,0.0,0.05,,9.091,9.091,0.0,0.0,0.5,0.55,0.33,600.0
Palestine,2018,PSE,4850593.0,24082206405.0,0.06,0.0,0.0,0.0,0.06,,14.286,14.286,0.0,0.0,0.36,0.42,0.24,571.43
Palestine,2019,PSE,4957773.0,24410373377.0,0.12,0.0,0.0,0.0,0.12,,14.815,14.815,0.0,0.0,0.69,0.81,0.46,567.9
Palestine,2020,PSE,5069692.0,21647493143.0,0.18,0.0,0.0,0.0,0.18,,21.429,21.429,0.0,0.0,0.66,0.84,0.44,523.81
Palestine,2021,PSE,5185341.0,23165411997.0,0.22,0.0,0.0,0.0,0.22,,24.176,24.176,0.0,0.0,0.69,0.91,0.46,505.5
Palestine,2022,PSE,5305274.0,24076501614.0,0.34,0.0,0.0,0.0,0.34,,33.333,33.333,0.0,0.0,0.68,1.02,0.47,460.78
Palestine,2023,PSE,5409201.0,24076501614.0,0.34,0.0,0.0,0.0,0.34,,40.0,40.0,0.0,0.0,0.51,0.85,0.36,423.53
Palestine,2024,PSE,5495447.0,24076501614.0,0.39,0.0,0.0,0.0,0.39,,39.394,39.394,0.0,0.0,0.6,0.99,0.41,414.14
Panama,2000,PAN,3010376.0,28706485449.0,0.0,0.0,3.42,0.02,3.44,,70.348,0.0,0.0,69.939,1.45,4.89,1.03,210.63
Panama,2001,PAN,3069545.0,28943056968.0,0.0,0.0,2.5,0.02,2.52,,49.219,0.0,0.0,48.828,2.6,5.12,1.77,345.7
Panama,2002,PAN,3129343.0,29668000666.0,0.0,0.0,3.4,0.02,3.42,,64.65,0.0,0.0,64.272,1.87,5.29,1.31,247.64
Panama,2003,PAN,3189813.0,31009621095.0,0.0,0.0,2.82,0.02,2.84,,50.987,0.0,0.0,50.628,2.73,5.57,1.87,335.73
Panama,2004,PAN,3251158.0,33428600750.0,0.0,0.0,3.78,0.02,3.8,,65.972,0.0,0.0,65.625,1.96,5.76,1.38,239.58
Panama,2005,PAN,3313024.0,35933065263.0,0.0,0.0,3.72,0.02,3.74,,64.261,0.0,0.0,63.918,2.08,5.82,1.46,250.86
Panama,2006,PAN,3375024.0,39099565107.0,0.0,0.0,3.58,0.02,3.6,,60.201,0.0,0.0,59.866,2.38,5.98,1.66,277.59
Panama,2007,PAN,3437490.0,43958183203.0,0.0,0.0,3.71,0.02,3.73,,57.74,0.0,0.0,57.43,2.73,6.46,1.89,292.57
Panama,2008,PAN,3500646.0,47885663330.0,0.0,0.0,3.97,0.02,3.99,,62.053,0.0,0.0,61.742,2.44,6.43,1.7,264.39
Panama,2009,PAN,3564383.0,48772972500.0,0.0,0.0,3.9,0.02,3.92,,56.729,0.0,0.0,56.44,2.99,6.91,2.06,298.12
Panama,2010,PAN,3628537.0,51741885375.0,0.0,0.0,4.19,0.02,4.21,,57.046,0.0,0.0,56.775,3.17,7.38,2.19,296.75
Panama,2011,PAN,3693509.0,57996520000.0,0.0,0.0,4.1,0.02,4.12,,52.685,0.0,0.0,52.43,3.7,7.82,2.63,336.32
Panama,2012,PAN,3759261.0,63359010000.0,0.0,0.0,5.39,0.03,5.42,,62.95,0.0,0.0,62.602,3.19,8.61,2.38,276.42
Panama,2013,PAN,3825333.0,67546261000.0,0.0,0.0,5.15,0.03,5.18,,57.877,0.0,0.0,57.542,3.77,8.95,2.75,307.26
Panama,2014,PAN,3892100.0,71636840000.0,0.01,0.12,5.03,0.03,5.19,,55.806,0.108,1.29,54.086,4.11,9.3,2.98,320.43
Panama,2015,PAN,3960034.0,75784011000.0,0.02,0.42,6.26,0.03,6.73,,65.34,0.194,4.078,60.777,3.57,10.3,2.66,258.25
Panama,2016,PAN,4029085.0,79454188125.0,0.07,0.63,6.52,0.03,7.25,,66.636,0.643,5.79,59.926,3.63,10.88,2.69,247.24
Panama,2017,PAN,4098704.0,83812229677.0,0.16,0.49,7.25,0.03,7.93,,71.83,1.449,4.438,65.67,3.11,11.04,2.27,205.62
Panama,2018,PAN,4167860.0,86820962356.0,0.23,0.59,7.86,0.03,8.71,,77.768,2.054,5.268,70.179,2.49,11.2,1.9,169.64
Panama,2019,PAN,4234698.0,89670319909.0,0.29,0.72,5.1,0.03,6.14,,52.749,2.491,6.186,43.814,5.5,11.64,3.79,325.6
Panama,2020,PAN,4293258.0,73827064971.0,0.32,0.58,7.35,0.03,8.28,,75.686,2.925,5.302,67.185,2.66,10.94,1.98,180.99
Panama,2021,PAN,4345410.0,85518149482.0,0.59,0.53,8.34,0.03,9.49,,78.365,4.872,4.377,68.869,2.62,12.11,1.96,161.85
Panama,2022,PAN,4400775.0,94762119668.0,0.7,0.58,8.12,0.06,9.46,,77.224,5.714,4.735,66.286,2.79,12.25,2.07,168.98
Panama,2023,PAN,4458758.0,94762119668.0,0.87,0.89,6.15,0.04,7.95,,60.641,6.636,6.789,46.911,5.16,13.11,3.49,266.21
Panama,2024,PAN,4515576.0,94762119668.0,0.99,0.96,7.13,0.05,9.13,,67.982,7.372,7.148,53.09,4.3,13.43,2.97,221.15
Papua New Guinea,2000,PNG,5537068.0,,0.0,0.0,0.92,0.0,0.92,,42.396,0.0,0.0,42.396,1.25,2.17,0.86,396.31
Papua New Guinea,2001,PNG,5728444.0,,0.0,0.0,0.92,0.0,0.92,,34.328,0.0,0.0,34.328,1.76,2.68,1.2,447.76
Papua New Guinea,2002,PNG,5924010.0,,0.0,0.0,0.92,0.0,0.92,,32.056,0.0,0.0,32.056,1.95,2.87,1.32,459.93
Papua New Guinea,2003,PNG,6124005.0,,0.0,0.0,0.92,0.05,0.97,,30.124,0.0,0.0,28.571,2.25,3.22,1.53,475.16
Papua New Guinea,2004,PNG,6328042.0,,0.0,0.0,0.89,0.05,0.94,,26.781,0.0,0.0,25.356,2.57,3.51,1.73,492.88
Papua New Guinea,2005,PNG,6535905.0,,0.0,0.0,0.88,0.3,1.18,,32.597,0.0,0.0,24.309,2.44,3.62,1.66,458.56
Papua New Guinea,2006,PNG,6747724.0,,0.0,0.0,0.85,0.3,1.15,,33.824,0.0,0.0,25.0,2.25,3.4,1.54,452.94
Papua New Guinea,2007,PNG,6963353.0,,0.0,0.0,0.85,0.4,1.25,,37.313,0.0,0.0,25.373,2.1,3.35,1.44,429.85
Papua New Guinea,2008,PNG,7183002.0,,0.0,0.0,0.85,0.4,1.25,,36.657,0.0,0.0,24.927,2.16,3.41,1.49,436.95
Papua New Guinea,2009,PNG,7406442.0,,0.0,0.0,0.85,0.4,1.25,,37.092,0.0,0.0,25.223,2.12,3.37,1.46,433.23
Papua New Guinea,2010,PNG,7633524.0,,0.0,0.0,0.85,0.4,1.25,,35.613,0.0,0.0,24.217,2.26,3.51,1.55,441.6
Papua New Guinea,2011,PNG,7859349.0,,0.0,0.0,0.96,0.4,1.36,,37.466,0.0,0.0,26.446,2.27,3.63,1.56,429.75
Papua New Guinea,2012,PNG,8081396.0,,0.0,0.0,0.97,0.4,1.37,,36.729,0.0,0.0,26.005,2.36,3.73,1.61,431.64
Papua New Guinea,2013,PNG,8302700.0,,0.0,0.0,0.99,0.42,1.41,,35.162,0.0,0.0,24.688,2.6,4.01,1.78,443.89
Papua New Guinea,2014,PNG,8523440.0,,0.0,0.0,1.01,0.42,1.43,,33.411,0.0,0.0,23.598,2.85,4.28,1.94,453.27
Papua New Guinea,2015,PNG,8743247.0,,0.0,0.0,1.0,0.42,1.42,,31.347,0.0,0.0,22.075,3.11,4.53,2.11,465.78
Papua New Guinea,2016,PNG,8961717.0,,0.0,0.0,1.0,0.42,1.42,,29.769,0.0,0.0,20.964,3.35,4.77,2.28,477.99
Papua New Guinea,2017,PNG,9178717.0,,0.0,0.0,0.79,0.42,1.21,,27.816,0.0,0.0,18.161,3.14,4.35,2.14,491.95
Papua New Guinea,2018,PNG,9394518.0,,0.0,0.0,0.85,0.15,1.0,,22.936,0.0,0.0,19.495,3.36,4.36,2.26,518.35
Papua New Guinea,2019,PNG,9609014.0,,0.0,0.0,1.01,0.12,1.13,,26.402,0.0,0.0,23.598,3.15,4.28,2.12,495.33
Papua New Guinea,2020,PNG,9815743.0,,0.0,0.0,1.01,0.11,1.12,,27.317,0.0,0.0,24.634,2.98,4.1,2.01,490.24
Papua New Guinea,2021,PNG,10012898.0,,0.0,0.0,1.01,0.11,1.12,,24.724,0.0,0.0,22.296,3.41,4.53,2.3,507.73
Papua New Guinea,2022,PNG,10203177.0,,0.01,0.0,0.85,0.11,0.97,,21.133,0.218,0.0,18.519,3.62,4.59,2.43,529.41
Papua New Guinea,2023,PNG,10389638.0,,0.01,0.0,1.0,0.11,1.12,,23.679,0.211,0.0,21.142,3.61,4.73,2.43,513.74
Papua New Guinea,2024,PNG,10576509.0,,0.01,0.0,1.0,0.11,1.12,,23.679,0.211,0.0,21.142,3.61,4.73,2.43,513.74
Paraguay,2000,PRY,5100875.0,26799187738.0,0.0,0.0,53.49,0.0,53.49,,100.0,0.0,0.0,100.0,0.0,53.49,1.27,23.74
Paraguay,2001,PRY,5187690.0,27438613750.0,0.0,0.0,45.32,0.0,45.32,,100.0,0.0,0.0,100.0,0.0,45.32,1.08,23.83
Paraguay,2002,PRY,5261334.0,31664872141.0,0.0,0.0,48.21,0.0,48.21,,100.0,0.0,0.0,100.0,0.0,48.21,1.15,23.85
Paraguay,2003,PRY,5326437.0,33135448282.0,0.0,0.0,51.77,0.0,51.77,,100.0,0.0,0.0,100.0,0.0,51.77,1.23,23.76
Paraguay,2004,PRY,5388181.0,34591080511.0,0.0,0.0,51.93,0.0,51.93,,100.0,0.0,0.0,100.0,0.0,51.93,1.23,23.69
Paraguay,2005,PRY,5448100.0,35443580706.0,0.0,0.0,51.17,0.0,51.17,,100.0,0.0,0.0,100.0,0.0,51.17,1.22,23.84
Paraguay,2006,PRY,5505145.0,37261533412.0,0.0,0.0,53.77,0.0,53.77,,100.0,0.0,0.0,100.0,0.0,53.77,1.28,23.81
Paraguay,2007,PRY,5559385.0,39406021841.0,0.0,0.0,53.71,0.0,53.71,,100.0,0.0,0.0,100.0,0.0,53.71,1.28,23.83
Paraguay,2008,PRY,5613577.0,42050621581.0,0.0,0.0,55.46,0.0,55.46,,100.0,0.0,0.0,100.0,0.0,55.46,1.32,23.8
Paraguay,2009,PRY,5671243.0,40509009629.0,0.0,0.0,54.94,0.0,54.94,,100.0,0.0,0.0,100.0,0.0,54.94,1.31,23.84
Paraguay,2010,PRY,5737973.0,45961696292.0,0.0,0.0,54.06,0.0,54.06,,100.0,0.0,0.0,100.0,0.0,54.06,1.28,23.68
Paraguay,2011,PRY,5814632.0,48113309093.0,0.0,0.0,57.62,0.0,57.62,,100.0,0.0,0.0,100.0,0.0,57.62,1.37,23.78
Paraguay,2012,PRY,5897011.0,47772664940.0,0.0,0.0,60.23,0.0,60.23,,100.0,0.0,0.0,100.0,0.0,60.23,1.43,23.74
Paraguay,2013,PRY,5982447.0,51734453611.0,0.0,0.0,60.38,0.13,60.51,,100.0,0.0,0.0,99.785,0.0,60.51,1.46,24.13
Paraguay,2014,PRY,6069819.0,54476893712.0,0.0,0.0,55.28,0.14,55.42,,99.982,0.0,0.0,99.729,0.01,55.43,1.35,24.36
Paraguay,2015,PRY,6159106.0,56087783311.0,0.0,0.0,55.74,0.15,55.89,,100.0,0.0,0.0,99.732,0.0,55.89,1.35,24.16
Paraguay,2016,PRY,6249129.0,58481604773.0,0.0,0.0,63.77,0.17,63.94,,100.0,0.0,0.0,99.734,0.0,63.94,1.56,24.4
Paraguay,2017,PRY,6338658.0,61294571103.0,0.0,0.0,59.68,0.14,59.82,,100.0,0.0,0.0,99.766,0.0,59.82,1.45,24.24
Paraguay,2018,PRY,6427382.0,63258456042.0,0.0,0.0,59.21,0.13,59.34,,100.0,0.0,0.0,99.781,0.0,59.34,1.44,24.27
Paraguay,2019,PRY,6515059.0,63004153609.0,0.0,0.0,49.45,0.14,49.59,,100.0,0.0,0.0,99.718,0.0,49.59,1.2,24.2
Paraguay,2020,PRY,6603741.0,62487519891.0,0.0,0.0,46.37,0.26,46.63,,100.0,0.0,0.0,99.442,0.0,46.63,1.16,24.88
Paraguay,2021,PRY,6684184.0,64997640183.0,0.0,0.0,40.57,0.27,40.84,,100.0,0.0,0.0,99.339,0.0,40.84,1.02,24.98
Paraguay,2022,PRY,6760460.0,65127634644.0,0.0,0.0,43.87,0.24,44.11,,100.0,0.0,0.0,99.456,0.0,44.11,1.09,24.71
Paraguay,2023,PRY,6844150.0,65127634644.0,0.0,0.0,52.8,0.24,53.04,,100.0,0.0,0.0,99.548,0.0,53.04,1.3,24.51
Paraguay,2024,PRY,6929152.0,65127634644.0,0.0,0.0,42.17,0.24,42.41,,100.0,0.0,0.0,99.434,0.0,42.41,1.05,24.76
Paraguay,2025,PRY,7013079.0,65127634644.0,0.0,0.0,45.11,0.24,45.35,,100.0,0.0,0.0,99.471,0.0,45.35,1.12,24.7
Peru,1965,PER,11761091.0,65696160581.0,0.0,0.0,2.625,0.0,2.625,13.37,,,,,,,,
Peru,1966,PER,12101300.0,71226665558.0,0.0,0.0,2.827,0.0,2.827,11.784,,,,,,,,
Peru,1967,PER,12448815.0,74091346592.0,0.0,0.0,3.168,0.0,3.168,12.979,,,,,,,,
Peru,1968,PER,12803985.0,73284024000.0,0.0,0.0,3.4,0.0,3.4,13.683,,,,,,,,
Peru,1969,PER,13166756.0,75165694611.0,0.0,0.0,3.701,0.0,3.701,14.797,,,,,,,,
Peru,1970,PER,13501237.0,81043369200.0,0.0,0.0,3.536,0.0,3.536,13.698,,,,,,,,
Peru,1971,PER,13838069.0,84693327380.0,0.0,0.0,4.286,0.227,4.513,16.812,,,,,,,,
Peru,1972,PER,14210147.0,87412242023.0,0.0,0.0,4.435,0.227,4.662,19.407,,,,,,,,
Peru,1973,PER,14582864.0,92028472647.0,0.0,0.0,4.769,0.23,4.999,18.347,,,,,,,,
Peru,1974,PER,14956554.0,96868852035.0,0.0,0.0,5.216,0.266,5.482,17.471,,,,,,,,
Peru,1975,PER,15333955.0,104551629812.0,0.0,0.0,5.467,0.266,5.733,17.284,,,,,,,,
Peru,1976,PER,15716814.0,106022340281.0,0.0,0.0,5.793,0.245,6.038,17.841,,,,,,,,
Peru,1977,PER,16109808.0,105950393541.0,0.0,0.0,6.025,0.242,6.267,18.371,,,,,,,,
Peru,1978,PER,16516061.0,105938527515.0,0.0,0.0,6.192,0.215,6.407,18.813,,,,,,,,
Peru,1979,PER,16933143.0,112279731593.0,0.0,0.0,6.703,0.163,6.866,19.402,,,,,,,,
Peru,1980,PER,17360955.0,117521555537.0,0.0,0.0,7.01,0.085,7.095,18.693,,,,,,,,
Peru,1981,PER,17798803.0,122880962689.0,0.0,0.0,7.996,0.076,8.072,20.246,,,,,,,,
Peru,1982,PER,18246506.0,123031210000.0,0.0,0.0,8.396,0.151,8.547,21.326,,,,,,,,
Peru,1983,PER,18705961.0,106507839000.0,0.0,0.0,8.107,0.145,8.252,23.572,,,,,,,,
Peru,1984,PER,19174717.0,111385449000.0,0.0,0.0,8.703,0.142,8.845,23.966,,,,,,,,
Peru,1985,PER,19648212.0,113560608000.0,0.0,0.0,9.382,0.169,9.551,26.356,78.862,0.0,0.0,77.467,,12.111,,
Peru,1986,PER,20117127.0,124887950000.0,0.0,0.0,10.06,0.154,10.214,26.158,78.885,0.0,0.0,77.695,,12.948,,
Peru,1987,PER,20582325.0,135510960000.0,0.0,0.0,10.878,0.136,11.014,25.82,78.638,0.0,0.0,77.667,,14.006,,
Peru,1988,PER,21054704.0,124322130000.0,0.0,0.0,10.423,0.136,10.559,25.476,77.915,0.0,0.0,76.911,,13.552,,
Peru,1989,PER,21532587.0,109139160000.0,0.0,0.0,10.507,0.145,10.652,27.945,77.599,0.0,0.0,76.543,,13.727,,
Peru,1990,PER,22014772.0,103572000000.0,0.0,0.0,10.469,0.136,10.605,28.065,76.803,0.0,0.0,75.818,,13.808,,
Peru,1991,PER,22483784.0,108468600578.0,0.0,0.0,11.492,0.133,11.625,31.07,80.272,0.0,0.0,79.354,,14.482,,
Peru,1992,PER,22946345.0,110495351335.0,0.0,0.0,9.689,0.133,9.822,26.897,74.851,0.0,0.0,73.838,,13.122,,
Peru,1993,PER,23413783.0,92121419172.0,0.0,0.0,11.799,0.109,11.908,29.879,80.416,0.0,0.0,79.68,,14.808,,
Peru,1994,PER,23881497.0,103509723878.0,0.0,0.0,12.747,0.119,12.866,29.688,81.092,0.0,0.0,80.342,,15.866,,
Peru,1995,PER,24348922.0,111333590886.0,0.0,0.0,12.938,0.142,13.08,27.773,77.485,0.0,0.0,76.644,,16.88,,
Peru,1996,PER,24811174.0,114659592873.0,0.0,0.0,13.324,0.137,13.461,27.724,77.9,0.0,0.002,77.105,,17.28,,
Peru,1997,PER,25274149.0,122417899136.0,0.0,0.001,13.215,0.154,13.369,28.091,74.466,0.0,0.003,73.604,,17.953,,
Peru,1998,PER,25738101.0,122316689368.0,0.0,0.001,13.808,0.126,13.935,28.377,74.989,0.0,0.003,74.308,,18.583,,
Peru,1999,PER,26186499.0,124629013218.0,0.0,0.001,14.541,0.139,14.68,29.158,77.063,0.0,0.003,76.33,,19.05,,
Peru,2000,PER,26598328.0,128561599053.0,0.0,0.0,16.17,0.16,16.33,31.45,81.978,0.0,0.0,81.175,3.59,19.92,2.81,141.06
Peru,2001,PER,26964610.0,130005019162.0,0.0,0.0,17.61,0.16,17.77,34.392,85.556,0.0,0.0,84.786,3.0,20.77,2.45,117.96
Peru,2002,PER,27288211.0,137911092694.0,0.0,0.0,18.04,0.19,18.23,34.293,82.901,0.0,0.0,82.037,3.76,21.99,3.06,139.15
Peru,2003,PER,27580485.0,144583674826.0,0.0,0.0,18.53,0.2,18.73,35.519,81.683,0.0,0.0,80.811,4.2,22.93,3.34,145.66
Peru,2004,PER,27852190.0,152840586065.0,0.0,0.0,17.52,0.15,17.67,31.152,72.866,0.0,0.0,72.247,6.58,24.25,4.85,200.0
Peru,2005,PER,28101175.0,163489485317.0,0.0,0.0,18.08,0.35,18.43,30.827,72.275,0.0,0.0,70.902,7.07,25.5,5.1,200.0
Peru,2006,PER,28324488.0,176775277493.0,0.0,0.0,19.7,0.35,20.05,33.532,73.282,0.0,0.0,72.003,7.31,27.36,5.28,192.98
Peru,2007,PER,28530704.0,192942634714.0,0.0,0.0,19.55,0.42,19.97,30.645,66.722,0.0,0.0,65.319,9.96,29.93,6.87,229.54
Peru,2008,PER,28719038.0,211009673563.0,0.0,0.0,19.04,0.46,19.5,27.606,60.13,0.0,0.0,58.711,12.93,32.43,8.73,269.2
Peru,2009,PER,28896819.0,212830474173.0,0.0,0.0,19.49,0.46,19.95,28.469,60.601,0.0,0.0,59.204,12.97,32.92,8.73,265.19
Peru,2010,PER,29086021.0,230353256282.0,0.0,0.0,20.04,0.67,20.71,25.513,57.704,0.0,0.0,55.837,15.18,35.89,10.16,283.09
Peru,2011,PER,29304083.0,244711917914.0,0.0,0.0,21.59,0.68,22.27,24.656,56.768,0.0,0.0,55.034,16.96,39.23,11.24,286.52
Peru,2012,PER,29550367.0,259737230567.0,0.06,0.0,21.35,0.67,22.08,24.827,55.255,0.15,0.0,53.428,17.88,39.96,11.89,297.55
Peru,2013,PER,29817908.0,274939626306.0,0.2,0.0,22.31,0.96,23.47,24.991,53.942,0.46,0.0,51.276,20.04,43.51,13.27,304.99
Peru,2014,PER,30115825.0,281488723310.0,0.2,0.26,22.2,1.29,23.95,24.772,52.373,0.437,0.569,48.546,21.78,45.73,14.16,309.64
Peru,2015,PER,30457598.0,290642734598.0,0.23,0.6,23.71,0.91,25.45,24.89,52.724,0.476,1.243,49.12,22.82,48.27,14.76,305.78
Peru,2016,PER,30866497.0,302131843581.0,0.24,1.06,24.16,0.56,26.02,23.56,50.397,0.465,2.053,46.794,25.61,51.63,16.57,320.94
Peru,2017,PER,31324639.0,309742529723.0,0.29,1.07,29.06,0.47,30.89,27.624,58.604,0.55,2.03,55.132,21.82,52.71,14.31,271.49
Peru,2018,PER,31897590.0,322061010919.0,0.75,1.5,30.72,0.42,33.39,28.247,61.131,1.373,2.746,56.243,21.23,54.62,13.81,252.84
Peru,2019,PER,32449302.0,329252610797.0,0.78,1.65,31.45,0.55,34.43,28.051,60.542,1.372,2.901,55.302,22.44,56.87,14.6,256.73
Peru,2020,PER,32838577.0,292988745490.0,0.79,1.81,30.5,0.54,33.64,31.113,63.484,1.491,3.416,57.558,19.35,52.99,12.7,239.67
Peru,2021,PER,33155883.0,332691638600.0,0.8,1.82,31.89,0.58,35.09,28.608,61.572,1.404,3.194,55.957,21.9,56.99,14.3,250.92
Peru,2022,PER,33475436.0,341677633395.0,0.84,1.93,29.73,0.59,33.09,26.155,55.242,1.402,3.222,49.633,26.81,59.9,17.24,287.81
Peru,2023,PER,33845616.0,341677633395.0,0.84,1.93,29.73,0.6,33.1,25.562,54.378,1.38,3.171,48.842,27.77,60.87,17.76,291.77
Peru,2024,PER,34217850.0,341677633395.0,0.95,2.09,32.0,0.6,35.64,26.656,60.111,1.602,3.525,53.972,23.65,59.29,15.34,258.73
Peru,2025,PER,34576673.0,341677633395.0,1.83,2.11,33.88,0.65,38.47,26.656,63.65,3.028,3.491,56.056,21.97,60.44,14.4,238.25
Philippines,1965,PHL,32625328.0,86595485523.0,0.0,0.0,1.55,0.0,1.55,6.92,,,,,,,,
Philippines,1966,PHL,33617171.0,90426064781.0,0.0,0.0,1.52,0.0,1.52,6.15,,,,,,,,
Philippines,1967,PHL,34621326.0,95250684609.0,0.0,0.0,1.68,0.0,1.68,6.253,,,,,,,,
Philippines,1968,PHL,35638338.0,99985080937.0,0.0,0.0,1.72,0.0,1.72,5.47,,,,,,,,
Philippines,1969,PHL,36660795.0,104606238593.0,0.0,0.0,1.815,0.0,1.815,5.357,,,,,,,,
Philippines,1970,PHL,37622203.0,108553591218.0,0.0,0.0,2.097,0.0,2.097,6.064,,,,,,,,
Philippines,1971,PHL,38518656.0,114467546187.0,0.0,0.0,1.933,0.0,1.933,5.21,,,,,,,,
Philippines,1972,PHL,39408560.0,120671315406.0,0.0,0.0,2.207,0.0,2.207,5.612,,,,,,,,
Philippines,1973,PHL,40294126.0,131496104914.0,0.0,0.0,2.374,0.0,2.374,5.42,,,,,,,,
Philippines,1974,PHL,41174338.0,136133256007.0,0.0,0.0,2.051,0.0,2.051,5.016,,,,,,,,
Philippines,1975,PHL,42120830.0,143695710593.0,0.0,0.0,2.272,0.0,2.272,5.107,,,,,,,,
Philippines,1976,PHL,43201486.0,156320025859.0,0.0,0.0,2.795,0.0,2.795,6.055,,,,,,,,
Philippines,1977,PHL,44367965.0,165102786343.0,0.0,0.0,2.114,0.001,2.115,4.266,,,,,,,,
Philippines,1978,PHL,45575286.0,173707443187.0,0.0,0.0,2.811,0.003,2.814,5.425,,,,,,,,
Philippines,1979,PHL,46807104.0,183436885160.0,0.0,0.0,2.881,0.637,3.518,6.633,,,,,,,,
Philippines,1980,PHL,48043744.0,192910475269.0,0.0,0.0,3.522,2.045,5.567,10.906,,,,,,,,
Philippines,1981,PHL,49311730.0,199457195449.0,0.0,0.0,3.725,3.912,7.637,15.241,,,,,,,,
Philippines,1982,PHL,50695715.0,206677141339.0,0.0,0.0,3.773,3.908,7.681,15.349,,,,,,,,
Philippines,1983,PHL,52194624.0,210595318769.0,0.0,0.0,3.968,4.935,8.903,17.136,,,,,,,,
Philippines,1984,PHL,53726187.0,195158581925.0,0.0,0.0,5.278,5.358,10.636,22.343,,,,,,,,
Philippines,1985,PHL,55213007.0,180907318066.0,0.0,0.0,5.553,5.942,11.495,25.027,50.493,0.0,0.0,24.392,,22.766,,
Philippines,1986,PHL,56645083.0,187086785480.0,0.0,0.0,6.017,5.573,11.59,24.82,55.26,0.0,0.0,28.688,,20.974,,
Philippines,1987,PHL,58157496.0,195165628539.0,0.0,0.0,5.247,4.896,10.143,20.009,44.797,0.0,0.0,23.174,,22.642,,
Philippines,1988,PHL,59739056.0,208280785195.0,0.0,0.0,6.264,5.223,11.487,20.495,46.811,0.0,0.0,25.527,,24.539,,
Philippines,1989,PHL,61265259.0,221233812796.0,0.0,0.0,6.485,5.702,12.187,19.718,47.654,0.0,0.0,25.359,,25.573,,
Philippines,1990,PHL,62854668.0,227937191062.0,0.0,0.0,6.062,5.896,11.958,18.763,45.42,0.0,0.0,23.026,,26.327,,
Philippines,1991,PHL,64382249.0,228436344826.0,0.0,0.0,5.145,5.758,10.903,17.445,42.508,0.0,0.0,20.059,,25.649,,
Philippines,1992,PHL,65926130.0,230909837938.0,0.0,0.0,4.44,5.7,10.14,15.153,39.196,0.0,0.0,17.163,,25.87,,
Philippines,1993,PHL,67530621.0,237664033762.0,0.0,0.0,5.03,5.667,10.697,14.536,40.246,0.0,0.0,18.925,,26.579,,
Philippines,1994,PHL,69019297.0,250065486564.0,0.0,0.0,5.862,6.32,12.182,15.869,39.995,0.0,0.0,19.246,,30.459,,
Philippines,1995,PHL,70546245.0,263742284726.0,0.0,0.0,6.232,6.135,12.367,14.08,36.857,0.0,0.0,18.573,,33.554,,
Philippines,1996,PHL,72190237.0,281422828353.0,0.0,0.0,7.03,6.534,13.564,14.387,36.952,0.0,0.0,19.152,,36.707,,
Philippines,1997,PHL,73908813.0,298360005981.0,0.0,0.0,6.069,7.237,13.306,13.018,33.435,0.0,0.0,15.25,,39.797,,
Philippines,1998,PHL,75791031.0,299105469124.0,0.0,0.0,5.066,8.914,13.98,13.896,33.624,0.0,0.0,12.184,,41.578,,
Philippines,1999,PHL,77753256.0,310804334612.0,0.0,0.0,7.84,10.594,18.434,17.887,44.492,0.0,0.0,18.923,,41.432,,
Philippines,2000,PHL,79625401.0,327247671365.0,0.0,0.0,7.8,11.63,19.43,18.729,42.892,0.0,0.0,17.219,25.87,45.3,21.21,468.21
Philippines,2001,PHL,81401488.0,339580401272.0,0.0,0.0,7.1,10.44,17.54,17.257,37.279,0.0,0.0,15.09,29.51,47.05,23.81,506.06
Philippines,2002,PHL,83068889.0,354896572700.0,0.0,0.0,7.03,10.24,17.27,16.848,35.638,0.0,0.0,14.507,31.19,48.46,22.64,467.19
Philippines,2003,PHL,84731836.0,375676507230.0,0.0,0.0,7.87,9.82,17.69,16.612,33.415,0.0,0.0,14.866,35.25,52.94,24.12,455.61
Philippines,2004,PHL,86394510.0,404092179609.0,0.0,0.0,8.59,10.28,18.87,17.238,33.733,0.0,0.0,15.356,37.07,55.94,25.77,460.67
Philippines,2005,PHL,88015959.0,426864086040.0,0.0,0.02,8.39,9.9,18.31,16.653,32.367,0.0,0.035,14.831,38.26,56.57,25.38,448.65
Philippines,2006,PHL,89508992.0,452834616353.0,0.0,0.05,9.94,10.47,20.46,19.318,36.034,0.0,0.088,17.506,36.32,56.78,24.27,427.44
Philippines,2007,PHL,91075180.0,486739179739.0,0.0,0.06,8.56,10.22,18.84,17.341,31.6,0.0,0.101,14.358,40.78,59.62,26.96,452.2
Philippines,2008,PHL,92699091.0,511142140299.0,0.0,0.06,9.84,10.72,20.62,18.352,33.903,0.0,0.099,16.179,40.2,60.82,26.22,431.11
Philippines,2009,PHL,94384256.0,521163648845.0,0.0,0.06,9.79,10.32,20.17,17.917,32.574,0.0,0.097,15.811,41.75,61.92,27.33,441.38
Philippines,2010,PHL,96337127.0,565514808274.0,0.0,0.06,7.8,9.95,17.81,15.667,26.296,0.0,0.089,11.516,49.92,67.73,34.18,504.65
Philippines,2011,PHL,98248614.0,590943092007.0,0.0,0.09,9.7,10.03,19.82,16.874,28.662,0.0,0.13,14.027,49.33,69.15,34.09,492.99
Philippines,2012,PHL,100175511.0,631700459807.0,0.0,0.08,10.25,10.41,20.74,17.177,28.454,0.0,0.11,14.062,52.15,72.89,36.83,505.28
Philippines,2013,PHL,102076334.0,674346563689.0,0.0,0.07,10.02,9.78,19.87,15.493,26.412,0.0,0.093,13.319,55.36,75.23,39.87,529.98
Philippines,2014,PHL,103767127.0,717154029846.0,0.02,0.15,9.14,10.47,19.78,14.804,25.612,0.026,0.194,11.835,57.45,77.23,41.46,536.84
Philippines,2015,PHL,105312988.0,762678999551.0,0.14,0.75,8.66,11.39,20.94,14.375,25.413,0.17,0.91,10.51,61.46,82.4,44.89,544.78
Philippines,2016,PHL,106735721.0,817202925336.0,1.1,0.98,8.11,11.79,21.98,13.798,24.21,1.212,1.079,8.933,68.81,90.79,50.86,560.19
Philippines,2017,PHL,108119691.0,873843247356.0,1.2,1.09,9.61,11.27,23.17,13.161,24.555,1.272,1.155,10.184,71.19,94.36,52.89,560.51
Philippines,2018,PHL,109465284.0,929253628653.0,1.25,1.15,9.38,11.53,23.31,12.831,23.371,1.253,1.153,9.404,76.43,99.74,57.09,572.39
Philippines,2019,PHL,110804685.0,986114678778.0,1.25,1.04,8.03,11.72,22.04,11.974,20.787,1.179,0.981,7.573,83.99,106.03,62.84,592.66
Philippines,2020,PHL,112081270.0,892256290776.0,1.37,1.03,7.19,12.01,21.6,12.827,21.229,1.346,1.012,7.066,80.15,101.75,60.93,598.82
Philippines,2021,PHL,113100947.0,943141651518.0,1.47,1.28,9.19,11.47,23.41,12.948,22.135,1.39,1.21,8.689,82.35,105.76,63.41,599.57
Philippines,2022,PHL,113964343.0,1014811024029.0,1.82,1.06,10.09,11.75,24.72,13.032,22.16,1.632,0.95,9.045,86.83,111.55,67.21,602.51
Philippines,2023,PHL,114891199.0,1014811024029.0,1.82,1.35,10.09,11.75,25.01,12.922,21.426,1.559,1.157,8.644,91.72,116.73,71.92,616.12
Philippines,2024,PHL,115843663.0,1014811024029.0,2.08,1.5,10.09,11.75,25.42,12.818,20.472,1.675,1.208,8.126,98.75,124.17,77.2,621.73
Philippines,2025,PHL,116786960.0,1014811024029.0,3.0,1.46,12.7,11.54,28.7,12.818,23.311,2.437,1.186,10.315,94.42,123.12,72.43,588.29
Poland,1965,POL,31288338.0,188699589398.0,0.0,0.0,0.896,0.026,0.922,0.331,,,,,,,,
Poland,1966,POL,31568281.0,200606683406.0,0.0,0.0,0.896,0.038,0.934,0.33,,,,,,,,
Poland,1967,POL,31828626.0,207876378046.0,0.0,0.0,0.957,0.044,1.001,0.343,,,,,,,,
Poland,1968,POL,32078388.0,220431544812.0,0.0,0.0,1.005,0.047,1.052,0.335,,,,,,,,
Poland,1969,POL,32322778.0,218218530156.0,0.0,0.0,0.81,0.084,0.894,0.268,,,,,,,,
Poland,1970,POL,32542639.0,229568508000.0,0.0,0.0,1.771,0.059,1.83,0.517,,,,,,,,
Poland,1971,POL,32771298.0,245931897878.0,0.0,0.0,1.569,0.101,1.67,0.459,,,,,,,,
Poland,1972,POL,33041993.0,263853821343.0,0.0,0.0,1.503,0.185,1.688,0.442,,,,,,,,
Poland,1973,POL,33333275.0,283714602500.0,0.0,0.0,1.456,0.223,1.679,0.433,,,,,,,,
Poland,1974,POL,33642463.0,300363727500.0,0.0,0.0,2.122,0.235,2.357,0.586,,,,,,,,
Poland,1975,POL,33964400.0,314487208007.0,0.0,0.0,1.99,0.211,2.201,0.507,,,,,,,,
Poland,1976,POL,34296611.0,322311740773.0,0.0,0.0,1.645,0.183,1.828,0.4,,,,,,,,
Poland,1977,POL,34628513.0,328313350792.0,0.0,0.0,1.957,0.265,2.222,0.467,,,,,,,,
Poland,1978,POL,34934216.0,340244073914.0,0.0,0.0,1.951,0.262,2.213,0.443,,,,,,,,
Poland,1979,POL,35248382.0,333915680355.0,0.0,0.0,1.807,0.24,2.047,0.404,,,,,,,,
Poland,1980,POL,35576518.0,325503264953.0,0.0,0.0,2.349,0.248,2.597,0.488,,,,,,,,
Poland,1981,POL,35900913.0,308182432687.0,0.0,0.0,2.137,0.269,2.406,0.503,,,,,,,,
Poland,1982,POL,36233465.0,305360609726.0,0.0,0.0,1.543,0.269,1.812,0.373,,,,,,,,
Poland,1983,POL,36573700.0,320511907078.0,0.0,0.0,1.675,0.362,2.037,0.419,,,,,,,,
Poland,1984,POL,36905795.0,332358620109.0,0.0,0.0,1.408,0.345,1.753,0.348,,,,,,,,
Poland,1985,POL,37200850.0,335851104164.0,0.0,0.0,1.852,0.397,2.249,0.436,1.633,0.0,0.0,1.345,133.282,137.714,,
Poland,1986,POL,37452612.0,346539486562.0,0.0,0.0,1.549,0.368,1.917,0.362,1.366,0.0,0.0,1.104,135.966,140.294,,
Poland,1987,POL,37665710.0,341893100382.0,0.0,0.0,1.661,0.193,1.854,0.335,1.271,0.0,0.0,1.139,141.45,145.833,,
Poland,1988,POL,37817863.0,349435198078.0,0.0,0.0,1.793,0.094,1.887,0.345,1.307,0.0,0.0,1.242,139.933,144.34,,
Poland,1989,POL,37938086.0,344009615625.0,0.0,0.0,1.609,0.103,1.712,0.326,1.177,0.0,0.0,1.106,141.474,145.464,,
Poland,1990,POL,38055448.0,310673160937.0,0.0,0.0,1.44,0.05,1.49,0.339,1.108,0.0,0.0,1.071,132.94,134.43,,966.97
Poland,1991,POL,38152947.0,291288814472.0,0.0,0.0,1.42,0.08,1.5,0.356,1.13,0.0,0.0,1.07,131.22,132.72,,967.68
Poland,1992,POL,38233636.0,301270050123.0,0.0,0.0,1.51,0.11,1.62,0.4,1.24,0.0,0.0,1.155,129.06,130.68,,966.71
Poland,1993,POL,38294882.0,315272045792.0,0.0,0.0,1.49,0.06,1.55,0.382,1.176,0.0,0.0,1.131,130.23,131.78,,967.22
Poland,1994,POL,38344312.0,334402893305.0,0.0,0.0,1.73,0.05,1.78,0.459,1.335,0.0,0.0,1.298,131.51,133.29,,963.76
Poland,1995,POL,38364668.0,360934041475.0,0.0,0.0,1.89,0.07,1.96,0.492,1.43,0.0,0.0,1.379,135.09,137.05,,961.77
Poland,1996,POL,38359164.0,386314591617.0,0.0,0.0,1.93,0.13,2.06,0.497,1.459,0.0,0.0,1.367,139.13,141.19,,960.69
Poland,1997,POL,38348307.0,414942244343.0,0.0,0.0,1.96,0.17,2.13,0.519,1.511,0.0,0.0,1.391,138.81,140.94,,959.49
Poland,1998,POL,38326431.0,437955026714.0,0.0,0.0,2.31,0.22,2.53,0.644,1.797,0.0,0.0,1.641,138.24,140.77,,957.31
Poland,1999,POL,38287717.0,462542429541.0,0.0,0.0,2.15,0.19,2.34,0.61,1.672,0.0,0.0,1.536,137.65,139.99,,956.78
Poland,2000,POL,38258077.0,488207682001.0,0.0,0.0,2.11,0.22,2.33,0.644,1.627,0.0,0.0,1.474,140.85,143.18,136.68,954.6
Poland,2001,POL,38247359.0,499086644170.0,0.0,0.01,2.33,0.44,2.78,0.777,1.934,0.0,0.007,1.621,140.94,143.72,136.47,949.56
Poland,2002,POL,38229407.0,514089670231.0,0.0,0.06,2.28,0.43,2.77,0.775,1.944,0.0,0.042,1.6,139.72,142.49,134.74,945.61
Poland,2003,POL,38203527.0,537330337680.0,0.0,0.12,1.67,0.46,2.25,0.642,1.5,0.0,0.08,1.113,147.76,150.01,142.48,949.8
Poland,2004,POL,38167568.0,570430122148.0,0.0,0.14,2.08,0.98,3.2,0.849,2.098,0.0,0.092,1.364,149.34,152.54,143.58,941.26
Poland,2005,POL,38124377.0,595958527688.0,0.0,0.14,2.2,1.51,3.85,1.088,2.479,0.0,0.09,1.417,151.44,155.29,144.77,932.26
Poland,2006,POL,38071169.0,638713864539.0,0.0,0.26,2.04,1.99,4.29,1.203,2.67,0.0,0.162,1.269,156.41,160.7,149.76,931.92
Poland,2007,POL,38020420.0,690249985288.0,0.0,0.52,2.35,2.56,5.43,1.515,3.425,0.0,0.328,1.482,153.09,158.52,146.7,925.44
Poland,2008,POL,37995902.0,726319216200.0,0.0,0.84,2.15,3.62,6.61,2.154,4.278,0.0,0.544,1.392,147.89,154.5,141.91,918.51
Poland,2009,POL,38002153.0,760579624624.0,0.0,1.08,2.38,5.23,8.69,2.923,5.76,0.0,0.716,1.578,142.17,150.86,136.5,904.81
Poland,2010,POL,38095356.0,795619859853.0,0.0,1.66,2.92,6.3,10.88,3.379,6.94,0.0,1.059,1.863,145.89,156.77,140.0,893.03
Poland,2011,POL,38208644.0,843236863910.0,0.0,3.2,2.33,7.6,13.13,3.959,8.062,0.0,1.965,1.431,149.74,162.87,143.6,881.69
Poland,2012,POL,38247867.0,856266755052.0,0.0,4.75,2.04,10.09,16.88,5.13,10.453,0.0,2.942,1.263,144.6,161.48,139.0,860.79
Poland,2013,POL,38259267.0,863601156195.0,0.0,6.0,2.44,8.62,17.06,5.052,10.416,0.0,3.663,1.49,146.72,163.78,141.38,863.23
Poland,2014,POL,38265113.0,896737189458.0,0.01,7.68,2.18,9.98,19.85,5.922,12.536,0.006,4.85,1.377,138.5,158.35,133.66,844.08
Poland,2015,POL,38266314.0,936043804062.0,0.06,10.86,1.83,9.94,22.69,6.387,13.81,0.037,6.61,1.114,141.61,164.3,135.73,826.11
Poland,2016,POL,38263260.0,963689941627.0,0.12,12.59,2.14,7.96,22.81,5.878,13.741,0.072,7.584,1.289,143.19,166.0,135.88,818.55
Poland,2017,POL,38254964.0,1013223736654.0,0.17,14.91,2.56,6.49,24.13,5.924,14.202,0.1,8.775,1.507,145.78,169.91,136.87,805.54
Poland,2018,POL,38241070.0,1073462064151.0,0.3,12.8,1.97,6.55,21.62,5.621,12.76,0.177,7.555,1.163,147.81,169.43,137.07,809.01
Poland,2019,POL,38225884.0,1121231497071.0,0.71,15.11,1.96,7.68,25.46,6.71,15.599,0.435,9.257,1.201,137.76,163.22,125.95,771.66
Poland,2020,POL,38171005.0,1098581305284.0,1.96,15.8,2.12,8.35,28.23,7.663,17.964,1.247,10.054,1.349,128.92,157.15,116.02,738.28
Poland,2021,POL,38040303.0,1173809548862.0,3.93,16.23,2.34,8.06,30.56,7.599,17.093,2.198,9.078,1.309,148.23,178.79,135.23,756.36
Poland,2022,POL,38385734.0,1231021338216.0,8.31,19.78,1.97,7.63,37.69,9.37,21.103,4.653,11.075,1.103,140.91,178.6,130.82,732.48
Poland,2023,POL,38762847.0,1231021338216.0,11.11,24.18,2.41,8.16,45.86,11.752,27.707,6.712,14.609,1.456,119.66,165.52,107.7,650.68
Poland,2024,POL,38539209.0,1231021338216.0,17.66,25.89,2.11,7.95,53.61,13.045,31.147,10.26,15.042,1.226,118.51,172.12,104.68,608.18
Poland,2025,POL,38140913.0,1231021338216.0,19.55,24.62,1.7,8.72,54.59,13.045,31.508,11.284,14.21,0.981,118.67,173.26,101.98,588.6
Portugal,1965,PRT,8889623.0,58086870064.0,0.0,0.0,3.975,0.207,4.182,23.804,,,,,,,,
Portugal,1966,PRT,8872477.0,60455104303.0,0.0,0.0,5.276,0.2,5.476,28.51,,,,,,,,
Portugal,1967,PRT,8845842.0,65022729000.0,0.0,0.0,5.481,0.192,5.673,27.599,,,,,,,,
Portugal,1968,PRT,8809709.0,70796591833.0,0.0,0.0,5.188,0.228,5.416,25.873,,,,,,,,
Portugal,1969,PRT,8754238.0,72313644352.0,0.0,0.0,6.311,0.28,6.591,29.12,,,,,,,,
Portugal,1970,PRT,8669523.0,78901602503.0,0.0,0.0,5.804,0.186,5.99,22.028,,,,,,,,
Portugal,1971,PRT,8685587.0,84132632927.0,0.0,0.0,6.17,0.143,6.313,21.052,,,,,,,,
Portugal,1972,PRT,8815590.0,90870660478.0,0.0,0.0,7.086,0.113,7.199,22.079,,,,,,,,
Portugal,1973,PRT,8939234.0,101051247298.0,0.0,0.0,7.325,0.2,7.525,20.889,,,,,,,,
Portugal,1974,PRT,9059175.0,102210300005.0,0.0,0.0,7.828,0.18,8.008,21.231,,,,,,,,
Portugal,1975,PRT,9182303.0,97762401296.0,0.0,0.0,6.41,0.236,6.646,17.717,,,,,,,,
Portugal,1976,PRT,9310263.0,104504213200.0,0.0,0.0,4.787,0.23,5.017,13.495,,,,,,,,
Portugal,1977,PRT,9438170.0,110366212738.0,0.0,0.0,9.966,0.234,10.2,24.302,,,,,,,,
Portugal,1978,PRT,9556397.0,113475729199.0,0.0,0.0,10.811,0.232,11.043,24.987,,,,,,,,
Portugal,1979,PRT,9663303.0,119864921263.0,0.0,0.0,11.213,0.258,11.471,24.47,,,,,,,,
Portugal,1980,PRT,9763622.0,125370949095.0,0.0,0.0,8.015,0.32,8.335,18.268,,,,,,,,
Portugal,1981,PRT,9837588.0,127400923099.0,0.0,0.0,5.019,0.311,5.33,11.879,,,,,,,,
Portugal,1982,PRT,9885845.0,130127665855.0,0.0,0.0,6.921,0.353,7.274,14.992,,,,,,,,
Portugal,1983,PRT,9925257.0,129898975552.0,0.0,0.0,8.026,0.405,8.431,16.798,,,,,,,,
Portugal,1984,PRT,9956893.0,127462176351.0,0.0,0.0,9.765,0.373,10.138,19.397,,,,,,,,
Portugal,1985,PRT,9979475.0,131038827148.0,0.0,0.0,10.693,0.548,11.241,21.129,59.476,0.0,0.0,56.577,,18.9,,
Portugal,1986,PRT,9993097.0,136464680943.0,0.0,0.0,8.514,0.606,9.12,16.18,44.805,0.0,0.0,41.828,,20.355,,
Portugal,1987,PRT,10001990.0,145169747164.0,0.0,0.0,9.153,0.614,9.767,16.933,48.508,0.0,0.0,45.458,,20.135,,
Portugal,1988,PRT,10004588.0,156041295580.0,0.0,0.0,12.233,0.653,12.886,20.145,57.299,0.0,0.0,54.395,,22.489,,
Portugal,1989,PRT,10001380.0,164059396971.0,0.001,0.001,5.819,0.661,6.482,9.381,25.116,0.004,0.004,22.547,,25.808,,
Portugal,1990,PRT,9989526.0,171225929203.0,0.0,0.0,9.14,0.69,9.83,13.736,34.698,0.0,0.0,32.263,18.5,28.33,,539.71
Portugal,1991,PRT,9969181.0,177606537211.0,0.0,0.0,9.03,0.81,9.84,13.248,33.109,0.0,0.0,30.384,19.88,29.72,,552.83
Portugal,1992,PRT,9960345.0,183951331948.0,0.0,0.0,4.61,0.88,5.49,7.339,18.623,0.0,0.0,15.638,23.99,29.48,,650.27
Portugal,1993,PRT,9972341.0,183378088561.0,0.0,0.01,8.52,0.9,9.43,12.161,30.577,0.0,0.032,27.626,21.41,30.84,,581.39
Portugal,1994,PRT,9998487.0,186788072120.0,0.0,0.02,10.65,0.96,11.63,14.334,37.371,0.0,0.064,34.222,19.49,31.12,,539.2
Portugal,1995,PRT,10031756.0,191728089193.0,0.0,0.02,8.33,1.03,9.38,10.868,28.502,0.0,0.061,25.311,23.53,32.91,,606.5
Portugal,1996,PRT,10067655.0,199215852007.0,0.0,0.02,14.75,1.01,15.78,17.71,46.14,0.0,0.058,43.129,18.42,34.2,,482.16
Portugal,1997,PRT,10110548.0,208848444082.0,0.0,0.04,13.1,1.09,14.23,15.714,41.989,0.0,0.118,38.654,19.66,33.89,,512.84
Portugal,1998,PRT,10159524.0,219709918106.0,0.0,0.09,12.98,1.08,14.15,14.322,36.516,0.0,0.232,33.497,24.6,38.75,,515.36
Portugal,1999,PRT,10214877.0,229149917332.0,0.0,0.12,7.26,1.24,8.62,8.619,20.168,0.0,0.281,16.986,34.12,42.74,,606.46
Portugal,2000,PRT,10283196.0,238756377443.0,0.0,0.17,11.32,1.38,12.87,12.409,29.785,0.0,0.393,26.198,30.34,43.21,23.6,546.17
Portugal,2001,PRT,10354329.0,244348167969.0,0.0,0.26,14.03,1.45,15.74,14.858,34.173,0.0,0.564,30.46,30.32,46.06,23.35,506.95
Portugal,2002,PRT,10413045.0,247190712485.0,0.0,0.36,7.8,1.57,9.73,9.233,21.361,0.0,0.79,17.124,35.82,45.55,26.99,592.54
Portugal,2003,PRT,10454246.0,245847246169.0,0.0,0.5,15.72,1.48,17.7,16.157,38.155,0.0,1.078,33.887,28.69,46.39,22.51,485.23
Portugal,2004,PRT,10481386.0,251279602163.0,0.0,0.82,9.87,1.62,12.31,11.475,27.551,0.0,1.835,22.09,32.37,44.68,24.18,541.18
Portugal,2005,PRT,10502993.0,254196923131.0,0.0,1.77,4.73,1.75,8.25,7.701,17.931,0.0,3.847,10.28,37.76,46.01,27.39,595.31
Portugal,2006,PRT,10524123.0,259159946424.0,0.0,2.93,11.0,1.79,15.72,14.808,32.479,0.0,6.054,22.727,32.68,48.4,24.39,503.93
Portugal,2007,PRT,10546822.0,266663287450.0,0.02,4.04,10.09,2.06,16.21,15.435,34.703,0.043,8.649,21.601,30.5,46.71,22.06,472.28
Portugal,2008,PRT,10564086.0,268239264717.0,0.04,5.76,6.8,2.04,14.64,14.553,32.289,0.088,12.704,14.998,30.7,45.34,21.38,471.55
Portugal,2009,PRT,10576265.0,261270596745.0,0.16,7.58,8.28,2.27,18.29,18.133,37.039,0.324,15.35,16.768,31.09,49.38,22.36,452.82
Portugal,2010,PRT,10578659.0,267277408809.0,0.21,9.18,16.15,2.81,28.35,26.402,53.01,0.393,17.165,30.198,25.13,53.48,16.96,317.13
Portugal,2011,PRT,10557050.0,263425010810.0,0.28,9.16,11.54,3.13,24.11,23.66,46.562,0.541,17.69,22.287,27.67,51.78,19.42,375.05
Portugal,2012,PRT,10513155.0,252737143203.0,0.39,10.26,5.62,3.1,19.37,20.965,42.628,0.858,22.579,12.368,26.07,45.44,20.05,441.24
Portugal,2013,PRT,10458287.0,250405237435.0,0.48,12.01,13.73,3.25,29.47,28.202,58.53,0.953,23.853,27.269,20.88,50.35,17.14,340.42
Portugal,2014,PRT,10406203.0,252388910611.0,0.63,12.11,15.57,3.26,31.57,29.761,60.946,1.216,23.378,30.058,20.23,51.8,16.87,325.68
Portugal,2015,PRT,10370264.0,256911888409.0,0.8,11.6,8.66,3.3,24.36,23.685,47.634,1.564,22.683,16.934,26.78,51.14,21.17,413.96
Portugal,2016,PRT,10346377.0,262100101273.0,0.87,12.47,15.72,3.24,32.3,28.268,54.699,1.473,21.118,26.622,26.75,59.05,20.29,343.61
Portugal,2017,PRT,10330838.0,271290329012.0,0.99,12.25,5.9,3.44,22.58,20.606,39.208,1.719,21.271,10.245,35.01,57.59,24.98,433.76
Portugal,2018,PRT,10325355.0,279020275961.0,1.01,12.62,12.39,3.39,29.41,26.2,50.403,1.731,21.628,21.234,28.94,58.35,20.93,358.7
Portugal,2019,PRT,10343218.0,286505655767.0,1.34,13.67,8.82,3.58,27.41,25.366,53.12,2.597,26.492,17.093,24.19,51.6,15.53,300.97
Portugal,2020,PRT,10370519.0,262724232089.0,1.72,12.3,12.08,4.01,30.11,30.635,58.591,3.347,23.935,23.507,21.28,51.39,12.76,248.3
Portugal,2021,PRT,10390957.0,277181288542.0,2.24,13.21,11.91,4.18,31.54,32.197,64.08,4.551,26.839,24.197,17.68,49.22,10.36,210.48
Portugal,2022,PRT,10417074.0,295712910456.0,3.52,13.25,6.54,4.3,27.61,28.753,59.594,7.598,28.599,14.116,18.72,46.33,10.44,225.34
Portugal,2023,PRT,10430735.0,295712910456.0,5.16,13.15,12.04,4.01,34.36,34.67,74.469,11.183,28.5,26.094,11.78,46.14,7.31,158.43
Portugal,2024,PRT,10425291.0,295712910456.0,7.09,14.34,14.89,3.95,40.27,39.741,85.191,14.999,30.336,31.5,7.0,47.27,5.23,110.64
Portugal,2025,PRT,10411831.0,295712910456.0,8.86,13.67,15.18,3.68,41.39,39.741,80.951,17.328,26.736,29.689,9.74,51.13,6.54,127.91
Puerto Rico,2000,PRI,3809868.0,104392661189.0,0.0,0.0,0.15,0.0,0.15,,0.686,0.0,0.0,0.686,21.7,21.85,14.36,657.21
Puerto Rico,2001,PRI,3813009.0,112725609474.0,0.0,0.0,0.13,0.0,0.13,,0.583,0.0,0.0,0.583,22.18,22.31,14.63,655.76
Puerto Rico,2002,PRI,3810715.0,115553684281.0,0.0,0.0,0.11,0.0,0.11,,0.475,0.0,0.0,0.475,23.05,23.16,15.38,664.08
Puerto Rico,2003,PRI,3806043.0,117412676578.0,0.0,0.0,0.1,0.0,0.1,,0.418,0.0,0.0,0.418,23.82,23.92,16.38,684.78
Puerto Rico,2004,PRI,3798659.0,122888176607.0,0.0,0.0,0.14,0.0,0.14,,0.58,0.0,0.0,0.58,24.01,24.15,16.55,685.3
Puerto Rico,2005,PRI,3788412.0,122355753761.0,0.0,0.0,0.14,0.0,0.14,,0.561,0.0,0.0,0.561,24.82,24.96,17.08,684.3
Puerto Rico,2006,PRI,3776220.0,122502584394.0,0.0,0.0,0.14,0.0,0.14,,0.561,0.0,0.0,0.561,24.83,24.97,17.21,689.23
Puerto Rico,2007,PRI,3763089.0,122989548931.0,0.0,0.0,0.16,0.0,0.16,,0.648,0.0,0.0,0.648,24.52,24.68,17.01,689.22
Puerto Rico,2008,PRI,3749130.0,122623981902.0,0.0,0.0,0.16,0.0,0.16,,0.688,0.0,0.0,0.688,23.09,23.25,16.05,690.32
Puerto Rico,2009,PRI,3735014.0,122136555251.0,0.0,0.0,0.17,0.0,0.17,,0.738,0.0,0.0,0.738,22.87,23.04,15.86,688.37
Puerto Rico,2010,PRI,3714834.0,123553432914.0,0.0,0.0,0.16,0.0,0.16,,0.688,0.0,0.0,0.688,23.09,23.25,15.95,686.02
Puerto Rico,2011,PRI,3683711.0,125016099000.0,0.0,0.0,0.15,0.0,0.15,,0.674,0.0,0.0,0.674,22.11,22.26,15.39,691.38
Puerto Rico,2012,PRI,3646423.0,125060220000.0,0.02,0.01,0.09,0.0,0.12,,0.538,0.09,0.045,0.404,22.18,22.3,15.33,687.44
Puerto Rico,2013,PRI,3606773.0,124667504000.0,0.04,0.17,0.08,0.0,0.29,,1.35,0.186,0.791,0.372,21.19,21.48,14.71,684.82
Puerto Rico,2014,PRI,3565367.0,122937258000.0,0.05,0.22,0.08,0.0,0.35,,1.662,0.237,1.045,0.38,20.71,21.06,14.46,686.61
Puerto Rico,2015,PRI,3521811.0,122888632000.0,0.09,0.24,0.05,0.0,0.38,,1.818,0.431,1.148,0.239,20.52,20.9,14.23,680.86
Puerto Rico,2016,PRI,3476008.0,121412919445.0,0.12,0.19,0.07,0.01,0.39,,1.89,0.581,0.921,0.339,20.25,20.64,14.1,683.14
Puerto Rico,2017,PRI,3371878.0,118146530216.0,0.16,0.15,0.05,0.01,0.37,,2.259,0.977,0.916,0.305,16.01,16.38,11.04,673.99
Puerto Rico,2018,PRI,3290068.0,112643622488.0,0.31,0.11,0.04,0.01,0.47,,2.657,1.752,0.622,0.226,17.22,17.69,11.88,671.57
Puerto Rico,2019,PRI,3288027.0,114530476443.0,0.5,0.16,0.05,0.02,0.73,,3.812,2.611,0.836,0.261,18.42,19.15,12.9,673.63
Puerto Rico,2020,PRI,3275800.0,109716979210.0,0.56,0.14,0.05,0.01,0.76,,3.985,2.937,0.734,0.262,18.31,19.07,12.75,668.59
Puerto Rico,2021,PRI,3253210.0,110191669589.0,0.68,0.16,0.05,0.01,0.9,,4.649,3.512,0.826,0.258,18.46,19.36,12.88,665.29
Puerto Rico,2022,PRI,3240972.0,113895186748.0,0.85,0.16,0.05,0.01,1.07,,5.377,4.271,0.804,0.251,18.83,19.9,13.14,660.3
Puerto Rico,2023,PRI,3242022.0,113895186748.0,0.85,0.16,0.05,0.01,1.07,,5.377,4.271,0.804,0.251,18.83,19.9,13.14,660.3
Puerto Rico,2024,PRI,3242212.0,113895186748.0,0.96,0.18,0.05,0.01,1.2,,6.0,4.8,0.9,0.25,18.8,20.0,13.12,656.0
Puerto Rico,2025,PRI,3235290.0,113895186748.0,1.0,0.23,0.05,0.01,1.29,,6.364,4.933,1.135,0.247,18.98,20.27,13.27,654.66
Qatar,1965,QAT,64082.0,2927665446.0,0.0,0.0,0.0,0.0,0.0,0.0,,,,,,,,
Qatar,1966,QAT,72207.0,3973314447.0,0.0,0.0,0.0,0.0,0.0,0.0,,,,,,,,
Qatar,1967,QAT,81455.0,4804792087.0,0.0,0.0,0.0,0.0,0.0,0.0,,,,,,,,
Qatar,1968,QAT,91762.0,5536822410.0,0.0,0.0,0.0,0.0,0.0,0.0,,,,,,,,
Qatar,1969,QAT,103042.0,5907591971.0,0.0,0.0,0.0,0.0,0.0,0.0,,,,,,,,
Qatar,1970,QAT,116370.0,5986595243.0,0.0,0.0,0.0,0.0,0.0,0.0,,,,,,,,
Qatar,1971,QAT,131356.0,7435852364.0,0.0,0.0,0.0,0.0,0.0,0.0,,,,,,,,
Qatar,1972,QAT,146518.0,8389210025.0,0.0,0.0,0.0,0.0,0.0,0.0,,,,,,,,
Qatar,1973,QAT,161854.0,9926950028.0,0.0,0.0,0.0,0.0,0.0,0.0,,,,,,,,
Qatar,1974,QAT,177372.0,9023770375.0,0.0,0.0,0.0,0.0,0.0,0.0,,,,,,,,
Qatar,1975,QAT,193103.0,9281296849.0,0.0,0.0,0.0,0.0,0.0,0.0,,,,,,,,
Qatar,1976,QAT,209067.0,9982830381.0,0.0,0.0,0.0,0.0,0.0,0.0,,,,,,,,
Qatar,1977,QAT,225298.0,8903428757.0,0.0,0.0,0.0,0.0,0.0,0.0,,,,,,,,
Qatar,1978,QAT,241820.0,9745928061.0,0.0,0.0,0.0,0.0,0.0,0.0,,,,,,,,
Qatar,1979,QAT,258678.0,10144608745.0,0.0,0.0,0.0,0.0,0.0,0.0,,,,,,,,
Qatar,1980,QAT,275923.0,10864233720.0,0.0,0.0,0.0,0.0,0.0,0.0,,,,,,,,
Qatar,1981,QAT,293561.0,9299814341.0,0.0,0.0,0.0,0.0,0.0,0.0,,,,,,,,
Qatar,1982,QAT,311544.0,7540660886.0,0.0,0.0,0.0,0.0,0.0,0.0,,,,,,,,
Qatar,1983,QAT,329720.0,6768237787.0,0.0,0.0,0.0,0.0,0.0,0.0,,,,,,,,
Qatar,1984,QAT,347894.0,6604221408.0,0.0,0.0,0.0,0.0,0.0,0.0,,,,,,,,
Qatar,1985,QAT,365950.0,5895161395.0,0.0,0.0,0.0,0.0,0.0,0.0,0.0,0.0,0.0,0.0,,3.964,,
Qatar,1986,QAT,382426.0,4988308764.0,0.0,0.0,0.0,0.0,0.0,0.0,0.0,0.0,0.0,0.0,,4.318,,
Qatar,1987,QAT,397012.0,5088463477.0,0.0,0.0,0.0,0.0,0.0,0.0,0.0,0.0,0.0,0.0,,4.386,,
Qatar,1988,QAT,411273.0,5164954793.0,0.0,0.0,0.0,0.0,0.0,0.0,0.0,0.0,0.0,0.0,,4.614,,
Qatar,1989,QAT,425658.0,5220839741.0,0.0,0.0,0.0,0.0,0.0,0.0,0.0,0.0,0.0,0.0,,4.646,,
Qatar,1990,QAT,440184.0,5221963495.0,0.0,0.0,0.0,0.0,0.0,0.0,0.0,0.0,0.0,0.0,,4.842,,
Qatar,1991,QAT,454860.0,5733970758.0,0.0,0.0,0.0,0.0,0.0,0.0,0.0,0.0,0.0,0.0,,4.669,,
Qatar,1992,QAT,469657.0,7176897674.0,0.0,0.0,0.0,0.0,0.0,0.0,0.0,0.0,0.0,0.0,,5.183,,
Qatar,1993,QAT,484553.0,7997299870.0,0.0,0.0,0.0,0.0,0.0,0.0,0.0,0.0,0.0,0.0,,5.56,,
Qatar,1994,QAT,499469.0,9138716419.0,0.0,0.0,0.0,0.0,0.0,0.0,0.0,0.0,0.0,0.0,,5.85,,
Qatar,1995,QAT,514334.0,10472257097.0,0.0,0.0,0.0,0.0,0.0,0.0,0.0,0.0,0.0,0.0,,6.013,,
Qatar,1996,QAT,529024.0,12098817027.0,0.0,0.0,0.0,0.0,0.0,0.0,0.0,0.0,0.0,0.0,,6.615,,
Qatar,1997,QAT,550511.0,17467653871.0,0.0,0.0,0.0,0.0,0.0,0.0,0.0,0.0,0.0,0.0,,6.91,,
Qatar,1998,QAT,580543.0,21692788085.0,0.0,0.0,0.0,0.0,0.0,0.0,0.0,0.0,0.0,0.0,,8.166,,
Qatar,1999,QAT,612510.0,25157531177.0,0.0,0.0,0.0,0.0,0.0,0.0,0.0,0.0,0.0,0.0,,8.939,,
Qatar,2000,QAT,644993.0,30159719266.0,0.0,0.0,0.0,0.0,0.0,0.0,0.0,0.0,0.0,0.0,9.13,9.13,5.51,603.51
Qatar,2001,QAT,677934.0,34920337897.0,0.0,0.0,0.0,0.0,0.0,0.0,0.0,0.0,0.0,0.0,9.95,9.95,6.01,604.02
Qatar,2002,QAT,711215.0,41661485450.0,0.0,0.0,0.0,0.0,0.0,0.0,0.0,0.0,0.0,0.0,10.94,10.94,6.6,603.29
Qatar,2003,QAT,744690.0,47126236240.0,0.0,0.0,0.0,0.0,0.0,0.0,0.0,0.0,0.0,0.0,12.01,12.01,7.25,603.66
Qatar,2004,QAT,773341.0,63193934807.0,0.0,0.0,0.0,0.0,0.0,0.0,0.0,0.0,0.0,0.0,13.23,13.23,7.99,603.93
Qatar,2005,QAT,825419.0,76893678098.0,0.0,0.0,0.0,0.0,0.0,0.0,0.0,0.0,0.0,0.0,14.4,14.4,8.69,603.47
Qatar,2006,QAT,972841.0,103895902583.0,0.0,0.0,0.0,0.0,0.0,0.0,0.0,0.0,0.0,0.0,17.08,17.08,10.31,603.63
Qatar,2007,QAT,1208601.0,127834802409.0,0.0,0.0,0.0,0.0,0.0,0.0,0.0,0.0,0.0,0.0,19.46,19.46,11.75,603.8
Qatar,2008,QAT,1426942.0,156781224399.0,0.0,0.0,0.0,0.0,0.0,0.0,0.0,0.0,0.0,0.0,21.62,21.62,13.05,603.61
Qatar,2009,QAT,1586052.0,186164264424.0,0.0,0.0,0.0,0.0,0.0,0.0,0.0,0.0,0.0,0.0,24.16,24.16,14.58,603.48
Qatar,2010,QAT,1709238.0,238648100494.0,0.0,0.0,0.0,0.0,0.0,0.0,0.0,0.0,0.0,0.0,28.14,28.14,16.99,603.77
Qatar,2011,QAT,1810960.0,296148824653.0,0.0,0.0,0.0,0.0,0.0,0.008,0.0,0.0,0.0,0.0,30.73,30.73,18.55,603.65
Qatar,2012,QAT,1907122.0,310156648715.0,0.0,0.0,0.0,0.01,0.01,0.007,0.029,0.0,0.0,0.0,34.79,34.8,21.0,603.45
Qatar,2013,QAT,2032650.0,327388964338.0,0.0,0.0,0.0,0.08,0.08,0.051,0.23,0.0,0.0,0.0,34.67,34.75,20.95,602.88
Qatar,2014,QAT,2218378.0,344851898869.0,0.01,0.0,0.0,0.1,0.11,0.065,0.284,0.026,0.0,0.0,38.69,38.8,23.38,602.58
Qatar,2015,QAT,2427340.0,361242719905.0,0.01,0.0,0.0,0.12,0.13,0.065,0.312,0.024,0.0,0.0,41.5,41.63,25.08,602.45
Qatar,2016,QAT,2599382.0,372311173588.0,0.01,0.0,0.0,0.12,0.13,0.069,0.306,0.024,0.0,0.0,42.31,42.44,25.57,602.5
Qatar,2017,QAT,2706716.0,366733973367.0,0.01,0.0,0.0,0.13,0.14,0.075,0.306,0.022,0.0,0.0,45.56,45.7,27.53,602.41
Qatar,2018,QAT,2761144.0,371263146890.0,0.01,0.0,0.0,0.14,0.15,0.077,0.312,0.021,0.0,0.0,47.91,48.06,28.95,602.37
Qatar,2019,QAT,2797927.0,373817411294.0,0.01,0.0,0.0,0.12,0.13,0.066,0.26,0.02,0.0,0.0,49.87,50.0,30.14,602.8
Qatar,2020,QAT,2803375.0,360517012801.0,0.01,0.0,0.0,0.13,0.14,0.086,0.283,0.02,0.0,0.0,49.26,49.4,29.77,602.63
Qatar,2021,QAT,2814988.0,366245595916.0,0.01,0.0,0.0,0.14,0.15,0.081,0.29,0.019,0.0,0.0,51.64,51.79,31.2,602.43
Qatar,2022,QAT,2892466.0,381778107010.0,0.59,0.0,0.0,0.13,0.72,0.192,1.315,1.078,0.0,0.0,54.03,54.75,32.68,596.9
Qatar,2023,QAT,2979086.0,381778107010.0,1.88,0.0,0.0,0.13,2.01,0.816,3.565,3.335,0.0,0.0,54.37,56.38,32.94,584.25
Qatar,2024,QAT,3048429.0,381778107010.0,2.15,0.0,0.0,0.13,2.28,0.811,4.023,3.793,0.0,0.0,54.4,56.68,32.97,581.69
Qatar,2025,QAT,3115891.0,381778107010.0,2.15,0.0,0.0,0.13,2.28,0.811,4.058,3.827,0.0,0.0,53.9,56.18,32.67,581.52
Reunion,2000,REU,763148.0,,,,0.56,0.26,0.82,,46.591,,,31.818,0.94,1.76,0.85,482.96
Reunion,2001,REU,772242.0,,,,0.5,0.25,0.75,,40.541,,,27.027,1.1,1.85,0.96,518.92
Reunion,2002,REU,781307.0,,,,0.59,0.24,0.83,,43.005,,,30.57,1.1,1.93,0.95,492.23
Reunion,2003,REU,790570.0,,,,0.63,0.23,0.86,,41.346,,,30.288,1.22,2.08,1.04,500.0
Reunion,2004,REU,797012.0,,0.0,0.0,0.58,0.29,0.87,,39.726,0.0,0.0,26.484,1.32,2.19,1.08,493.15
Reunion,2005,REU,800227.0,,0.0,0.0,0.51,0.26,0.77,,33.921,0.0,0.0,22.467,1.5,2.27,1.29,568.28
Reunion,2006,REU,806686.0,,0.0,0.0,0.58,0.27,0.85,,36.017,0.0,0.0,24.576,1.51,2.36,1.32,559.32
Reunion,2007,REU,818729.0,,0.0,0.01,0.66,0.24,0.91,,36.992,0.0,0.407,26.829,1.55,2.46,1.42,577.24
Reunion,2008,REU,830496.0,,0.0,0.01,0.63,0.27,0.91,,35.827,0.0,0.394,24.803,1.63,2.54,1.47,578.74
Reunion,2009,REU,838473.0,,0.02,0.02,0.53,0.28,0.85,,32.443,0.763,0.763,20.229,1.77,2.62,1.56,595.42
Reunion,2010,REU,844480.0,,0.08,0.02,0.54,0.28,0.92,,34.074,2.963,0.741,20.0,1.78,2.7,1.58,585.19
Reunion,2011,REU,846790.0,,0.14,0.01,0.4,0.28,0.83,,30.182,5.091,0.364,14.545,1.92,2.75,1.68,610.91
Reunion,2012,REU,845062.0,,0.19,0.02,0.49,0.28,0.98,,34.752,6.738,0.709,17.376,1.84,2.82,1.64,581.56
Reunion,2013,REU,847600.0,,0.22,0.02,0.56,0.27,1.07,,37.943,7.801,0.709,19.858,1.75,2.82,1.56,553.19
Reunion,2014,REU,858677.0,,0.24,0.02,0.43,0.26,0.95,,33.217,8.392,0.699,15.035,1.91,2.86,1.65,576.92
Reunion,2015,REU,865016.0,,0.24,0.02,0.5,0.29,1.05,,36.207,8.276,0.69,17.241,1.85,2.9,1.6,551.72
Reunion,2016,REU,862861.0,,0.26,0.02,0.46,0.26,1.0,,34.014,8.844,0.68,15.646,1.94,2.94,1.65,561.22
Reunion,2017,REU,858761.0,,0.26,0.01,0.42,0.27,0.96,,32.215,8.725,0.336,14.094,2.02,2.98,1.7,570.47
Reunion,2018,REU,856946.0,,0.25,0.01,0.6,0.21,1.07,,36.271,8.475,0.339,20.339,1.88,2.95,1.58,535.59
Reunion,2019,REU,857327.0,,0.26,0.01,0.42,0.26,0.95,,31.148,8.525,0.328,13.77,2.1,3.05,1.73,567.21
Reunion,2020,REU,861452.0,,0.26,0.01,0.42,0.24,0.93,,24.538,6.86,0.264,11.082,2.86,3.79,2.44,643.8
Reunion,2021,REU,868085.0,,0.27,0.0,0.36,0.24,0.87,,28.155,8.738,0.0,11.65,2.22,3.09,1.77,572.82
Reunion,2022,REU,871543.0,,0.27,0.0,0.63,0.25,1.15,,37.582,8.824,0.0,20.588,1.91,3.06,1.48,483.66
Reunion,2023,REU,874883.0,,0.29,0.02,0.39,1.04,1.74,,56.678,9.446,0.651,12.704,1.33,3.07,1.21,394.14
Romania,1965,ROU,18713060.0,72368082606.0,0.0,0.0,1.005,0.0,1.005,1.002,,,,,,,,
Romania,1966,ROU,18776261.0,80634325061.0,0.0,0.0,1.035,0.0,1.035,0.968,,,,,,,,
Romania,1967,ROU,18998561.0,84321871889.0,0.0,0.0,1.476,0.0,1.476,1.237,,,,,,,,
Romania,1968,ROU,19361050.0,86104186610.0,0.0,0.0,1.562,0.0,1.562,1.23,,,,,,,,
Romania,1969,ROU,19701809.0,90068301484.0,0.0,0.0,2.217,0.0,2.217,1.519,,,,,,,,
Romania,1970,ROU,20011626.0,92096452481.0,0.0,0.0,2.773,0.0,2.773,1.785,,,,,,,,
Romania,1971,ROU,20293487.0,105095043285.0,0.0,0.0,4.495,0.0,4.495,2.728,,,,,,,,
Romania,1972,ROU,20555577.0,111855552333.0,0.0,0.0,7.343,0.0,7.343,4.232,,,,,,,,
Romania,1973,ROU,20798323.0,115420176106.0,0.0,0.0,7.547,0.0,7.547,3.997,,,,,,,,
Romania,1974,ROU,21033562.0,121904113752.0,0.0,0.0,8.476,0.0,8.476,4.459,,,,,,,,
Romania,1975,ROU,21268070.0,127373970395.0,0.0,0.0,9.361,0.0,9.361,4.516,,,,,,,,
Romania,1976,ROU,21497684.0,133888629488.0,0.0,0.0,8.107,0.0,8.107,3.627,,,,,,,,
Romania,1977,ROU,21700176.0,136930857522.0,0.0,0.0,9.345,0.0,9.345,3.943,,,,,,,,
Romania,1978,ROU,21868064.0,141386644390.0,0.0,0.0,10.614,0.0,10.614,4.159,,,,,,,,
Romania,1979,ROU,22019627.0,145473676070.0,0.0,0.0,11.339,0.0,11.339,4.358,,,,,,,,
Romania,1980,ROU,22154776.0,145873152323.0,0.0,0.0,12.637,0.0,12.637,4.811,,,,,,,,
Romania,1981,ROU,22272788.0,144981997327.0,0.0,0.0,12.737,0.0,12.737,4.838,,,,,,,,
Romania,1982,ROU,22374447.0,145104914625.0,0.0,0.0,11.854,0.0,11.854,4.541,,,,,,,,
Romania,1983,ROU,22459213.0,143814274661.0,0.0,0.0,10.038,0.0,10.038,3.871,,,,,,,,
Romania,1984,ROU,22534002.0,149529964661.0,0.0,0.0,11.326,0.0,11.326,4.4,,,,,,,,
Romania,1985,ROU,22605815.0,149284140404.0,0.0,0.0,12.713,0.0,12.713,4.955,17.702,0.0,0.0,17.702,,71.818,,
Romania,1986,ROU,22674739.0,151834687903.0,0.0,0.0,10.81,0.0,10.81,4.124,14.322,0.0,0.0,14.322,,75.478,,
Romania,1987,ROU,22745589.0,148638810399.0,0.0,0.0,11.209,0.0,11.209,4.123,15.131,0.0,0.0,15.131,,74.079,,
Romania,1988,ROU,22815435.0,148270053319.0,0.0,0.0,14.776,0.0,14.776,5.341,19.617,0.0,0.0,19.617,,75.322,,
Romania,1989,ROU,22887645.0,143537710868.0,0.0,0.0,13.678,0.0,13.678,4.934,18.033,0.0,0.0,18.033,,75.851,,
Romania,1990,ROU,22939530.0,127957829968.0,0.0,0.0,11.41,0.0,11.41,4.324,17.745,0.0,0.0,17.745,52.89,64.3,,584.29
Romania,1991,ROU,22947416.0,114884267222.0,0.0,0.0,14.59,0.0,14.59,6.517,25.687,0.0,0.0,25.687,42.21,56.8,,530.63
Romania,1992,ROU,22912389.0,109843021990.0,0.0,0.0,11.7,0.0,11.7,5.926,21.663,0.0,0.0,21.663,42.31,54.01,,588.22
Romania,1993,ROU,22842257.0,115101791639.0,0.0,0.0,12.77,0.0,12.77,6.656,23.067,0.0,0.0,23.067,42.59,55.36,,588.69
Romania,1994,ROU,22756247.0,123373706511.0,0.0,0.0,13.05,0.0,13.05,7.212,23.71,0.0,0.0,23.71,41.99,55.04,,592.12
Romania,1995,ROU,22657722.0,136457737663.0,0.0,0.0,16.69,0.0,16.69,8.403,28.264,0.0,0.0,28.264,42.36,59.05,,564.78
Romania,1996,ROU,22541915.0,146513857110.0,0.0,0.0,15.76,0.0,15.76,7.979,25.823,0.0,0.0,25.823,43.88,61.03,,560.22
Romania,1997,ROU,22411511.0,145416621981.0,0.0,0.0,17.51,0.01,17.52,9.362,30.889,0.0,0.0,30.871,33.8,56.72,,480.08
Romania,1998,ROU,22284901.0,144240925408.0,0.0,0.0,18.88,0.01,18.89,11.044,35.648,0.0,0.0,35.629,28.79,52.99,,436.31
Romania,1999,ROU,22166156.0,148247538550.0,0.0,0.0,18.29,0.0,18.29,12.167,36.239,0.0,0.0,36.239,26.98,50.47,,441.25
Romania,2000,ROU,22046264.0,157839292272.0,0.0,0.0,14.78,0.0,14.78,9.836,28.666,0.0,0.0,28.666,31.32,51.56,26.49,513.77
Romania,2001,ROU,21919916.0,173763436827.0,0.0,0.0,14.92,0.0,14.92,9.765,27.862,0.0,0.0,27.862,33.18,53.55,28.09,524.56
Romania,2002,ROU,21770020.0,190219311781.0,0.0,0.0,16.05,0.0,16.05,10.037,29.493,0.0,0.0,29.493,32.86,54.42,28.03,515.07
Romania,2003,ROU,21593448.0,204513401651.0,0.0,0.0,13.26,0.0,13.26,8.239,24.179,0.0,0.0,24.179,36.67,54.84,31.47,573.85
Romania,2004,ROU,21403215.0,228570981481.0,0.0,0.0,16.51,0.0,16.51,9.814,29.237,0.0,0.0,29.237,34.41,56.47,29.26,518.15
Romania,2005,ROU,21213395.0,244044803180.0,0.0,0.0,20.21,0.01,20.22,11.901,34.081,0.0,0.0,34.064,33.56,59.33,29.07,489.97
Romania,2006,ROU,21035732.0,274969703969.0,0.0,0.0,18.36,0.0,18.36,10.578,29.348,0.0,0.0,29.348,38.57,62.56,33.18,530.37
Romania,2007,ROU,20870714.0,304650701380.0,0.0,0.0,15.97,0.04,16.01,9.612,26.007,0.0,0.0,25.942,37.84,61.56,32.61,529.73
Romania,2008,ROU,20718745.0,339689310169.0,0.0,0.0,17.2,0.02,17.22,10.317,26.549,0.0,0.0,26.519,36.41,64.86,32.27,497.53
Romania,2009,ROU,20576922.0,326954238767.0,0.0,0.01,15.53,0.01,15.55,10.621,27.001,0.0,0.017,26.966,30.29,57.59,27.05,469.7
Romania,2010,ROU,20432575.0,335489566640.0,0.0,0.31,19.88,0.11,20.3,13.83,33.598,0.0,0.513,32.903,28.5,60.42,25.65,424.53
Romania,2011,ROU,20282009.0,350086824382.0,0.0,1.39,14.73,0.2,16.32,10.997,26.408,0.0,2.249,23.835,33.73,61.8,30.32,490.62
Romania,2012,ROU,20158451.0,356825919340.0,0.01,2.64,12.07,0.21,14.93,10.404,25.504,0.017,4.51,20.618,32.14,58.54,28.5,486.85
Romania,2013,ROU,20062913.0,357789262640.0,0.42,4.52,14.96,0.25,20.15,14.507,34.628,0.722,7.768,25.709,26.42,58.19,22.68,389.76
Romania,2014,ROU,19968179.0,372532510801.0,1.62,6.2,18.8,0.5,27.12,17.513,41.774,2.495,9.55,28.959,26.12,64.92,23.18,357.06
Romania,2015,ROU,19871018.0,384306463712.0,1.98,7.06,16.63,0.52,26.19,18.196,39.887,3.016,10.752,25.327,27.83,65.66,24.23,369.02
Romania,2016,ROU,19777049.0,395288226514.0,1.82,6.59,18.03,0.53,26.97,18.867,41.996,2.834,10.262,28.075,25.96,64.22,22.18,345.38
Romania,2017,ROU,19689405.0,456012361225.0,1.86,7.41,14.49,0.53,24.29,16.748,38.228,2.927,11.662,22.805,27.74,63.54,23.46,369.22
Romania,2018,ROU,19597874.0,473122658487.0,1.77,6.32,17.66,0.44,26.19,17.773,40.877,2.763,9.864,27.564,26.5,64.07,22.3,348.06
Romania,2019,ROU,19501542.0,456564507688.0,1.78,6.77,15.58,0.5,24.63,17.297,41.916,3.029,11.521,26.515,22.85,58.76,19.33,328.97
Romania,2020,ROU,19392467.0,483499378450.0,1.73,6.95,15.38,0.55,24.61,18.117,44.575,3.133,12.588,27.857,19.13,55.21,15.34,277.85
Romania,2021,ROU,19248159.0,505119539256.0,1.7,6.58,17.41,0.65,26.34,18.153,44.98,2.903,11.236,29.73,20.94,58.56,16.98,289.96
Romania,2022,ROU,19166776.0,504741667296.0,1.99,7.0,13.98,0.65,23.62,17.783,43.149,3.635,12.788,25.539,20.03,54.74,16.3,297.77
Romania,2023,ROU,19118482.0,504741667296.0,2.23,7.55,18.14,0.44,28.36,20.908,49.798,3.916,13.257,31.853,17.4,56.95,13.85,243.2
Romania,2024,ROU,19015096.0,504741667296.0,3.42,6.43,14.19,0.48,24.52,19.112,46.51,6.487,12.197,26.916,17.29,52.72,13.25,251.33
Romania,2025,ROU,18908655.0,504741667296.0,4.88,5.97,12.09,0.49,23.43,19.112,47.039,9.797,11.986,24.272,16.18,49.81,12.49,250.75
Russia,1985,RUS,143569386.0,1795626550000.0,0.0,0.0,159.726,0.0,159.726,4.66,16.604,0.0,0.0,16.604,702.957,962.0,,
Russia,1986,RUS,144807816.0,1840205346031.0,0.0,0.0,164.331,0.0,164.331,4.711,16.41,0.0,0.0,16.41,731.848,1001.4,,
Russia,1987,RUS,146147383.0,1838644342031.0,0.0,0.0,162.528,0.0,162.528,4.512,15.519,0.0,0.0,15.519,760.07,1047.3,,
Russia,1988,RUS,147364493.0,1868131743750.0,0.0,0.0,160.924,0.0,160.924,4.391,15.103,0.0,0.0,15.103,769.763,1065.5,,
Russia,1989,RUS,148281862.0,1881091642625.0,0.0,0.0,159.726,0.0,159.726,4.342,14.838,0.0,0.0,14.838,780.436,1076.5,,
Russia,1990,RUS,148979537.0,1834865200000.0,0.0,0.0,166.846,0.065,166.911,4.619,15.423,0.0,0.0,15.417,796.964,1082.2,,
Russia,1991,RUS,149448433.0,1782589449407.0,0.0,0.0,168.094,0.065,168.159,4.718,15.743,0.0,0.0,15.737,780.021,1068.163,,
Russia,1992,RUS,148915993.0,1557839202683.0,0.0,0.0,172.594,0.063,172.657,5.034,17.121,0.0,0.0,17.115,714.351,1008.45,,
Russia,1993,RUS,148135419.0,1453308047704.0,0.0,0.0,174.289,0.06,174.349,5.454,18.226,0.0,0.0,18.22,660.445,956.587,,
Russia,1994,RUS,148200734.0,1297672618325.0,0.0,0.0,175.926,0.061,175.987,6.035,20.092,0.0,0.0,20.085,599.497,875.914,,
Russia,1995,RUS,148291406.0,1274033410385.0,0.0,0.0,176.255,0.059,176.314,6.39,20.501,0.0,0.0,20.494,581.632,860.027,,
Russia,1996,RUS,148084580.0,1256336600822.0,0.0,0.0,154.309,0.057,154.366,5.811,18.221,0.0,0.0,18.214,581.25,847.183,,
Russia,1997,RUS,147853769.0,1303661447743.0,0.0,0.0,157.434,0.057,157.491,6.271,18.881,0.0,0.0,18.874,565.682,834.131,,
Russia,1998,RUS,147635543.0,1263722609285.0,0.0,0.0,158.497,0.058,158.555,6.325,19.169,0.0,0.0,19.162,562.42,827.158,,
Russia,1999,RUS,147241973.0,1375023643662.0,0.0,0.0,160.492,0.058,160.55,6.326,18.972,0.0,0.0,18.966,560.877,846.225,,
Russia,2000,RUS,146717784.0,1547057523527.0,0.0,0.0,164.08,0.08,164.16,6.354,18.702,0.0,0.0,18.693,582.89,877.76,412.49,469.94
Russia,2001,RUS,146117290.0,1662886727147.0,0.0,0.0,173.9,0.11,174.01,6.595,19.524,0.0,0.0,19.511,580.33,891.27,408.47,458.3
Russia,2002,RUS,145939502.0,1781424730851.0,0.0,0.01,162.17,0.17,162.35,6.127,18.215,0.0,0.001,18.195,587.3,891.28,412.7,463.04
Russia,2003,RUS,145794230.0,1955875991276.0,0.0,0.01,155.67,0.37,156.05,5.738,17.031,0.0,0.001,16.989,609.9,916.29,426.33,465.28
Russia,2004,RUS,145180091.0,2143914665541.0,0.0,0.01,175.68,0.45,176.14,6.387,18.901,0.0,0.001,18.852,611.06,931.91,422.83,453.72
Russia,2005,RUS,144597886.0,2331247104465.0,0.0,0.01,172.61,0.45,173.07,6.235,18.139,0.0,0.001,18.091,631.59,954.11,436.41,457.4
Russia,2006,RUS,144102948.0,2576148450528.0,0.0,0.01,173.29,0.51,173.81,5.962,17.519,0.0,0.001,17.467,661.87,992.12,458.86,462.51
Russia,2007,RUS,143859767.0,2858759376272.0,0.0,0.01,177.04,0.48,177.53,6.025,17.427,0.0,0.001,17.379,681.11,1018.7,466.76,458.19
Russia,2008,RUS,143811837.0,3078094367564.0,0.0,0.01,164.78,0.49,165.28,5.539,15.892,0.0,0.001,15.844,711.64,1040.0,494.11,475.11
Russia,2009,RUS,143869128.0,2903690263125.0,0.0,0.0,174.2,0.5,174.7,6.13,17.591,0.0,0.0,17.541,654.82,993.1,448.98,452.1
Russia,2010,RUS,143934468.0,3105249267337.0,0.0,0.0,166.48,0.54,167.02,5.597,16.09,0.0,0.0,16.038,700.59,1038.02,475.43,458.02
Russia,2011,RUS,144043751.0,3306765993750.0,0.0,0.01,163.05,0.56,163.62,5.274,15.511,0.0,0.001,15.457,718.3,1054.86,486.62,461.31
Russia,2012,RUS,144291025.0,3439833075673.0,0.0,0.01,163.45,0.5,163.96,5.226,15.334,0.0,0.001,15.286,727.78,1069.27,493.85,461.86
Russia,2013,RUS,144604105.0,3500216789791.0,0.01,0.0,181.15,0.48,181.64,5.816,17.151,0.001,0.0,17.104,704.93,1059.08,476.76,450.16
Russia,2014,RUS,144925639.0,3525987597216.0,0.16,0.1,173.4,0.55,174.21,5.531,16.37,0.015,0.009,16.294,709.23,1064.2,478.13,449.29
Russia,2015,RUS,145307612.0,3456429719677.0,0.34,0.15,167.99,0.48,168.96,5.423,15.827,0.032,0.014,15.736,703.12,1067.55,474.37,444.35
Russia,2016,RUS,145778668.0,3463123938280.0,0.47,0.15,184.61,0.45,185.68,5.807,17.02,0.043,0.014,16.922,708.68,1090.97,483.02,442.74
Russia,2017,RUS,146186798.0,3526353842599.0,0.54,0.14,185.16,0.52,186.36,5.769,17.079,0.049,0.013,16.969,701.67,1091.17,479.71,439.63
Russia,2018,RUS,146430146.0,3625347362801.0,0.62,0.24,190.64,0.5,192.0,5.709,17.31,0.056,0.022,17.187,712.61,1109.19,487.3,439.33
Russia,2019,RUS,146533063.0,3705035583500.0,0.99,0.31,194.38,0.54,196.22,5.855,17.548,0.089,0.028,17.384,712.95,1118.16,492.03,440.04
Russia,2020,RUS,146371295.0,3606716578675.0,1.86,1.14,212.44,0.81,216.25,6.679,19.923,0.171,0.105,19.572,653.26,1085.42,453.33,417.65
Russia,2021,RUS,145836172.0,3809571453737.0,2.31,2.58,214.53,0.82,220.24,6.586,19.034,0.2,0.223,18.541,714.44,1157.07,493.85,426.81
Russia,2022,RUS,145579889.0,3731440829579.0,2.4,4.2,197.67,0.84,205.11,5.92,17.577,0.206,0.36,16.939,738.13,1166.94,509.17,436.33
Russia,2023,RUS,145440502.0,3731440829579.0,2.63,4.75,200.87,0.85,209.1,5.913,17.747,0.223,0.403,17.048,751.77,1178.25,521.66,442.74
Russia,2024,RUS,144820421.0,3731440829579.0,2.92,4.57,210.54,0.83,218.86,5.999,18.098,0.241,0.378,17.41,774.74,1209.31,539.33,445.98
Russia,2025,RUS,143997393.0,3731440829579.0,2.84,3.64,199.73,0.77,206.98,5.999,17.353,0.238,0.305,16.745,767.16,1192.79,536.43,449.73
Rwanda,2000,RWA,8213936.0,8053572290.0,0.0,0.0,0.1,0.0,0.1,,62.5,0.0,0.0,62.5,0.06,0.16,0.04,250.0
Rwanda,2001,RWA,8287091.0,8517814124.0,0.0,0.0,0.09,0.0,0.09,,60.0,0.0,0.0,60.0,0.06,0.15,0.04,266.67
Rwanda,2002,RWA,8400185.0,9398566544.0,0.0,0.0,0.1,0.0,0.1,,58.824,0.0,0.0,58.824,0.07,0.17,0.05,294.12
Rwanda,2003,RWA,8586878.0,9366054447.0,0.0,0.0,0.12,0.0,0.12,,66.667,0.0,0.0,66.667,0.06,0.18,0.04,222.22
Rwanda,2004,RWA,8816849.0,9814510529.0,0.0,0.0,0.08,0.0,0.08,,57.143,0.0,0.0,57.143,0.06,0.14,0.04,285.71
Rwanda,2005,RWA,9054532.0,10465323107.0,0.0,0.0,0.1,0.0,0.1,,52.632,0.0,0.0,52.632,0.09,0.19,0.06,315.79
Rwanda,2006,RWA,9299251.0,11146496514.0,0.0,0.0,0.13,0.0,0.13,,48.148,0.0,0.0,48.148,0.14,0.27,0.09,333.33
Rwanda,2007,RWA,9549940.0,11698650639.0,0.0,0.0,0.12,0.0,0.12,,48.0,0.0,0.0,48.0,0.13,0.25,0.09,360.0
Rwanda,2008,RWA,9804268.0,12678494332.0,0.0,0.0,0.16,0.0,0.16,,55.172,0.0,0.0,55.172,0.13,0.29,0.09,310.35
Rwanda,2009,RWA,10060438.0,13135703239.0,0.0,0.0,0.16,0.0,0.16,,51.613,0.0,0.0,51.613,0.15,0.31,0.1,322.58
Rwanda,2010,RWA,10317560.0,13742192522.0,0.0,0.0,0.11,0.0,0.11,,39.286,0.0,0.0,39.286,0.17,0.28,0.12,428.57
Rwanda,2011,RWA,10573742.0,14451195383.0,0.0,0.0,0.15,0.0,0.15,,42.857,0.0,0.0,42.857,0.2,0.35,0.14,400.0
Rwanda,2012,RWA,10829904.0,15700063621.0,0.0,0.0,0.18,0.0,0.18,,46.154,0.0,0.0,46.154,0.21,0.39,0.14,358.97
Rwanda,2013,RWA,11093340.0,16440168692.0,0.0,0.0,0.15,0.0,0.15,,40.541,0.0,0.0,40.541,0.22,0.37,0.15,405.41
Rwanda,2014,RWA,11364758.0,17455015690.0,0.0,0.0,0.2,0.0,0.2,,48.78,0.0,0.0,48.78,0.21,0.41,0.14,341.46
Rwanda,2015,RWA,11640026.0,19000488690.0,0.01,0.0,0.28,0.0,0.29,,56.863,1.961,0.0,54.902,0.22,0.51,0.15,294.12
Rwanda,2016,RWA,11919183.0,20135193148.0,0.02,0.0,0.3,0.0,0.32,,50.0,3.125,0.0,46.875,0.32,0.64,0.22,343.75
Rwanda,2017,RWA,12202062.0,20935170126.0,0.02,0.0,0.28,0.0,0.3,,46.154,3.077,0.0,43.077,0.35,0.65,0.23,353.85
Rwanda,2018,RWA,12488000.0,22730987759.0,0.03,0.0,0.31,0.0,0.34,,41.463,3.659,0.0,37.805,0.48,0.82,0.32,390.24
Rwanda,2019,RWA,12776102.0,24883378782.0,0.03,0.0,0.4,0.0,0.43,,50.588,3.529,0.0,47.059,0.42,0.85,0.28,329.41
Rwanda,2020,RWA,13065838.0,24048043469.0,0.03,0.0,0.53,0.0,0.56,,62.921,3.371,0.0,59.551,0.33,0.89,0.22,247.19
Rwanda,2021,RWA,13355260.0,26663035281.0,0.04,0.0,0.55,0.0,0.59,,59.0,4.0,0.0,55.0,0.41,1.0,0.28,280.0
Rwanda,2022,RWA,13651025.0,28466253314.0,0.04,0.0,0.56,0.0,0.6,,57.692,3.846,0.0,53.846,0.44,1.04,0.3,288.46
Rwanda,2023,RWA,13954473.0,28466253314.0,0.04,0.0,0.5,0.0,0.54,,49.091,3.636,0.0,45.455,0.56,1.1,0.39,354.55
Rwanda,2024,RWA,14256573.0,28466253314.0,0.04,0.0,0.52,0.0,0.56,,49.558,3.54,0.0,46.018,0.57,1.13,0.4,353.98
Saint Helena,2000,SHN,6045.0,,0.0,0.0,0.0,0.0,0.0,,0.0,0.0,0.0,0.0,0.01,0.01,0.01,1000.0
Saint Helena,2001,SHN,5963.0,,0.0,0.0,0.0,0.0,0.0,,0.0,0.0,0.0,0.0,0.01,0.01,0.01,1000.0
Saint Helena,2002,SHN,5879.0,,0.0,0.0,0.0,0.0,0.0,,0.0,0.0,0.0,0.0,0.01,0.01,0.01,1000.0
Saint Helena,2003,SHN,5775.0,,0.0,0.0,0.0,0.0,0.0,,0.0,0.0,0.0,0.0,0.01,0.01,0.01,1000.0
Saint Helena,2004,SHN,5678.0,,0.0,0.0,0.0,0.0,0.0,,0.0,0.0,0.0,0.0,0.01,0.01,0.01,1000.0
Saint Helena,2005,SHN,5570.0,,0.0,0.0,0.0,0.0,0.0,,0.0,0.0,0.0,0.0,0.01,0.01,0.01,1000.0
Saint Helena,2006,SHN,5457.0,,0.0,0.0,0.0,0.0,0.0,,0.0,0.0,0.0,0.0,0.01,0.01,0.01,1000.0
Saint Helena,2007,SHN,5346.0,,0.0,0.0,0.0,0.0,0.0,,0.0,0.0,0.0,0.0,0.01,0.01,0.01,1000.0
Saint Helena,2008,SHN,5295.0,,0.0,0.0,0.0,0.0,0.0,,0.0,0.0,0.0,0.0,0.01,0.01,0.01,1000.0
Saint Helena,2009,SHN,5320.0,,0.0,0.0,0.0,0.0,0.0,,0.0,0.0,0.0,0.0,0.01,0.01,0.01,1000.0
Saint Helena,2010,SHN,5352.0,,0.0,0.0,0.0,0.0,0.0,,0.0,0.0,0.0,0.0,0.01,0.01,0.01,1000.0
Saint Helena,2011,SHN,5385.0,,0.0,0.0,0.0,0.0,0.0,,0.0,0.0,0.0,0.0,0.01,0.01,0.01,1000.0
Saint Helena,2012,SHN,5428.0,,0.0,0.0,0.0,0.0,0.0,,0.0,0.0,0.0,0.0,0.01,0.01,0.01,1000.0
Saint Helena,2013,SHN,5462.0,,0.0,0.0,0.0,0.0,0.0,,0.0,0.0,0.0,0.0,0.01,0.01,0.01,1000.0
Saint Helena,2014,SHN,5493.0,,0.0,0.0,0.0,0.0,0.0,,0.0,0.0,0.0,0.0,0.01,0.01,0.01,1000.0
Saint Helena,2015,SHN,5529.0,,0.0,0.0,0.0,0.0,0.0,,0.0,0.0,0.0,0.0,0.01,0.01,0.01,1000.0
Saint Helena,2016,SHN,5544.0,,0.0,0.0,0.0,0.0,0.0,,0.0,0.0,0.0,0.0,0.01,0.01,0.01,1000.0
Saint Helena,2017,SHN,5528.0,,0.0,0.0,0.0,0.0,0.0,,0.0,0.0,0.0,0.0,0.01,0.01,0.01,1000.0
Saint Helena,2018,SHN,5507.0,,0.0,0.0,0.0,0.0,0.0,,0.0,0.0,0.0,0.0,0.01,0.01,0.01,1000.0
Saint Helena,2019,SHN,5485.0,,0.0,0.0,0.0,0.0,0.0,,0.0,0.0,0.0,0.0,0.01,0.01,0.01,1000.0
Saint Helena,2020,SHN,5451.0,,0.0,0.0,0.0,0.0,0.0,,0.0,0.0,0.0,0.0,0.01,0.01,0.01,1000.0
Saint Helena,2021,SHN,5415.0,,0.0,0.0,0.0,0.0,0.0,,0.0,0.0,0.0,0.0,0.01,0.01,0.01,1000.0
Saint Helena,2022,SHN,5369.0,,0.0,0.0,0.0,0.0,0.0,,0.0,0.0,0.0,0.0,0.01,0.01,0.01,1000.0
Saint Helena,2023,SHN,5316.0,,0.0,0.0,0.0,0.0,0.0,,0.0,0.0,0.0,0.0,0.01,0.01,0.01,1000.0
Saint Kitts and Nevis,2000,KNA,45272.0,,0.0,0.0,0.0,0.0,0.0,,0.0,0.0,0.0,0.0,0.15,0.15,0.1,666.67
Saint Kitts and Nevis,2001,KNA,45785.0,,0.0,0.0,0.0,0.0,0.0,,0.0,0.0,0.0,0.0,0.16,0.16,0.11,687.5
Saint Kitts and Nevis,2002,KNA,46048.0,,0.0,0.0,0.0,0.0,0.0,,0.0,0.0,0.0,0.0,0.18,0.18,0.12,666.67
Saint Kitts and Nevis,2003,KNA,46200.0,,0.0,0.0,0.0,0.0,0.0,,0.0,0.0,0.0,0.0,0.18,0.18,0.12,666.67
Saint Kitts and Nevis,2004,KNA,46337.0,,0.0,0.0,0.0,0.0,0.0,,0.0,0.0,0.0,0.0,0.18,0.18,0.12,666.67
Saint Kitts and Nevis,2005,KNA,46459.0,,0.0,0.0,0.0,0.0,0.0,,0.0,0.0,0.0,0.0,0.19,0.19,0.13,684.21
Saint Kitts and Nevis,2006,KNA,46592.0,,0.0,0.0,0.0,0.0,0.0,,0.0,0.0,0.0,0.0,0.19,0.19,0.13,684.21
Saint Kitts and Nevis,2007,KNA,46734.0,,0.0,0.0,0.0,0.0,0.0,,0.0,0.0,0.0,0.0,0.21,0.21,0.14,666.67
Saint Kitts and Nevis,2008,KNA,46857.0,,0.0,0.0,0.0,0.0,0.0,,0.0,0.0,0.0,0.0,0.2,0.2,0.13,650.0
Saint Kitts and Nevis,2009,KNA,46941.0,,0.0,0.0,0.0,0.0,0.0,,0.0,0.0,0.0,0.0,0.22,0.22,0.14,636.36
Saint Kitts and Nevis,2010,KNA,46871.0,,0.0,0.0,0.0,0.0,0.0,,0.0,0.0,0.0,0.0,0.21,0.21,0.14,666.67
Saint Kitts and Nevis,2011,KNA,46917.0,,0.0,0.0,0.0,0.0,0.0,,0.0,0.0,0.0,0.0,0.22,0.22,0.14,636.36
Saint Kitts and Nevis,2012,KNA,47056.0,,0.0,0.01,0.0,0.0,0.01,,4.545,0.0,4.545,0.0,0.21,0.22,0.14,636.36
Saint Kitts and Nevis,2013,KNA,47092.0,,0.0,0.01,0.0,0.0,0.01,,4.545,0.0,4.545,0.0,0.21,0.22,0.14,636.36
Saint Kitts and Nevis,2014,KNA,47112.0,,0.0,0.01,0.0,0.0,0.01,,4.545,0.0,4.545,0.0,0.21,0.22,0.14,636.36
Saint Kitts and Nevis,2015,KNA,47108.0,,0.0,0.01,0.0,0.0,0.01,,4.545,0.0,4.545,0.0,0.21,0.22,0.14,636.36
Saint Kitts and Nevis,2016,KNA,47099.0,,0.0,0.01,0.0,0.0,0.01,,4.348,0.0,4.348,0.0,0.22,0.23,0.14,608.7
Saint Kitts and Nevis,2017,KNA,47075.0,,0.0,0.0,0.0,0.0,0.0,,0.0,0.0,0.0,0.0,0.22,0.22,0.14,636.36
Saint Kitts and Nevis,2018,KNA,47032.0,,0.0,0.01,0.0,0.0,0.01,,4.348,0.0,4.348,0.0,0.22,0.23,0.14,608.7
Saint Kitts and Nevis,2019,KNA,46976.0,,0.0,0.01,0.0,0.0,0.01,,4.348,0.0,4.348,0.0,0.22,0.23,0.14,608.7
Saint Kitts and Nevis,2020,KNA,46896.0,,0.0,0.01,0.0,0.0,0.01,,4.545,0.0,4.545,0.0,0.21,0.22,0.14,636.36
Saint Kitts and Nevis,2021,KNA,46786.0,,0.0,0.01,0.0,0.0,0.01,,4.545,0.0,4.545,0.0,0.21,0.22,0.14,636.36
Saint Kitts and Nevis,2022,KNA,46732.0,,0.0,0.01,0.0,0.0,0.01,,4.545,0.0,4.545,0.0,0.21,0.22,0.14,636.36
Saint Kitts and Nevis,2023,KNA,46783.0,,0.0,0.01,0.0,0.0,0.01,,4.545,0.0,4.545,0.0,0.21,0.22,0.14,636.36
Saint Kitts and Nevis,2024,KNA,46867.0,,0.01,0.01,0.0,0.0,0.02,,8.696,4.348,4.348,0.0,0.21,0.23,0.14,608.7
Saint Lucia,2000,LCA,158624.0,1100265060.0,0.0,0.0,0.0,0.0,0.0,,0.0,0.0,0.0,0.0,0.28,0.28,0.18,642.86
Saint Lucia,2001,LCA,160247.0,1080200365.0,0.0,0.0,0.0,0.0,0.0,,0.0,0.0,0.0,0.0,0.29,0.29,0.19,655.17
Saint Lucia,2002,LCA,161655.0,1106971931.0,0.0,0.0,0.0,0.0,0.0,,0.0,0.0,0.0,0.0,0.29,0.29,0.19,655.17
Saint Lucia,2003,LCA,162985.0,1185932109.0,0.0,0.0,0.0,0.0,0.0,,0.0,0.0,0.0,0.0,0.3,0.3,0.2,666.67
Saint Lucia,2004,LCA,164250.0,1306608275.0,0.0,0.0,0.0,0.0,0.0,,0.0,0.0,0.0,0.0,0.31,0.31,0.2,645.16
Saint Lucia,2005,LCA,165460.0,1321769047.0,0.0,0.0,0.0,0.0,0.0,,0.0,0.0,0.0,0.0,0.32,0.32,0.21,656.25
Saint Lucia,2006,LCA,166657.0,1443383695.0,0.0,0.0,0.0,0.0,0.0,,0.0,0.0,0.0,0.0,0.33,0.33,0.22,666.67
Saint Lucia,2007,LCA,167766.0,1491085385.0,0.0,0.0,0.0,0.0,0.0,,0.0,0.0,0.0,0.0,0.35,0.35,0.23,657.14
Saint Lucia,2008,LCA,168816.0,1589069531.0,0.0,0.0,0.0,0.0,0.0,,0.0,0.0,0.0,0.0,0.35,0.35,0.23,657.14
Saint Lucia,2009,LCA,169880.0,1609861406.0,0.0,0.0,0.0,0.0,0.0,,0.0,0.0,0.0,0.0,0.36,0.36,0.24,666.67
Saint Lucia,2010,LCA,170921.0,1619438310.0,0.0,0.0,0.0,0.0,0.0,,0.0,0.0,0.0,0.0,0.38,0.38,0.25,657.9
Saint Lucia,2011,LCA,171814.0,1661310000.0,0.0,0.0,0.0,0.0,0.0,,0.0,0.0,0.0,0.0,0.39,0.39,0.26,666.67
Saint Lucia,2012,LCA,172595.0,1630854000.0,0.0,0.0,0.0,0.0,0.0,,0.0,0.0,0.0,0.0,0.38,0.38,0.25,657.9
Saint Lucia,2013,LCA,173380.0,1636031000.0,0.0,0.0,0.0,0.0,0.0,,0.0,0.0,0.0,0.0,0.38,0.38,0.25,657.9
Saint Lucia,2014,LCA,174145.0,1635705000.0,0.0,0.0,0.0,0.0,0.0,,0.0,0.0,0.0,0.0,0.38,0.38,0.25,657.9
Saint Lucia,2015,LCA,174919.0,1670340000.0,0.0,0.0,0.0,0.0,0.0,,0.0,0.0,0.0,0.0,0.38,0.38,0.25,657.9
Saint Lucia,2016,LCA,175651.0,1719860632.0,0.0,0.0,0.0,0.0,0.0,,0.0,0.0,0.0,0.0,0.39,0.39,0.26,666.67
Saint Lucia,2017,LCA,176352.0,1781316024.0,0.0,0.0,0.0,0.0,0.0,,0.0,0.0,0.0,0.0,0.4,0.4,0.26,650.0
Saint Lucia,2018,LCA,177032.0,1830625072.0,0.01,0.0,0.0,0.0,0.01,,2.439,2.439,0.0,0.0,0.4,0.41,0.26,634.15
Saint Lucia,2019,LCA,177675.0,1824037649.0,0.01,0.0,0.0,0.0,0.01,,2.381,2.381,0.0,0.0,0.41,0.42,0.27,642.86
Saint Lucia,2020,LCA,178261.0,1361621707.0,0.01,0.0,0.0,0.0,0.01,,2.632,2.632,0.0,0.0,0.37,0.38,0.24,631.58
Saint Lucia,2021,LCA,178540.0,1515672504.0,0.01,0.0,0.0,0.0,0.01,,2.5,2.5,0.0,0.0,0.39,0.4,0.26,650.0
Saint Lucia,2022,LCA,178794.0,1749086152.0,0.01,0.0,0.0,0.0,0.01,,2.5,2.5,0.0,0.0,0.39,0.4,0.26,650.0
Saint Lucia,2023,LCA,179291.0,1749086152.0,0.01,0.0,0.0,0.0,0.01,,2.5,2.5,0.0,0.0,0.39,0.4,0.26,650.0
Saint Lucia,2024,LCA,179751.0,1749086152.0,0.01,0.0,0.0,0.0,0.01,,2.5,2.5,0.0,0.0,0.39,0.4,0.26,650.0
Saint Pierre and Miquelon,2000,SPM,6317.0,,0.0,0.0,0.0,0.0,0.0,,0.0,0.0,0.0,0.0,0.04,0.04,0.03,750.0
Saint Pierre and Miquelon,2001,SPM,6299.0,,0.0,0.0,0.0,0.0,0.0,,0.0,0.0,0.0,0.0,0.04,0.04,0.03,750.0
Saint Pierre and Miquelon,2002,SPM,6273.0,,0.0,0.0,0.0,0.0,0.0,,0.0,0.0,0.0,0.0,0.04,0.04,0.03,750.0
Saint Pierre and Miquelon,2003,SPM,6234.0,,0.0,0.0,0.0,0.0,0.0,,0.0,0.0,0.0,0.0,0.04,0.04,0.03,750.0
Saint Pierre and Miquelon,2004,SPM,6191.0,,0.0,0.0,0.0,0.0,0.0,,0.0,0.0,0.0,0.0,0.04,0.04,0.03,750.0
Saint Pierre and Miquelon,2005,SPM,6139.0,,0.0,0.0,0.0,0.0,0.0,,0.0,0.0,0.0,0.0,0.04,0.04,0.03,750.0
Saint Pierre and Miquelon,2006,SPM,6094.0,,0.0,0.0,0.0,0.0,0.0,,0.0,0.0,0.0,0.0,0.04,0.04,0.03,750.0
Saint Pierre and Miquelon,2007,SPM,6074.0,,0.0,0.0,0.0,0.0,0.0,,0.0,0.0,0.0,0.0,0.04,0.04,0.03,750.0
Saint Pierre and Miquelon,2008,SPM,6063.0,,0.0,0.0,0.0,0.0,0.0,,0.0,0.0,0.0,0.0,0.04,0.04,0.03,750.0
Saint Pierre and Miquelon,2009,SPM,6054.0,,0.0,0.0,0.0,0.0,0.0,,0.0,0.0,0.0,0.0,0.04,0.04,0.03,750.0
Saint Pierre and Miquelon,2010,SPM,6047.0,,0.0,0.0,0.0,0.0,0.0,,0.0,0.0,0.0,0.0,0.04,0.04,0.03,750.0
Saint Pierre and Miquelon,2011,SPM,6036.0,,0.0,0.0,0.0,0.0,0.0,,0.0,0.0,0.0,0.0,0.04,0.04,0.03,750.0
Saint Pierre and Miquelon,2012,SPM,6019.0,,0.0,0.0,0.0,0.0,0.0,,0.0,0.0,0.0,0.0,0.04,0.04,0.03,750.0
Saint Pierre and Miquelon,2013,SPM,5999.0,,0.0,0.0,0.0,0.0,0.0,,0.0,0.0,0.0,0.0,0.05,0.05,0.03,600.0
Saint Pierre and Miquelon,2014,SPM,5984.0,,0.0,0.0,0.0,0.0,0.0,,0.0,0.0,0.0,0.0,0.05,0.05,0.03,600.0
Saint Pierre and Miquelon,2015,SPM,5971.0,,0.0,0.0,0.0,0.0,0.0,,0.0,0.0,0.0,0.0,0.05,0.05,0.03,600.0
Saint Pierre and Miquelon,2016,SPM,5957.0,,0.0,0.0,0.0,0.0,0.0,,0.0,0.0,0.0,0.0,0.05,0.05,0.03,600.0
Saint Pierre and Miquelon,2017,SPM,5946.0,,0.0,0.0,0.0,0.0,0.0,,0.0,0.0,0.0,0.0,0.05,0.05,0.03,600.0
Saint Pierre and Miquelon,2018,SPM,5932.0,,0.0,0.0,0.0,0.0,0.0,,0.0,0.0,0.0,0.0,0.05,0.05,0.03,600.0
Saint Pierre and Miquelon,2019,SPM,5899.0,,0.0,0.0,0.0,0.0,0.0,,0.0,0.0,0.0,0.0,0.05,0.05,0.03,600.0
Saint Pierre and Miquelon,2020,SPM,5852.0,,0.0,0.0,0.0,0.0,0.0,,0.0,0.0,0.0,0.0,0.05,0.05,0.03,600.0
Saint Pierre and Miquelon,2021,SPM,5802.0,,0.0,0.0,0.0,0.0,0.0,,0.0,0.0,0.0,0.0,0.05,0.05,0.03,600.0
Saint Pierre and Miquelon,2022,SPM,5760.0,,0.0,0.0,0.0,0.0,0.0,,0.0,0.0,0.0,0.0,0.05,0.05,0.03,600.0
Saint Pierre and Miquelon,2023,SPM,5707.0,,0.0,0.0,0.0,0.0,0.0,,0.0,0.0,0.0,0.0,0.05,0.05,0.03,600.0
Saint Vincent and the Grenadines,2000,VCT,113561.0,,0.0,0.0,0.03,0.0,0.03,,30.0,0.0,0.0,30.0,0.07,0.1,0.05,500.0
Saint Vincent and the Grenadines,2001,VCT,113506.0,,0.0,0.0,0.02,0.0,0.02,,20.0,0.0,0.0,20.0,0.08,0.1,0.05,500.0
Saint Vincent and the Grenadines,2002,VCT,113365.0,,0.0,0.0,0.02,0.0,0.02,,20.0,0.0,0.0,20.0,0.08,0.1,0.05,500.0
Saint Vincent and the Grenadines,2003,VCT,113149.0,,0.0,0.0,0.02,0.0,0.02,,18.182,0.0,0.0,18.182,0.09,0.11,0.06,545.46
Saint Vincent and the Grenadines,2004,VCT,112856.0,,0.0,0.0,0.03,0.0,0.03,,25.0,0.0,0.0,25.0,0.09,0.12,0.06,500.0
Saint Vincent and the Grenadines,2005,VCT,112465.0,,0.0,0.0,0.03,0.0,0.03,,21.429,0.0,0.0,21.429,0.11,0.14,0.07,500.0
Saint Vincent and the Grenadines,2006,VCT,112027.0,,0.0,0.0,0.02,0.0,0.02,,15.385,0.0,0.0,15.385,0.11,0.13,0.07,538.46
Saint Vincent and the Grenadines,2007,VCT,111544.0,,0.0,0.0,0.02,0.0,0.02,,14.286,0.0,0.0,14.286,0.12,0.14,0.08,571.43
Saint Vincent and the Grenadines,2008,VCT,111047.0,,0.0,0.0,0.02,0.0,0.02,,14.286,0.0,0.0,14.286,0.12,0.14,0.08,571.43
Saint Vincent and the Grenadines,2009,VCT,110521.0,,0.0,0.0,0.02,0.0,0.02,,14.286,0.0,0.0,14.286,0.12,0.14,0.08,571.43
Saint Vincent and the Grenadines,2010,VCT,109974.0,,0.0,0.0,0.03,0.0,0.03,,20.0,0.0,0.0,20.0,0.12,0.15,0.08,533.33
Saint Vincent and the Grenadines,2011,VCT,109367.0,,0.0,0.0,0.03,0.0,0.03,,21.429,0.0,0.0,21.429,0.11,0.14,0.07,500.0
Saint Vincent and the Grenadines,2012,VCT,108753.0,,0.0,0.0,0.03,0.0,0.03,,20.0,0.0,0.0,20.0,0.12,0.15,0.08,533.33
Saint Vincent and the Grenadines,2013,VCT,108156.0,,0.0,0.0,0.02,0.0,0.02,,14.286,0.0,0.0,14.286,0.12,0.14,0.08,571.43
Saint Vincent and the Grenadines,2014,VCT,107555.0,,0.0,0.0,0.01,0.0,0.01,,7.143,0.0,0.0,7.143,0.13,0.14,0.09,642.86
Saint Vincent and the Grenadines,2015,VCT,106975.0,,0.0,0.0,0.02,0.0,0.02,,13.333,0.0,0.0,13.333,0.13,0.15,0.09,600.0
Saint Vincent and the Grenadines,2016,VCT,106365.0,,0.0,0.0,0.02,0.0,0.02,,12.5,0.0,0.0,12.5,0.14,0.16,0.09,562.5
Saint Vincent and the Grenadines,2017,VCT,105674.0,,0.0,0.0,0.02,0.0,0.02,,13.333,0.0,0.0,13.333,0.13,0.15,0.09,600.0
Saint Vincent and the Grenadines,2018,VCT,104939.0,,0.0,0.0,0.02,0.0,0.02,,13.333,0.0,0.0,13.333,0.13,0.15,0.09,600.0
Saint Vincent and the Grenadines,2019,VCT,104183.0,,0.0,0.0,0.02,0.0,0.02,,13.333,0.0,0.0,13.333,0.13,0.15,0.09,600.0
Saint Vincent and the Grenadines,2020,VCT,103540.0,,0.0,0.0,0.02,0.0,0.02,,13.333,0.0,0.0,13.333,0.13,0.15,0.09,600.0
Saint Vincent and the Grenadines,2021,VCT,102848.0,,0.0,0.0,0.02,0.0,0.02,,14.286,0.0,0.0,14.286,0.12,0.14,0.08,571.43
Saint Vincent and the Grenadines,2022,VCT,102063.0,,0.0,0.0,0.02,0.0,0.02,,13.333,0.0,0.0,13.333,0.13,0.15,0.09,600.0
Saint Vincent and the Grenadines,2023,VCT,101331.0,,0.0,0.0,0.02,0.0,0.02,,13.333,0.0,0.0,13.333,0.13,0.15,0.09,600.0
Saint Vincent and the Grenadines,2024,VCT,100630.0,,0.0,0.0,0.02,0.0,0.02,,13.333,0.0,0.0,13.333,0.13,0.15,0.09,600.0
Samoa,2000,WSM,181695.0,,0.0,0.0,0.04,0.0,0.04,,50.0,0.0,0.0,50.0,0.04,0.08,0.03,375.0
Samoa,2001,WSM,183174.0,,0.0,0.0,0.05,0.0,0.05,,50.0,0.0,0.0,50.0,0.05,0.1,0.03,300.0
Samoa,2002,WSM,184482.0,,0.0,0.0,0.06,0.0,0.06,,54.545,0.0,0.0,54.545,0.05,0.11,0.03,272.73
Samoa,2003,WSM,185447.0,,0.0,0.0,0.05,0.0,0.05,,50.0,0.0,0.0,50.0,0.05,0.1,0.03,300.0
Samoa,2004,WSM,186265.0,,0.0,0.0,0.05,0.0,0.05,,45.455,0.0,0.0,45.455,0.06,0.11,0.04,363.64
Samoa,2005,WSM,186993.0,,0.0,0.0,0.05,0.0,0.05,,45.455,0.0,0.0,45.455,0.06,0.11,0.04,363.64
Samoa,2006,WSM,187724.0,,0.0,0.0,0.05,0.0,0.05,,41.667,0.0,0.0,41.667,0.07,0.12,0.05,416.67
Samoa,2007,WSM,188766.0,,0.0,0.0,0.05,0.0,0.05,,41.667,0.0,0.0,41.667,0.07,0.12,0.05,416.67
Samoa,2008,WSM,190117.0,,0.0,0.0,0.05,0.0,0.05,,45.455,0.0,0.0,45.455,0.06,0.11,0.04,363.64
Samoa,2009,WSM,191530.0,,0.0,0.0,0.05,0.0,0.05,,38.462,0.0,0.0,38.462,0.08,0.13,0.05,384.62
Samoa,2010,WSM,193035.0,,0.0,0.0,0.05,0.0,0.05,,41.667,0.0,0.0,41.667,0.07,0.12,0.05,416.67
Samoa,2011,WSM,194726.0,,0.0,0.0,0.05,0.0,0.05,,38.462,0.0,0.0,38.462,0.08,0.13,0.05,384.62
Samoa,2012,WSM,196518.0,,0.0,0.0,0.04,0.0,0.04,,36.364,0.0,0.0,36.364,0.07,0.11,0.05,454.55
Samoa,2013,WSM,198284.0,,0.0,0.0,0.03,0.0,0.03,,25.0,0.0,0.0,25.0,0.09,0.12,0.06,500.0
Samoa,2014,WSM,200051.0,,0.0,0.0,0.03,0.0,0.03,,23.077,0.0,0.0,23.077,0.1,0.13,0.07,538.46
Samoa,2015,WSM,201794.0,,0.01,0.0,0.03,0.0,0.04,,30.769,7.692,0.0,23.077,0.09,0.13,0.06,461.54
Samoa,2016,WSM,203509.0,,0.02,0.0,0.03,0.0,0.05,,33.333,13.333,0.0,20.0,0.1,0.15,0.07,466.67
Samoa,2017,WSM,205423.0,,0.02,0.0,0.03,0.0,0.05,,31.25,12.5,0.0,18.75,0.11,0.16,0.07,437.5
Samoa,2018,WSM,207595.0,,0.02,0.0,0.04,0.0,0.06,,40.0,13.333,0.0,26.667,0.09,0.15,0.06,400.0
Samoa,2019,WSM,209794.0,,0.02,0.0,0.05,0.0,0.07,,41.176,11.765,0.0,29.412,0.1,0.17,0.07,411.77
Samoa,2020,WSM,211957.0,,0.02,0.0,0.05,0.0,0.07,,38.889,11.111,0.0,27.778,0.11,0.18,0.07,388.89
Samoa,2021,WSM,213792.0,,0.02,0.0,0.05,0.01,0.08,,47.059,11.765,0.0,29.412,0.09,0.17,0.06,352.94
Samoa,2022,WSM,215270.0,,0.02,0.0,0.04,0.01,0.07,,43.75,12.5,0.0,25.0,0.09,0.16,0.06,375.0
Samoa,2023,WSM,216673.0,,0.02,0.0,0.03,0.01,0.06,,40.0,13.333,0.0,20.0,0.09,0.15,0.06,400.0
Samoa,2024,WSM,218031.0,,0.03,0.0,0.03,0.01,0.07,,43.75,18.75,0.0,18.75,0.09,0.16,0.06,375.0
Sao Tome and Principe,2000,STP,144029.0,312853560.0,0.0,0.0,0.01,0.0,0.01,,33.333,0.0,0.0,33.333,0.02,0.03,0.01,333.33
Sao Tome and Principe,2001,STP,146386.0,323367292.0,0.0,0.0,0.0,0.0,0.0,,0.0,0.0,0.0,0.0,0.02,0.02,0.01,500.0
Sao Tome and Principe,2002,STP,149932.0,330763135.0,0.0,0.0,0.01,0.0,0.01,,25.0,0.0,0.0,25.0,0.03,0.04,0.02,500.0
Sao Tome and Principe,2003,STP,153824.0,356840538.0,0.0,0.0,0.01,0.0,0.01,,25.0,0.0,0.0,25.0,0.03,0.04,0.02,500.0
Sao Tome and Principe,2004,STP,157721.0,370949154.0,0.0,0.0,0.01,0.0,0.01,,25.0,0.0,0.0,25.0,0.03,0.04,0.02,500.0
Sao Tome and Principe,2005,STP,161650.0,400193555.0,0.0,0.0,0.0,0.0,0.0,,0.0,0.0,0.0,0.0,0.04,0.04,0.03,750.0
Sao Tome and Principe,2006,STP,165651.0,436915676.0,0.0,0.0,0.01,0.0,0.01,,20.0,0.0,0.0,20.0,0.04,0.05,0.03,600.0
Sao Tome and Principe,2007,STP,169709.0,454094461.0,0.0,0.0,0.01,0.0,0.01,,20.0,0.0,0.0,20.0,0.04,0.05,0.03,600.0
Sao Tome and Principe,2008,STP,173808.0,491548804.0,0.0,0.0,0.01,0.0,0.01,,20.0,0.0,0.0,20.0,0.04,0.05,0.03,600.0
Sao Tome and Principe,2009,STP,177866.0,507380515.0,0.0,0.0,0.01,0.0,0.01,,16.667,0.0,0.0,16.667,0.05,0.06,0.03,500.0
Sao Tome and Principe,2010,STP,181810.0,544428757.0,0.0,0.0,0.0,0.0,0.0,,0.0,0.0,0.0,0.0,0.05,0.05,0.03,600.0
Sao Tome and Principe,2011,STP,185665.0,572220000.0,0.0,0.0,0.01,0.0,0.01,,14.286,0.0,0.0,14.286,0.06,0.07,0.04,571.43
Sao Tome and Principe,2012,STP,189452.0,588711000.0,0.0,0.0,0.01,0.0,0.01,,12.5,0.0,0.0,12.5,0.07,0.08,0.05,625.0
Sao Tome and Principe,2013,STP,193158.0,619718000.0,0.0,0.0,0.01,0.0,0.01,,14.286,0.0,0.0,14.286,0.06,0.07,0.04,571.43
Sao Tome and Principe,2014,STP,196780.0,660060000.0,0.0,0.0,0.01,0.0,0.01,,12.5,0.0,0.0,12.5,0.07,0.08,0.05,625.0
Sao Tome and Principe,2015,STP,200308.0,687730000.0,0.0,0.0,0.01,0.0,0.01,,10.0,0.0,0.0,10.0,0.09,0.1,0.06,600.0
Sao Tome and Principe,2016,STP,203702.0,718608950.0,0.0,0.0,0.01,0.0,0.01,,9.091,0.0,0.0,9.091,0.1,0.11,0.07,636.36
Sao Tome and Principe,2017,STP,206986.0,745271993.0,0.0,0.0,0.0,0.0,0.0,,0.0,0.0,0.0,0.0,0.1,0.1,0.07,700.0
Sao Tome and Principe,2018,STP,210198.0,768095622.0,0.0,0.0,0.0,0.0,0.0,,0.0,0.0,0.0,0.0,0.1,0.1,0.07,700.0
Sao Tome and Principe,2019,STP,213405.0,784993764.0,0.0,0.0,0.01,0.0,0.01,,9.091,0.0,0.0,9.091,0.1,0.11,0.07,636.36
Sao Tome and Principe,2020,STP,217450.0,809328569.0,0.0,0.0,0.01,0.0,0.01,,9.091,0.0,0.0,9.091,0.1,0.11,0.07,636.36
Sao Tome and Principe,2021,STP,221975.0,824700110.0,0.0,0.0,0.01,0.0,0.01,,9.091,0.0,0.0,9.091,0.1,0.11,0.07,636.36
Sao Tome and Principe,2022,STP,226313.0,825238400.0,0.0,0.0,0.01,0.0,0.01,,11.111,0.0,0.0,11.111,0.08,0.09,0.05,555.56
Sao Tome and Principe,2023,STP,230882.0,825238400.0,0.0,0.0,0.01,0.0,0.01,,11.111,0.0,0.0,11.111,0.08,0.09,0.05,555.56
Saudi Arabia,1965,SAU,2928780.0,46439225867.0,0.0,0.0,0.0,0.0,0.0,0.0,,,,,,,,
Saudi Arabia,1966,SAU,3039891.0,53195046269.0,0.0,0.0,0.0,0.0,0.0,0.0,,,,,,,,
Saudi Arabia,1967,SAU,3157247.0,57878678291.0,0.0,0.0,0.0,0.0,0.0,0.0,,,,,,,,
Saudi Arabia,1968,SAU,3282707.0,63038983226.0,0.0,0.0,0.0,0.0,0.0,0.0,,,,,,,,
Saudi Arabia,1969,SAU,3417123.0,67871507139.0,0.0,0.0,0.0,0.0,0.0,0.0,,,,,,,,
Saudi Arabia,1970,SAU,3562475.0,74243294144.0,0.0,0.0,0.0,0.0,0.0,0.0,,,,,,,,
Saudi Arabia,1971,SAU,3724039.0,84937217458.0,0.0,0.0,0.0,0.0,0.0,0.0,,,,,,,,
Saudi Arabia,1972,SAU,3905729.0,97984578199.0,0.0,0.0,0.0,0.0,0.0,0.0,,,,,,,,
Saudi Arabia,1973,SAU,4106346.0,117324602862.0,0.0,0.0,0.0,0.0,0.0,0.0,,,,,,,,
Saudi Arabia,1974,SAU,4323639.0,135018031198.0,0.0,0.0,0.0,0.0,0.0,0.0,,,,,,,,
Saudi Arabia,1975,SAU,4556289.0,135364154857.0,0.0,0.0,0.0,0.0,0.0,0.0,,,,,,,,
Saudi Arabia,1976,SAU,4807936.0,147051535325.0,0.0,0.0,0.0,0.0,0.0,0.0,,,,,,,,
Saudi Arabia,1977,SAU,5083043.0,169267985679.0,0.0,0.0,0.0,0.0,0.0,0.0,,,,,,,,
Saudi Arabia,1978,SAU,5381901.0,179340334488.0,0.0,0.0,0.0,0.0,0.0,0.0,,,,,,,,
Saudi Arabia,1979,SAU,5703704.0,191331691851.0,0.0,0.0,0.0,0.0,0.0,0.0,,,,,,,,
Saudi Arabia,1980,SAU,6047997.0,210662326746.0,0.0,0.0,0.0,0.0,0.0,0.0,,,,,,,,
Saudi Arabia,1981,SAU,6420554.0,227352164581.0,0.0,0.0,0.0,0.0,0.0,0.0,,,,,,,,
Saudi Arabia,1982,SAU,6824484.0,231114686953.0,0.0,0.0,0.0,0.0,0.0,0.0,,,,,,,,
Saudi Arabia,1983,SAU,7252947.0,206256838002.0,0.0,0.0,0.0,0.0,0.0,0.0,,,,,,,,
Saudi Arabia,1984,SAU,7697312.0,206035227442.0,0.0,0.0,0.0,0.0,0.0,0.0,,,,,,,,
Saudi Arabia,1985,SAU,8151782.0,192246231794.0,0.0,0.0,0.0,0.0,0.0,0.0,0.0,0.0,0.0,0.0,51.654,51.654,,
Saudi Arabia,1986,SAU,8628639.0,180536009607.0,0.0,0.0,0.0,0.0,0.0,0.0,0.0,0.0,0.0,0.0,55.685,55.685,,
Saudi Arabia,1987,SAU,9130207.0,188872487168.0,0.0,0.0,0.0,0.0,0.0,0.0,0.0,0.0,0.0,0.0,65.0,65.0,,
Saudi Arabia,1988,SAU,9629172.0,194907909345.0,0.0,0.0,0.0,0.0,0.0,0.0,0.0,0.0,0.0,0.0,70.091,70.091,,
Saudi Arabia,1989,SAU,10128397.0,201950991824.0,0.0,0.0,0.0,0.0,0.0,0.0,0.0,0.0,0.0,0.0,75.73,75.73,,
Saudi Arabia,1990,SAU,10640697.0,230231005239.0,0.0,0.0,0.0,0.0,0.0,0.0,0.0,0.0,0.0,0.0,79.88,79.88,,
Saudi Arabia,1991,SAU,11160752.0,279266370692.0,0.0,0.0,0.0,0.0,0.0,0.0,0.0,0.0,0.0,0.0,84.996,84.996,,
Saudi Arabia,1992,SAU,11686682.0,306102220149.0,0.0,0.0,0.0,0.0,0.0,0.0,0.0,0.0,0.0,0.0,93.473,93.473,,
Saudi Arabia,1993,SAU,12215864.0,318013026200.0,0.0,0.0,0.0,0.0,0.0,0.0,0.0,0.0,0.0,0.0,102.669,102.669,,
Saudi Arabia,1994,SAU,12750037.0,336457977370.0,0.0,0.0,0.0,0.0,0.0,0.0,0.0,0.0,0.0,0.0,106.046,106.046,,
Saudi Arabia,1995,SAU,13289246.0,354296184185.0,0.0,0.0,0.0,0.0,0.0,0.0,0.0,0.0,0.0,0.0,109.928,109.928,,
Saudi Arabia,1996,SAU,13831002.0,381675255575.0,0.0,0.0,0.0,0.0,0.0,0.0,0.0,0.0,0.0,0.0,112.167,112.167,,
Saudi Arabia,1997,SAU,14374948.0,404619673714.0,0.0,0.0,0.0,0.0,0.0,0.0,0.0,0.0,0.0,0.0,119.104,119.104,,
Saudi Arabia,1998,SAU,14922188.0,436367217571.0,0.0,0.0,0.0,0.0,0.0,0.0,0.0,0.0,0.0,0.0,126.168,126.168,,
Saudi Arabia,1999,SAU,15472076.0,440370701905.0,0.0,0.0,0.0,0.0,0.0,0.0,0.0,0.0,0.0,0.0,130.999,130.999,,
Saudi Arabia,2000,SAU,16177733.0,488272422255.0,0.0,0.0,0.0,0.0,0.0,0.0,0.0,0.0,0.0,0.0,138.69,138.69,96.02,692.34
Saudi Arabia,2001,SAU,17041405.0,506978101388.0,0.0,0.0,0.0,0.0,0.0,0.0,0.0,0.0,0.0,0.0,146.09,146.09,101.85,697.17
Saudi Arabia,2002,SAU,17910909.0,518347038548.0,0.0,0.0,0.0,0.0,0.0,0.0,0.0,0.0,0.0,0.0,154.91,154.91,108.39,699.7
Saudi Arabia,2003,SAU,18786771.0,607244594721.0,0.0,0.0,0.0,0.0,0.0,0.0,0.0,0.0,0.0,0.0,166.58,166.58,116.42,698.88
Saudi Arabia,2004,SAU,19669486.0,690846607941.0,0.0,0.0,0.0,0.0,0.0,0.0,0.0,0.0,0.0,0.0,173.41,173.41,121.47,700.48
Saudi Arabia,2005,SAU,20559886.0,768984265306.0,0.0,0.0,0.0,0.0,0.0,0.0,0.0,0.0,0.0,0.0,191.05,191.05,133.76,700.13
Saudi Arabia,2006,SAU,21459141.0,833723402383.0,0.0,0.0,0.0,0.0,0.0,0.0,0.0,0.0,0.0,0.0,196.31,196.31,136.98,697.77
Saudi Arabia,2007,SAU,22368313.0,896025266041.0,0.0,0.0,0.0,0.0,0.0,0.0,0.0,0.0,0.0,0.0,204.43,204.43,142.18,695.5
Saudi Arabia,2008,SAU,23287884.0,1005243539213.0,0.0,0.0,0.0,0.0,0.0,0.0,0.0,0.0,0.0,0.0,204.2,204.2,141.88,694.81
Saudi Arabia,2009,SAU,24217656.0,1040467027041.0,0.0,0.0,0.0,0.0,0.0,0.0,0.0,0.0,0.0,0.0,217.31,217.31,150.01,690.3
Saudi Arabia,2010,SAU,25157134.0,1156842077931.0,0.0,0.0,0.0,0.0,0.0,0.0,0.0,0.0,0.0,0.0,248.77,248.77,172.0,691.4
Saudi Arabia,2011,SAU,26105636.0,1347950226660.0,0.01,0.0,0.0,0.0,0.01,0.001,0.004,0.004,0.0,0.0,259.14,259.15,179.14,691.26
Saudi Arabia,2012,SAU,27062447.0,1421109142119.0,0.03,0.0,0.0,0.0,0.03,0.002,0.011,0.011,0.0,0.0,281.6,281.63,195.1,692.75
Saudi Arabia,2013,SAU,28026825.0,1461615692896.0,0.04,0.0,0.0,0.0,0.04,0.004,0.014,0.014,0.0,0.0,294.68,294.72,204.26,693.07
Saudi Arabia,2014,SAU,28998127.0,1520484201383.0,0.05,0.0,0.0,0.0,0.05,0.004,0.015,0.015,0.0,0.0,328.15,328.2,227.3,692.57
Saudi Arabia,2015,SAU,29974944.0,1591797027903.0,0.05,0.0,0.0,0.0,0.05,0.004,0.014,0.014,0.0,0.0,350.59,350.64,243.02,693.08
Saudi Arabia,2016,SAU,30717804.0,1629412617614.0,0.05,0.0,0.0,0.0,0.05,0.004,0.014,0.014,0.0,0.0,357.61,357.66,249.37,697.23
Saudi Arabia,2017,SAU,30782400.0,1628276592787.0,0.07,0.0,0.0,0.0,0.07,0.005,0.018,0.018,0.0,0.0,394.92,394.99,276.48,699.97
Saudi Arabia,2018,SAU,30365119.0,1673253984473.0,0.16,0.0,0.0,0.0,0.16,0.013,0.043,0.043,0.0,0.0,374.61,374.77,263.42,702.88
Saudi Arabia,2019,SAU,30472809.0,1687180073621.0,0.21,0.01,0.0,0.0,0.22,0.018,0.058,0.055,0.003,0.0,378.33,378.55,265.63,701.7
Saudi Arabia,2020,SAU,30991206.0,1613932868835.0,0.91,0.01,0.0,0.0,0.92,0.078,0.242,0.239,0.003,0.0,379.98,380.9,267.34,701.86
Saudi Arabia,2021,SAU,31328374.0,1677226744197.0,0.99,0.01,0.0,0.0,1.0,0.083,0.254,0.252,0.003,0.0,391.95,392.95,276.02,702.43
Saudi Arabia,2022,SAU,32175351.0,1823886192336.0,1.22,0.79,0.0,0.0,2.01,0.157,0.49,0.298,0.193,0.0,407.83,409.84,286.91,700.05
Saudi Arabia,2023,SAU,33264289.0,1823886192336.0,3.13,1.59,0.0,0.0,4.72,0.359,1.1,0.729,0.37,0.0,424.53,429.25,299.32,697.31
Saudi Arabia,2024,SAU,33962751.0,1823886192336.0,8.23,1.59,0.0,0.0,9.82,0.728,2.16,1.81,0.35,0.0,444.82,454.64,314.59,691.95
Senegal,2000,SEN,9968262.0,20439620643.0,0.0,0.0,0.0,0.05,0.05,,3.356,0.0,0.0,0.0,1.44,1.49,0.96,644.3
Senegal,2001,SEN,10212941.0,21256566387.0,0.0,0.0,0.0,0.06,0.06,,3.352,0.0,0.0,0.0,1.73,1.79,1.15,642.46
Senegal,2002,SEN,10466216.0,21289209696.0,0.0,0.0,0.19,0.07,0.26,,12.5,0.0,0.0,9.135,1.82,2.08,1.22,586.54
Senegal,2003,SEN,10721176.0,22622569107.0,0.0,0.0,0.33,0.05,0.38,,16.309,0.0,0.0,14.163,1.95,2.33,1.32,566.52
Senegal,2004,SEN,10975711.0,23858338191.0,0.0,0.0,0.29,0.04,0.33,,13.808,0.0,0.0,12.134,2.06,2.39,1.4,585.77
Senegal,2005,SEN,11235473.0,25111741099.0,0.0,0.0,0.26,0.05,0.31,,11.698,0.0,0.0,9.811,2.34,2.65,1.58,596.23
Senegal,2006,SEN,11500094.0,25681645040.0,0.0,0.0,0.23,0.05,0.28,,10.606,0.0,0.0,8.712,2.36,2.64,1.59,602.27
Senegal,2007,SEN,11770348.0,26900866878.0,0.0,0.0,0.18,0.04,0.22,,7.857,0.0,0.0,6.429,2.58,2.8,1.72,614.29
Senegal,2008,SEN,12048963.0,27862112568.0,0.0,0.0,0.23,0.04,0.27,,9.122,0.0,0.0,7.77,2.69,2.96,1.81,611.49
Senegal,2009,SEN,12337390.0,28495333178.0,0.0,0.0,0.24,0.05,0.29,,9.508,0.0,0.0,7.869,2.76,3.05,1.85,606.56
Senegal,2010,SEN,12635418.0,29674469620.0,0.0,0.0,0.25,0.07,0.32,,9.907,0.0,0.0,7.74,2.91,3.23,1.97,609.91
Senegal,2011,SEN,12958902.0,30201416523.0,0.0,0.0,0.25,0.08,0.33,,10.03,0.0,0.0,7.599,2.96,3.29,2.0,607.9
Senegal,2012,SEN,13310499.0,31410375400.0,0.0,0.0,0.29,0.05,0.34,,9.392,0.0,0.0,8.011,3.28,3.62,2.23,616.02
Senegal,2013,SEN,13710857.0,32167998974.0,0.0,0.0,0.31,0.06,0.37,,9.711,0.0,0.0,8.136,3.44,3.81,2.33,611.55
Senegal,2014,SEN,14152103.0,34170131826.0,0.0,0.0,0.31,0.07,0.38,,9.091,0.0,0.0,7.416,3.8,4.18,2.58,617.23
Senegal,2015,SEN,14593335.0,36345743124.0,0.0,0.0,0.33,0.07,0.4,,9.009,0.0,0.0,7.432,4.04,4.44,2.75,619.37
Senegal,2016,SEN,15034517.0,38655882471.0,0.01,0.0,0.36,0.06,0.43,,8.996,0.209,0.0,7.531,4.35,4.78,2.98,623.43
Senegal,2017,SEN,15475001.0,41519118886.0,0.09,0.0,0.36,0.08,0.53,,11.229,1.907,0.0,7.627,4.19,4.72,2.87,608.05
Senegal,2018,SEN,15914495.0,44097044770.0,0.25,0.0,0.36,0.09,0.7,,14.17,5.061,0.0,7.287,4.24,4.94,2.94,595.14
Senegal,2019,SEN,16352926.0,46131678369.0,0.33,0.02,0.31,0.12,0.78,,13.402,5.67,0.344,5.326,5.04,5.82,3.55,609.97
Senegal,2020,SEN,16789217.0,46743389453.0,0.38,0.22,0.31,0.11,1.02,,16.832,6.271,3.63,5.116,5.04,6.06,3.41,562.71
Senegal,2021,SEN,17220866.0,49579310412.0,0.54,0.4,0.31,0.1,1.35,,20.27,8.108,6.006,4.655,5.31,6.66,3.64,546.55
Senegal,2022,SEN,17651099.0,51913993763.0,0.59,0.4,0.31,0.11,1.41,,19.693,8.24,5.587,4.33,5.75,7.16,3.94,550.28
Senegal,2023,SEN,18077573.0,51913993763.0,0.59,0.38,0.31,0.11,1.39,,16.951,7.195,4.634,3.78,6.81,8.2,4.57,557.32
Senegal,2024,SEN,18501988.0,51913993763.0,0.68,0.41,0.31,0.11,1.51,,19.79,8.912,5.374,4.063,6.12,7.63,4.12,539.97
Serbia,1990,SRB,7874595.0,75948516071.0,0.0,0.0,7.49,0.0,7.49,,19.22,0.0,0.0,19.22,31.48,38.97,,787.53
Serbia,1991,SRB,7867067.0,68073341363.0,0.0,0.0,9.57,0.0,9.57,,25.405,0.0,0.0,25.405,28.1,37.67,,724.72
Serbia,1992,SRB,7859811.0,50213316006.0,0.0,0.0,9.17,0.0,9.17,,26.727,0.0,0.0,26.727,25.14,34.31,,733.61
Serbia,1993,SRB,7849723.0,35705127092.0,0.0,0.0,8.06,0.0,8.06,,26.903,0.0,0.0,26.903,21.9,29.96,,737.65
Serbia,1994,SRB,7837157.0,37491186647.0,0.0,0.0,8.92,0.0,8.92,,28.942,0.0,0.0,28.942,21.9,30.82,,719.66
Serbia,1995,SRB,7823281.0,40606796137.0,0.0,0.0,9.9,0.0,9.9,,30.764,0.0,0.0,30.764,22.28,32.18,,701.06
Serbia,1996,SRB,7807720.0,43633612702.0,0.0,0.0,11.48,0.0,11.48,,35.531,0.0,0.0,35.531,20.83,32.31,,649.03
Serbia,1997,SRB,7789186.0,47961715204.0,0.0,0.0,10.5,0.0,10.5,,29.838,0.0,0.0,29.838,24.69,35.19,,704.46
Serbia,1998,SRB,7765929.0,50248494231.0,0.0,0.0,10.32,0.0,10.32,,29.293,0.0,0.0,29.293,24.91,35.23,,713.03
Serbia,1999,SRB,7734367.0,42108008598.0,0.0,0.0,11.14,0.0,11.14,,36.134,0.0,0.0,36.134,19.69,30.83,,645.48
Serbia,2000,SRB,7694608.0,45972177454.0,0.0,0.0,9.82,0.0,9.82,,30.736,0.0,0.0,30.736,22.13,31.95,22.35,699.53
Serbia,2001,SRB,7651927.0,49551965376.0,0.0,0.0,9.89,0.0,9.89,,30.365,0.0,0.0,30.365,22.68,32.57,22.85,701.57
Serbia,2002,SRB,7616741.0,54169287385.0,0.0,0.0,9.93,0.0,9.93,,29.874,0.0,0.0,29.874,23.31,33.24,23.52,707.58
Serbia,2003,SRB,7590946.0,57670215281.0,0.0,0.0,8.74,0.0,8.74,,25.511,0.0,0.0,25.511,25.52,34.26,25.7,750.15
Serbia,2004,SRB,7565843.0,64122161308.0,0.0,0.0,10.62,0.0,10.62,,28.556,0.0,0.0,28.556,26.57,37.19,26.77,719.82
Serbia,2005,SRB,7539139.0,69083768076.0,0.0,0.0,11.41,0.0,11.41,,31.818,0.0,0.0,31.818,24.45,35.86,24.63,686.84
Serbia,2006,SRB,7511395.0,74079355840.0,0.0,0.0,10.35,0.0,10.35,,28.854,0.0,0.0,28.854,25.52,35.87,25.96,723.73
Serbia,2007,SRB,7482996.0,80235729936.0,0.0,0.0,9.46,0.0,9.46,,26.3,0.0,0.0,26.3,26.51,35.97,26.71,742.56
Serbia,2008,SRB,7454285.0,86433151884.0,0.0,0.0,9.56,0.0,9.56,,25.964,0.0,0.0,25.964,27.26,36.82,27.6,749.59
Serbia,2009,SRB,7425346.0,85543117613.0,0.0,0.0,10.54,0.0,10.54,,27.95,0.0,0.0,27.95,27.17,37.71,27.69,734.29
Serbia,2010,SRB,7395872.0,88047936265.0,0.0,0.0,11.89,0.0,11.89,,31.774,0.0,0.0,31.774,25.53,37.42,25.95,693.48
Serbia,2011,SRB,7364858.0,91032746041.0,0.0,0.0,8.67,0.0,8.67,,22.804,0.0,0.0,22.804,29.35,38.02,29.67,780.38
Serbia,2012,SRB,7324624.0,90412315334.0,0.0,0.0,9.29,0.01,9.3,,25.698,0.0,0.0,25.67,26.89,36.19,27.21,751.87
Serbia,2013,SRB,7276183.0,93027618312.0,0.0,0.0,10.2,0.02,10.22,,26.051,0.0,0.0,26.001,29.01,39.23,29.5,751.98
Serbia,2014,SRB,7227203.0,91548933459.0,0.01,0.0,11.0,0.02,11.03,,32.984,0.03,0.0,32.895,22.41,33.44,22.86,683.61
Serbia,2015,SRB,7177257.0,93202353035.0,0.01,0.0,10.08,0.02,10.11,,26.895,0.027,0.0,26.816,27.48,37.59,27.98,744.35
Serbia,2016,SRB,7126083.0,96313997829.0,0.01,0.03,10.79,0.03,10.86,,28.127,0.026,0.078,27.946,27.75,38.61,28.18,729.86
Serbia,2017,SRB,7073507.0,98337716405.0,0.01,0.05,9.15,0.08,9.29,,25.494,0.027,0.137,25.11,27.15,36.44,27.43,752.74
Serbia,2018,SRB,7020014.0,102758122729.0,0.01,0.15,10.64,0.1,10.9,,29.725,0.027,0.409,29.016,25.77,36.67,26.03,709.85
Serbia,2019,SRB,6966155.0,107209329080.0,0.01,0.9,9.46,0.14,10.51,,28.513,0.027,2.442,25.665,26.35,36.86,26.59,721.38
Serbia,2020,SRB,6907814.0,106240984752.0,0.01,0.98,8.98,0.19,10.16,,27.327,0.027,2.636,24.153,27.02,37.18,27.37,736.15
Serbia,2021,SRB,6835429.0,114262090563.0,0.01,1.08,11.21,0.25,12.55,,33.502,0.027,2.883,29.925,24.91,37.46,24.96,666.31
Serbia,2022,SRB,6791215.0,116834638171.0,0.02,0.95,8.6,0.25,9.82,,28.186,0.057,2.727,24.684,25.02,34.84,24.76,710.68
Serbia,2023,SRB,6773204.0,116834638171.0,0.05,1.07,12.38,0.25,13.75,,34.961,0.127,2.721,31.477,25.58,39.33,25.13,638.95
Serbia,2024,SRB,6736217.0,116834638171.0,0.16,1.25,10.1,0.34,11.85,,32.062,0.433,3.382,27.327,25.11,36.96,24.63,666.4
Serbia,2025,SRB,6689038.0,116834638171.0,0.16,1.47,8.14,0.41,10.18,,27.799,0.437,4.014,22.228,26.44,36.62,25.48,695.8
Seychelles,2000,SYC,83339.0,1136006730.0,0.0,0.0,0.0,0.0,0.0,,0.0,0.0,0.0,0.0,0.2,0.2,0.13,650.0
Seychelles,2001,SYC,84621.0,1137693046.0,0.0,0.0,0.0,0.0,0.0,,0.0,0.0,0.0,0.0,0.2,0.2,0.13,650.0
Seychelles,2002,SYC,85878.0,1181094301.0,0.0,0.0,0.0,0.0,0.0,,0.0,0.0,0.0,0.0,0.23,0.23,0.15,652.17
Seychelles,2003,SYC,87056.0,1134551439.0,0.0,0.0,0.0,0.0,0.0,,0.0,0.0,0.0,0.0,0.23,0.23,0.15,652.17
Seychelles,2004,SYC,88175.0,1140079489.0,0.0,0.0,0.0,0.0,0.0,,0.0,0.0,0.0,0.0,0.23,0.23,0.15,652.17
Seychelles,2005,SYC,89288.0,1274495332.0,0.0,0.0,0.0,0.0,0.0,,0.0,0.0,0.0,0.0,0.3,0.3,0.2,666.67
Seychelles,2006,SYC,90391.0,1430092128.0,0.0,0.0,0.0,0.0,0.0,,0.0,0.0,0.0,0.0,0.32,0.32,0.21,656.25
Seychelles,2007,SYC,91483.0,1619623050.0,0.0,0.0,0.0,0.0,0.0,,0.0,0.0,0.0,0.0,0.34,0.34,0.22,647.06
Seychelles,2008,SYC,92563.0,1625802984.0,0.0,0.0,0.0,0.0,0.0,,0.0,0.0,0.0,0.0,0.34,0.34,0.22,647.06
Seychelles,2009,SYC,93644.0,1630727660.0,0.0,0.0,0.0,0.0,0.0,,0.0,0.0,0.0,0.0,0.35,0.35,0.23,657.14
Seychelles,2010,SYC,94993.0,1772951640.0,0.0,0.0,0.0,0.0,0.0,,0.0,0.0,0.0,0.0,0.38,0.38,0.25,657.9
Seychelles,2011,SYC,97041.0,1917505000.0,0.0,0.0,0.0,0.0,0.0,,0.0,0.0,0.0,0.0,0.4,0.4,0.26,650.0
Seychelles,2012,SYC,99565.0,1991700000.0,0.0,0.0,0.0,0.0,0.0,,0.0,0.0,0.0,0.0,0.41,0.41,0.27,658.54
Seychelles,2013,SYC,102108.0,2096276000.0,0.0,0.01,0.0,0.0,0.01,,2.273,0.0,2.273,0.0,0.43,0.44,0.28,636.36
Seychelles,2014,SYC,104663.0,2231000000.0,0.0,0.01,0.0,0.0,0.01,,2.222,0.0,2.222,0.0,0.44,0.45,0.29,644.44
Seychelles,2015,SYC,107247.0,2363480000.0,0.0,0.01,0.0,0.0,0.01,,2.174,0.0,2.174,0.0,0.45,0.46,0.3,652.17
Seychelles,2016,SYC,109836.0,2658740126.0,0.0,0.01,0.0,0.0,0.01,,2.0,0.0,2.0,0.0,0.49,0.5,0.32,640.0
Seychelles,2017,SYC,112443.0,2824383463.0,0.0,0.01,0.0,0.0,0.01,,1.961,0.0,1.961,0.0,0.5,0.51,0.33,647.06
Seychelles,2018,SYC,115053.0,2983293782.0,0.0,0.01,0.0,0.0,0.01,,1.923,0.0,1.923,0.0,0.51,0.52,0.34,653.85
Seychelles,2019,SYC,117662.0,3137071789.0,0.04,0.0,0.0,0.0,0.04,,7.018,7.018,0.0,0.0,0.53,0.57,0.35,614.04
Seychelles,2020,SYC,120299.0,2871729130.0,0.06,0.01,0.0,0.0,0.07,,11.864,10.169,1.695,0.0,0.52,0.59,0.34,576.27
Seychelles,2021,SYC,123000.0,2944095268.0,0.07,0.01,0.0,0.0,0.08,,13.333,11.667,1.667,0.0,0.52,0.6,0.34,566.67
Seychelles,2022,SYC,125533.0,3053368129.0,0.08,0.01,0.0,0.0,0.09,,14.516,12.903,1.613,0.0,0.53,0.62,0.35,564.52
Seychelles,2023,SYC,127961.0,3053368129.0,0.08,0.01,0.0,0.0,0.09,,14.516,12.903,1.613,0.0,0.53,0.62,0.35,564.52
Seychelles,2024,SYC,130436.0,3053368129.0,0.09,0.01,0.0,0.0,0.1,,15.873,14.286,1.587,0.0,0.53,0.63,0.35,555.56
Sierra Leone,2000,SLE,4423615.0,3156875905.0,0.0,0.0,0.01,0.0,0.01,,11.111,0.0,0.0,11.111,0.08,0.09,0.05,555.56
Sierra Leone,2001,SLE,4692715.0,3731874073.0,0.0,0.0,0.01,0.0,0.01,,7.692,0.0,0.0,7.692,0.12,0.13,0.08,615.39
Sierra Leone,2002,SLE,4971435.0,4723203819.0,0.0,0.0,0.02,0.0,0.02,,12.5,0.0,0.0,12.5,0.14,0.16,0.09,562.5
Sierra Leone,2003,SLE,5177686.0,5165014591.0,0.0,0.0,0.02,0.0,0.02,,13.333,0.0,0.0,13.333,0.13,0.15,0.09,600.0
Sierra Leone,2004,SLE,5355715.0,5509297894.0,0.0,0.0,0.02,0.0,0.02,,16.667,0.0,0.0,16.667,0.1,0.12,0.07,583.33
Sierra Leone,2005,SLE,5501707.0,5761186841.0,0.0,0.0,0.02,0.0,0.02,,25.0,0.0,0.0,25.0,0.06,0.08,0.04,500.0
Sierra Leone,2006,SLE,5624464.0,6009264027.0,0.0,0.0,0.0,0.0,0.0,,0.0,0.0,0.0,0.0,0.05,0.05,0.03,600.0
Sierra Leone,2007,SLE,5749353.0,6495486321.0,0.0,0.0,0.02,0.0,0.02,,33.333,0.0,0.0,33.333,0.04,0.06,0.03,500.0
Sierra Leone,2008,SLE,5894728.0,6848797957.0,0.0,0.0,0.02,0.0,0.02,,33.333,0.0,0.0,33.333,0.04,0.06,0.03,500.0
Sierra Leone,2009,SLE,6055655.0,7073732794.0,0.0,0.0,0.02,0.0,0.02,,33.333,0.0,0.0,33.333,0.04,0.06,0.03,500.0
Sierra Leone,2010,SLE,6222715.0,7455363914.0,0.0,0.0,0.12,0.0,0.12,,85.714,0.0,0.0,85.714,0.02,0.14,0.01,71.43
Sierra Leone,2011,SLE,6387258.0,7933356000.0,0.0,0.0,0.15,0.0,0.15,,88.235,0.0,0.0,88.235,0.02,0.17,0.01,58.82
Sierra Leone,2012,SLE,6551078.0,9134190000.0,0.0,0.0,0.12,0.0,0.12,,66.667,0.0,0.0,66.667,0.06,0.18,0.04,222.22
Sierra Leone,2013,SLE,6714057.0,11029545000.0,0.0,0.0,0.1,0.0,0.1,,62.5,0.0,0.0,62.5,0.06,0.16,0.04,250.0
Sierra Leone,2014,SLE,6876385.0,11528208000.0,0.0,0.0,0.12,0.0,0.12,,80.0,0.0,0.0,80.0,0.03,0.15,0.02,133.33
Sierra Leone,2015,SLE,7037660.0,9188877000.0,0.0,0.0,0.12,0.0,0.12,,75.0,0.0,0.0,75.0,0.04,0.16,0.03,187.5
Sierra Leone,2016,SLE,7205339.0,9765347713.0,0.0,0.0,0.13,0.0,0.13,,61.905,0.0,0.0,61.905,0.08,0.21,0.05,238.1
Sierra Leone,2017,SLE,7379300.0,10128155156.0,0.01,0.0,0.13,0.0,0.14,,60.87,4.348,0.0,56.522,0.09,0.23,0.06,260.87
Sierra Leone,2018,SLE,7554568.0,10480967104.0,0.01,0.0,0.17,0.0,0.18,,66.667,3.704,0.0,62.963,0.09,0.27,0.06,222.22
Sierra Leone,2019,SLE,7731994.0,11031662186.0,0.01,0.0,0.18,0.0,0.19,,95.0,5.0,0.0,90.0,0.01,0.2,0.01,50.0
Sierra Leone,2020,SLE,7912557.0,10814455084.0,0.01,0.0,0.18,0.0,0.19,,95.0,5.0,0.0,90.0,0.01,0.2,0.01,50.0
Sierra Leone,2021,SLE,8094603.0,11258356071.0,0.01,0.0,0.18,0.0,0.19,,95.0,5.0,0.0,90.0,0.01,0.2,0.01,50.0
Sierra Leone,2022,SLE,8276809.0,11681270534.0,0.01,0.0,0.18,0.0,0.19,,95.0,5.0,0.0,90.0,0.01,0.2,0.01,50.0
Sierra Leone,2023,SLE,8460523.0,11681270534.0,0.02,0.0,0.18,0.0,0.2,,95.238,9.524,0.0,85.714,0.01,0.21,0.01,47.62
Sierra Leone,2024,SLE,8642029.0,11681270534.0,0.02,0.0,0.18,0.0,0.2,,95.238,9.524,0.0,85.714,0.01,0.21,0.01,47.62
Singapore,1965,SGP,1870828.0,7530617997.0,0.0,0.0,0.0,0.0,0.0,0.0,,,,,,,,
Singapore,1966,SGP,1919088.0,8350804905.0,0.0,0.0,0.0,0.0,0.0,0.0,,,,,,,,
Singapore,1967,SGP,1965686.0,9375801484.0,0.0,0.0,0.0,0.0,0.0,0.0,,,,,,,,
Singapore,1968,SGP,2010102.0,10651528000.0,0.0,0.0,0.0,0.0,0.0,0.0,,,,,,,,
Singapore,1969,SGP,2052163.0,12114067500.0,0.0,0.0,0.0,0.0,0.0,0.0,,,,,,,,
Singapore,1970,SGP,2091568.0,13795472082.0,0.0,0.0,0.0,0.0,0.0,0.0,,,,,,,,
Singapore,1971,SGP,2128445.0,15462201485.0,0.0,0.0,0.0,0.0,0.0,0.0,,,,,,,,
Singapore,1972,SGP,2164344.0,17552821203.0,0.0,0.0,0.0,0.0,0.0,0.0,,,,,,,,
Singapore,1973,SGP,2200145.0,19504542000.0,0.0,0.0,0.0,0.0,0.0,0.0,,,,,,,,
Singapore,1974,SGP,2235079.0,20768357654.0,0.0,0.0,0.0,0.0,0.0,0.0,,,,,,,,
Singapore,1975,SGP,2268532.0,21725486137.0,0.0,0.0,0.0,0.0,0.0,0.0,,,,,,,,
Singapore,1976,SGP,2300749.0,23341207896.0,0.0,0.0,0.0,0.0,0.0,0.0,,,,,,,,
Singapore,1977,SGP,2331547.0,25089987526.0,0.0,0.0,0.0,0.0,0.0,0.0,,,,,,,,
Singapore,1978,SGP,2360611.0,27273517931.0,0.0,0.0,0.0,0.0,0.0,0.0,,,,,,,,
Singapore,1979,SGP,2388159.0,29843803500.0,0.0,0.0,0.0,0.0,0.0,0.0,,,,,,,,
Singapore,1980,SGP,2437496.0,32831452571.0,0.0,0.0,0.0,0.0,0.0,0.0,,,,,,,,
Singapore,1981,SGP,2531801.0,36344499132.0,0.0,0.0,0.0,0.0,0.0,0.0,,,,,,,,
Singapore,1982,SGP,2627420.0,38947998482.0,0.0,0.0,0.0,0.0,0.0,0.0,,,,,,,,
Singapore,1983,SGP,2685982.0,42275213408.0,0.0,0.0,0.0,0.0,0.0,0.0,,,,,,,,
Singapore,1984,SGP,2720930.0,45996862796.0,0.0,0.0,0.0,0.0,0.0,0.0,,,,,,,,
Singapore,1985,SGP,2735032.0,45678538612.0,0.0,0.0,0.0,0.0,0.0,0.0,0.0,0.0,0.0,0.0,,9.876,,
Singapore,1986,SGP,2744656.0,46286412884.0,0.0,0.0,0.0,0.085,0.085,0.161,0.804,0.0,0.0,0.0,,10.576,,
Singapore,1987,SGP,2781625.0,51266056475.0,0.0,0.0,0.0,0.085,0.085,0.153,0.719,0.0,0.0,0.0,,11.814,,
Singapore,1988,SGP,2849043.0,56963540146.0,0.0,0.0,0.0,0.085,0.085,0.133,0.653,0.0,0.0,0.0,,13.017,,
Singapore,1989,SGP,2938656.0,62766454197.0,0.0,0.0,0.0,0.085,0.085,0.116,0.605,0.0,0.0,0.0,,14.039,,
Singapore,1990,SGP,3039593.0,69065570813.0,0.0,0.0,0.0,0.085,0.085,0.097,0.544,0.0,0.0,0.0,,15.618,,
Singapore,1991,SGP,3136294.0,74103369043.0,0.0,0.0,0.0,0.245,0.245,0.275,1.476,0.0,0.0,0.0,,16.597,,
Singapore,1992,SGP,3226461.0,80052595653.0,0.0,0.0,0.0,0.245,0.245,0.256,1.397,0.0,0.0,0.0,,17.543,,
Singapore,1993,SGP,3317892.0,89698198294.0,0.0,0.0,0.0,0.245,0.245,0.235,1.292,0.0,0.0,0.0,,18.962,,
Singapore,1994,SGP,3417818.0,100708565980.0,0.0,0.0,0.0,0.245,0.245,0.205,1.185,0.0,0.0,0.0,,20.675,,
Singapore,1995,SGP,3533624.0,109097198275.0,0.0,0.0,0.0,0.245,0.245,0.197,1.111,0.0,0.0,0.0,,22.057,,
Singapore,1996,SGP,3664566.0,120135527253.0,0.0,0.0,0.0,0.245,0.245,0.195,1.025,0.0,0.0,0.0,,23.909,,
Singapore,1997,SGP,3796629.0,132363368332.0,0.0,0.0,0.0,0.245,0.245,0.185,0.917,0.0,0.0,0.0,,26.709,,
Singapore,1998,SGP,3901418.0,131914179626.0,0.0,0.0,0.0,0.245,0.245,0.183,0.863,0.0,0.0,0.0,,28.375,,
Singapore,1999,SGP,3966562.0,139187634120.0,0.0,0.0,0.0,0.245,0.245,0.185,0.83,0.0,0.0,0.0,,29.52,,
Singapore,2000,SGP,4035251.0,152153574500.0,0.0,0.0,0.0,0.49,0.49,0.173,1.547,0.0,0.0,0.0,31.18,31.67,20.81,657.09
Singapore,2001,SGP,4116169.0,152550774197.0,0.0,0.0,0.0,0.69,0.69,0.295,2.087,0.0,0.0,0.0,32.37,33.06,19.78,598.31
Singapore,2002,SGP,4146898.0,157982989858.0,0.0,0.0,0.0,0.77,0.77,0.307,2.222,0.0,0.0,0.0,33.89,34.66,20.32,586.27
Singapore,2003,SGP,4138241.0,160287778605.0,0.0,0.0,0.0,0.99,0.99,0.341,2.803,0.0,0.0,0.0,34.33,35.32,20.15,570.5
Singapore,2004,SGP,4172767.0,175483138246.0,0.0,0.0,0.0,0.96,0.96,0.292,2.607,0.0,0.0,0.0,35.86,36.82,20.46,555.68
Singapore,2005,SGP,4268363.0,190691514722.0,0.0,0.0,0.0,0.96,0.96,0.275,2.512,0.0,0.0,0.0,37.26,38.22,20.85,545.53
Singapore,2006,SGP,4407064.0,211578605777.0,0.0,0.0,0.0,0.95,0.95,0.247,2.406,0.0,0.0,0.0,38.54,39.49,21.3,539.38
Singapore,2007,SGP,4596516.0,237920174358.0,0.0,0.0,0.0,0.99,0.99,0.238,2.407,0.0,0.0,0.0,40.14,41.13,22.12,537.81
Singapore,2008,SGP,4806742.0,252508208683.0,0.0,0.0,0.0,1.04,1.04,0.236,2.496,0.0,0.0,0.0,40.63,41.67,22.26,534.2
Singapore,2009,SGP,4968574.0,256114472232.0,0.0,0.0,0.0,1.05,1.05,0.223,2.512,0.0,0.0,0.0,40.75,41.8,22.3,533.49
Singapore,2010,SGP,5077020.0,297586792174.0,0.0,0.0,0.0,1.18,1.18,0.233,2.601,0.0,0.0,0.0,44.18,45.36,24.48,539.68
Singapore,2011,SGP,5182242.0,319718127421.0,0.0,0.0,0.0,1.2,1.2,0.231,2.609,0.0,0.0,0.0,44.8,46.0,24.75,538.04
Singapore,2012,SGP,5293345.0,333899221028.0,0.0,0.0,0.0,1.27,1.27,0.242,2.706,0.0,0.0,0.0,45.67,46.94,24.67,525.57
Singapore,2013,SGP,5385589.0,349985256634.0,0.0,0.0,0.0,1.69,1.69,0.265,3.523,0.0,0.0,0.0,46.28,47.97,24.35,507.61
Singapore,2014,SGP,5457899.0,363759075569.0,0.0,0.0,0.0,1.38,1.38,0.277,2.799,0.0,0.0,0.0,47.92,49.3,24.99,506.9
Singapore,2015,SGP,5525343.0,374587437267.0,0.0,0.0,0.0,1.46,1.46,0.292,2.904,0.0,0.0,0.0,48.82,50.28,25.49,506.96
Singapore,2016,SGP,5577936.0,388078809982.0,0.09,0.0,0.0,1.41,1.5,0.284,2.908,0.174,0.0,0.0,50.09,51.59,26.13,506.49
Singapore,2017,SGP,5604087.0,405715948493.0,0.12,0.0,0.0,1.39,1.51,0.277,2.888,0.23,0.0,0.0,50.77,52.28,26.52,507.27
Singapore,2018,SGP,5634366.0,420221993120.0,0.14,0.0,0.0,1.35,1.49,0.274,2.813,0.264,0.0,0.0,51.48,52.97,26.86,507.08
Singapore,2019,SGP,5669562.0,425816263950.0,0.19,0.0,0.0,1.32,1.51,0.293,2.789,0.351,0.0,0.0,52.63,54.14,27.4,506.1
Singapore,2020,SGP,5620151.0,409204971045.0,0.3,0.0,0.0,1.19,1.49,0.314,2.808,0.565,0.0,0.0,51.58,53.07,26.78,504.62
Singapore,2021,SGP,5546291.0,445551993008.0,0.4,0.0,0.0,1.22,1.62,0.338,2.904,0.717,0.0,0.0,54.17,55.79,28.24,506.18
Singapore,2022,SGP,5649888.0,461801118473.0,0.67,0.0,0.0,1.66,2.33,0.521,4.093,1.177,0.0,0.0,54.59,56.92,28.7,504.22
Singapore,2023,SGP,5789092.0,461801118473.0,0.94,0.0,0.0,1.66,2.6,0.493,4.536,1.64,0.0,0.0,54.72,57.32,28.71,500.87
Singapore,2024,SGP,5832387.0,461801118473.0,1.28,0.0,0.0,1.66,2.94,0.545,4.932,2.147,0.0,0.0,56.67,59.61,29.73,498.74
Singapore,2025,SGP,5870749.0,461801118473.0,1.64,0.0,0.0,1.66,3.3,0.545,5.486,2.727,0.0,0.0,56.85,60.15,29.9,497.09
Slovakia,1965,SVK,4365055.0,,0.0,0.0,2.223,0.0,2.223,5.801,,,,,,,,
Slovakia,1966,SVK,4402206.0,,0.0,0.0,2.13,0.0,2.13,5.369,,,,,,,,
Slovakia,1967,SVK,4436106.0,,0.0,0.0,1.825,0.0,1.825,4.574,,,,,,,,
Slovakia,1968,SVK,4466440.0,,0.0,0.0,1.675,0.0,1.675,3.802,,,,,,,,
Slovakia,1969,SVK,4495039.0,,0.0,0.0,1.304,0.0,1.304,2.832,,,,,,,,
Slovakia,1970,SVK,4525876.0,,0.0,0.0,1.967,0.0,1.967,3.864,,,,,,,,
Slovakia,1971,SVK,4560415.0,,0.0,0.0,1.476,0.0,1.476,2.703,,,,,,,,
Slovakia,1972,SVK,4599802.0,,0.0,0.0,1.546,0.0,1.546,2.693,,,,,,,,
Slovakia,1973,SVK,4643683.0,,0.0,0.0,1.322,0.0,1.322,2.213,,,,,,,,
Slovakia,1974,SVK,4690647.0,,0.0,0.0,2.223,0.0,2.223,3.538,,,,,,,,
Slovakia,1975,SVK,4739175.0,,0.0,0.0,2.002,0.0,2.002,3.044,,,,,,,,
Slovakia,1976,SVK,4788513.0,,0.0,0.0,2.019,0.0,2.019,2.959,,,,,,,,
Slovakia,1977,SVK,4837710.0,,0.0,0.0,2.408,0.0,2.408,3.358,,,,,,,,
Slovakia,1978,SVK,4885733.0,,0.0,0.0,2.259,0.0,2.259,3.002,,,,,,,,
Slovakia,1979,SVK,4933451.0,,0.0,0.0,1.884,0.0,1.884,2.434,,,,,,,,
Slovakia,1980,SVK,4976659.0,,0.0,0.0,2.257,0.0,2.257,2.871,,,,,,,,
Slovakia,1981,SVK,5014960.0,,0.0,0.0,1.966,0.0,1.966,2.52,,,,,,,,
Slovakia,1982,SVK,5051811.0,,0.0,0.0,1.726,0.0,1.726,2.237,,,,,,,,
Slovakia,1983,SVK,5086443.0,,0.0,0.0,1.832,0.0,1.832,2.368,,,,,,,,
Slovakia,1984,SVK,5119394.0,,0.0,0.0,1.555,0.0,1.555,1.865,,,,,,,,
Slovakia,1985,SVK,5151164.0,60783825141.0,0.0,0.0,2.117,0.0,2.117,2.463,9.406,0.0,0.0,9.406,,22.506,,
Slovakia,1986,SVK,5180090.0,63316652136.0,0.0,0.0,1.675,0.0,1.675,1.967,6.931,0.0,0.0,6.931,,24.168,,
Slovakia,1987,SVK,5205882.0,64851091806.0,0.0,0.0,1.932,0.0,1.932,2.218,8.176,0.0,0.0,8.176,,23.629,,
Slovakia,1988,SVK,5229678.0,66120769424.0,0.0,0.0,1.755,0.0,1.755,2.005,7.618,0.0,0.0,7.618,,23.039,,
Slovakia,1989,SVK,5249932.0,66785527300.0,0.0,0.0,1.962,0.0,1.962,2.21,8.151,0.0,0.0,8.151,,24.07,,
Slovakia,1990,SVK,5266077.0,65119612994.0,0.0,0.0,1.88,0.0,1.88,2.112,7.375,0.0,0.0,7.375,11.57,25.49,,387.21
Slovakia,1991,SVK,5284876.0,55297380289.0,0.0,0.0,1.41,0.0,1.41,1.768,5.812,0.0,0.0,5.812,11.16,24.26,,370.57
Slovakia,1992,SVK,5306445.0,51864851101.0,0.0,0.0,1.94,0.0,1.94,2.529,8.348,0.0,0.0,8.348,10.25,23.24,,391.57
Slovakia,1993,SVK,5326363.0,55439229551.0,0.0,0.0,3.47,0.0,3.47,4.615,14.428,0.0,0.0,14.428,9.09,24.05,,325.16
Slovakia,1994,SVK,5343230.0,58762730616.0,0.0,0.0,4.36,0.0,4.36,5.892,17.118,0.0,0.0,17.118,8.51,25.47,,272.87
Slovakia,1995,SVK,5354287.0,63261333115.0,0.0,0.0,4.88,0.0,4.88,6.511,18.464,0.0,0.0,18.464,10.11,26.43,,321.98
Slovakia,1996,SVK,5362430.0,67378056744.0,0.0,0.0,4.23,0.0,4.23,5.597,16.614,0.0,0.0,16.614,9.98,25.46,,323.25
Slovakia,1997,SVK,5369781.0,71311497148.0,0.0,0.0,4.06,0.0,4.06,5.482,16.214,0.0,0.0,16.214,9.91,25.04,,331.87
Slovakia,1998,SVK,5374801.0,74015465370.0,0.0,0.0,4.27,0.0,4.27,5.696,16.595,0.0,0.0,16.595,10.07,25.73,,321.42
Slovakia,1999,SVK,5378105.0,73695869861.0,0.0,0.0,4.47,0.0,4.47,5.926,15.902,0.0,0.0,15.902,10.52,28.11,,306.3
Slovakia,2000,SVK,5380001.0,74595099937.0,0.0,0.0,4.61,0.0,4.61,5.923,14.977,0.0,0.0,14.977,9.68,30.78,7.73,251.14
Slovakia,2001,SVK,5379439.0,76744257548.0,0.0,0.0,4.93,0.15,5.08,6.48,15.965,0.0,0.0,15.493,9.64,31.82,7.97,250.47
Slovakia,2002,SVK,5377685.0,80059373942.0,0.0,0.0,5.27,0.15,5.42,6.658,16.843,0.0,0.0,16.377,8.81,32.18,7.25,225.3
Slovakia,2003,SVK,5376197.0,84281952821.0,0.0,0.0,3.48,0.1,3.58,4.499,11.556,0.0,0.0,11.233,9.54,30.98,7.97,257.26
Slovakia,2004,SVK,5376038.0,88594621302.0,0.0,0.01,4.1,0.02,4.13,5.248,13.559,0.0,0.033,13.46,9.3,30.46,7.71,253.12
Slovakia,2005,SVK,5376697.0,94444699022.0,0.0,0.01,4.64,0.03,4.68,5.658,14.933,0.0,0.032,14.805,8.93,31.34,7.5,239.31
Slovakia,2006,SVK,5376847.0,102275719553.0,0.0,0.01,4.4,0.4,4.81,6.177,15.392,0.0,0.032,14.08,8.43,31.25,7.22,231.04
Slovakia,2007,SVK,5376993.0,113160253049.0,0.0,0.01,4.45,0.47,4.93,6.844,17.702,0.0,0.036,15.978,7.59,27.85,6.55,235.19
Slovakia,2008,SVK,5379127.0,119380219073.0,0.0,0.01,4.04,0.52,4.57,6.238,15.923,0.0,0.035,14.077,7.43,28.7,6.42,223.69
Slovakia,2009,SVK,5385074.0,112760232233.0,0.0,0.01,4.37,0.54,4.92,7.41,18.974,0.0,0.039,16.853,6.93,25.93,5.73,220.98
Slovakia,2010,SVK,5391857.0,118344324253.0,0.02,0.01,5.26,0.66,5.95,8.314,21.668,0.073,0.036,19.155,6.94,27.46,5.63,205.03
Slovakia,2011,SVK,5398105.0,120554965758.0,0.4,0.0,3.78,0.82,5.0,7.51,17.68,1.414,0.0,13.366,7.87,28.28,6.06,214.29
Slovakia,2012,SVK,5404877.0,122144694992.0,0.42,0.01,4.1,0.94,5.47,8.349,19.329,1.484,0.035,14.488,7.34,28.3,5.76,203.53
Slovakia,2013,SVK,5410422.0,122917618179.0,0.59,0.01,4.85,0.91,6.36,9.315,22.316,2.07,0.035,17.018,6.42,28.5,5.18,181.75
Slovakia,2014,SVK,5415238.0,126232947119.0,0.6,0.01,4.21,1.42,6.24,10.176,23.0,2.212,0.037,15.518,5.39,27.13,4.69,172.87
Slovakia,2015,SVK,5420278.0,132755573802.0,0.51,0.01,3.87,1.66,6.05,9.931,22.727,1.916,0.038,14.538,5.42,26.62,4.72,177.31
Slovakia,2016,SVK,5427262.0,135336424966.0,0.53,0.01,4.36,1.73,6.63,10.577,24.739,1.978,0.037,16.269,5.4,26.8,4.75,177.24
Slovakia,2017,SVK,5435702.0,139312659832.0,0.51,0.01,4.32,1.7,6.54,9.896,23.851,1.86,0.036,15.755,5.8,27.42,5.02,183.08
Slovakia,2018,SVK,5443229.0,144927513498.0,0.58,0.01,3.59,1.63,5.81,9.047,21.793,2.176,0.038,13.466,6.01,26.66,5.11,191.67
Slovakia,2019,SVK,5450627.0,148579167627.0,0.59,0.01,4.36,1.69,6.65,10.549,23.573,2.091,0.035,15.456,6.28,28.21,4.83,171.22
Slovakia,2020,SVK,5455028.0,143565091421.0,0.66,0.0,4.52,1.67,6.85,11.039,24.027,2.315,0.0,15.854,6.22,28.51,4.52,158.54
Slovakia,2021,SVK,5442766.0,147892579134.0,0.67,0.0,4.26,1.84,6.77,10.213,22.795,2.256,0.0,14.343,7.2,29.7,4.97,167.34
Slovakia,2022,SVK,5473195.0,150360426456.0,0.65,0.0,3.68,1.49,5.82,9.672,21.929,2.449,0.0,13.866,4.8,26.54,3.77,142.05
Slovakia,2023,SVK,5518057.0,150360426456.0,0.61,0.0,4.69,1.41,6.71,10.553,22.723,2.066,0.0,15.882,4.49,29.53,3.4,115.14
Slovakia,2024,SVK,5506759.0,150360426456.0,0.69,0.0,4.83,1.58,7.1,11.295,24.051,2.337,0.0,16.362,4.19,29.52,2.85,96.55
Slovakia,2025,SVK,5474874.0,150360426456.0,0.7,0.0,3.16,1.59,5.45,11.295,18.729,2.405,0.0,10.859,4.32,29.1,2.76,94.85
Slovenia,1990,SVN,1998010.0,36026961823.0,0.0,0.0,2.95,0.0,2.95,12.088,23.714,0.0,0.0,23.714,4.87,12.44,,375.4
Slovenia,1991,SVN,1999191.0,32795388629.0,0.0,0.0,3.61,0.0,3.61,14.667,28.336,0.0,0.0,28.336,4.18,12.74,,325.75
Slovenia,1992,SVN,1995862.0,30913203776.0,0.0,0.0,3.42,0.0,3.42,14.881,27.715,0.0,0.0,27.715,4.95,12.34,,406.0
Slovenia,1993,SVN,1990815.0,31743130038.0,0.0,0.0,3.04,0.0,3.04,12.808,25.439,0.0,0.0,25.439,4.95,11.95,,419.25
Slovenia,1994,SVN,1988262.0,33346742100.0,0.0,0.0,3.4,0.0,3.4,13.491,26.377,0.0,0.0,26.377,4.88,12.89,,384.02
Slovenia,1995,SVN,1988098.0,35684022325.0,0.0,0.0,3.25,0.0,3.25,12.293,25.194,0.0,0.0,25.194,4.87,12.9,,382.17
Slovenia,1996,SVN,1986792.0,36825997171.0,0.0,0.0,3.67,0.0,3.67,13.217,28.123,0.0,0.0,28.123,4.73,13.05,,367.05
Slovenia,1997,SVN,1984404.0,38526556210.0,0.0,0.0,3.09,0.0,3.09,10.88,23.445,0.0,0.0,23.445,5.07,13.18,,386.19
Slovenia,1998,SVN,1980071.0,39631442356.0,0.0,0.0,3.45,0.0,3.45,12.121,25.146,0.0,0.0,25.146,5.23,13.72,,383.38
Slovenia,1999,SVN,1981198.0,41542298475.0,0.0,0.0,3.74,0.03,3.77,13.415,28.431,0.0,0.0,28.205,4.79,13.26,,361.99
Slovenia,2000,SVN,1986817.0,43078787444.0,0.0,0.0,3.83,0.07,3.9,14.026,28.655,0.0,0.0,28.141,4.95,13.61,4.92,361.5
Slovenia,2001,SVN,1989684.0,44148368411.0,0.0,0.0,3.8,0.07,3.87,13.181,26.727,0.0,0.0,26.243,5.35,14.48,5.32,367.4
Slovenia,2002,SVN,1991571.0,45659924240.0,0.0,0.0,3.31,0.1,3.41,11.619,23.356,0.0,0.0,22.671,5.66,14.6,5.64,386.3
Slovenia,2003,SVN,1992499.0,46758348275.0,0.0,0.0,2.96,0.12,3.08,10.627,22.27,0.0,0.0,21.403,5.54,13.83,5.46,394.79
Slovenia,2004,SVN,1993548.0,48578174459.0,0.0,0.0,4.09,0.12,4.21,13.64,27.57,0.0,0.0,26.785,5.6,15.27,5.56,364.11
Slovenia,2005,SVN,1996915.0,50309132737.0,0.0,0.0,3.46,0.11,3.57,11.438,23.627,0.0,0.0,22.899,5.66,15.11,5.6,370.62
Slovenia,2006,SVN,2003116.0,52944721543.0,0.0,0.0,3.59,0.11,3.7,11.735,24.487,0.0,0.0,23.759,5.86,15.11,5.8,383.85
Slovenia,2007,SVN,2014159.0,56590130937.0,0.0,0.0,3.27,0.11,3.38,10.853,22.473,0.0,0.0,21.742,5.96,15.04,5.85,388.96
Slovenia,2008,SVN,2025090.0,57981920900.0,0.0,0.0,4.02,0.29,4.31,12.746,26.264,0.0,0.0,24.497,5.83,16.41,5.75,350.4
Slovenia,2009,SVN,2035610.0,53266134006.0,0.0,0.0,4.71,0.19,4.9,15.641,29.896,0.0,0.0,28.737,5.75,16.39,5.6,341.67
Slovenia,2010,SVN,2044611.0,53649775101.0,0.01,0.0,4.52,0.22,4.75,15.228,29.213,0.062,0.0,27.798,5.85,16.26,5.75,353.63
Slovenia,2011,SVN,2048805.0,53761447942.0,0.07,0.0,3.56,0.25,3.88,12.763,24.372,0.44,0.0,22.362,5.82,15.92,5.71,358.67
Slovenia,2012,SVN,2053322.0,52342432631.0,0.16,0.0,3.9,0.27,4.33,14.747,27.846,1.029,0.0,25.08,5.69,15.55,5.59,359.49
Slovenia,2013,SVN,2056452.0,51803647300.0,0.22,0.0,4.63,0.26,5.11,17.451,32.342,1.392,0.0,29.304,5.39,15.8,5.32,336.71
Slovenia,2014,SVN,2058395.0,53237651266.0,0.26,0.0,6.09,0.25,6.6,21.441,38.484,1.516,0.0,35.51,4.18,17.15,4.19,244.32
Slovenia,2015,SVN,2059946.0,54414237086.0,0.27,0.01,3.81,0.26,4.35,15.619,29.392,1.824,0.068,25.743,4.8,14.8,4.69,316.89
Slovenia,2016,SVN,2061379.0,56151179265.0,0.27,0.01,4.5,0.28,5.06,16.631,31.177,1.664,0.062,27.726,5.45,16.23,5.29,325.94
Slovenia,2017,SVN,2062410.0,58855036945.0,0.28,0.01,3.87,0.28,4.44,14.55,27.664,1.745,0.062,24.112,5.32,16.05,5.11,318.38
Slovenia,2018,SVN,2069484.0,61476689663.0,0.25,0.01,4.7,0.26,5.22,17.278,32.382,1.551,0.062,29.156,5.12,16.12,4.91,304.59
Slovenia,2019,SVN,2083438.0,63598215879.0,0.3,0.01,4.48,0.25,5.04,17.43,31.718,1.888,0.063,28.194,5.03,15.89,4.75,298.93
Slovenia,2020,SVN,2102421.0,60849951865.0,0.37,0.01,4.93,0.27,5.58,19.778,33.037,2.191,0.059,29.189,4.96,16.89,4.68,277.09
Slovenia,2021,SVN,2113495.0,65846342756.0,0.45,0.01,4.71,0.27,5.44,19.61,34.894,2.886,0.064,30.212,4.44,15.59,4.2,269.4
Slovenia,2022,SVN,2115231.0,69385349463.0,0.65,0.01,3.15,0.26,4.07,15.912,30.464,4.865,0.075,23.578,3.68,13.36,3.44,257.49
Slovenia,2023,SVN,2118394.0,69385349463.0,0.98,0.01,5.02,0.29,6.3,23.026,40.514,6.302,0.064,32.283,3.65,15.55,3.5,225.08
Slovenia,2024,SVN,2118692.0,69385349463.0,1.27,0.01,5.34,0.25,6.87,24.736,41.113,7.6,0.06,31.957,4.0,16.71,3.85,230.4
Slovenia,2025,SVN,2117070.0,69385349463.0,1.54,0.01,4.04,0.29,5.88,24.736,39.623,10.377,0.067,27.224,3.13,14.84,2.72,183.29
Solomon Islands,2000,SLB,440481.0,,0.0,0.0,0.0,0.0,0.0,,0.0,0.0,0.0,0.0,0.06,0.06,0.04,666.67
Solomon Islands,2001,SLB,449137.0,,0.0,0.0,0.0,0.0,0.0,,0.0,0.0,0.0,0.0,0.06,0.06,0.04,666.67
Solomon Islands,2002,SLB,457676.0,,0.0,0.0,0.0,0.0,0.0,,0.0,0.0,0.0,0.0,0.06,0.06,0.04,666.67
Solomon Islands,2003,SLB,466164.0,,0.0,0.0,0.0,0.0,0.0,,0.0,0.0,0.0,0.0,0.06,0.06,0.04,666.67
Solomon Islands,2004,SLB,474618.0,,0.0,0.0,0.0,0.0,0.0,,0.0,0.0,0.0,0.0,0.06,0.06,0.04,666.67
Solomon Islands,2005,SLB,483090.0,,0.0,0.0,0.0,0.0,0.0,,0.0,0.0,0.0,0.0,0.07,0.07,0.05,714.29
Solomon Islands,2006,SLB,491602.0,,0.0,0.0,0.0,0.0,0.0,,0.0,0.0,0.0,0.0,0.07,0.07,0.05,714.29
Solomon Islands,2007,SLB,500168.0,,0.0,0.0,0.0,0.0,0.0,,0.0,0.0,0.0,0.0,0.08,0.08,0.05,625.0
Solomon Islands,2008,SLB,508802.0,,0.0,0.0,0.0,0.0,0.0,,0.0,0.0,0.0,0.0,0.08,0.08,0.05,625.0
Solomon Islands,2009,SLB,518150.0,,0.0,0.0,0.0,0.0,0.0,,0.0,0.0,0.0,0.0,0.08,0.08,0.05,625.0
Solomon Islands,2010,SLB,532976.0,,0.0,0.0,0.0,0.0,0.0,,0.0,0.0,0.0,0.0,0.08,0.08,0.05,625.0
Solomon Islands,2011,SLB,552958.0,,0.0,0.0,0.0,0.0,0.0,,0.0,0.0,0.0,0.0,0.08,0.08,0.05,625.0
Solomon Islands,2012,SLB,573623.0,,0.0,0.0,0.0,0.0,0.0,,0.0,0.0,0.0,0.0,0.08,0.08,0.05,625.0
Solomon Islands,2013,SLB,594952.0,,0.0,0.0,0.0,0.0,0.0,,0.0,0.0,0.0,0.0,0.08,0.08,0.05,625.0
Solomon Islands,2014,SLB,616915.0,,0.0,0.0,0.0,0.0,0.0,,0.0,0.0,0.0,0.0,0.09,0.09,0.06,666.67
Solomon Islands,2015,SLB,639423.0,,0.0,0.0,0.0,0.0,0.0,,0.0,0.0,0.0,0.0,0.09,0.09,0.06,666.67
Solomon Islands,2016,SLB,662387.0,,0.0,0.0,0.0,0.0,0.0,,0.0,0.0,0.0,0.0,0.1,0.1,0.07,700.0
Solomon Islands,2017,SLB,685677.0,,0.0,0.0,0.0,0.0,0.0,,0.0,0.0,0.0,0.0,0.1,0.1,0.07,700.0
Solomon Islands,2018,SLB,709109.0,,0.0,0.0,0.0,0.0,0.0,,0.0,0.0,0.0,0.0,0.1,0.1,0.07,700.0
Solomon Islands,2019,SLB,728156.0,,0.0,0.0,0.0,0.0,0.0,,0.0,0.0,0.0,0.0,0.1,0.1,0.07,700.0
Solomon Islands,2020,SLB,744505.0,,0.0,0.0,0.0,0.0,0.0,,0.0,0.0,0.0,0.0,0.1,0.1,0.07,700.0
Solomon Islands,2021,SLB,762594.0,,0.0,0.0,0.0,0.0,0.0,,0.0,0.0,0.0,0.0,0.1,0.1,0.07,700.0
Solomon Islands,2022,SLB,781075.0,,0.01,0.0,0.0,0.0,0.01,,9.091,9.091,0.0,0.0,0.1,0.11,0.07,636.36
Solomon Islands,2023,SLB,800014.0,,0.01,0.0,0.0,0.0,0.01,,9.091,9.091,0.0,0.0,0.1,0.11,0.07,636.36
Solomon Islands,2024,SLB,819206.0,,0.01,0.0,0.0,0.0,0.01,,9.091,9.091,0.0,0.0,0.1,0.11,0.07,636.36
Somalia,2000,SOM,8838714.0,,0.0,0.0,0.0,0.0,0.0,,0.0,0.0,0.0,0.0,0.25,0.25,0.16,640.0
Somalia,2001,SOM,9198495.0,,0.0,0.0,0.0,0.0,0.0,,0.0,0.0,0.0,0.0,0.26,0.26,0.17,653.85
Somalia,2002,SOM,9550069.0,,0.0,0.0,0.0,0.0,0.0,,0.0,0.0,0.0,0.0,0.27,0.27,0.18,666.67
Somalia,2003,SOM,9909161.0,,0.0,0.0,0.0,0.0,0.0,,0.0,0.0,0.0,0.0,0.28,0.28,0.18,642.86
Somalia,2004,SOM,10281001.0,,0.0,0.0,0.0,0.0,0.0,,0.0,0.0,0.0,0.0,0.28,0.28,0.18,642.86
Somalia,2005,SOM,10644234.0,,0.0,0.0,0.0,0.0,0.0,,0.0,0.0,0.0,0.0,0.29,0.29,0.19,655.17
Somalia,2006,SOM,10975502.0,,0.0,0.0,0.0,0.0,0.0,,0.0,0.0,0.0,0.0,0.3,0.3,0.2,666.67
Somalia,2007,SOM,11322581.0,,0.0,0.0,0.0,0.0,0.0,,0.0,0.0,0.0,0.0,0.31,0.31,0.2,645.16
Somalia,2008,SOM,11663090.0,,0.0,0.0,0.0,0.0,0.0,,0.0,0.0,0.0,0.0,0.32,0.32,0.21,656.25
Somalia,2009,SOM,11961205.0,,0.0,0.0,0.0,0.0,0.0,,0.0,0.0,0.0,0.0,0.33,0.33,0.22,666.67
Somalia,2010,SOM,12261761.0,,0.0,0.0,0.0,0.0,0.0,,0.0,0.0,0.0,0.0,0.33,0.33,0.22,666.67
Somalia,2011,SOM,12348829.0,,0.0,0.0,0.0,0.0,0.0,,0.0,0.0,0.0,0.0,0.33,0.33,0.22,666.67
Somalia,2012,SOM,12461163.0,,0.0,0.0,0.0,0.0,0.0,,0.0,0.0,0.0,0.0,0.34,0.34,0.22,647.06
Somalia,2013,SOM,12869599.0,,0.0,0.0,0.0,0.0,0.0,,0.0,0.0,0.0,0.0,0.35,0.35,0.23,657.14
Somalia,2014,SOM,13339497.0,,0.0,0.0,0.0,0.0,0.0,,0.0,0.0,0.0,0.0,0.35,0.35,0.23,657.14
Somalia,2015,SOM,13806969.0,,0.0,0.0,0.0,0.0,0.0,,0.0,0.0,0.0,0.0,0.35,0.35,0.23,657.14
Somalia,2016,SOM,14348741.0,,0.01,0.0,0.0,0.0,0.01,,2.778,2.778,0.0,0.0,0.35,0.36,0.23,638.89
Somalia,2017,SOM,14916630.0,,0.01,0.01,0.0,0.0,0.02,,5.405,2.703,2.703,0.0,0.35,0.37,0.23,621.62
Somalia,2018,SOM,15452489.0,,0.01,0.01,0.0,0.0,0.02,,5.405,2.703,2.703,0.0,0.35,0.37,0.23,621.62
Somalia,2019,SOM,16030969.0,,0.01,0.01,0.0,0.0,0.02,,5.405,2.703,2.703,0.0,0.35,0.37,0.23,621.62
Somalia,2020,SOM,16651200.0,,0.02,0.01,0.0,0.0,0.03,,8.108,5.405,2.703,0.0,0.34,0.37,0.22,594.6
Somalia,2021,SOM,17271435.0,,0.03,0.01,0.0,0.0,0.04,,10.526,7.895,2.632,0.0,0.34,0.38,0.22,578.95
Somalia,2022,SOM,17801895.0,,0.07,0.01,0.0,0.0,0.08,,19.048,16.667,2.381,0.0,0.34,0.42,0.22,523.81
Somalia,2023,SOM,18358622.0,,0.07,0.01,0.0,0.0,0.08,,19.048,16.667,2.381,0.0,0.34,0.42,0.22,523.81
Somalia,2024,SOM,19009155.0,,0.08,0.01,0.0,0.0,0.09,,20.93,18.605,2.326,0.0,0.34,0.43,0.22,511.63
South Korea,1965,KOR,29284343.0,55039780635.0,0.0,0.0,0.71,0.0,0.71,2.642,,,,,,,,
South Korea,1966,KOR,29845941.0,61635685385.0,0.0,0.0,0.985,0.0,0.985,3.021,,,,,,,,
South Korea,1967,KOR,30495725.0,67254003008.0,0.0,0.0,0.953,0.0,0.953,2.543,,,,,,,,
South Korea,1968,KOR,31175295.0,76123098569.0,0.0,0.0,0.929,0.0,0.929,2.163,,,,,,,,
South Korea,1969,KOR,31852769.0,87192452335.0,0.0,0.0,1.429,0.0,1.429,2.754,,,,,,,,
South Korea,1970,KOR,32542203.0,95910764514.0,0.0,0.0,1.221,0.0,1.221,2.027,,,,,,,,
South Korea,1971,KOR,33239859.0,105938324574.0,0.0,0.0,1.32,0.0,1.32,2.026,,,,,,,,
South Korea,1972,KOR,33936470.0,113511275390.0,0.0,0.0,1.368,0.0,1.368,2.026,,,,,,,,
South Korea,1973,KOR,34625848.0,130228569897.0,0.0,0.0,1.284,0.0,1.284,1.537,,,,,,,,
South Korea,1974,KOR,35287834.0,142674373406.0,0.0,0.0,1.906,0.0,1.906,2.195,,,,,,,,
South Korea,1975,KOR,35875741.0,153895963178.0,0.0,0.0,1.683,0.0,1.683,1.762,,,,,,,,
South Korea,1976,KOR,36379928.0,174134041318.0,0.0,0.0,1.789,0.0,1.789,1.674,,,,,,,,
South Korea,1977,KOR,36843638.0,195580975773.0,0.0,0.0,1.393,0.0,1.393,1.133,,,,,,,,
South Korea,1978,KOR,37281935.0,216801646970.0,0.0,0.0,1.808,0.0,1.808,1.314,,,,,,,,
South Korea,1979,KOR,37710898.0,235183773774.0,0.0,0.0,2.296,0.0,2.296,1.448,,,,,,,,
South Korea,1980,KOR,38141109.0,231185462449.0,0.0,0.0,1.92,0.0,1.92,1.176,,,,,,,,
South Korea,1981,KOR,38689192.0,247782710146.0,0.0,0.0,2.598,0.0,2.598,1.52,,,,,,,,
South Korea,1982,KOR,39356159.0,268261329690.0,0.0,0.0,1.715,0.0,1.715,1.003,,,,,,,,
South Korea,1983,KOR,40000945.0,303784318906.0,0.0,0.0,2.294,0.0,2.294,1.235,,,,,,,,
South Korea,1984,KOR,40598302.0,335511970720.0,0.0,0.0,1.998,0.0,1.998,0.985,,,,,,,,
South Korea,1985,KOR,41148956.0,361514859257.0,0.0,0.0,3.185,0.0,3.185,1.421,5.082,0.0,0.0,5.082,42.263,62.667,,
South Korea,1986,KOR,41718508.0,402092236089.0,0.0,0.0,3.11,0.0,3.11,1.237,4.463,0.0,0.0,4.463,37.35,69.681,,
South Korea,1987,KOR,42322092.0,452221973191.0,0.0,0.0,3.965,0.0,3.965,1.424,4.941,0.0,0.0,4.941,35.593,80.251,,
South Korea,1988,KOR,42922980.0,506050941429.0,0.0,0.0,1.987,0.0,1.987,0.639,2.134,0.0,0.0,2.134,49.442,93.109,,
South Korea,1989,KOR,43524765.0,541627559504.0,0.0,0.0,2.964,0.0,2.964,0.877,2.86,0.0,0.0,2.86,51.7,103.624,,
South Korea,1990,KOR,44081425.0,594764506000.0,0.001,0.0,4.684,0.0,4.685,1.211,3.955,0.001,0.0,3.954,59.212,118.461,,
South Korea,1991,KOR,44439146.0,651871510125.0,0.001,0.0,3.486,0.0,3.487,0.793,2.649,0.001,0.0,2.649,70.254,131.616,,
South Korea,1992,KOR,44653699.0,687368661445.0,0.002,0.0,3.097,0.0,3.099,0.627,2.117,0.001,0.0,2.115,85.044,146.439,,
South Korea,1993,KOR,44887721.0,729369247675.0,0.002,0.001,4.228,0.0,4.231,0.78,2.613,0.001,0.001,2.611,97.754,161.901,,
South Korea,1994,KOR,45130842.0,791073852664.0,0.002,0.001,2.346,0.0,2.349,0.401,1.281,0.001,0.001,1.279,120.613,183.366,,
South Korea,1995,KOR,45368425.0,860793752056.0,0.002,0.0,2.76,0.25,3.012,0.476,1.48,0.001,0.0,1.356,130.788,203.546,,
South Korea,1996,KOR,45638701.0,919812618896.0,0.003,0.0,2.424,0.403,2.83,0.408,1.253,0.001,0.0,1.073,146.314,225.846,,
South Korea,1997,KOR,45941541.0,967604910890.0,0.003,0.001,2.814,0.078,2.896,0.377,1.174,0.001,0.0,1.141,164.065,246.587,,
South Korea,1998,KOR,46230885.0,908368091121.0,0.004,0.002,4.279,0.058,4.343,0.617,1.831,0.002,0.001,1.804,141.344,237.197,,
South Korea,1999,KOR,46500382.0,1004162502333.0,0.005,0.006,4.159,0.087,4.257,0.556,1.624,0.002,0.002,1.587,152.915,262.152,,
South Korea,2000,KOR,46766660.0,1086261690312.0,0.01,0.02,4.01,0.08,4.12,0.508,1.418,0.003,0.007,1.381,177.37,290.45,134.07,461.59
South Korea,2001,KOR,47043467.0,1127616204375.0,0.01,0.01,2.33,0.09,2.44,0.293,0.787,0.003,0.003,0.752,195.31,309.88,147.29,475.31
South Korea,2002,KOR,47299118.0,1203066586464.0,0.01,0.01,3.23,0.18,3.43,0.393,1.033,0.003,0.003,0.973,209.48,332.01,156.97,472.79
South Korea,2003,KOR,47514158.0,1229830453921.0,0.01,0.02,4.89,0.19,5.11,0.562,1.469,0.003,0.006,1.406,212.99,347.77,159.24,457.89
South Korea,2004,KOR,47697076.0,1281243847324.0,0.01,0.05,4.31,0.29,4.66,0.499,1.266,0.003,0.014,1.171,232.65,368.02,170.25,462.61
South Korea,2005,KOR,47851646.0,1322354601142.0,0.01,0.13,3.67,0.26,4.07,0.421,1.045,0.003,0.033,0.942,238.62,389.47,175.1,449.59
South Korea,2006,KOR,48006518.0,1381281470156.0,0.03,0.24,3.47,0.24,3.98,0.42,0.988,0.007,0.06,0.861,250.26,402.99,181.82,451.18
South Korea,2007,KOR,48178122.0,1446721509093.0,0.07,0.38,3.63,0.38,4.46,0.477,1.048,0.016,0.089,0.853,278.01,425.41,201.49,473.64
South Korea,2008,KOR,48356485.0,1477425172333.0,0.28,0.44,3.07,0.65,4.44,0.502,1.003,0.063,0.099,0.694,287.21,442.61,211.24,477.26
South Korea,2009,KOR,48546690.0,1477640571750.0,0.57,0.69,2.81,0.54,4.61,0.545,1.019,0.126,0.153,0.621,300.07,452.45,224.09,495.28
South Korea,2010,KOR,48769329.0,1562822824921.0,0.77,0.82,3.68,0.42,5.69,0.63,1.149,0.156,0.166,0.743,340.74,495.03,247.62,500.21
South Korea,2011,KOR,49127640.0,1609219825000.0,0.92,0.86,4.6,1.02,7.4,0.743,1.428,0.178,0.166,0.888,356.04,518.16,257.57,497.09
South Korea,2012,KOR,49599580.0,1647889319531.0,1.13,0.91,3.97,2.16,8.17,0.816,1.538,0.213,0.171,0.747,372.71,531.21,266.61,501.89
South Korea,2013,KOR,50071168.0,1700045113031.0,1.67,1.15,4.29,3.12,10.23,0.999,1.904,0.311,0.214,0.799,388.15,537.16,274.89,511.75
South Korea,2014,KOR,50539055.0,1754480590300.0,2.69,1.15,2.75,6.3,12.89,1.259,2.385,0.498,0.213,0.509,371.08,540.38,266.62,493.39
South Korea,2015,KOR,50983909.0,1803763858886.0,4.23,1.34,2.15,7.48,15.2,1.451,2.775,0.772,0.245,0.392,367.84,547.8,267.13,487.64
South Korea,2016,KOR,51297836.0,1856920794289.0,5.52,1.68,2.85,8.08,18.13,1.65,3.232,0.984,0.299,0.508,380.86,560.98,274.53,489.38
South Korea,2017,KOR,51486268.0,1915599559593.0,7.74,2.17,2.81,9.61,22.33,1.971,3.874,1.343,0.376,0.488,405.65,576.41,294.82,511.48
South Korea,2018,KOR,51640894.0,1971285914824.0,10.17,2.46,3.36,11.81,27.8,2.384,4.689,1.715,0.415,0.567,431.6,592.91,307.61,518.81
South Korea,2019,KOR,51767844.0,2015521635585.0,14.19,2.68,2.79,13.35,33.01,2.807,5.625,2.418,0.457,0.475,407.88,586.8,291.62,496.97
South Korea,2020,KOR,51858481.0,2001231642062.0,19.34,3.15,3.88,14.03,40.4,3.466,7.0,3.351,0.546,0.672,376.53,577.11,264.1,457.63
South Korea,2021,KOR,51848401.0,2084182684453.0,24.72,3.18,3.05,17.15,48.1,3.877,7.914,4.067,0.523,0.502,401.65,607.76,279.24,459.46
South Korea,2022,KOR,51782515.0,2137558645699.0,30.73,3.37,3.54,17.85,55.49,4.333,8.913,4.936,0.541,0.569,391.05,622.59,272.73,438.06
South Korea,2023,KOR,51748744.0,2137558645699.0,33.24,3.39,3.72,18.72,59.07,4.66,9.566,5.383,0.549,0.602,377.93,617.49,263.85,427.29
South Korea,2024,KOR,51717587.0,2137558645699.0,32.72,3.36,4.3,20.34,60.72,4.748,9.709,5.232,0.537,0.688,375.91,625.38,259.85,415.51
South Korea,2025,KOR,51667035.0,2137558645699.0,37.8,3.64,3.8,19.69,64.93,4.748,10.394,6.051,0.583,0.608,375.06,624.66,260.52,417.06
South Sudan,2012,SSD,10756245.0,,0.0,0.0,0.0,0.0,0.0,,0.0,0.0,0.0,0.0,0.44,0.44,0.29,659.09
South Sudan,2013,SSD,11166280.0,,0.0,0.0,0.0,0.0,0.0,,0.0,0.0,0.0,0.0,0.47,0.47,0.31,659.57
South Sudan,2014,SSD,11235071.0,,0.0,0.0,0.0,0.0,0.0,,0.0,0.0,0.0,0.0,0.48,0.48,0.32,666.67
South Sudan,2015,SSD,11107569.0,,0.0,0.0,0.0,0.0,0.0,,0.0,0.0,0.0,0.0,0.58,0.58,0.38,655.17
South Sudan,2016,SSD,10830108.0,,0.0,0.0,0.0,0.0,0.0,,0.0,0.0,0.0,0.0,0.52,0.52,0.34,653.85
South Sudan,2017,SSD,10259150.0,,0.0,0.0,0.0,0.0,0.0,,0.0,0.0,0.0,0.0,0.54,0.54,0.36,666.67
South Sudan,2018,SSD,10122983.0,,0.0,0.0,0.0,0.0,0.0,,0.0,0.0,0.0,0.0,0.54,0.54,0.36,666.67
South Sudan,2019,SSD,10423382.0,,0.0,0.0,0.0,0.0,0.0,,0.0,0.0,0.0,0.0,0.55,0.55,0.36,654.55
South Sudan,2020,SSD,10698471.0,,0.01,0.0,0.0,0.0,0.01,,1.786,1.786,0.0,0.0,0.55,0.56,0.36,642.86
South Sudan,2021,SSD,10865786.0,,0.01,0.0,0.0,0.0,0.01,,1.754,1.754,0.0,0.0,0.56,0.57,0.37,649.12
South Sudan,2022,SSD,11021175.0,,0.01,0.0,0.0,0.0,0.01,,1.961,1.961,0.0,0.0,0.5,0.51,0.33,647.06
South Sudan,2023,SSD,11483370.0,,0.01,0.0,0.0,0.0,0.01,,1.786,1.786,0.0,0.0,0.55,0.56,0.36,642.86
South Sudan,2024,SSD,11943410.0,,0.01,0.0,0.0,0.0,0.01,,1.786,1.786,0.0,0.0,0.55,0.56,0.36,642.86
Spain,1965,ESP,32110669.0,237809915205.0,0.0,0.0,19.687,0.0,19.687,16.379,,,,,,,,
Spain,1966,ESP,32465887.0,255489515626.0,0.0,0.0,27.258,0.0,27.258,20.088,,,,,,,,
Spain,1967,ESP,32820751.0,269604632207.0,0.0,0.0,22.657,0.0,22.657,15.445,,,,,,,,
Spain,1968,ESP,33170121.0,285820787266.0,0.0,0.0,24.388,0.0,24.388,15.804,,,,,,,,
Spain,1969,ESP,33496941.0,312133393248.0,0.0,0.0,30.603,0.0,30.603,17.539,,,,,,,,
Spain,1970,ESP,33812720.0,321926142779.0,0.0,0.0,27.772,0.047,27.819,14.758,,,,,,,,
Spain,1971,ESP,34157447.0,338048103046.0,0.0,0.0,31.816,0.052,31.868,15.362,,,,,,,,
Spain,1972,ESP,34539861.0,372317354924.0,0.0,0.0,35.469,0.061,35.53,15.847,,,,,,,,
Spain,1973,ESP,34926521.0,405140617462.0,0.0,0.0,28.912,0.056,28.968,11.773,,,,,,,,
Spain,1974,ESP,35361763.0,435579697892.0,0.0,0.0,30.568,0.051,30.619,11.957,,,,,,,,
Spain,1975,ESP,35795771.0,448574399290.0,0.0,0.0,26.065,0.113,26.178,9.943,,,,,,,,
Spain,1976,ESP,36176273.0,469577519262.0,0.0,0.0,20.932,0.187,21.119,7.499,,,,,,,,
Spain,1977,ESP,36551267.0,485921786936.0,0.0,0.0,39.628,0.309,39.937,13.73,,,,,,,,
Spain,1978,ESP,36904970.0,500155434996.0,0.0,0.0,40.251,0.316,40.567,13.892,,,,,,,,
Spain,1979,ESP,37230370.0,508825301220.0,0.0,0.0,46.397,0.251,46.648,14.835,,,,,,,,
Spain,1980,ESP,37537560.0,525059508554.0,0.0,0.0,29.55,0.362,29.912,9.441,,,,,,,,
Spain,1981,ESP,37812708.0,524559247712.0,0.0,0.0,21.942,0.424,22.366,7.0,,,,,,,,
Spain,1982,ESP,38047097.0,533517521466.0,0.0,0.0,26.331,0.487,26.818,8.403,,,,,,,,
Spain,1983,ESP,38253247.0,543778554928.0,0.0,0.0,27.047,0.56,27.607,8.454,,,,,,,,
Spain,1984,ESP,38437483.0,549100119120.0,0.0,0.0,31.484,0.55,32.034,9.666,,,,,,,,
Spain,1985,ESP,38601315.0,566345396304.0,0.0,0.0,31.287,0.611,31.898,9.707,25.203,0.0,0.0,24.721,64.866,126.562,,
Spain,1986,ESP,38735706.0,590018500094.0,0.0,0.0,26.494,0.538,27.032,8.054,21.031,0.0,0.0,20.612,63.113,128.537,,
Spain,1987,ESP,38852007.0,632708985294.0,0.0,0.0,27.383,0.563,27.946,8.032,21.065,0.0,0.0,20.641,62.656,132.665,,
Spain,1988,ESP,38952258.0,674675657635.0,0.0,0.0,35.246,0.673,35.919,9.898,25.886,0.0,0.0,25.401,51.373,138.759,,
Spain,1989,ESP,39029557.0,719992436668.0,0.006,0.013,19.349,0.578,19.946,5.238,13.564,0.004,0.009,13.158,70.158,147.055,,
Spain,1990,ESP,39084975.0,756125036542.0,0.01,0.01,25.47,0.54,26.03,6.819,17.22,0.007,0.007,16.85,70.86,151.16,,437.22
Spain,1991,ESP,39201750.0,786757895205.0,0.01,0.01,27.25,0.54,27.81,7.06,17.976,0.006,0.006,17.614,71.32,154.71,,427.38
Spain,1992,ESP,39420344.0,803260934603.0,0.01,0.1,18.92,0.57,19.6,4.743,12.512,0.006,0.064,12.078,81.27,156.65,,472.58
Spain,1993,ESP,39651627.0,794221319057.0,0.01,0.12,24.42,0.58,25.13,6.274,16.2,0.006,0.077,15.743,73.93,155.12,,443.91
Spain,1994,ESP,39858721.0,820138301435.0,0.01,0.17,28.24,0.64,29.06,6.927,18.141,0.006,0.106,17.629,75.82,160.19,,433.92
Spain,1995,ESP,40052733.0,855020227557.0,0.02,0.27,23.08,1.01,24.38,5.624,14.769,0.012,0.164,13.982,85.23,165.07,,465.68
Spain,1996,ESP,40237375.0,885027554238.0,0.02,0.36,39.79,1.08,41.25,9.156,23.815,0.012,0.208,22.972,75.63,173.21,,385.66
Spain,1997,ESP,40423823.0,925901360531.0,0.02,0.74,34.75,1.46,36.97,7.897,19.547,0.011,0.391,18.374,96.86,189.13,,430.76
Spain,1998,ESP,40617436.0,976805803240.0,0.02,1.35,33.99,1.53,36.89,7.534,19.075,0.01,0.698,17.576,97.51,193.39,,423.65
Spain,1999,ESP,40812855.0,1031651264612.0,0.03,2.74,22.82,1.62,27.21,5.341,13.233,0.015,1.332,11.098,119.57,205.63,,483.3
Spain,2000,ESP,41019772.0,1094998702299.0,0.01,4.73,28.26,1.49,34.49,6.598,15.612,0.005,2.141,12.792,124.22,220.92,104.03,470.89
Spain,2001,ESP,41245602.0,1147959133197.0,0.02,6.76,40.89,1.63,49.3,8.709,21.152,0.009,2.9,17.544,120.06,233.07,98.47,422.49
Spain,2002,ESP,41755703.0,1191323484900.0,0.02,9.34,21.22,2.59,33.17,6.016,13.826,0.008,3.893,8.845,143.72,239.91,115.61,481.89
Spain,2003,ESP,42506540.0,1239651963472.0,0.02,12.07,40.48,3.18,55.75,9.207,21.667,0.008,4.691,15.733,139.67,257.3,110.44,429.23
Spain,2004,ESP,43234562.0,1289831715789.0,0.02,15.7,31.08,3.33,50.13,8.02,18.123,0.007,5.676,11.236,162.87,276.61,124.23,449.12
Spain,2005,ESP,43958883.0,1348839731490.0,0.05,21.18,18.39,2.65,42.27,6.442,14.603,0.017,7.317,6.353,189.65,289.46,137.51,475.06
Spain,2006,ESP,44695446.0,1415738502534.0,0.12,23.3,25.96,2.77,52.15,7.933,17.643,0.041,7.883,8.782,183.31,295.59,127.92,432.76
Spain,2007,ESP,45516501.0,1481143208580.0,0.52,27.57,27.31,2.9,58.3,8.869,19.314,0.172,9.133,9.047,188.46,301.86,132.47,438.85
Spain,2008,ESP,46235055.0,1510615290401.0,2.58,32.95,23.36,3.26,62.15,9.972,20.062,0.833,10.636,7.541,188.67,309.79,120.89,390.23
Spain,2009,ESP,46635182.0,1468765814163.0,6.06,38.12,26.41,3.49,74.08,12.913,25.482,2.084,13.112,9.084,163.88,290.72,103.21,355.02
Spain,2010,ESP,46840469.0,1480376411582.0,7.19,44.27,42.3,4.01,97.77,16.49,32.831,2.414,14.866,14.204,138.04,297.8,85.84,288.25
Spain,2011,ESP,46998040.0,1477187548437.0,9.4,42.92,30.6,4.61,87.53,15.329,30.023,3.224,14.722,10.496,146.29,291.54,98.33,337.28
Spain,2012,ESP,47018323.0,1433478645419.0,11.97,49.47,20.55,4.98,86.97,15.917,29.587,4.072,16.829,6.991,145.51,293.95,103.21,351.11
Spain,2013,ESP,46860394.0,1413362053623.0,13.1,55.64,36.87,5.8,111.41,19.29,39.583,4.654,19.768,13.1,113.32,281.46,80.74,286.86
Spain,2014,ESP,46720187.0,1433089409797.0,13.67,52.01,39.17,5.41,110.26,19.445,40.176,4.981,18.951,14.273,106.87,274.44,79.31,288.99
Spain,2015,ESP,46683683.0,1488098863146.0,13.86,49.32,28.14,5.76,97.08,16.977,35.025,5.001,17.794,10.153,122.89,277.17,91.05,328.5
Spain,2016,ESP,46732768.0,1533303930046.0,13.64,48.9,36.4,5.69,104.63,18.117,38.652,5.039,18.064,13.447,107.44,270.7,76.59,282.93
Spain,2017,ESP,46868594.0,1578931492849.0,14.4,49.13,18.32,6.08,87.93,15.319,32.282,5.287,18.037,6.726,126.41,272.38,89.66,329.17
Spain,2018,ESP,47092817.0,1615001473949.0,12.74,50.89,34.33,5.91,103.87,17.923,38.272,4.694,18.751,12.649,111.76,271.4,78.94,290.86
Spain,2019,ESP,47435121.0,1647042667976.0,15.1,55.65,24.65,5.59,100.99,17.063,37.332,5.582,20.571,9.112,111.18,270.52,66.73,246.67
Spain,2020,ESP,47679482.0,1460507935923.0,20.67,56.44,30.51,6.17,113.79,21.929,43.855,7.966,21.752,11.759,87.38,259.47,51.66,199.1
Spain,2021,ESP,47735670.0,1541121952313.0,27.1,62.06,29.63,6.96,125.75,22.272,46.445,10.009,22.922,10.944,88.44,270.75,52.4,193.54
Spain,2022,ESP,47828386.0,1625139888517.0,35.72,62.78,17.59,6.82,122.91,20.877,42.803,12.439,21.863,6.126,105.65,287.15,62.35,217.13
Spain,2023,ESP,47911583.0,1625139888517.0,48.59,64.28,25.0,5.91,143.78,24.822,51.514,17.409,23.03,8.957,78.46,279.11,47.36,169.68
Spain,2024,ESP,47910533.0,1625139888517.0,58.29,62.2,34.41,6.18,161.08,25.863,57.336,20.748,22.14,12.248,65.33,280.94,41.08,146.22
Spain,2025,ESP,47889960.0,1625139888517.0,62.9,58.76,32.74,6.41,160.81,25.863,55.858,21.849,20.411,11.372,73.01,287.89,44.22,153.6
Sri Lanka,1965,LKA,10916965.0,23850109236.0,0.0,0.0,0.365,0.0,0.365,9.76,,,,,,,,
Sri Lanka,1966,LKA,11183925.0,23609038517.0,0.0,0.0,0.399,0.0,0.399,10.349,,,,,,,,
Sri Lanka,1967,LKA,11457329.0,25750589906.0,0.0,0.0,0.41,0.0,0.41,10.379,,,,,,,,
Sri Lanka,1968,LKA,11736084.0,27687379343.0,0.0,0.0,0.474,0.0,0.474,11.552,,,,,,,,
Sri Lanka,1969,LKA,12013864.0,28778195249.0,0.0,0.0,0.549,0.0,0.549,12.893,,,,,,,,
Sri Lanka,1970,LKA,12287113.0,30146121426.0,0.0,0.0,0.74,0.0,0.74,10.475,,,,,,,,
Sri Lanka,1971,LKA,12551910.0,29882786255.0,0.0,0.0,0.826,0.0,0.826,11.475,,,,,,,,
Sri Lanka,1972,LKA,12809207.0,30521861436.0,0.0,0.0,0.847,0.0,0.847,11.224,,,,,,,,
Sri Lanka,1973,LKA,13060920.0,31750252496.0,0.0,0.0,0.696,0.0,0.696,8.893,,,,,,,,
Sri Lanka,1974,LKA,13305697.0,32792925445.0,0.0,0.0,0.998,0.0,0.998,14.912,,,,,,,,
Sri Lanka,1975,LKA,13548989.0,33538556636.0,0.0,0.0,1.077,0.0,1.077,15.429,,,,,,,,
Sri Lanka,1976,LKA,13796776.0,34528294281.0,0.0,0.0,1.11,0.0,1.11,16.179,,,,,,,,
Sri Lanka,1977,LKA,14049365.0,36792483841.0,0.0,0.0,1.214,0.0,1.214,16.479,,,,,,,,
Sri Lanka,1978,LKA,14310127.0,39092870777.0,0.0,0.0,1.366,0.0,1.366,17.699,,,,,,,,
Sri Lanka,1979,LKA,14579616.0,41652559853.0,0.0,0.0,1.462,0.0,1.462,18.008,,,,,,,,
Sri Lanka,1980,LKA,14847972.0,43918263692.0,0.0,0.0,1.48,0.0,1.48,18.073,,,,,,,,
Sri Lanka,1981,LKA,15099417.0,46696932702.0,0.0,0.0,1.572,0.0,1.572,18.28,,,,,,,,
Sri Lanka,1982,LKA,15286571.0,49078292799.0,0.0,0.0,1.608,0.0,1.608,17.347,,,,,,,,
Sri Lanka,1983,LKA,15388795.0,51583627917.0,0.0,0.0,1.217,0.0,1.217,13.283,,,,,,,,
Sri Lanka,1984,LKA,15441858.0,54113817852.0,0.0,0.0,2.092,0.0,2.092,21.653,,,,,,,,
Sri Lanka,1985,LKA,15544152.0,56399376464.0,0.0,0.0,2.396,0.0,2.396,26.337,97.185,0.0,0.0,97.185,,2.465,,
Sri Lanka,1986,LKA,15731253.0,59240607148.0,0.0,0.0,2.645,0.0,2.645,27.65,99.751,0.0,0.0,99.751,,2.652,,
Sri Lanka,1987,LKA,15916578.0,59820583691.0,0.0,0.0,2.177,0.0,2.177,22.052,80.415,0.0,0.0,80.415,,2.707,,
Sri Lanka,1988,LKA,16078624.0,61408882828.0,0.0,0.0,2.597,0.0,2.597,26.665,92.792,0.0,0.0,92.792,,2.798,,
Sri Lanka,1989,LKA,16248560.0,63032211246.0,0.0,0.0,2.801,0.0,2.801,29.593,98.016,0.0,0.0,98.016,,2.858,,
Sri Lanka,1990,LKA,16352460.0,67098669421.0,0.0,0.0,3.145,0.0,3.145,29.79,99.841,0.0,0.0,99.841,,3.15,,
Sri Lanka,1991,LKA,16475354.0,73808548639.0,0.0,0.0,3.117,0.0,3.117,29.579,92.286,0.0,0.0,92.286,,3.377,,
Sri Lanka,1992,LKA,16739297.0,71237383826.0,0.0,0.0,2.9,0.0,2.9,25.59,81.925,0.0,0.0,81.925,,3.54,,
Sri Lanka,1993,LKA,17025924.0,76317434648.0,0.0,0.0,3.796,0.0,3.796,30.813,95.408,0.0,0.0,95.408,,3.979,,
Sri Lanka,1994,LKA,17275777.0,82083780545.0,0.0,0.0,4.089,0.0,4.089,30.635,93.215,0.0,0.0,93.215,,4.387,,
Sri Lanka,1995,LKA,17564065.0,86882842988.0,0.0,0.0,4.514,0.0,4.514,31.403,94.036,0.0,0.0,94.036,,4.8,,
Sri Lanka,1996,LKA,17905020.0,96972233018.0,0.0,0.0,3.252,0.0,3.252,21.369,71.818,0.0,0.0,71.818,,4.528,,
Sri Lanka,1997,LKA,18248205.0,106468157343.0,0.0,0.0,3.447,0.0,3.447,21.955,67.016,0.0,0.0,67.016,,5.144,,
Sri Lanka,1998,LKA,18596006.0,104039873858.0,0.0,0.0,3.915,0.0,3.915,23.41,68.981,0.0,0.0,68.981,,5.675,,
Sri Lanka,1999,LKA,18944734.0,106224336044.0,0.0,0.004,4.177,0.0,4.181,23.242,66.568,0.0,0.056,66.513,,6.281,,
Sri Lanka,2000,LKA,19293056.0,114541758869.0,0.0,0.0,3.21,0.0,3.21,16.823,47.345,0.0,0.0,47.345,3.57,6.78,2.43,358.41
Sri Lanka,2001,LKA,19600361.0,111509565283.0,0.0,0.0,3.12,0.0,3.12,16.752,46.777,0.0,0.0,46.777,3.55,6.67,2.41,361.32
Sri Lanka,2002,LKA,19805750.0,114770992462.0,0.0,0.0,2.7,0.0,2.7,13.979,38.905,0.0,0.0,38.905,4.24,6.94,2.85,410.66
Sri Lanka,2003,LKA,19951521.0,121043287225.0,0.0,0.0,3.32,0.0,3.32,16.628,43.512,0.0,0.0,43.512,4.31,7.63,2.92,382.7
Sri Lanka,2004,LKA,20087608.0,127113013921.0,0.0,0.0,2.97,0.0,2.97,15.216,36.712,0.0,0.0,36.712,5.12,8.09,3.44,425.22
Sri Lanka,2005,LKA,20216531.0,134388316813.0,0.01,0.0,3.46,0.0,3.47,15.244,39.342,0.113,0.0,39.229,5.35,8.82,3.6,408.16
Sri Lanka,2006,LKA,20352416.0,144414690368.0,0.01,0.0,4.64,0.0,4.65,18.984,49.258,0.106,0.0,49.153,4.79,9.44,3.26,345.34
Sri Lanka,2007,LKA,20492546.0,153829219297.0,0.01,0.0,3.96,0.0,3.97,15.797,40.182,0.101,0.0,40.081,5.91,9.88,3.98,402.83
Sri Lanka,2008,LKA,20629377.0,162474916511.0,0.01,0.0,4.14,0.01,4.16,17.442,41.935,0.101,0.0,41.734,5.76,9.92,3.89,392.14
Sri Lanka,2009,LKA,20756438.0,167647716585.0,0.01,0.0,3.89,0.02,3.92,16.162,39.636,0.101,0.0,39.333,5.97,9.89,4.02,406.47
Sri Lanka,2010,LKA,20879092.0,180642805306.0,0.01,0.05,5.64,0.03,5.73,21.793,53.451,0.093,0.466,52.612,4.99,10.72,3.42,319.03
Sri Lanka,2011,LKA,21009054.0,195461606183.0,0.01,0.09,4.63,0.03,4.76,16.358,41.212,0.087,0.779,40.087,6.79,11.55,4.8,415.58
Sri Lanka,2012,LKA,21169461.0,212333854625.0,0.01,0.14,3.3,0.02,3.47,11.61,29.407,0.085,1.186,27.966,8.33,11.8,5.85,495.76
Sri Lanka,2013,LKA,21358829.0,220937614421.0,0.02,0.23,6.93,0.03,7.21,23.64,60.184,0.167,1.92,57.846,4.77,11.98,3.61,301.34
Sri Lanka,2014,LKA,21547454.0,235029015924.0,0.03,0.27,4.56,0.04,4.9,14.695,39.357,0.241,2.169,36.627,7.55,12.45,5.74,461.04
Sri Lanka,2015,LKA,21729975.0,244914328998.0,0.04,0.34,6.0,0.06,6.44,18.069,48.751,0.303,2.574,45.42,6.77,13.21,5.52,417.87
Sri Lanka,2016,LKA,21910763.0,257292293131.0,0.05,0.35,4.25,0.07,4.72,11.92,32.984,0.349,2.446,29.7,9.59,14.31,7.47,522.01
Sri Lanka,2017,LKA,22087525.0,273915973018.0,0.15,0.37,4.03,0.07,4.62,11.102,31.028,1.007,2.485,27.065,10.27,14.89,7.94,533.24
Sri Lanka,2018,LKA,22253116.0,280243422762.0,0.22,0.33,6.41,0.09,7.05,16.029,43.871,1.369,2.054,39.888,9.02,16.07,7.21,448.66
Sri Lanka,2019,LKA,22410552.0,279626891521.0,0.34,0.35,4.82,0.12,5.63,12.824,33.773,2.04,2.1,28.914,11.04,16.67,8.64,518.3
Sri Lanka,2020,LKA,22561808.0,269918239631.0,0.46,0.33,4.98,0.1,5.87,14.89,35.576,2.788,2.0,30.182,10.63,16.5,8.46,512.73
Sri Lanka,2021,LKA,22700377.0,278898406287.0,0.64,0.65,7.23,0.13,8.65,21.005,49.4,3.655,3.712,41.291,8.86,17.51,7.32,418.05
Sri Lanka,2022,LKA,22834965.0,254748598293.0,0.84,0.74,6.77,0.08,8.43,23.449,50.328,5.015,4.418,40.418,8.32,16.75,6.87,410.15
Sri Lanka,2023,LKA,22971615.0,254748598293.0,1.0,0.82,5.98,0.16,7.96,20.969,48.566,6.101,5.003,36.486,8.43,16.39,6.84,417.33
Sri Lanka,2024,LKA,23103561.0,254748598293.0,1.31,0.87,7.01,0.24,9.43,23.25,55.243,7.674,5.097,41.066,7.64,17.07,6.46,378.44
Sri Lanka,2025,LKA,23229474.0,254748598293.0,2.84,0.93,6.59,0.27,10.63,23.25,61.623,16.464,5.391,38.203,6.62,17.25,5.68,329.28
Sudan,2000,SDN,27816748.0,,0.0,0.0,1.17,0.1,1.27,,50.0,0.0,0.0,46.063,1.27,2.54,0.89,350.39
Sudan,2001,SDN,28516774.0,,0.0,0.0,1.25,0.11,1.36,,50.746,0.0,0.0,46.642,1.32,2.68,0.92,343.28
Sudan,2002,SDN,29228728.0,,0.0,0.0,1.27,0.12,1.39,,46.333,0.0,0.0,42.333,1.61,3.0,1.12,373.33
Sudan,2003,SDN,29896038.0,,0.0,0.0,1.15,0.13,1.28,,36.888,0.0,0.0,33.141,2.19,3.47,1.5,432.28
Sudan,2004,SDN,30556641.0,,0.0,0.0,1.1,0.14,1.24,,34.444,0.0,0.0,30.556,2.36,3.6,1.61,447.22
Sudan,2005,SDN,31262447.0,,0.0,0.0,1.25,0.14,1.39,,35.101,0.0,0.0,31.566,2.57,3.96,1.75,441.92
Sudan,2006,SDN,31992438.0,,0.0,0.0,1.36,0.14,1.5,,32.258,0.0,0.0,29.247,3.15,4.65,2.13,458.07
Sudan,2007,SDN,32764139.0,,0.0,0.0,1.44,0.15,1.59,,30.814,0.0,0.0,27.907,3.57,5.16,2.41,467.05
Sudan,2008,SDN,33623980.0,,0.0,0.0,1.45,0.15,1.6,,28.369,0.0,0.0,25.709,4.04,5.64,2.72,482.27
Sudan,2009,SDN,34569114.0,,0.0,0.0,3.2,0.15,3.35,,50.681,0.0,0.0,48.411,3.26,6.61,2.26,341.91
Sudan,2010,SDN,35414403.0,,0.0,0.0,6.14,0.14,6.28,,82.85,0.0,0.0,81.003,1.3,7.58,1.04,137.2
Sudan,2011,SDN,36140808.0,,0.0,0.0,6.4,0.12,6.52,,76.616,0.0,0.0,75.206,1.99,8.51,1.49,175.09
Sudan,2012,SDN,36923175.0,,0.01,0.0,6.55,0.12,6.68,,70.316,0.105,0.0,68.947,2.82,9.5,2.05,215.79
Sudan,2013,SDN,37785852.0,,0.01,0.0,8.23,0.14,8.38,,80.966,0.097,0.0,79.517,1.97,10.35,1.53,147.83
Sudan,2014,SDN,38823324.0,,0.01,0.0,8.82,0.12,8.95,,78.44,0.088,0.0,77.301,2.46,11.41,1.86,163.02
Sudan,2015,SDN,40024433.0,,0.01,0.0,8.34,0.11,8.46,,64.629,0.076,0.0,63.713,4.63,13.09,3.27,249.81
Sudan,2016,SDN,41259892.0,,0.02,0.0,8.05,0.12,8.19,,56.211,0.137,0.0,55.251,6.38,14.57,4.42,303.36
Sudan,2017,SDN,42714311.0,,0.02,0.0,9.35,0.13,9.5,,60.51,0.127,0.0,59.554,6.2,15.7,4.33,275.8
Sudan,2018,SDN,44230597.0,,0.02,0.0,9.66,0.12,9.8,,59.756,0.122,0.0,58.902,6.6,16.4,4.6,280.49
Sudan,2019,SDN,45548179.0,,0.02,0.0,10.21,0.11,10.34,,63.748,0.123,0.0,62.947,5.88,16.22,4.13,254.62
Sudan,2020,SDN,46789237.0,,0.03,0.0,11.01,0.11,11.15,,64.826,0.174,0.0,64.012,6.05,17.2,4.26,247.67
Sudan,2021,SDN,48066930.0,,0.03,0.0,10.95,0.11,11.09,,62.655,0.169,0.0,61.864,6.61,17.7,4.63,261.58
Sudan,2022,SDN,49383344.0,,0.13,0.0,11.8,0.11,12.04,,71.752,0.775,0.0,70.322,4.74,16.78,3.43,204.41
Sudan,2023,SDN,50042800.0,,0.14,0.0,11.5,0.11,11.75,,80.979,0.965,0.0,79.256,2.76,14.51,2.12,146.11
Sudan,2024,SDN,50448960.0,,0.16,0.0,11.5,0.11,11.77,,79.689,1.083,0.0,77.861,3.0,14.77,2.27,153.69
Suriname,2000,SUR,476647.0,,0.0,0.0,0.71,0.0,0.71,,73.958,0.0,0.0,73.958,0.25,0.96,0.18,187.5
Suriname,2001,SUR,486566.0,,0.0,0.0,0.73,0.0,0.73,,70.192,0.0,0.0,70.192,0.31,1.04,0.23,221.15
Suriname,2002,SUR,496566.0,,0.0,0.0,0.74,0.0,0.74,,60.163,0.0,0.0,60.163,0.49,1.23,0.35,284.55
Suriname,2003,SUR,506421.0,,0.0,0.0,0.75,0.0,0.75,,57.692,0.0,0.0,57.692,0.55,1.3,0.39,300.0
Suriname,2004,SUR,513928.0,,0.0,0.0,0.76,0.0,0.76,,53.147,0.0,0.0,53.147,0.67,1.43,0.46,321.68
Suriname,2005,SUR,519321.0,,0.0,0.0,0.82,0.0,0.82,,48.521,0.0,0.0,48.521,0.87,1.69,0.6,355.03
Suriname,2006,SUR,525003.0,,0.0,0.0,0.86,0.0,0.86,,54.777,0.0,0.0,54.777,0.71,1.57,0.49,312.1
Suriname,2007,SUR,531026.0,,0.0,0.0,0.86,0.0,0.86,,57.333,0.0,0.0,57.333,0.64,1.5,0.44,293.33
Suriname,2008,SUR,537252.0,,0.0,0.0,0.86,0.0,0.86,,56.954,0.0,0.0,56.954,0.65,1.51,0.44,291.39
Suriname,2009,SUR,543580.0,,0.0,0.0,0.86,0.0,0.86,,56.209,0.0,0.0,56.209,0.67,1.53,0.46,300.65
Suriname,2010,SUR,549931.0,,0.0,0.0,1.2,0.0,1.2,,61.224,0.0,0.0,61.224,0.76,1.96,0.53,270.41
Suriname,2011,SUR,556279.0,,0.0,0.0,1.03,0.0,1.03,,67.32,0.0,0.0,67.32,0.5,1.53,0.35,228.76
Suriname,2012,SUR,562640.0,,0.0,0.0,0.82,0.0,0.82,,49.102,0.0,0.0,49.102,0.85,1.67,0.58,347.31
Suriname,2013,SUR,569024.0,,0.0,0.0,0.83,0.0,0.83,,47.159,0.0,0.0,47.159,0.93,1.76,0.63,357.96
Suriname,2014,SUR,575380.0,,0.0,0.0,0.55,0.0,0.55,,30.22,0.0,0.0,30.22,1.27,1.82,0.85,467.03
Suriname,2015,SUR,581634.0,,0.01,0.0,0.47,0.01,0.49,,26.344,0.538,0.0,25.269,1.37,1.86,0.91,489.25
Suriname,2016,SUR,587765.0,,0.01,0.0,0.78,0.01,0.8,,43.956,0.549,0.0,42.857,1.02,1.82,0.69,379.12
Suriname,2017,SUR,593720.0,,0.01,0.0,0.92,0.01,0.94,,51.934,0.552,0.0,50.829,0.87,1.81,0.6,331.49
Suriname,2018,SUR,599519.0,,0.01,0.0,0.99,0.01,1.01,,53.158,0.526,0.0,52.105,0.89,1.9,0.6,315.79
Suriname,2019,SUR,605779.0,,0.01,0.0,0.95,0.01,0.97,,47.549,0.49,0.0,46.569,1.07,2.04,0.72,352.94
Suriname,2020,SUR,612320.0,,0.01,0.0,0.97,0.01,0.99,,48.293,0.488,0.0,47.317,1.06,2.05,0.71,346.34
Suriname,2021,SUR,617905.0,,0.01,0.0,0.99,0.01,1.01,,48.325,0.478,0.0,47.368,1.08,2.09,0.73,349.28
Suriname,2022,SUR,623172.0,,0.01,0.0,0.92,0.01,0.94,,44.55,0.474,0.0,43.602,1.17,2.11,0.79,374.41
Suriname,2023,SUR,628892.0,,0.01,0.0,0.9,0.01,0.92,,53.179,0.578,0.0,52.023,0.81,1.73,0.55,317.92
Suriname,2024,SUR,634438.0,,0.01,0.0,0.9,0.01,0.92,,52.874,0.575,0.0,51.724,0.82,1.74,0.56,321.84
Sweden,1965,SWE,7733011.0,133326426000.0,0.0,0.0,46.423,0.0,46.423,33.526,,,,,,,,
Sweden,1966,SWE,7805585.0,136109056000.0,0.0,0.0,45.489,0.0,45.489,30.753,,,,,,,,
Sweden,1967,SWE,7866403.0,140703444000.0,0.0,0.0,49.286,0.0,49.286,32.567,,,,,,,,
Sweden,1968,SWE,7912123.0,145802336000.0,0.0,0.0,48.739,0.0,48.739,30.112,,,,,,,,
Sweden,1969,SWE,7968013.0,153105120000.0,0.0,0.0,41.83,0.0,41.83,25.774,,,,,,,,
Sweden,1970,SWE,8042783.0,163023567000.0,0.0,0.0,41.489,0.13,41.619,24.141,,,,,,,,
Sweden,1971,SWE,8098104.0,164551360000.0,0.0,0.0,52.012,0.16,52.172,29.832,,,,,,,,
Sweden,1972,SWE,8122426.0,168328450000.0,0.0,0.0,53.743,0.226,53.969,29.969,,,,,,,,
Sweden,1973,SWE,8137166.0,175018733000.0,0.0,0.0,59.872,0.399,60.271,31.677,,,,,,,,
Sweden,1974,SWE,8160636.0,180619252000.0,0.0,0.0,57.265,0.357,57.622,32.748,,,,,,,,
Sweden,1975,SWE,8192641.0,185219151000.0,0.0,0.0,57.648,0.31,57.958,31.076,,,,,,,,
Sweden,1976,SWE,8222392.0,187173830000.0,0.0,0.0,54.832,0.354,55.186,27.796,,,,,,,,
Sweden,1977,SWE,8251699.0,184201144000.0,0.0,0.0,53.495,0.36,53.855,27.494,,,,,,,,
Sweden,1978,SWE,8275793.0,187418296000.0,0.0,0.0,57.753,0.276,58.029,25.438,,,,,,,,
Sweden,1979,SWE,8293749.0,194618710000.0,0.0,0.0,61.08,0.347,61.427,25.528,,,,,,,,
Sweden,1980,SWE,8310470.0,197852790000.0,0.0,0.0,58.868,0.721,59.589,26.362,,,,,,,,
Sweden,1981,SWE,8320460.0,197824640000.0,0.0,0.0,59.753,0.921,60.674,27.101,,,,,,,,
Sweden,1982,SWE,8325179.0,199816650000.0,0.0,0.0,55.066,1.002,56.068,26.339,,,,,,,,
Sweden,1983,SWE,8328915.0,203327548000.0,0.0,0.003,63.544,1.447,64.994,30.82,,,,,,,,
Sweden,1984,SWE,8336482.0,211401309000.0,0.0,0.005,67.906,1.848,69.759,31.29,,,,,,,,
Sweden,1985,SWE,8350249.0,215471750000.0,0.0,0.006,70.988,1.802,72.796,30.037,53.082,0.0,0.004,51.763,,137.14,,
Sweden,1986,SWE,8369681.0,220206330000.0,0.0,0.006,60.933,1.98,62.919,25.006,45.379,0.0,0.004,43.947,,138.651,,
Sweden,1987,SWE,8397651.0,226880368000.0,0.0,0.006,71.854,1.959,73.819,30.041,50.364,0.0,0.004,49.023,,146.571,,
Sweden,1988,SWE,8436358.0,231720048000.0,0.0,0.005,69.883,2.041,71.929,29.966,49.189,0.0,0.003,47.79,,146.23,,
Sweden,1989,SWE,8492821.0,237234969000.0,0.0,0.005,71.75,2.189,73.944,31.528,51.676,0.0,0.003,50.143,,143.091,,
Sweden,1990,SWE,8558571.0,240234012000.0,0.0,0.01,72.5,1.94,74.45,33.094,51.0,0.0,0.007,49.664,3.35,145.98,,33.29
Sweden,1991,SWE,8616955.0,237950140941.0,0.0,0.01,63.24,1.86,65.11,28.996,44.302,0.0,0.007,43.029,5.1,146.97,,40.89
Sweden,1992,SWE,8667576.0,235756851945.0,0.0,0.03,74.33,2.01,76.37,33.494,52.333,0.0,0.021,50.935,6.02,145.93,,46.26
Sweden,1993,SWE,8718038.0,231558425903.0,0.0,0.05,74.65,2.17,76.87,34.016,52.919,0.0,0.034,51.391,6.99,145.26,,51.36
Sweden,1994,SWE,8780190.0,241524284977.0,0.0,0.07,59.1,2.23,61.4,26.997,43.027,0.0,0.049,41.416,8.14,142.7,,56.62
Sweden,1995,SWE,8826298.0,251741126533.0,0.0,0.1,68.1,2.35,70.55,30.274,47.579,0.0,0.067,45.927,7.8,148.28,,53.95
Sweden,1996,SWE,8840330.0,256498914326.0,0.0,0.14,51.74,2.12,54.0,23.689,38.404,0.0,0.1,36.797,12.34,140.61,,78.59
Sweden,1997,SWE,8845525.0,264171121939.0,0.0,0.2,69.06,2.77,72.03,30.62,48.274,0.0,0.134,46.284,7.25,149.21,,51.81
Sweden,1998,SWE,8850606.0,276040695651.0,0.0,0.32,75.0,2.78,78.1,31.589,49.184,0.0,0.202,47.232,7.11,158.79,,49.5
Sweden,1999,SWE,8857691.0,289702793085.0,0.0,0.36,71.69,2.7,74.75,31.011,48.276,0.0,0.232,46.299,6.9,154.84,,49.66
Sweden,2000,SWE,8872099.0,303452362920.0,0.0,0.46,78.58,4.1,83.14,36.656,57.247,0.0,0.317,54.107,4.77,145.23,6.52,44.89
Sweden,2001,SWE,8896018.0,308398096624.0,0.0,0.48,79.06,3.78,83.32,34.203,51.559,0.0,0.297,48.923,6.17,161.6,7.56,46.78
Sweden,2002,SWE,8925045.0,317463771012.0,0.0,0.61,66.36,4.18,71.15,31.103,48.5,0.0,0.416,45.235,7.44,146.7,8.25,56.24
Sweden,2003,SWE,8958434.0,326402407102.0,0.0,0.68,53.54,4.51,58.73,27.305,43.378,0.0,0.502,39.545,9.24,135.39,9.28,68.54
Sweden,2004,SWE,8993805.0,341901244849.0,0.0,0.86,60.12,7.2,68.18,29.336,44.985,0.0,0.567,39.667,5.89,151.56,7.28,48.03
Sweden,2005,SWE,9029771.0,354496929423.0,0.0,0.93,72.8,7.49,81.22,33.911,51.288,0.0,0.587,45.971,4.76,158.36,6.83,43.13
Sweden,2006,SWE,9080628.0,372234670461.0,0.0,0.98,61.72,8.36,71.06,31.833,49.595,0.0,0.684,43.076,5.24,143.28,7.12,49.69
Sweden,2007,SWE,9148280.0,387881844813.0,0.0,1.43,66.16,9.84,77.43,34.16,52.029,0.0,0.961,44.456,4.42,148.82,6.85,46.03
Sweden,2008,SWE,9219903.0,388980516356.0,0.0,2.0,69.07,10.34,81.41,36.048,54.31,0.0,1.334,46.077,4.6,149.9,7.17,47.83
Sweden,2009,SWE,9298738.0,373026350439.0,0.01,2.49,65.85,11.46,79.81,38.656,58.426,0.007,1.823,48.206,4.62,136.6,6.98,51.1
Sweden,2010,SWE,9378234.0,399838964466.0,0.01,3.49,66.4,12.19,82.09,37.37,55.298,0.007,2.351,44.729,8.53,148.45,9.46,63.73
Sweden,2011,SWE,9449263.0,397617949429.0,0.01,6.11,66.43,11.54,84.09,38.676,55.956,0.007,4.066,44.204,5.72,150.28,7.86,52.3
Sweden,2012,SWE,9519477.0,395278763366.0,0.02,7.17,78.93,12.19,98.31,42.346,59.066,0.012,4.308,47.422,4.09,166.44,7.44,44.7
Sweden,2013,SWE,9600620.0,399973749048.0,0.04,9.84,61.36,11.45,82.69,38.22,54.035,0.026,6.43,40.097,3.88,153.03,6.84,44.7
Sweden,2014,SWE,9696438.0,410604225974.0,0.05,11.24,63.76,10.7,85.75,39.703,55.841,0.033,7.32,41.521,2.93,153.56,6.17,40.18
Sweden,2015,SWE,9799483.0,429037422635.0,0.1,16.32,75.31,10.77,102.5,45.535,63.272,0.062,10.074,46.488,3.15,162.0,6.62,40.86
Sweden,2016,SWE,9923281.0,437921057919.0,0.14,15.48,62.02,11.49,89.13,40.906,57.175,0.09,9.93,39.784,3.66,155.89,6.7,42.98
Sweden,2017,SWE,10057864.0,449166531542.0,0.23,17.61,65.14,12.08,95.06,41.625,57.882,0.14,10.723,39.664,3.47,164.23,6.98,42.5
Sweden,2018,SWE,10175400.0,457925387676.0,0.41,16.62,62.21,11.91,91.15,41.607,55.797,0.251,10.174,38.082,3.66,163.36,6.98,42.73
Sweden,2019,SWE,10279120.0,467020665386.0,0.68,19.85,65.37,13.04,98.94,43.747,58.746,0.404,11.786,38.814,3.35,168.42,7.13,42.34
Sweden,2020,SWE,10353682.0,456885314424.0,1.05,27.52,72.39,11.18,112.14,51.056,68.47,0.641,16.803,44.2,2.44,163.78,6.34,38.71
Sweden,2021,SWE,10416134.0,481492421258.0,1.53,27.25,73.89,13.08,115.75,50.01,67.383,0.891,15.863,43.014,3.06,171.78,7.17,41.74
Sweden,2022,SWE,10487335.0,494214521158.0,1.98,33.25,69.87,13.13,118.23,52.434,68.321,1.144,19.214,40.376,2.88,173.05,7.1,41.03
Sweden,2023,SWE,10551493.0,494214521158.0,3.11,34.25,66.19,11.7,115.25,52.459,69.407,1.873,20.626,39.861,2.33,166.05,6.38,38.42
Sweden,2024,SWE,10606993.0,494214521158.0,4.16,40.45,64.61,10.18,119.4,51.318,69.358,2.416,23.497,37.531,2.08,172.15,6.01,34.91
Sweden,2025,SWE,10656636.0,494214521158.0,4.43,38.9,68.24,9.96,121.53,51.318,71.191,2.595,22.787,39.974,2.08,170.71,6.02,35.26
Switzerland,1965,CHE,5856414.0,117686327144.0,0.0,0.0,24.097,0.0,24.097,37.573,,,,,,,,
Switzerland,1966,CHE,5917969.0,121266336218.0,0.0,0.0,27.519,0.0,27.519,39.985,,,,,,,,
Switzerland,1967,CHE,5991733.0,125760273591.0,0.0,0.0,29.85,0.0,29.85,40.627,,,,,,,,
Switzerland,1968,CHE,6067657.0,131196511359.0,0.0,0.0,29.515,0.0,29.515,38.187,,,,,,,,
Switzerland,1969,CHE,6136353.0,138575269820.0,0.0,0.0,28.245,0.0,28.245,35.266,,,,,,,,
Switzerland,1970,CHE,6180922.0,147142844039.0,0.0,0.0,29.173,0.0,29.173,33.248,,,,,,,,
Switzerland,1971,CHE,6213536.0,155328078644.0,0.0,0.0,29.044,0.0,29.044,32.326,,,,,,,,
Switzerland,1972,CHE,6261086.0,162319722197.0,0.0,0.0,24.234,0.0,24.234,27.31,,,,,,,,
Switzerland,1973,CHE,6307408.0,167492530219.0,0.0,0.0,26.587,0.0,26.587,27.101,,,,,,,,
Switzerland,1974,CHE,6341381.0,166140021171.0,0.0,0.0,27.85,0.0,27.85,29.753,,,,,,,,
Switzerland,1975,CHE,6338600.0,156680787972.0,0.0,0.0,32.236,0.0,32.236,33.251,,,,,,,,
Switzerland,1976,CHE,6302556.0,156767915020.0,0.0,0.0,25.849,0.0,25.849,27.828,,,,,,,,
Switzerland,1977,CHE,6281365.0,160630247947.0,0.0,0.0,34.89,0.0,34.89,33.928,,,,,,,,
Switzerland,1978,CHE,6282045.0,165652381373.0,0.0,0.0,31.561,0.098,31.659,31.216,,,,,,,,
Switzerland,1979,CHE,6294719.0,169193332072.0,0.0,0.0,29.684,0.287,29.971,29.669,,,,,,,,
Switzerland,1980,CHE,6319848.0,174991865062.0,0.0,0.0,33.448,0.173,33.621,31.113,,,,,,,,
Switzerland,1981,CHE,6354561.0,178175073378.0,0.0,0.0,35.125,0.436,35.561,33.01,,,,,,,,
Switzerland,1982,CHE,6391805.0,178914504178.0,0.0,0.0,35.971,0.39,36.361,34.476,,,,,,,,
Switzerland,1983,CHE,6419309.0,182090693605.0,0.0,0.0,35.063,0.396,35.459,32.286,,,,,,,,
Switzerland,1984,CHE,6442419.0,184888540420.0,0.0,0.0,29.894,0.369,30.263,28.391,,,,,,,,
Switzerland,1985,CHE,6470959.0,193084794541.0,0.0,0.0,32.052,0.365,32.417,28.476,57.54,0.0,0.0,56.892,,56.338,,
Switzerland,1986,CHE,6504748.0,203695224871.0,0.0,0.0,32.905,0.458,33.363,27.912,58.114,0.0,0.0,57.316,,57.41,,
Switzerland,1987,CHE,6545771.0,211297721508.0,0.0,0.0,34.675,0.511,35.186,29.649,58.904,0.0,0.0,58.049,,59.734,,
Switzerland,1988,CHE,6594145.0,217769048715.0,0.0,0.0,35.795,0.513,36.308,30.374,59.978,0.0,0.0,59.13,,60.536,,
Switzerland,1989,CHE,6647787.0,225335057176.0,0.0,0.0,29.775,0.529,30.304,27.088,55.491,0.0,0.0,54.522,,54.611,,
Switzerland,1990,CHE,6713168.0,234154439697.0,0.001,0.0,29.798,0.438,30.237,25.902,53.979,0.002,0.0,53.196,,56.015,,
Switzerland,1991,CHE,6796942.0,236201938759.0,0.002,0.0,32.08,0.436,32.518,27.136,56.006,0.003,0.0,55.252,,58.062,,
Switzerland,1992,CHE,6875049.0,239958549277.0,0.003,0.0,32.704,0.485,33.192,27.266,55.767,0.005,0.0,54.948,,59.518,,
Switzerland,1993,CHE,6938106.0,243429634467.0,0.004,0.0,35.781,0.491,36.276,29.895,58.932,0.006,0.0,58.128,,61.556,,
Switzerland,1994,CHE,6993594.0,250752168329.0,0.005,0.0,39.073,0.55,39.628,31.106,59.92,0.008,0.0,59.081,,66.134,,
Switzerland,1995,CHE,7040481.0,257142565611.0,0.006,0.0,35.172,0.574,35.752,29.6,56.872,0.01,0.0,55.95,,62.863,,
Switzerland,1996,CHE,7071885.0,263448607219.0,0.007,0.001,28.748,0.614,29.37,25.121,51.231,0.012,0.002,50.146,,57.328,,
Switzerland,1997,CHE,7089161.0,274617021730.0,0.007,0.002,34.046,0.658,34.713,27.801,55.186,0.011,0.003,54.126,,62.902,,
Switzerland,1998,CHE,7110294.0,287985364256.0,0.008,0.003,33.475,0.689,34.175,27.211,54.0,0.013,0.005,52.894,,63.288,,
Switzerland,1999,CHE,7144119.0,298226666662.0,0.01,0.003,40.008,0.749,40.77,31.122,59.417,0.015,0.004,58.306,,68.617,,
Switzerland,2000,CHE,7184003.0,315545366882.0,0.01,0.0,36.83,0.84,37.68,29.476,56.987,0.015,0.0,55.702,1.99,66.12,2.22,33.58
Switzerland,2001,CHE,7226391.0,325520166982.0,0.01,0.0,41.31,0.88,42.2,30.748,59.395,0.014,0.0,58.142,2.04,71.05,2.37,33.36
Switzerland,2002,CHE,7278744.0,331802188855.0,0.01,0.0,35.17,0.92,36.1,28.021,55.19,0.015,0.0,53.769,2.08,65.41,2.24,34.25
Switzerland,2003,CHE,7333451.0,337991874208.0,0.02,0.0,34.76,0.94,35.72,27.866,54.668,0.031,0.0,53.199,2.13,65.34,2.25,34.44
Switzerland,2004,CHE,7384196.0,353894703206.0,0.02,0.01,33.75,0.98,34.76,27.041,54.423,0.031,0.016,52.842,2.15,63.87,2.25,35.23
Switzerland,2005,CHE,7431824.0,371135459405.0,0.02,0.01,31.23,1.03,32.29,26.14,55.865,0.035,0.017,54.031,2.17,57.8,2.2,38.06
Switzerland,2006,CHE,7478514.0,393075108386.0,0.02,0.01,30.96,1.14,32.13,25.217,51.714,0.032,0.016,49.831,2.18,62.13,2.25,36.21
Switzerland,2007,CHE,7545386.0,416832821635.0,0.03,0.02,35.25,1.18,36.48,28.119,54.915,0.045,0.03,53.063,2.03,66.43,2.29,34.47
Switzerland,2008,CHE,7641730.0,433739216893.0,0.04,0.02,36.04,1.23,37.33,27.972,55.683,0.06,0.03,53.759,2.01,67.04,2.29,34.16
Switzerland,2009,CHE,7737644.0,431737407420.0,0.05,0.02,35.72,1.24,37.03,28.184,55.542,0.075,0.03,53.577,1.95,66.67,2.27,34.05
Switzerland,2010,CHE,7825750.0,451139715920.0,0.09,0.04,36.06,1.28,37.47,27.969,56.73,0.136,0.061,54.595,2.24,66.05,2.37,35.88
Switzerland,2011,CHE,7914379.0,467103594697.0,0.17,0.07,32.39,1.39,34.02,27.144,54.103,0.27,0.111,51.511,2.15,62.88,2.28,36.26
Switzerland,2012,CHE,7998927.0,472611933649.0,0.3,0.09,38.6,1.54,40.53,30.448,59.489,0.44,0.132,56.656,2.16,68.13,2.47,36.25
Switzerland,2013,CHE,8091199.0,481081829913.0,0.5,0.09,38.46,1.62,40.67,29.926,59.208,0.728,0.131,55.991,2.03,68.69,2.44,35.52
Switzerland,2014,CHE,8190238.0,492386642888.0,0.84,0.1,38.04,1.69,40.67,31.115,58.034,1.199,0.143,54.281,1.85,70.08,2.41,34.39
Switzerland,2015,CHE,8283940.0,500484653705.0,1.12,0.11,38.26,1.63,41.12,32.122,62.237,1.695,0.166,57.908,1.86,66.07,2.35,35.57
Switzerland,2016,CHE,8374903.0,510838097521.0,1.33,0.11,34.62,1.75,37.81,31.376,61.882,2.177,0.18,56.661,2.14,61.1,2.41,39.44
Switzerland,2017,CHE,8453630.0,517799793781.0,1.68,0.13,34.09,1.86,37.76,31.293,62.776,2.793,0.216,56.675,2.01,60.15,2.39,39.73
Switzerland,2018,CHE,8516341.0,532611137213.0,1.95,0.12,34.98,1.83,38.88,31.434,58.651,2.942,0.181,52.768,1.9,66.29,2.39,36.05
Switzerland,2019,CHE,8577525.0,538693495449.0,2.18,0.15,38.04,1.88,42.25,32.559,59.87,3.089,0.213,53.904,1.9,70.57,2.49,35.28
Switzerland,2020,CHE,8640582.0,525896489462.0,2.6,0.15,37.87,1.99,42.61,35.598,62.204,3.796,0.219,55.285,1.87,68.5,2.51,36.64
Switzerland,2021,CHE,8707019.0,548098275898.0,2.84,0.14,36.96,2.07,42.01,37.276,66.587,4.502,0.222,58.583,1.72,63.09,2.43,38.52
Switzerland,2022,CHE,8792180.0,559384947989.0,3.86,0.15,29.9,2.08,35.99,31.096,58.312,6.254,0.243,48.445,1.58,61.72,2.3,37.27
Switzerland,2023,CHE,8870564.0,559384947989.0,4.62,0.17,37.39,2.08,44.26,35.636,63.165,6.593,0.243,53.361,1.43,70.07,2.44,34.82
Switzerland,2024,CHE,8921979.0,559384947989.0,5.66,0.18,44.94,2.08,52.86,39.868,67.449,7.222,0.23,57.343,1.49,78.37,2.71,34.58
Switzerland,2025,CHE,8967413.0,559384947989.0,7.89,0.14,33.99,2.08,44.1,39.868,67.825,12.135,0.215,52.276,1.5,65.02,2.55,39.22
Syria,2000,SYR,16637884.0,125214242976.0,0.0,0.0,3.23,0.03,3.26,,12.911,0.0,0.0,12.792,21.99,25.25,15.82,626.54
Syria,2001,SYR,17051337.0,125631935247.0,0.0,0.0,3.41,0.03,3.44,,12.865,0.0,0.0,12.752,23.3,26.74,16.91,632.39
Syria,2002,SYR,17468335.0,128996142855.0,0.0,0.0,2.45,0.03,2.48,,8.835,0.0,0.0,8.728,25.59,28.07,18.63,663.7
Syria,2003,SYR,17889297.0,122501642286.0,0.0,0.0,2.76,0.03,2.79,,9.178,0.0,0.0,9.079,27.61,30.4,20.3,667.76
Syria,2004,SYR,18336879.0,126515329154.0,0.0,0.0,4.18,0.03,4.21,,13.087,0.0,0.0,12.993,27.96,32.17,20.29,630.71
Syria,2005,SYR,18814092.0,129657010670.0,0.0,0.0,4.32,0.03,4.35,,12.057,0.0,0.0,11.973,31.73,36.08,22.88,634.15
Syria,2006,SYR,19637016.0,132870748696.0,0.0,0.0,3.94,0.03,3.97,,10.592,0.0,0.0,10.512,33.51,37.48,24.08,642.48
Syria,2007,SYR,20884136.0,138933398255.0,0.0,0.0,3.48,0.03,3.51,,9.077,0.0,0.0,8.999,35.16,38.67,24.85,642.62
Syria,2008,SYR,21636566.0,140064268758.0,0.0,0.0,2.87,0.03,2.9,,7.063,0.0,0.0,6.99,38.16,41.06,26.91,655.38
Syria,2009,SYR,21976971.0,141886525419.0,0.0,0.0,1.87,0.03,1.9,,4.384,0.0,0.0,4.315,41.44,43.34,29.98,691.74
Syria,2010,SYR,22482417.0,143781004115.0,0.0,0.0,2.59,0.03,2.62,,5.642,0.0,0.0,5.577,43.82,46.44,32.34,696.38
Syria,2011,SYR,22878104.0,134274046453.0,0.0,0.0,3.0,0.03,3.03,,7.242,0.0,0.0,7.17,38.81,41.84,28.64,684.51
Syria,2012,SYR,22759763.0,98907693956.0,0.0,0.0,2.96,0.03,2.99,,9.266,0.0,0.0,9.173,29.28,32.27,21.82,676.17
Syria,2013,SYR,21666921.0,72894799336.0,0.0,0.0,3.0,0.03,3.03,,12.038,0.0,0.0,11.919,22.14,25.17,16.68,662.69
Syria,2014,SYR,20273661.0,65379097607.0,0.0,0.0,2.34,0.03,2.37,,11.153,0.0,0.0,11.012,18.88,21.25,14.37,676.24
Syria,2015,SYR,19424615.0,63295273863.0,0.0,0.0,0.41,0.03,0.44,,2.443,0.0,0.0,2.277,17.57,18.01,13.23,734.59
Syria,2016,SYR,19193835.0,59731474595.0,0.0,0.0,0.93,0.03,0.96,,5.283,0.0,0.0,5.118,17.21,18.17,12.79,703.91
Syria,2017,SYR,19224671.0,59296820428.0,0.0,0.0,0.75,0.03,0.78,,4.23,0.0,0.0,4.067,17.66,18.44,13.07,708.79
Syria,2018,SYR,19577849.0,60171975441.0,0.0,0.0,0.75,0.03,0.78,,3.495,0.0,0.0,3.36,21.54,22.32,15.61,699.37
Syria,2019,SYR,20353536.0,62427096792.0,0.0,0.0,0.75,0.03,0.78,,3.495,0.0,0.0,3.36,21.54,22.32,15.56,697.13
Syria,2020,SYR,21049431.0,55872251610.0,0.02,0.0,0.75,0.03,0.8,,3.804,0.095,0.0,3.566,20.23,21.03,14.53,690.92
Syria,2021,SYR,21628837.0,54251957890.0,0.06,0.0,0.75,0.03,0.84,,3.869,0.276,0.0,3.455,20.87,21.71,15.03,692.31
Syria,2022,SYR,22462170.0,52353139385.0,0.1,0.0,0.75,0.03,0.88,,4.382,0.498,0.0,3.735,19.2,20.08,13.7,682.27
Syria,2023,SYR,23594623.0,52353139385.0,0.1,0.0,0.75,0.03,0.88,,3.517,0.4,0.0,2.998,24.14,25.02,17.65,705.44
Syria,2024,SYR,24672758.0,52353139385.0,0.1,0.0,0.75,0.03,0.88,,3.537,0.402,0.0,3.014,24.0,24.88,17.57,706.19
Taiwan,1965,TWN,13124808.0,36829910000.0,0.0,0.0,2.586,0.0,2.586,10.277,,,,,,,,
Taiwan,1966,TWN,13537706.0,40129560000.0,0.0,0.0,2.661,0.0,2.661,9.869,,,,,,,,
Taiwan,1967,TWN,13901473.0,44418000000.0,0.0,0.0,2.634,0.0,2.634,8.945,,,,,,,,
Taiwan,1968,TWN,14215584.0,48490312000.0,0.0,0.0,3.864,0.0,3.864,11.441,,,,,,,,
Taiwan,1969,TWN,14523608.0,52824000000.0,0.0,0.0,3.052,0.0,3.052,8.618,,,,,,,,
Taiwan,1970,TWN,14815755.0,58767408000.0,0.0,0.0,2.865,0.0,2.865,7.426,,,,,,,,
Taiwan,1971,TWN,15121137.0,66433140000.0,0.0,0.0,3.091,0.0,3.091,6.376,,,,,,,,
Taiwan,1972,TWN,15450618.0,75263616000.0,0.0,0.0,3.636,0.0,3.636,7.023,,,,,,,,
Taiwan,1973,TWN,15772691.0,84935184000.0,0.0,0.0,3.399,0.0,3.399,5.613,,,,,,,,
Taiwan,1974,TWN,16082315.0,85927160000.0,0.0,0.0,4.705,0.0,4.705,8.126,,,,,,,,
Taiwan,1975,TWN,16365267.0,90166454000.0,0.0,0.0,5.261,0.0,5.261,8.248,,,,,,,,
Taiwan,1976,TWN,16671501.0,102636575000.0,0.0,0.0,4.282,0.0,4.282,5.504,,,,,,,,
Taiwan,1977,TWN,17020095.0,113116256000.0,0.0,0.0,4.023,0.0,4.023,4.71,,,,,,,,
Taiwan,1978,TWN,17373729.0,128499710000.0,0.0,0.0,4.966,0.0,4.966,4.925,,,,,,,,
Taiwan,1979,TWN,17735789.0,139008216000.0,0.0,0.0,4.567,0.0,4.567,4.267,,,,,,,,
Taiwan,1980,TWN,18086521.0,149134592000.0,0.0,0.0,2.926,0.0,2.926,2.591,,,,,,,,
Taiwan,1981,TWN,18412829.0,158330653000.0,0.0,0.0,4.791,0.0,4.791,4.539,,,,,,,,
Taiwan,1982,TWN,18723986.0,163935090000.0,0.0,0.0,4.781,0.008,4.79,4.082,,,,,,,,
Taiwan,1983,TWN,19022629.0,177801210000.0,0.0,0.0,4.988,0.005,4.992,3.832,,,,,,,,
Taiwan,1984,TWN,19306762.0,196633692000.0,0.0,0.0,4.385,0.004,4.389,3.231,,,,,,,,
Taiwan,1985,TWN,19571695.0,206396292000.0,0.0,0.0,6.001,0.003,6.004,4.227,10.807,0.0,0.0,10.802,19.901,55.557,,
Taiwan,1986,TWN,19805981.0,230398776000.0,0.0,0.0,6.13,0.005,6.134,3.966,9.841,0.0,0.0,9.834,27.97,62.334,,
Taiwan,1987,TWN,20015820.0,267740880000.0,0.0,0.0,5.509,0.003,5.512,3.292,7.967,0.0,0.0,7.963,28.93,69.179,,
Taiwan,1988,TWN,20223658.0,280142616000.0,0.0,0.0,4.674,0.003,4.677,2.526,6.133,0.0,0.0,6.129,39.453,76.261,,
Taiwan,1989,TWN,20418913.0,303193429000.0,0.0,0.0,4.863,0.195,5.059,2.587,6.018,0.0,0.0,5.786,48.904,84.058,,
Taiwan,1990,TWN,20594907.0,319544652000.0,0.0,0.0,6.381,0.212,6.593,3.164,7.31,0.0,0.0,7.075,48.928,90.194,,
Taiwan,1991,TWN,20781752.0,345211462786.0,0.0,0.0,3.854,0.243,4.097,1.866,4.131,0.0,0.0,3.886,58.131,99.178,,
Taiwan,1992,TWN,20982088.0,372503882517.0,0.0,0.0,6.556,0.262,6.818,2.916,6.46,0.0,0.0,6.212,63.057,105.53,,
Taiwan,1993,TWN,21174678.0,396575970496.0,0.0,0.0,4.109,0.233,4.342,1.757,3.769,0.0,0.0,3.567,73.885,115.206,,
Taiwan,1994,TWN,21357145.0,425304537408.0,0.0,0.0,5.062,0.257,5.318,2.026,4.267,0.0,0.0,4.061,80.574,124.635,,
Taiwan,1995,TWN,21534497.0,451738410710.0,0.0,0.0,4.839,0.384,5.223,1.878,3.924,0.0,0.0,3.636,88.418,133.117,,
Taiwan,1996,TWN,21709270.0,477921929086.0,0.0,0.0,4.743,0.47,5.213,1.804,3.672,0.0,0.0,3.341,94.44,141.962,,
Taiwan,1997,TWN,21885332.0,504501700824.0,0.0,0.0,5.245,0.526,5.771,1.887,3.835,0.0,0.0,3.486,103.868,150.486,,
Taiwan,1998,TWN,22049226.0,524131056297.0,0.0,0.0,6.202,0.607,6.809,2.103,4.172,0.0,0.0,3.8,114.786,163.228,,
Taiwan,1999,TWN,22203788.0,557640971015.0,0.0,0.0,5.051,0.759,5.81,1.723,3.436,0.0,0.0,2.988,120.864,169.065,,
Taiwan,2000,TWN,22332873.0,591153923509.0,0.0,0.0,4.56,1.05,5.61,1.566,3.035,0.0,0.0,2.467,140.73,184.84,117.41,635.2
Taiwan,2001,TWN,22446254.0,582366336280.0,0.0,0.01,5.09,1.32,6.42,1.734,3.405,0.0,0.005,2.7,146.62,188.53,123.33,654.17
Taiwan,2002,TWN,22566898.0,612808812199.0,0.0,0.02,2.78,1.6,4.4,1.158,2.213,0.0,0.01,1.398,154.89,198.84,130.08,654.19
Taiwan,2003,TWN,22664130.0,636240085985.0,0.0,0.02,3.03,1.77,4.82,1.214,2.306,0.0,0.01,1.449,165.35,209.06,139.19,665.79
Taiwan,2004,TWN,22745432.0,675272430215.0,0.0,0.03,3.21,1.85,5.09,1.222,2.33,0.0,0.014,1.47,173.83,218.41,144.98,663.8
Taiwan,2005,TWN,22824932.0,709313986797.0,0.0,0.09,4.07,1.85,6.01,1.409,2.642,0.0,0.04,1.789,181.52,227.5,151.32,665.14
Taiwan,2006,TWN,22914644.0,745965982529.0,0.0,0.28,4.09,1.85,6.22,1.411,2.641,0.0,0.119,1.736,189.45,235.54,157.68,669.44
Taiwan,2007,TWN,23006921.0,791900583149.0,0.0,0.44,4.42,1.88,6.74,1.531,2.772,0.0,0.181,1.818,195.83,243.11,162.8,669.66
Taiwan,2008,TWN,23086238.0,794389614968.0,0.0,0.59,4.31,1.82,6.72,1.513,2.82,0.0,0.248,1.809,190.76,238.31,157.31,660.11
Taiwan,2009,TWN,23164353.0,779014502319.0,0.01,0.79,3.75,1.75,6.3,1.468,2.739,0.004,0.343,1.63,182.18,230.05,151.31,657.73
Taiwan,2010,TWN,23224049.0,859487483344.0,0.02,1.03,4.19,1.83,7.07,1.532,2.862,0.008,0.417,1.696,198.35,247.05,161.37,653.19
Taiwan,2011,TWN,23273078.0,888546864638.0,0.06,1.49,4.0,1.83,7.38,1.604,2.927,0.024,0.591,1.586,202.65,252.15,164.48,652.31
Taiwan,2012,TWN,23345963.0,908290377366.0,0.16,1.41,5.67,1.83,9.07,1.971,3.623,0.064,0.563,2.265,200.88,250.37,162.57,649.32
Taiwan,2013,TWN,23416870.0,930852328389.0,0.32,1.64,5.42,1.85,9.23,1.964,3.658,0.127,0.65,2.148,201.46,252.33,162.52,644.08
Taiwan,2014,TWN,23472811.0,974779255338.0,0.53,1.5,4.32,1.92,8.27,1.688,3.181,0.204,0.577,1.662,209.31,259.97,167.81,645.5
Taiwan,2015,TWN,23529260.0,989069527295.0,0.85,1.53,4.47,1.94,8.79,1.76,3.405,0.329,0.593,1.732,212.88,258.14,167.86,650.27
Taiwan,2016,TWN,23586140.0,1010482869589.0,1.11,1.46,6.56,1.91,11.04,2.162,4.18,0.42,0.553,2.484,221.42,264.12,174.1,659.17
Taiwan,2017,TWN,23632950.0,1043939947916.0,1.67,1.72,5.45,1.86,10.7,2.089,3.959,0.618,0.636,2.017,237.11,270.26,185.05,684.71
Taiwan,2018,TWN,23659308.0,1073034529603.0,2.7,1.71,4.48,1.97,10.86,2.094,3.941,0.98,0.621,1.626,236.99,275.53,185.21,672.2
Taiwan,2019,TWN,23674137.0,1105912366266.0,4.02,1.89,5.54,1.99,13.44,2.611,4.902,1.466,0.689,2.021,228.42,274.18,177.96,649.06
Taiwan,2020,TWN,23663461.0,1143369531447.0,6.07,2.31,3.02,2.0,13.4,2.676,4.786,2.168,0.825,1.079,235.15,279.99,181.45,648.06
Taiwan,2021,TWN,23558330.0,1218008773904.0,7.97,2.27,3.47,2.01,15.72,2.932,5.402,2.739,0.78,1.192,247.52,291.03,189.78,652.1
Taiwan,2022,TWN,23420107.0,1247874288934.0,10.68,3.58,5.84,1.99,22.09,4.235,7.665,3.706,1.242,2.026,242.35,288.19,184.22,639.23
Taiwan,2023,TWN,23317145.0,1247874288934.0,12.91,6.24,3.96,2.01,25.12,5.005,8.899,4.573,2.211,1.403,239.36,282.28,181.84,644.18
Taiwan,2024,TWN,23213964.0,1247874288934.0,14.9,10.33,4.21,2.07,31.51,6.268,10.92,5.164,3.58,1.459,244.87,288.56,183.29,635.19
Taiwan,2025,TWN,23112797.0,1247874288934.0,15.68,12.01,5.51,2.1,35.3,6.268,12.24,5.437,4.164,1.911,249.84,288.39,182.61,633.21
Tajikistan,2000,TJK,6284737.0,10735320878.0,0.0,0.0,14.02,0.0,14.02,,98.455,0.0,0.0,98.455,0.22,14.24,0.46,32.3
Tajikistan,2001,TJK,6407376.0,11697951502.0,0.0,0.0,14.21,0.0,14.21,,98.749,0.0,0.0,98.749,0.18,14.39,0.44,30.58
Tajikistan,2002,TJK,6531674.0,12792791823.0,0.0,0.0,15.16,0.0,15.16,,99.085,0.0,0.0,99.085,0.14,15.3,0.44,28.76
Tajikistan,2003,TJK,6658575.0,14027448844.0,0.0,0.0,16.34,0.0,16.34,,98.97,0.0,0.0,98.97,0.17,16.51,0.49,29.68
Tajikistan,2004,TJK,6790555.0,15391086914.0,0.0,0.0,16.34,0.0,16.34,,99.09,0.0,0.0,99.09,0.15,16.49,0.48,29.11
Tajikistan,2005,TJK,6924722.0,16469329106.0,0.0,0.0,16.97,0.0,16.97,,99.298,0.0,0.0,99.298,0.12,17.09,0.47,27.5
Tajikistan,2006,TJK,7057566.0,17531184155.0,0.0,0.0,16.7,0.0,16.7,,98.641,0.0,0.0,98.641,0.23,16.93,0.53,31.31
Tajikistan,2007,TJK,7194479.0,18731098417.0,0.0,0.0,17.11,0.0,17.11,,97.827,0.0,0.0,97.827,0.38,17.49,0.63,36.02
Tajikistan,2008,TJK,7338402.0,20202934540.0,0.0,0.0,15.8,0.0,15.8,,97.833,0.0,0.0,97.833,0.35,16.15,0.58,35.91
Tajikistan,2009,TJK,7490232.0,20969201626.0,0.0,0.0,15.9,0.0,15.9,,98.635,0.0,0.0,98.635,0.22,16.12,0.51,31.64
Tajikistan,2010,TJK,7652144.0,22275913223.0,0.0,0.0,16.4,0.0,16.4,,99.757,0.0,0.0,99.757,0.04,16.44,0.41,24.94
Tajikistan,2011,TJK,7824788.0,23719353153.0,0.0,0.0,16.2,0.0,16.2,,99.754,0.0,0.0,99.754,0.04,16.24,0.4,24.63
Tajikistan,2012,TJK,8014087.0,25498307279.0,0.0,0.0,16.9,0.0,16.9,,99.588,0.0,0.0,99.588,0.07,16.97,0.44,25.93
Tajikistan,2013,TJK,8216733.0,27385180748.0,0.0,0.0,17.07,0.0,17.07,,99.766,0.0,0.0,99.766,0.04,17.11,0.45,26.3
Tajikistan,2014,TJK,8425559.0,29219994834.0,0.0,0.0,16.0,0.0,16.0,,99.01,0.0,0.0,99.01,0.16,16.16,0.53,32.8
Tajikistan,2015,TJK,8643839.0,30973186706.0,0.0,0.0,17.0,0.0,17.0,,99.068,0.0,0.0,99.068,0.16,17.16,0.55,32.05
Tajikistan,2016,TJK,8865623.0,33110336724.0,0.0,0.0,16.63,0.0,16.63,,96.462,0.0,0.0,96.462,0.61,17.24,0.98,56.85
Tajikistan,2017,TJK,9085942.0,35461181351.0,0.0,0.0,17.13,0.0,17.13,,94.589,0.0,0.0,94.589,0.98,18.11,1.35,74.54
Tajikistan,2018,TJK,9307345.0,38156222428.0,0.0,0.0,18.39,0.0,18.39,,93.161,0.0,0.0,93.161,1.35,19.74,1.73,87.64
Tajikistan,2019,TJK,9529970.0,40979787244.0,0.0,0.0,19.17,0.0,19.17,,91.46,0.0,0.0,91.46,1.79,20.96,2.06,98.28
Tajikistan,2020,TJK,9749312.0,42778793597.0,0.0,0.0,18.11,0.0,18.11,,90.1,0.0,0.0,90.1,1.99,20.1,2.21,109.95
Tajikistan,2021,TJK,9966912.0,46800009054.0,0.0,0.0,18.66,0.0,18.66,,90.058,0.0,0.0,90.058,2.06,20.72,2.29,110.52
Tajikistan,2022,TJK,10182228.0,50544013546.0,0.0,0.0,19.92,0.0,19.92,,92.694,0.0,0.0,92.694,1.57,21.49,1.86,86.55
Tajikistan,2023,TJK,10389807.0,50544013546.0,0.0,0.0,20.0,0.0,20.0,,94.206,0.0,0.0,94.206,1.23,21.23,1.58,74.42
Tajikistan,2024,TJK,10590930.0,50544013546.0,0.0,0.0,21.0,0.0,21.0,,94.595,0.0,0.0,94.595,1.2,22.2,1.58,71.17
Tajikistan,2025,TJK,10786738.0,50544013546.0,0.0,0.0,23.28,0.0,23.28,,94.366,0.0,0.0,94.366,1.39,24.67,1.79,72.56
Tanzania,2000,TZA,34260142.0,39001698887.0,0.0,0.0,2.13,0.03,2.16,,86.4,0.0,0.0,85.2,0.34,2.5,0.3,120.0
Tanzania,2001,TZA,35198303.0,42445346863.0,0.0,0.0,2.64,0.04,2.68,,94.7,0.0,0.0,93.286,0.15,2.83,0.19,67.14
Tanzania,2002,TZA,36121301.0,46583070535.0,0.0,0.0,2.72,0.04,2.76,,95.502,0.0,0.0,94.118,0.13,2.89,0.18,62.28
Tanzania,2003,TZA,37089555.0,50824600990.0,0.0,0.0,2.55,0.05,2.6,,95.941,0.0,0.0,94.096,0.11,2.71,0.16,59.04
Tanzania,2004,TZA,38109666.0,55891196644.0,0.0,0.0,2.01,0.05,2.06,,78.927,0.0,0.0,77.011,0.55,2.61,0.37,141.76
Tanzania,2005,TZA,39182083.0,61018758994.0,0.0,0.0,1.78,0.05,1.83,,50.0,0.0,0.0,48.634,1.83,3.66,1.07,292.35
Tanzania,2006,TZA,40294900.0,65508013137.0,0.0,0.0,1.44,0.06,1.5,,42.735,0.0,0.0,41.026,2.01,3.51,1.14,324.79
Tanzania,2007,TZA,41435508.0,72909539423.0,0.0,0.0,2.52,0.06,2.58,,60.849,0.0,0.0,59.434,1.66,4.24,0.99,233.49
Tanzania,2008,TZA,42570728.0,78993514738.0,0.0,0.0,2.65,0.06,2.71,,60.899,0.0,0.0,59.551,1.74,4.45,0.99,222.47
Tanzania,2009,TZA,43633975.0,85446168824.0,0.0,0.0,2.64,0.06,2.7,,56.25,0.0,0.0,55.0,2.1,4.8,1.11,231.25
Tanzania,2010,TZA,44758491.0,93371216148.0,0.01,0.0,2.7,0.07,2.78,,52.158,0.188,0.0,50.657,2.55,5.33,1.36,255.16
Tanzania,2011,TZA,46029371.0,103624510902.0,0.01,0.0,1.99,0.07,2.07,,40.039,0.193,0.0,38.491,3.1,5.17,1.66,321.08
Tanzania,2012,TZA,47374261.0,108951852558.0,0.01,0.0,1.77,0.06,1.84,,32.451,0.176,0.0,31.217,3.83,5.67,2.06,363.32
Tanzania,2013,TZA,48824134.0,116340969671.0,0.01,0.0,1.72,0.07,1.8,,30.05,0.167,0.0,28.715,4.19,5.99,2.32,387.31
Tanzania,2014,TZA,50351506.0,124173043529.0,0.02,0.0,2.59,0.06,2.67,,42.652,0.319,0.0,41.374,3.59,6.26,1.98,316.29
Tanzania,2015,TZA,52020958.0,131823350494.0,0.02,0.0,2.11,0.06,2.19,,33.538,0.306,0.0,32.312,4.34,6.53,2.42,370.6
Tanzania,2016,TZA,53824012.0,140875654933.0,0.03,0.0,2.37,0.07,2.47,,36.217,0.44,0.0,34.751,4.35,6.82,2.24,328.45
Tanzania,2017,TZA,55652888.0,150417154803.0,0.04,0.0,2.35,0.07,2.46,,34.795,0.566,0.0,33.239,4.61,7.07,2.38,336.63
Tanzania,2018,TZA,57437134.0,160884699826.0,0.03,0.0,2.23,0.06,2.32,,31.737,0.41,0.0,30.506,4.99,7.31,2.52,344.73
Tanzania,2019,TZA,59174889.0,172128919031.0,0.03,0.0,2.48,0.07,2.58,,33.205,0.386,0.0,31.918,5.19,7.77,2.62,337.19
Tanzania,2020,TZA,60972803.0,180418650860.0,0.03,0.0,3.14,0.07,3.24,,41.379,0.383,0.0,40.102,4.59,7.83,2.34,298.85
Tanzania,2021,TZA,62830410.0,189343959556.0,0.03,0.0,3.09,0.07,3.19,,36.879,0.347,0.0,35.723,5.46,8.65,2.77,320.23
Tanzania,2022,TZA,64711822.0,198220407805.0,0.03,0.0,2.82,0.07,2.92,,30.353,0.312,0.0,29.314,6.7,9.62,3.36,349.27
Tanzania,2023,TZA,66617607.0,198220407805.0,0.03,0.0,2.7,0.07,2.8,,26.49,0.284,0.0,25.544,7.77,10.57,3.94,372.75
Tanzania,2024,TZA,68560162.0,198220407805.0,0.04,0.0,2.8,0.07,2.91,,32.919,0.452,0.0,31.674,5.93,8.84,3.05,345.02
Thailand,1965,THA,31149337.0,66849225205.0,0.0,0.0,0.841,0.0,0.841,7.645,,,,,,,,
Thailand,1966,THA,32086073.0,74363569972.0,0.0,0.0,1.064,0.0,1.064,8.119,,,,,,,,
Thailand,1967,THA,33037797.0,80603448250.0,0.0,0.0,1.368,0.0,1.368,9.171,,,,,,,,
Thailand,1968,THA,34002562.0,87150752500.0,0.0,0.0,1.405,0.0,1.405,7.333,,,,,,,,
Thailand,1969,THA,34973784.0,94018298125.0,0.0,0.0,1.046,0.0,1.046,5.162,,,,,,,,
Thailand,1970,THA,35954411.0,100145351953.0,0.0,0.0,1.787,0.0,1.787,7.414,,,,,,,,
Thailand,1971,THA,36937392.0,105055231445.0,0.0,0.0,2.048,0.0,2.048,7.672,,,,,,,,
Thailand,1972,THA,37933932.0,109423360429.0,0.0,0.0,1.728,0.0,1.728,5.326,,,,,,,,
Thailand,1973,THA,38947791.0,120382750742.0,0.0,0.0,1.88,0.0,1.88,5.465,,,,,,,,
Thailand,1974,THA,39952896.0,125775711386.0,0.0,0.0,2.458,0.0,2.458,6.874,,,,,,,,
Thailand,1975,THA,40939999.0,132015456000.0,0.0,0.0,3.399,0.0,3.399,8.622,,,,,,,,
Thailand,1976,THA,41896511.0,144055671117.0,0.0,0.0,3.637,0.0,3.637,8.737,,,,,,,,
Thailand,1977,THA,42843973.0,158271602285.0,0.0,0.0,3.265,0.0,3.265,7.122,,,,,,,,
Thailand,1978,THA,43788976.0,173964911097.0,0.0,0.0,2.11,0.0,2.11,4.308,,,,,,,,
Thailand,1979,THA,44718436.0,183049030050.0,0.0,0.0,3.263,0.0,3.263,6.276,,,,,,,,
Thailand,1980,THA,45650031.0,191441891859.0,0.0,0.0,1.273,0.0,1.273,2.436,,,,,,,,
Thailand,1981,THA,46575851.0,202771411523.0,0.0,0.0,2.974,0.0,2.974,5.671,,,,,,,,
Thailand,1982,THA,47494577.0,213618825683.0,0.0,0.0,3.836,0.0,3.836,7.145,,,,,,,,
Thailand,1983,THA,48423309.0,225512488773.0,0.0,0.0,3.66,0.0,3.66,6.215,,,,,,,,
Thailand,1984,THA,49351711.0,238519429062.0,0.0,0.0,4.081,0.0,4.081,6.25,,,,,,,,
Thailand,1985,THA,50270754.0,249623873382.0,0.0,0.0,3.691,0.0,3.691,5.407,16.027,0.0,0.0,16.027,19.331,23.03,,
Thailand,1986,THA,51177832.0,263410245070.0,0.0,0.0,5.532,0.0,5.532,7.626,22.423,0.0,0.0,22.423,19.138,24.67,,
Thailand,1987,THA,52074109.0,288520104468.0,0.0,0.0,4.056,0.005,4.061,4.897,14.213,0.0,0.0,14.196,24.512,28.574,,
Thailand,1988,THA,52969595.0,326878379582.0,0.0,0.0,3.718,0.03,3.748,4.017,11.564,0.0,0.0,11.471,28.665,32.413,,
Thailand,1989,THA,53848955.0,366691705312.0,0.0,0.0,5.512,0.022,5.534,5.126,14.815,0.0,0.0,14.757,31.82,37.353,,
Thailand,1990,THA,54738329.0,407627796816.0,0.0,0.0,4.9,0.025,4.925,3.878,11.165,0.0,0.0,11.108,39.187,44.113,,
Thailand,1991,THA,55637436.0,437871480572.0,0.0,0.0,4.505,0.03,4.535,3.236,9.048,0.0,0.0,8.989,45.585,50.12,,
Thailand,1992,THA,56528832.0,473484188457.0,0.0,0.0,4.159,0.021,4.18,2.724,7.329,0.0,0.0,7.293,52.848,57.028,,
Thailand,1993,THA,57408198.0,509703199590.0,0.0,0.0,3.613,0.029,3.642,2.092,5.75,0.0,0.0,5.704,59.695,63.337,,
Thailand,1994,THA,58260855.0,545365114818.0,0.0,0.0,4.404,0.051,4.454,2.278,6.265,0.0,0.0,6.193,66.648,71.102,,
Thailand,1995,THA,59098231.0,584005907369.0,0.0,0.0,6.593,0.143,6.736,3.056,8.447,0.0,0.0,8.268,73.001,79.737,,
Thailand,1996,THA,59920059.0,611290639859.0,0.0,0.0,7.215,0.207,7.422,2.978,8.532,0.0,0.0,8.294,79.57,86.992,,
Thailand,1997,THA,60724588.0,589240402273.0,0.0,0.0,7.082,0.274,7.356,2.807,7.938,0.0,0.0,7.643,85.306,92.661,,
Thailand,1998,THA,61522632.0,539314649597.0,0.0,0.0,5.089,0.31,5.398,2.24,6.029,0.0,0.0,5.684,84.135,89.533,,
Thailand,1999,THA,62299039.0,558464047703.0,0.0,0.0,3.41,0.447,3.857,1.521,4.275,0.0,0.0,3.779,86.324,90.215,,
Thailand,2000,THA,63007815.0,579217712636.0,0.0,0.0,5.89,0.53,6.42,2.432,6.721,0.0,0.0,6.166,89.1,95.52,57.98,606.99
Thailand,2001,THA,63651137.0,596448007832.0,0.0,0.0,6.17,0.62,6.79,2.432,6.723,0.0,0.0,6.11,94.2,100.99,60.99,603.92
Thailand,2002,THA,64266433.0,630177413705.0,0.0,0.0,7.37,0.75,8.12,2.662,7.488,0.0,0.0,6.796,100.32,108.44,64.17,591.76
Thailand,2003,THA,64868164.0,672602585235.0,0.0,0.0,7.21,1.23,8.44,2.58,7.28,0.0,0.0,6.219,107.5,115.94,68.41,590.05
Thailand,2004,THA,65452049.0,712165919937.0,0.0,0.0,5.9,1.84,7.74,2.204,6.235,0.0,0.0,4.753,116.39,124.13,74.23,598.0
Thailand,2005,THA,66017415.0,739238460898.0,0.0,0.0,5.67,1.86,7.53,2.108,5.773,0.0,0.0,4.347,122.9,130.43,78.2,599.56
Thailand,2006,THA,66567685.0,773067090714.0,0.04,0.0,7.95,1.99,9.98,2.724,7.296,0.029,0.0,5.812,126.8,136.78,81.69,597.24
Thailand,2007,THA,67102388.0,811667437725.0,0.04,0.0,7.96,2.42,10.42,2.832,7.311,0.028,0.0,5.585,132.11,142.53,86.31,605.56
Thailand,2008,THA,67619835.0,822020817321.0,0.04,0.0,6.95,2.14,9.13,2.862,6.278,0.028,0.0,4.779,136.31,145.44,88.39,607.74
Thailand,2009,THA,68121077.0,812859746470.0,0.04,0.0,6.97,2.25,9.26,2.98,6.347,0.027,0.0,4.777,136.64,145.9,88.23,604.73
Thailand,2010,THA,68579443.0,870109340511.0,0.06,0.0,5.35,3.36,8.77,2.75,5.566,0.038,0.0,3.395,148.8,157.57,95.37,605.26
Thailand,2011,THA,69007212.0,873642799890.0,0.09,0.0,7.93,3.98,12.0,3.442,7.828,0.059,0.0,5.173,141.3,153.3,91.95,599.8
Thailand,2012,THA,69436091.0,936920832597.0,0.5,0.02,8.43,4.7,13.65,3.781,8.079,0.296,0.012,4.989,155.31,168.96,100.85,596.89
Thailand,2013,THA,69845112.0,962095812070.0,1.26,0.35,5.41,5.63,12.65,3.8,7.501,0.747,0.208,3.208,155.99,168.64,101.49,601.82
Thailand,2014,THA,70216362.0,971562808709.0,1.93,0.4,5.16,6.72,14.21,4.24,8.178,1.111,0.23,2.97,159.55,173.76,104.48,601.29
Thailand,2015,THA,70540787.0,1002011619070.0,2.38,0.33,3.76,7.34,13.81,4.202,7.766,1.338,0.186,2.114,164.02,177.83,106.19,597.14
Thailand,2016,THA,70859835.0,1036430730493.0,3.55,0.38,3.54,8.6,16.07,4.617,8.937,1.974,0.211,1.969,163.75,179.82,107.08,595.48
Thailand,2017,THA,71160183.0,1079732734924.0,4.54,1.11,4.69,9.29,19.63,5.318,11.107,2.569,0.628,2.654,157.1,176.73,103.09,583.32
Thailand,2018,THA,71376081.0,1125329902301.0,4.54,1.64,7.6,11.74,25.52,6.379,14.356,2.554,0.923,4.275,152.24,177.76,100.93,567.79
Thailand,2019,THA,71522264.0,1149130685920.0,5.15,3.67,6.31,12.59,27.72,6.951,14.862,2.761,1.968,3.383,158.79,186.51,104.87,562.28
Thailand,2020,THA,71641484.0,1078332670656.0,5.03,3.22,4.54,12.29,25.08,6.97,14.211,2.85,1.825,2.573,151.4,176.48,100.68,570.49
Thailand,2021,THA,71727338.0,1095187026392.0,4.99,3.53,4.54,13.41,26.47,7.034,15.009,2.829,2.002,2.574,149.89,176.36,99.83,566.06
Thailand,2022,THA,71735321.0,1124143758569.0,5.03,2.99,6.6,13.86,28.48,7.248,15.79,2.789,1.658,3.659,151.89,180.37,101.06,560.29
Thailand,2023,THA,71702436.0,1124143758569.0,5.14,3.74,6.59,14.29,29.76,7.608,15.624,2.698,1.963,3.46,160.72,190.48,104.62,549.24
Thailand,2024,THA,71668010.0,1124143758569.0,5.43,3.38,6.41,14.39,29.61,7.403,14.841,2.722,1.694,3.213,169.91,199.52,110.68,554.73
Thailand,2025,THA,71619866.0,1124143758569.0,9.98,3.41,7.62,10.19,31.2,7.403,16.575,5.302,1.812,4.048,157.04,188.24,102.73,545.74
Togo,2000,TGO,4783721.0,5742626906.0,0.0,0.0,0.1,0.0,0.1,,55.556,0.0,0.0,55.556,0.08,0.18,0.05,277.78
Togo,2001,TGO,4904135.0,5728350754.0,0.0,0.0,0.05,0.0,0.05,,38.462,0.0,0.0,38.462,0.08,0.13,0.05,384.62
Togo,2002,TGO,5027128.0,5709447507.0,0.0,0.0,0.09,0.0,0.09,,56.25,0.0,0.0,56.25,0.07,0.16,0.05,312.5
Togo,2003,TGO,5154113.0,6045966479.0,0.0,0.0,0.12,0.0,0.12,,66.667,0.0,0.0,66.667,0.06,0.18,0.04,222.22
Togo,2004,TGO,5281320.0,6257433355.0,0.0,0.0,0.08,0.0,0.08,,42.105,0.0,0.0,42.105,0.11,0.19,0.07,368.42
Togo,2005,TGO,5413151.0,6399681696.0,0.0,0.0,0.07,0.0,0.07,,36.842,0.0,0.0,36.842,0.12,0.19,0.08,421.05
Togo,2006,TGO,5569659.0,6714729819.0,0.0,0.0,0.09,0.0,0.09,,40.909,0.0,0.0,40.909,0.13,0.22,0.09,409.09
Togo,2007,TGO,5748437.0,6923652593.0,0.0,0.0,0.09,0.01,0.1,,52.632,0.0,0.0,47.368,0.09,0.19,0.06,315.79
Togo,2008,TGO,5936140.0,7155226201.0,0.0,0.0,0.09,0.0,0.09,,69.231,0.0,0.0,69.231,0.04,0.13,0.03,230.77
Togo,2009,TGO,6130944.0,7467517725.0,0.0,0.0,0.11,0.0,0.11,,73.333,0.0,0.0,73.333,0.04,0.15,0.03,200.0
Togo,2010,TGO,6325791.0,7846071439.0,0.0,0.0,0.09,0.0,0.09,,40.909,0.0,0.0,40.909,0.13,0.22,0.09,409.09
Togo,2011,TGO,6500577.0,8309244000.0,0.0,0.0,0.1,0.0,0.1,,47.619,0.0,0.0,47.619,0.11,0.21,0.07,333.33
Togo,2012,TGO,6653719.0,8791743000.0,0.0,0.0,0.09,0.0,0.09,,28.125,0.0,0.0,28.125,0.23,0.32,0.15,468.75
Togo,2013,TGO,6798851.0,9242968000.0,0.0,0.0,0.04,0.0,0.04,,12.5,0.0,0.0,12.5,0.28,0.32,0.18,562.5
Togo,2014,TGO,6937647.0,9806234000.0,0.0,0.0,0.12,0.0,0.12,,34.286,0.0,0.0,34.286,0.23,0.35,0.15,428.57
Togo,2015,TGO,7071500.0,10346240000.0,0.0,0.0,0.06,0.0,0.06,,13.636,0.0,0.0,13.636,0.38,0.44,0.23,522.73
Togo,2016,TGO,7200883.0,10960546310.0,0.0,0.0,0.2,0.0,0.2,,21.277,0.0,0.0,21.277,0.74,0.94,0.49,521.28
Togo,2017,TGO,7324379.0,11420230383.0,0.0,0.0,0.21,0.0,0.21,,25.926,0.0,0.0,25.926,0.6,0.81,0.39,481.48
Togo,2018,TGO,7458205.0,11989462252.0,0.01,0.0,0.2,0.0,0.21,,35.0,1.667,0.0,33.333,0.39,0.6,0.24,400.0
Togo,2019,TGO,7619916.0,12579682405.0,0.01,0.0,0.12,0.0,0.13,,21.311,1.639,0.0,19.672,0.48,0.61,0.28,459.02
Togo,2020,TGO,7788058.0,12720130961.0,0.01,0.0,0.08,0.0,0.09,,14.754,1.639,0.0,13.115,0.52,0.61,0.31,508.2
Togo,2021,TGO,7936185.0,13482266787.0,0.07,0.0,0.09,0.0,0.16,,22.535,9.859,0.0,12.676,0.55,0.71,0.33,464.79
Togo,2022,TGO,8068616.0,14265660408.0,0.1,0.0,0.08,0.0,0.18,,20.0,11.111,0.0,8.889,0.72,0.9,0.43,477.78
Togo,2023,TGO,8223853.0,14265660408.0,0.11,0.0,0.08,0.0,0.19,,26.761,15.493,0.0,11.268,0.52,0.71,0.31,436.62
Togo,2024,TGO,8406554.0,14265660408.0,0.13,0.0,0.08,0.0,0.21,,29.577,18.31,0.0,11.268,0.5,0.71,0.3,422.54
Tonga,2000,TON,102695.0,,0.0,0.0,0.0,0.0,0.0,,0.0,0.0,0.0,0.0,0.04,0.04,0.03,750.0
Tonga,2001,TON,103305.0,,0.0,0.0,0.0,0.0,0.0,,0.0,0.0,0.0,0.0,0.04,0.04,0.03,750.0
Tonga,2002,TON,103888.0,,0.0,0.0,0.0,0.0,0.0,,0.0,0.0,0.0,0.0,0.04,0.04,0.03,750.0
Tonga,2003,TON,104481.0,,0.0,0.0,0.0,0.0,0.0,,0.0,0.0,0.0,0.0,0.04,0.04,0.03,750.0
Tonga,2004,TON,105088.0,,0.0,0.0,0.0,0.0,0.0,,0.0,0.0,0.0,0.0,0.05,0.05,0.03,600.0
Tonga,2005,TON,105684.0,,0.0,0.0,0.0,0.0,0.0,,0.0,0.0,0.0,0.0,0.05,0.05,0.03,600.0
Tonga,2006,TON,106266.0,,0.0,0.0,0.0,0.0,0.0,,0.0,0.0,0.0,0.0,0.05,0.05,0.03,600.0
Tonga,2007,TON,106744.0,,0.0,0.0,0.0,0.0,0.0,,0.0,0.0,0.0,0.0,0.05,0.05,0.03,600.0
Tonga,2008,TON,107036.0,,0.0,0.0,0.0,0.0,0.0,,0.0,0.0,0.0,0.0,0.05,0.05,0.03,600.0
Tonga,2009,TON,107219.0,,0.0,0.0,0.0,0.0,0.0,,0.0,0.0,0.0,0.0,0.05,0.05,0.03,600.0
Tonga,2010,TON,107415.0,,0.0,0.0,0.0,0.0,0.0,,0.0,0.0,0.0,0.0,0.05,0.05,0.03,600.0
Tonga,2011,TON,107584.0,,0.0,0.0,0.0,0.0,0.0,,0.0,0.0,0.0,0.0,0.05,0.05,0.03,600.0
Tonga,2012,TON,107476.0,,0.0,0.0,0.0,0.0,0.0,,0.0,0.0,0.0,0.0,0.05,0.05,0.03,600.0
Tonga,2013,TON,107093.0,,0.0,0.0,0.0,0.0,0.0,,0.0,0.0,0.0,0.0,0.05,0.05,0.03,600.0
Tonga,2014,TON,106627.0,,0.0,0.0,0.0,0.0,0.0,,0.0,0.0,0.0,0.0,0.05,0.05,0.03,600.0
Tonga,2015,TON,106110.0,,0.0,0.0,0.0,0.0,0.0,,0.0,0.0,0.0,0.0,0.05,0.05,0.03,600.0
Tonga,2016,TON,105536.0,,0.0,0.0,0.0,0.0,0.0,,0.0,0.0,0.0,0.0,0.06,0.06,0.04,666.67
Tonga,2017,TON,105373.0,,0.01,0.0,0.0,0.0,0.01,,14.286,14.286,0.0,0.0,0.06,0.07,0.04,571.43
Tonga,2018,TON,105590.0,,0.01,0.0,0.0,0.0,0.01,,14.286,14.286,0.0,0.0,0.06,0.07,0.04,571.43
Tonga,2019,TON,105688.0,,0.01,0.0,0.0,0.0,0.01,,14.286,14.286,0.0,0.0,0.06,0.07,0.04,571.43
Tonga,2020,TON,105721.0,,0.01,0.0,0.0,0.0,0.01,,14.286,14.286,0.0,0.0,0.06,0.07,0.04,571.43
Tonga,2021,TON,105504.0,,0.01,0.0,0.0,0.0,0.01,,14.286,14.286,0.0,0.0,0.06,0.07,0.04,571.43
Tonga,2022,TON,105053.0,,0.01,0.0,0.0,0.0,0.01,,12.5,12.5,0.0,0.0,0.07,0.08,0.05,625.0
Tonga,2023,TON,104613.0,,0.01,0.0,0.0,0.0,0.01,,14.286,14.286,0.0,0.0,0.06,0.07,0.04,571.43
Tonga,2024,TON,104192.0,,0.01,0.0,0.0,0.0,0.01,,14.286,14.286,0.0,0.0,0.06,0.07,0.04,571.43
Trinidad and Tobago,1965,TTO,928433.0,10525291584.0,0.0,0.0,0.0,0.0,0.0,0.0,,,,,,,,
Trinidad and Tobago,1966,TTO,942947.0,10983680775.0,0.0,0.0,0.0,0.0,0.0,0.0,,,,,,,,
Trinidad and Tobago,1967,TTO,956429.0,11213650587.0,0.0,0.0,0.0,0.0,0.0,0.0,,,,,,,,
Trinidad and Tobago,1968,TTO,969006.0,11795877310.0,0.0,0.0,0.0,0.0,0.0,0.0,,,,,,,,
Trinidad and Tobago,1969,TTO,980713.0,12121325100.0,0.0,0.0,0.0,0.0,0.0,0.0,,,,,,,,
Trinidad and Tobago,1970,TTO,991480.0,12549655000.0,0.0,0.0,0.0,0.0,0.0,0.0,,,,,,,,
Trinidad and Tobago,1971,TTO,1002588.0,12678761667.0,0.0,0.0,0.0,0.035,0.035,0.242,,,,,,,,
Trinidad and Tobago,1972,TTO,1014927.0,13411911497.0,0.0,0.0,0.0,0.035,0.035,0.176,,,,,,,,
Trinidad and Tobago,1973,TTO,1027860.0,13633377532.0,0.0,0.0,0.0,0.029,0.029,0.147,,,,,,,,
Trinidad and Tobago,1974,TTO,1040768.0,14363102717.0,0.0,0.0,0.0,0.025,0.025,0.131,,,,,,,,
Trinidad and Tobago,1975,TTO,1053468.0,14634735593.0,0.0,0.0,0.0,0.023,0.023,0.15,,,,,,,,
Trinidad and Tobago,1976,TTO,1066314.0,16033149773.0,0.0,0.0,0.0,0.019,0.019,0.11,,,,,,,,
Trinidad and Tobago,1977,TTO,1079560.0,17052216252.0,0.0,0.0,0.0,0.023,0.023,0.128,,,,,,,,
Trinidad and Tobago,1978,TTO,1093393.0,19043817728.0,0.0,0.0,0.0,0.029,0.029,0.161,,,,,,,,
Trinidad and Tobago,1979,TTO,1107652.0,19923964918.0,0.0,0.0,0.0,0.029,0.029,0.182,,,,,,,,
Trinidad and Tobago,1980,TTO,1121750.0,21520182347.0,0.0,0.0,0.0,0.026,0.026,0.169,,,,,,,,
Trinidad and Tobago,1981,TTO,1135140.0,22469886000.0,0.0,0.0,0.0,0.019,0.019,0.117,,,,,,,,
Trinidad and Tobago,1982,TTO,1147932.0,21154917000.0,0.0,0.0,0.0,0.018,0.018,0.095,,,,,,,,
Trinidad and Tobago,1983,TTO,1160537.0,19495336000.0,0.0,0.0,0.0,0.016,0.016,0.086,,,,,,,,
Trinidad and Tobago,1984,TTO,1172985.0,20667920000.0,0.0,0.0,0.0,0.013,0.013,0.071,,,,,,,,
Trinidad and Tobago,1985,TTO,1187370.0,19821819000.0,0.0,0.0,0.0,0.017,0.017,0.09,0.562,0.0,0.0,0.0,,3.023,,
Trinidad and Tobago,1986,TTO,1203132.0,19172168000.0,0.0,0.0,0.0,0.026,0.026,0.132,0.79,0.0,0.0,0.0,,3.291,,
Trinidad and Tobago,1987,TTO,1217367.0,18288025000.0,0.0,0.0,0.0,0.031,0.031,0.167,0.891,0.0,0.0,0.0,,3.481,,
Trinidad and Tobago,1988,TTO,1230071.0,17577124000.0,0.0,0.0,0.0,0.027,0.027,0.132,0.775,0.0,0.0,0.0,,3.485,,
Trinidad and Tobago,1989,TTO,1241606.0,17434560000.0,0.0,0.0,0.0,0.026,0.026,0.13,0.758,0.0,0.0,0.0,,3.428,,
Trinidad and Tobago,1990,TTO,1252215.0,17710560000.0,0.0,0.0,0.0,0.031,0.031,0.139,0.867,0.0,0.0,0.0,,3.577,,
Trinidad and Tobago,1991,TTO,1262174.0,17744930735.0,0.0,0.0,0.0,0.025,0.025,0.113,0.672,0.0,0.0,0.0,,3.72,,
Trinidad and Tobago,1992,TTO,1271681.0,18033685367.0,0.0,0.0,0.0,0.03,0.03,0.128,0.755,0.0,0.0,0.0,,3.976,,
Trinidad and Tobago,1993,TTO,1280474.0,17565341385.0,0.0,0.0,0.0,0.028,0.028,0.113,0.734,0.0,0.0,0.0,,3.817,,
Trinidad and Tobago,1994,TTO,1288353.0,17136543834.0,0.0,0.0,0.0,0.032,0.032,0.122,0.786,0.0,0.0,0.0,,4.069,,
Trinidad and Tobago,1995,TTO,1295167.0,18276117548.0,0.0,0.0,0.0,0.033,0.033,0.116,0.766,0.0,0.0,0.0,,4.307,,
Trinidad and Tobago,1996,TTO,1300937.0,19382659994.0,0.0,0.0,0.0,0.017,0.017,0.053,0.374,0.0,0.0,0.0,,4.541,,
Trinidad and Tobago,1997,TTO,1305838.0,20630081772.0,0.0,0.0,0.0,0.018,0.018,0.056,0.361,0.0,0.0,0.0,,4.988,,
Trinidad and Tobago,1998,TTO,1310226.0,22081300091.0,0.0,0.0,0.0,0.018,0.018,0.055,0.348,0.0,0.0,0.0,,5.169,,
Trinidad and Tobago,1999,TTO,1314711.0,23618240997.0,0.0,0.0,0.0,0.018,0.018,0.049,0.343,0.0,0.0,0.0,,5.247,,
Trinidad and Tobago,2000,TTO,1319781.0,24996996038.0,0.0,0.0,0.0,0.02,0.02,0.054,0.366,0.0,0.0,0.0,5.44,5.46,3.71,679.49
Trinidad and Tobago,2001,TTO,1325573.0,25814786793.0,0.0,0.0,0.0,0.03,0.03,0.074,0.532,0.0,0.0,0.0,5.61,5.64,3.84,680.85
Trinidad and Tobago,2002,TTO,1332017.0,27665233734.0,0.0,0.0,0.0,0.03,0.03,0.06,0.532,0.0,0.0,0.0,5.61,5.64,3.84,680.85
Trinidad and Tobago,2003,TTO,1338718.0,31435997895.0,0.0,0.0,0.0,0.01,0.01,0.028,0.155,0.0,0.0,0.0,6.43,6.44,4.39,681.68
Trinidad and Tobago,2004,TTO,1345386.0,33689560531.0,0.0,0.0,0.0,0.02,0.02,0.046,0.311,0.0,0.0,0.0,6.41,6.43,4.38,681.18
Trinidad and Tobago,2005,TTO,1352040.0,35495977662.0,0.0,0.0,0.0,0.02,0.02,0.041,0.284,0.0,0.0,0.0,7.03,7.05,4.8,680.85
Trinidad and Tobago,2006,TTO,1358706.0,39852731106.0,0.0,0.0,0.0,0.03,0.03,0.041,0.418,0.0,0.0,0.0,7.14,7.17,4.88,680.61
Trinidad and Tobago,2007,TTO,1365381.0,41413662308.0,0.0,0.0,0.0,0.02,0.02,0.031,0.26,0.0,0.0,0.0,7.66,7.68,5.22,679.69
Trinidad and Tobago,2008,TTO,1372090.0,42494149374.0,0.0,0.0,0.0,0.02,0.02,0.033,0.259,0.0,0.0,0.0,7.71,7.73,5.25,679.17
Trinidad and Tobago,2009,TTO,1379056.0,40299152132.0,0.0,0.0,0.0,0.02,0.02,0.032,0.255,0.0,0.0,0.0,7.82,7.84,5.33,679.85
Trinidad and Tobago,2010,TTO,1386657.0,41285434067.0,0.0,0.0,0.0,0.0,0.0,0.005,0.0,0.0,0.0,0.0,8.48,8.48,5.78,681.6
Trinidad and Tobago,2011,TTO,1394990.0,40819362692.0,0.0,0.0,0.0,0.0,0.0,0.005,0.0,0.0,0.0,0.0,8.76,8.76,5.97,681.51
Trinidad and Tobago,2012,TTO,1403814.0,42669299120.0,0.0,0.0,0.0,0.0,0.0,0.007,0.0,0.0,0.0,0.0,9.12,9.12,6.22,682.02
Trinidad and Tobago,2013,TTO,1412658.0,44309506041.0,0.0,0.0,0.0,0.0,0.0,0.007,0.0,0.0,0.0,0.0,9.5,9.5,6.48,682.11
Trinidad and Tobago,2014,TTO,1421135.0,45781910542.0,0.0,0.0,0.0,0.0,0.0,0.007,0.0,0.0,0.0,0.0,9.41,9.41,6.41,681.19
Trinidad and Tobago,2015,TTO,1429190.0,45435797433.0,0.01,0.0,0.0,0.0,0.01,0.007,0.104,0.104,0.0,0.0,9.56,9.57,6.52,681.3
Trinidad and Tobago,2016,TTO,1437031.0,42362516644.0,0.01,0.0,0.0,0.0,0.01,0.008,0.106,0.106,0.0,0.0,9.41,9.42,6.42,681.53
Trinidad and Tobago,2017,TTO,1445265.0,40368511597.0,0.01,0.0,0.0,0.0,0.01,0.008,0.107,0.107,0.0,0.0,9.31,9.32,6.35,681.33
Trinidad and Tobago,2018,TTO,1470522.0,40016907555.0,0.01,0.0,0.0,0.0,0.01,0.008,0.108,0.108,0.0,0.0,9.22,9.23,6.29,681.47
Trinidad and Tobago,2019,TTO,1484898.0,40060922958.0,0.01,0.0,0.0,0.0,0.01,0.008,0.109,0.109,0.0,0.0,9.19,9.2,6.27,681.52
Trinidad and Tobago,2020,TTO,1481026.0,36985045051.0,0.01,0.0,0.0,0.0,0.01,0.009,0.108,0.108,0.0,0.0,9.22,9.23,6.29,681.47
Trinidad and Tobago,2021,TTO,1487715.0,36605213818.0,0.01,0.0,0.0,0.0,0.01,0.009,0.108,0.108,0.0,0.0,9.26,9.27,6.32,681.77
Trinidad and Tobago,2022,TTO,1495923.0,37513383973.0,0.01,0.0,0.0,0.0,0.01,0.009,0.105,0.105,0.0,0.0,9.49,9.5,6.48,682.11
Trinidad and Tobago,2023,TTO,1502938.0,37513383973.0,0.01,0.0,0.0,0.0,0.01,0.009,0.105,0.105,0.0,0.0,9.51,9.52,6.49,681.72
Trinidad and Tobago,2024,TTO,1507778.0,37513383973.0,0.01,0.0,0.0,0.0,0.01,0.011,0.105,0.105,0.0,0.0,9.54,9.55,6.51,681.68
Tunisia,2000,TUN,9764940.0,71818861344.0,0.0,0.02,0.06,0.0,0.08,,0.755,0.0,0.189,0.567,10.51,10.59,6.21,586.4
Tunisia,2001,TUN,9869679.0,75444595962.0,0.0,0.02,0.05,0.0,0.07,,0.615,0.0,0.176,0.439,11.31,11.38,6.67,586.12
Tunisia,2002,TUN,9971521.0,76877531228.0,0.0,0.03,0.06,0.0,0.09,,0.76,0.0,0.253,0.507,11.75,11.84,6.92,584.46
Tunisia,2003,TUN,10071638.0,81240064067.0,0.0,0.03,0.16,0.0,0.19,,1.684,0.0,0.266,1.418,11.09,11.28,6.46,572.7
Tunisia,2004,TUN,10166170.0,86232298416.0,0.0,0.04,0.15,0.0,0.19,,1.593,0.0,0.335,1.257,11.74,11.93,6.84,573.35
Tunisia,2005,TUN,10255474.0,89804282207.0,0.0,0.04,0.14,0.0,0.18,,1.422,0.0,0.316,1.106,12.48,12.66,7.27,574.25
Tunisia,2006,TUN,10346408.0,95016289901.0,0.0,0.04,0.09,0.0,0.13,,0.995,0.0,0.306,0.689,12.94,13.07,7.6,581.48
Tunisia,2007,TUN,10441705.0,101101822575.0,0.0,0.04,0.05,0.0,0.09,,0.655,0.0,0.291,0.364,13.65,13.74,8.05,585.88
Tunisia,2008,TUN,10542637.0,105766317552.0,0.0,0.04,0.03,0.0,0.07,,0.487,0.0,0.278,0.209,14.3,14.37,8.37,582.46
Tunisia,2009,TUN,10650682.0,109299724050.0,0.0,0.1,0.08,0.0,0.18,,1.18,0.0,0.655,0.524,15.08,15.26,8.81,577.33
Tunisia,2010,TUN,10765984.0,112484995734.0,0.0,0.14,0.05,0.0,0.19,,1.196,0.0,0.881,0.315,15.7,15.89,9.13,574.58
Tunisia,2011,TUN,10886041.0,110760053250.0,0.0,0.11,0.05,0.0,0.16,,0.982,0.0,0.675,0.307,16.14,16.3,9.39,576.07
Tunisia,2012,TUN,11009649.0,115430801370.0,0.0,0.2,0.11,0.0,0.31,,1.738,0.0,1.121,0.617,17.53,17.84,10.19,571.19
Tunisia,2013,TUN,11141365.0,118235775346.0,0.01,0.36,0.06,0.0,0.43,,2.37,0.055,1.985,0.331,17.71,18.14,10.31,568.36
Tunisia,2014,TUN,11274295.0,121889250523.0,0.03,0.51,0.05,0.0,0.59,,3.11,0.158,2.688,0.264,18.38,18.97,10.71,564.58
Tunisia,2015,TUN,11402270.0,123069138453.0,0.06,0.45,0.07,0.0,0.58,,2.977,0.308,2.31,0.359,18.9,19.48,11.06,567.76
Tunisia,2016,TUN,11528676.0,124443824545.0,0.11,0.47,0.05,0.0,0.63,,3.209,0.56,2.394,0.255,19.0,19.63,11.06,563.42
Tunisia,2017,TUN,11650504.0,127228891219.0,0.13,0.45,0.02,0.0,0.6,,2.915,0.632,2.187,0.097,19.98,20.58,11.65,566.08
Tunisia,2018,TUN,11765515.0,130568635947.0,0.08,0.45,0.02,0.0,0.55,,2.629,0.382,2.151,0.096,20.37,20.92,11.87,567.4
Tunisia,2019,TUN,11875084.0,132642060864.0,0.12,0.5,0.07,0.0,0.69,,3.134,0.545,2.271,0.318,21.33,22.02,12.44,564.94
Tunisia,2020,TUN,11974058.0,120945694784.0,0.15,0.47,0.05,0.0,0.67,,3.134,0.702,2.198,0.234,20.71,21.38,12.07,564.55
Tunisia,2021,TUN,12048625.0,126273349199.0,0.22,0.43,0.03,0.0,0.68,,3.105,1.005,1.963,0.137,21.22,21.9,12.36,564.38
Tunisia,2022,TUN,12119338.0,129457959410.0,0.32,0.32,0.01,0.0,0.65,,3.036,1.495,1.495,0.047,20.76,21.41,12.11,565.62
Tunisia,2023,TUN,12200434.0,129457959410.0,0.49,0.34,0.01,0.0,0.84,,3.947,2.303,1.598,0.047,20.44,21.28,11.92,560.15
Tunisia,2024,TUN,12277103.0,129457959410.0,0.56,0.37,0.01,0.0,0.94,,4.399,2.62,1.731,0.047,20.43,21.37,11.93,558.26
Tunisia,2025,TUN,12348576.0,129457959410.0,0.56,0.33,0.01,0.0,0.9,,4.034,2.51,1.479,0.045,21.41,22.31,12.5,560.29
Turkey,1965,TUR,32345213.0,111220451968.0,0.0,0.0,2.179,0.1,2.279,6.992,,,,,,,,
Turkey,1966,TUR,33177679.0,124959745875.0,0.0,0.0,2.338,0.122,2.46,6.581,,,,,,,,
Turkey,1967,TUR,34050420.0,131273062160.0,0.0,0.0,2.382,0.173,2.555,6.62,,,,,,,,
Turkey,1968,TUR,34921681.0,140827131703.0,0.0,0.0,3.175,0.179,3.354,7.452,,,,,,,,
Turkey,1969,TUR,35787778.0,149141534105.0,0.0,0.0,3.445,0.178,3.623,7.369,,,,,,,,
Turkey,1970,TUR,36638458.0,157265367609.0,0.0,0.0,3.033,0.166,3.199,6.12,,,,,,,,
Turkey,1971,TUR,37518610.0,172474534238.0,0.0,0.0,2.61,0.162,2.772,4.791,,,,,,,,
Turkey,1972,TUR,38430215.0,184802765953.0,0.0,0.0,3.204,0.175,3.379,5.224,,,,,,,,
Turkey,1973,TUR,39329533.0,194442379101.0,0.0,0.0,2.603,0.197,2.8,3.826,,,,,,,,
Turkey,1974,TUR,40210234.0,211512796257.0,0.0,0.0,3.356,0.207,3.563,4.768,,,,,,,,
Turkey,1975,TUR,41053123.0,231789908328.0,0.0,0.0,5.904,0.22,6.124,7.345,,,,,,,,
Turkey,1976,TUR,41899990.0,253392368632.0,0.0,0.0,8.375,0.161,8.536,9.082,,,,,,,,
Turkey,1977,TUR,42773301.0,265743913359.0,0.0,0.0,8.572,0.218,8.79,8.548,,,,,,,,
Turkey,1978,TUR,43645306.0,274794563281.0,0.0,0.0,9.335,0.137,9.472,8.689,,,,,,,,
Turkey,1979,TUR,44510430.0,274002543890.0,0.0,0.0,10.289,0.145,10.434,10.173,,,,,,,,
Turkey,1980,TUR,45408818.0,273441194023.0,0.0,0.0,11.348,0.136,11.484,10.777,,,,,,,,
Turkey,1981,TUR,46321190.0,286816306359.0,0.0,0.0,12.616,0.11,12.726,11.839,,,,,,,,
Turkey,1982,TUR,47322104.0,302868955511.0,0.0,0.0,14.167,0.0,14.167,12.066,,,,,,,,
Turkey,1983,TUR,48447413.0,315758770277.0,0.0,0.0,11.343,0.0,11.343,9.331,,,,,,,,
Turkey,1984,TUR,49574065.0,335720503375.0,0.0,0.0,13.426,0.022,13.448,10.516,,,,,,,,
Turkey,1985,TUR,50687118.0,354837207539.0,0.0,0.0,12.045,0.006,12.051,8.719,35.217,0.0,0.0,35.2,22.168,34.219,,
Turkey,1986,TUR,51777768.0,381728509675.0,0.0,0.0,11.873,0.044,11.916,7.911,30.02,0.0,0.0,29.91,27.779,39.695,,
Turkey,1987,TUR,52843671.0,417316000921.0,0.0,0.0,18.618,0.058,18.676,10.896,42.107,0.0,0.0,41.977,25.677,44.353,,
Turkey,1988,TUR,53909628.0,435877005093.0,0.0,0.0,28.95,0.068,29.018,15.44,60.393,0.0,0.0,60.25,19.031,48.049,,
Turkey,1989,TUR,54976719.0,443256143906.0,0.0,0.0,17.94,0.063,18.002,9.725,34.591,0.0,0.0,34.471,34.041,52.043,,
Turkey,1990,TUR,56015627.0,486761175773.0,0.0,0.0,23.15,0.08,23.23,11.585,40.372,0.0,0.0,40.233,34.31,57.54,,526.07
Turkey,1991,TUR,57009892.0,498030901697.0,0.0,0.0,22.68,0.12,22.8,11.138,37.849,0.0,0.0,37.649,37.44,60.24,,539.18
Turkey,1992,TUR,57990121.0,535075772045.0,0.0,0.0,26.57,0.12,26.69,12.401,39.629,0.0,0.0,39.451,40.66,67.35,,538.68
Turkey,1993,TUR,58999164.0,586262069548.0,0.0,0.0,33.95,0.14,34.09,14.592,46.186,0.0,0.0,45.996,39.72,73.81,,480.83
Turkey,1994,TUR,60033832.0,562010879560.0,0.0,0.0,30.59,0.13,30.72,13.571,39.219,0.0,0.0,39.053,47.61,78.33,,536.83
Turkey,1995,TUR,61024501.0,610881311777.0,0.0,0.0,35.54,0.31,35.85,14.165,41.57,0.0,0.0,41.211,50.39,86.24,,504.75
Turkey,1996,TUR,61951134.0,662700429389.0,0.0,0.0,40.47,0.26,40.73,14.756,42.941,0.0,0.0,42.667,54.12,94.85,,495.84
Turkey,1997,TUR,62852968.0,722433616413.0,0.0,0.0,39.82,0.37,40.19,13.917,38.906,0.0,0.0,38.548,63.11,103.3,,519.46
Turkey,1998,TUR,63734385.0,754598720693.0,0.0,0.0,42.23,0.33,42.56,14.377,38.335,0.0,0.0,38.038,68.46,111.02,,519.1
Turkey,1999,TUR,64591916.0,725083487631.0,0.0,0.02,34.68,0.21,34.91,12.09,29.981,0.0,0.017,29.784,81.53,116.44,,557.03
Turkey,2000,TUR,65425957.0,785054993224.0,0.0,0.03,30.88,0.25,31.16,10.096,25.052,0.0,0.024,24.827,93.22,124.38,71.41,574.13
Turkey,2001,TUR,66245125.0,732284634333.0,0.0,0.06,24.01,0.27,24.34,8.632,19.912,0.0,0.049,19.642,97.9,122.24,73.99,605.29
Turkey,2002,TUR,67048792.0,796073298321.0,0.0,0.05,33.68,0.23,33.96,10.918,26.436,0.0,0.039,26.218,94.5,128.46,68.91,536.43
Turkey,2003,TUR,67831735.0,848549642280.0,0.0,0.06,35.33,0.17,35.56,10.734,25.484,0.0,0.043,25.319,103.98,139.54,73.23,524.8
Turkey,2004,TUR,68592621.0,931152861082.0,0.0,0.06,46.08,0.17,46.31,13.0,30.925,0.0,0.04,30.771,103.44,149.75,74.01,494.22
Turkey,2005,TUR,69329557.0,1017383777200.0,0.0,0.06,39.56,0.12,39.74,10.807,24.587,0.0,0.037,24.476,121.89,161.63,87.86,543.59
Turkey,2006,TUR,70045351.0,1096826103018.0,0.0,0.13,44.24,0.15,44.52,10.874,25.26,0.0,0.074,25.101,131.73,176.25,94.73,537.48
Turkey,2007,TUR,70750593.0,1158406990670.0,0.0,0.36,35.85,0.25,36.46,8.326,19.037,0.0,0.188,18.719,155.06,191.52,110.66,577.8
Turkey,2008,TUR,71562343.0,1179868355277.0,0.0,0.85,33.27,0.3,34.42,7.784,17.351,0.0,0.428,16.772,163.95,198.37,117.74,593.54
Turkey,2009,TUR,72464846.0,1122756788420.0,0.0,1.5,35.96,0.69,38.15,8.472,19.583,0.0,0.77,18.459,156.66,194.81,112.41,577.02
Turkey,2010,TUR,73346766.0,1240496805446.0,0.0,2.92,51.8,1.0,55.72,11.71,26.385,0.0,1.383,24.529,155.46,211.18,110.88,525.05
Turkey,2011,TUR,74215203.0,1364782716000.0,0.0,4.72,52.34,1.03,58.09,11.392,25.324,0.0,2.058,22.817,171.3,229.39,124.1,541.0
Turkey,2012,TUR,75197196.0,1430132002360.0,0.0,5.86,57.86,1.49,65.21,12.031,27.229,0.0,2.447,24.16,174.28,239.49,126.4,527.79
Turkey,2013,TUR,76403032.0,1551491738617.0,0.0,7.56,59.42,2.24,69.22,13.033,28.824,0.0,3.148,24.743,170.93,240.15,122.47,509.97
Turkey,2014,TUR,78036154.0,1628131977724.0,0.02,8.52,40.64,3.44,52.62,9.501,20.885,0.008,3.382,16.13,199.33,251.95,142.92,567.26
Turkey,2015,TUR,80014222.0,1727192876718.0,0.19,11.65,67.15,4.66,83.65,13.673,31.956,0.073,4.45,25.652,178.12,261.77,132.1,504.64
Turkey,2016,TUR,81652087.0,1784590365590.0,1.04,15.52,67.23,6.45,90.24,13.986,32.886,0.379,5.656,24.501,184.16,274.4,143.45,522.78
Turkey,2017,TUR,83083667.0,1918472081554.0,2.89,17.9,58.22,8.23,87.24,12.632,29.345,0.972,6.021,19.584,210.05,297.29,158.83,534.26
Turkey,2018,TUR,84415966.0,1975637604336.0,7.8,19.86,59.75,9.41,96.82,14.13,32.257,2.599,6.617,19.907,203.33,300.15,162.63,541.83
Turkey,2019,TUR,85357670.0,1991116616493.0,9.57,21.63,88.64,11.63,131.47,18.384,43.797,3.188,7.206,29.529,168.71,300.18,146.62,488.44
Turkey,2020,TUR,86091691.0,2029749392174.0,11.2,24.61,77.86,13.66,127.33,18.103,42.162,3.709,8.149,25.781,174.67,302.0,145.7,482.45
Turkey,2021,TUR,86686254.0,2260196231771.0,13.28,31.02,55.51,16.26,116.07,15.696,35.4,4.05,9.461,16.93,211.81,327.88,164.14,500.61
Turkey,2022,TUR,87058469.0,2385996374127.0,15.16,34.69,66.66,17.84,134.35,18.036,41.911,4.729,10.822,20.795,186.21,320.56,156.41,487.93
Turkey,2023,TUR,87270502.0,2385996374127.0,18.4,33.88,63.72,18.34,134.34,18.326,42.009,5.754,10.594,19.926,185.45,319.79,157.89,493.73
Turkey,2024,TUR,87473800.0,2385996374127.0,25.67,36.53,74.57,18.88,155.65,19.786,45.614,7.523,10.705,21.853,185.58,341.23,160.29,469.74
Turkey,2025,TUR,87685427.0,2385996374127.0,37.25,39.42,57.27,19.13,153.07,19.786,43.257,10.527,11.14,16.184,200.79,353.86,167.99,474.74
Turkmenistan,1985,TKM,3247541.0,20045559320.0,0.0,0.0,0.003,0.0,0.003,0.006,0.027,0.0,0.0,0.027,,10.987,,
Turkmenistan,1986,TKM,3347813.0,20620067885.0,0.0,0.0,0.003,0.0,0.003,0.005,0.024,0.0,0.0,0.024,,12.396,,
Turkmenistan,1987,TKM,3452736.0,21125901205.0,0.0,0.0,0.003,0.0,0.003,0.005,0.023,0.0,0.0,0.023,,13.267,,
Turkmenistan,1988,TKM,3559364.0,23051920018.0,0.0,0.0,0.003,0.0,0.003,0.005,0.023,0.0,0.0,0.023,,12.891,,
Turkmenistan,1989,TKM,3662464.0,21128380000.0,0.0,0.0,0.003,0.0,0.003,0.005,0.021,0.0,0.0,0.021,,14.508,,
Turkmenistan,1990,TKM,3760561.0,21201768000.0,0.0,0.0,0.003,0.0,0.003,0.005,0.021,0.0,0.0,0.021,,14.61,,
Turkmenistan,1991,TKM,3855902.0,20437989542.0,0.0,0.0,0.003,0.0,0.003,0.006,0.02,0.0,0.0,0.02,,14.953,,
Turkmenistan,1992,TKM,3944689.0,17569987922.0,0.0,0.0,0.004,0.0,0.004,0.008,0.032,0.0,0.0,0.032,,13.183,,
Turkmenistan,1993,TKM,4032415.0,18037537140.0,0.0,0.0,0.005,0.0,0.005,0.011,0.04,0.0,0.0,0.04,,12.637,,
Turkmenistan,1994,TKM,4116662.0,15091315379.0,0.0,0.0,0.004,0.0,0.004,0.008,0.038,0.0,0.0,0.038,,10.52,,
Turkmenistan,1995,TKM,4191207.0,14166397093.0,0.0,0.0,0.004,0.0,0.004,0.011,0.04,0.0,0.0,0.04,,9.905,,
Turkmenistan,1996,TKM,4263818.0,13366623522.0,0.0,0.0,0.005,0.0,0.005,0.009,0.049,0.0,0.0,0.049,,10.13,,
Turkmenistan,1997,TKM,4336732.0,11995995999.0,0.0,0.0,0.005,0.0,0.005,0.011,0.053,0.0,0.0,0.053,,9.498,,
Turkmenistan,1998,TKM,4410511.0,12945785203.0,0.0,0.0,0.006,0.0,0.006,0.012,0.064,0.0,0.0,0.064,,9.416,,
Turkmenistan,1999,TKM,4492174.0,15251899688.0,0.0,0.0,0.005,0.0,0.005,0.011,0.056,0.0,0.0,0.056,,8.86,,
Turkmenistan,2000,TKM,4582675.0,18299208667.0,0.0,0.0,0.0,0.0,0.0,0.007,0.0,0.0,0.0,0.0,9.85,9.85,12.87,1306.6
Turkmenistan,2001,TKM,4675416.0,22282743473.0,0.0,0.0,0.0,0.0,0.0,0.006,0.0,0.0,0.0,0.0,10.61,10.61,13.86,1306.32
Turkmenistan,2002,TKM,4769473.0,26092440396.0,0.0,0.0,0.0,0.0,0.0,0.007,0.0,0.0,0.0,0.0,10.7,10.7,13.98,1306.54
Turkmenistan,2003,TKM,4863871.0,30907677346.0,0.0,0.0,0.0,0.0,0.0,0.005,0.0,0.0,0.0,0.0,10.8,10.8,14.11,1306.48
Turkmenistan,2004,TKM,4958091.0,35857575608.0,0.0,0.0,0.0,0.0,0.0,0.005,0.0,0.0,0.0,0.0,11.92,11.92,15.57,1306.21
Turkmenistan,2005,TKM,5052260.0,41000508021.0,0.0,0.0,0.0,0.0,0.0,0.005,0.0,0.0,0.0,0.0,12.82,12.82,16.75,1306.55
Turkmenistan,2006,TKM,5147103.0,46019998793.0,0.0,0.0,0.0,0.0,0.0,0.005,0.0,0.0,0.0,0.0,13.65,13.65,17.83,1306.23
Turkmenistan,2007,TKM,5244047.0,51693703669.0,0.0,0.0,0.0,0.0,0.0,0.005,0.0,0.0,0.0,0.0,14.88,14.88,19.44,1306.45
Turkmenistan,2008,TKM,5345033.0,60001295021.0,0.0,0.0,0.0,0.0,0.0,0.005,0.0,0.0,0.0,0.0,15.04,15.04,19.65,1306.52
Turkmenistan,2009,TKM,5451597.0,64409212896.0,0.0,0.0,0.0,0.0,0.0,0.004,0.0,0.0,0.0,0.0,15.98,15.98,20.88,1306.63
Turkmenistan,2010,TKM,5564356.0,71115148352.0,0.0,0.0,0.0,0.0,0.0,0.003,0.0,0.0,0.0,0.0,16.66,16.66,21.77,1306.72
Turkmenistan,2011,TKM,5683413.0,82520290491.0,0.0,0.0,0.0,0.0,0.0,0.004,0.0,0.0,0.0,0.0,17.22,17.22,22.5,1306.62
Turkmenistan,2012,TKM,5808548.0,87581261691.0,0.0,0.0,0.0,0.0,0.0,0.003,0.0,0.0,0.0,0.0,17.75,17.75,23.19,1306.48
Turkmenistan,2013,TKM,5939348.0,87286119372.0,0.0,0.0,0.0,0.0,0.0,0.005,0.0,0.0,0.0,0.0,18.87,18.87,24.65,1306.31
Turkmenistan,2014,TKM,6075286.0,90639646545.0,0.0,0.0,0.0,0.0,0.0,0.006,0.0,0.0,0.0,0.0,20.4,20.4,26.65,1306.37
Turkmenistan,2015,TKM,6215773.0,93346148579.0,0.0,0.0,0.0,0.0,0.0,0.007,0.0,0.0,0.0,0.0,22.53,22.53,29.44,1306.7
Turkmenistan,2016,TKM,6360041.0,92434154525.0,0.0,0.0,0.0,0.0,0.0,0.007,0.0,0.0,0.0,0.0,22.53,22.53,29.44,1306.7
Turkmenistan,2017,TKM,6507065.0,96785037864.0,0.0,0.0,0.0,0.0,0.0,0.008,0.0,0.0,0.0,0.0,23.89,23.89,31.21,1306.4
Turkmenistan,2018,TKM,6655523.0,97638670425.0,0.0,0.0,0.0,0.0,0.0,0.007,0.0,0.0,0.0,0.0,25.36,25.36,33.13,1306.39
Turkmenistan,2019,TKM,6803943.0,94329707021.0,0.0,0.0,0.0,0.0,0.0,0.007,0.0,0.0,0.0,0.0,22.5,22.5,29.4,1306.67
Turkmenistan,2020,TKM,6949915.0,91559235694.0,0.0,0.0,0.0,0.0,0.0,0.006,0.0,0.0,0.0,0.0,25.76,25.76,33.66,1306.68
Turkmenistan,2021,TKM,7092042.0,95789282239.0,0.0,0.0,0.01,0.0,0.01,0.006,0.035,0.0,0.0,0.035,28.39,28.4,37.09,1305.99
Turkmenistan,2022,TKM,7230197.0,97502944727.0,0.0,0.0,0.01,0.0,0.01,0.005,0.031,0.0,0.0,0.031,32.59,32.6,42.58,1306.14
Turkmenistan,2023,TKM,7364437.0,97502944727.0,0.0,0.0,0.01,0.0,0.01,0.006,0.031,0.0,0.0,0.031,32.59,32.6,42.58,1306.14
Turkmenistan,2024,TKM,7494494.0,97502944727.0,0.0,0.0,0.01,0.0,0.01,0.007,0.03,0.0,0.0,0.03,33.0,33.01,43.12,1306.27
Turks and Caicos Islands,2000,TCA,18754.0,,0.0,0.0,0.0,0.0,0.0,,0.0,0.0,0.0,0.0,0.08,0.08,0.05,625.0
Turks and Caicos Islands,2001,TCA,19603.0,,0.0,0.0,0.0,0.0,0.0,,0.0,0.0,0.0,0.0,0.08,0.08,0.05,625.0
Turks and Caicos Islands,2002,TCA,20619.0,,0.0,0.0,0.0,0.0,0.0,,0.0,0.0,0.0,0.0,0.1,0.1,0.07,700.0
Turks and Caicos Islands,2003,TCA,21749.0,,0.0,0.0,0.0,0.0,0.0,,0.0,0.0,0.0,0.0,0.11,0.11,0.07,636.36
Turks and Caicos Islands,2004,TCA,22881.0,,0.0,0.0,0.0,0.0,0.0,,0.0,0.0,0.0,0.0,0.12,0.12,0.08,666.67
Turks and Caicos Islands,2005,TCA,24011.0,,0.0,0.0,0.0,0.0,0.0,,0.0,0.0,0.0,0.0,0.13,0.13,0.09,692.31
Turks and Caicos Islands,2006,TCA,25146.0,,0.0,0.0,0.0,0.0,0.0,,0.0,0.0,0.0,0.0,0.16,0.16,0.11,687.5
Turks and Caicos Islands,2007,TCA,26290.0,,0.0,0.0,0.0,0.0,0.0,,0.0,0.0,0.0,0.0,0.18,0.18,0.12,666.67
Turks and Caicos Islands,2008,TCA,27452.0,,0.0,0.0,0.0,0.0,0.0,,0.0,0.0,0.0,0.0,0.19,0.19,0.13,684.21
Turks and Caicos Islands,2009,TCA,28610.0,,0.0,0.0,0.0,0.0,0.0,,0.0,0.0,0.0,0.0,0.2,0.2,0.13,650.0
Turks and Caicos Islands,2010,TCA,29763.0,,0.0,0.0,0.0,0.0,0.0,,0.0,0.0,0.0,0.0,0.21,0.21,0.14,666.67
Turks and Caicos Islands,2011,TCA,30870.0,,0.0,0.0,0.0,0.0,0.0,,0.0,0.0,0.0,0.0,0.21,0.21,0.14,666.67
Turks and Caicos Islands,2012,TCA,32152.0,,0.0,0.0,0.0,0.0,0.0,,0.0,0.0,0.0,0.0,0.21,0.21,0.14,666.67
Turks and Caicos Islands,2013,TCA,33675.0,,0.0,0.0,0.0,0.0,0.0,,0.0,0.0,0.0,0.0,0.21,0.21,0.14,666.67
Turks and Caicos Islands,2014,TCA,35077.0,,0.0,0.0,0.0,0.0,0.0,,0.0,0.0,0.0,0.0,0.23,0.23,0.15,652.17
Turks and Caicos Islands,2015,TCA,36632.0,,0.0,0.0,0.0,0.0,0.0,,0.0,0.0,0.0,0.0,0.23,0.23,0.15,652.17
Turks and Caicos Islands,2016,TCA,38342.0,,0.0,0.0,0.0,0.0,0.0,,0.0,0.0,0.0,0.0,0.25,0.25,0.16,640.0
Turks and Caicos Islands,2017,TCA,39931.0,,0.0,0.0,0.0,0.0,0.0,,0.0,0.0,0.0,0.0,0.29,0.29,0.19,655.17
Turks and Caicos Islands,2018,TCA,41580.0,,0.0,0.0,0.0,0.0,0.0,,0.0,0.0,0.0,0.0,0.26,0.26,0.17,653.85
Turks and Caicos Islands,2019,TCA,43191.0,,0.0,0.0,0.0,0.0,0.0,,0.0,0.0,0.0,0.0,0.26,0.26,0.17,653.85
Turks and Caicos Islands,2020,TCA,44405.0,,0.0,0.0,0.0,0.0,0.0,,0.0,0.0,0.0,0.0,0.25,0.25,0.16,640.0
Turks and Caicos Islands,2021,TCA,45262.0,,0.0,0.0,0.0,0.0,0.0,,0.0,0.0,0.0,0.0,0.26,0.26,0.17,653.85
Turks and Caicos Islands,2022,TCA,45869.0,,0.0,0.0,0.0,0.0,0.0,,0.0,0.0,0.0,0.0,0.26,0.26,0.17,653.85
Turks and Caicos Islands,2023,TCA,46221.0,,0.0,0.0,0.0,0.0,0.0,,0.0,0.0,0.0,0.0,0.26,0.26,0.17,653.85
Turks and Caicos Islands,2024,TCA,46563.0,,0.01,0.0,0.0,0.0,0.01,,3.704,3.704,0.0,0.0,0.26,0.27,0.17,629.63
Uganda,2000,UGA,24000158.0,28839086120.0,0.0,0.0,1.55,0.03,1.58,,99.371,0.0,0.0,97.484,0.01,1.59,0.06,37.74
Uganda,2001,UGA,24745678.0,31387264047.0,0.0,0.0,1.55,0.03,1.58,,99.371,0.0,0.0,97.484,0.01,1.59,0.06,37.74
Uganda,2002,UGA,25532872.0,33626854165.0,0.0,0.0,1.67,0.04,1.71,,99.419,0.0,0.0,97.093,0.01,1.72,0.06,34.88
Uganda,2003,UGA,26352124.0,35593796200.0,0.0,0.0,1.75,0.04,1.79,,99.444,0.0,0.0,97.222,0.01,1.8,0.06,33.33
Uganda,2004,UGA,27154513.0,37411396915.0,0.0,0.0,1.89,0.05,1.94,,100.0,0.0,0.0,97.423,0.0,1.94,0.05,25.77
Uganda,2005,UGA,27963287.0,40921116463.0,0.0,0.0,1.84,0.05,1.89,,96.429,0.0,0.0,93.878,0.07,1.96,0.1,51.02
Uganda,2006,UGA,28794005.0,43572248099.0,0.01,0.0,1.16,0.05,1.22,,76.25,0.625,0.0,72.5,0.38,1.6,0.29,181.25
Uganda,2007,UGA,29653437.0,46853864818.0,0.01,0.0,1.4,0.05,1.46,,73.0,0.5,0.0,70.0,0.54,2.0,0.4,200.0
Uganda,2008,UGA,30539547.0,51468911832.0,0.02,0.0,1.63,0.08,1.73,,74.249,0.858,0.0,69.957,0.6,2.33,0.45,193.13
Uganda,2009,UGA,31451147.0,55303695281.0,0.02,0.0,1.4,0.12,1.54,,63.636,0.826,0.0,57.851,0.88,2.42,0.64,264.46
Uganda,2010,UGA,32390801.0,59228535712.0,0.02,0.0,1.49,0.12,1.63,,59.489,0.73,0.0,54.38,1.11,2.74,0.8,291.97
Uganda,2011,UGA,33354541.0,62855840742.0,0.02,0.0,1.53,0.08,1.63,,61.278,0.752,0.0,57.519,1.03,2.66,0.74,278.2
Uganda,2012,UGA,34337436.0,64322268140.0,0.03,0.0,2.45,0.13,2.61,,90.0,1.034,0.0,84.483,0.29,2.9,0.28,96.55
Uganda,2013,UGA,35337050.0,66855286085.0,0.03,0.0,2.87,0.17,3.07,,100.0,0.977,0.0,93.485,0.0,3.07,0.11,35.83
Uganda,2014,UGA,36395542.0,70696115682.0,0.03,0.0,2.87,0.24,3.14,,97.214,0.929,0.0,88.854,0.09,3.23,0.18,55.73
Uganda,2015,UGA,37531444.0,76356053069.0,0.03,0.0,3.09,0.35,3.47,,97.746,0.845,0.0,87.042,0.08,3.55,0.2,56.34
Uganda,2016,UGA,38799153.0,76477462940.0,0.04,0.0,3.3,0.36,3.7,,98.143,1.061,0.0,87.533,0.07,3.77,0.21,55.7
Uganda,2017,UGA,40177384.0,81700865546.0,0.06,0.0,3.44,0.21,3.71,,98.148,1.587,0.0,91.005,0.07,3.78,0.18,47.62
Uganda,2018,UGA,41565839.0,86196050499.0,0.07,0.0,3.64,0.28,3.99,,92.791,1.628,0.0,84.651,0.31,4.3,0.35,81.4
Uganda,2019,UGA,42999636.0,92903828922.0,0.13,0.0,4.04,0.27,4.44,,96.943,2.838,0.0,88.21,0.14,4.58,0.26,56.77
Uganda,2020,UGA,44457148.0,91695146192.0,0.14,0.0,4.08,0.26,4.48,,97.391,3.043,0.0,88.696,0.12,4.6,0.25,54.35
Uganda,2021,UGA,45910931.0,97200521048.0,0.13,0.0,4.64,0.37,5.14,,97.533,2.467,0.0,88.046,0.13,5.27,0.29,55.03
Uganda,2022,UGA,47312718.0,101995416951.0,0.15,0.0,4.98,0.47,5.6,,97.391,2.609,0.0,86.609,0.15,5.75,0.33,57.39
Uganda,2023,UGA,48656606.0,101995416951.0,0.15,0.0,4.98,0.47,5.6,,97.054,2.6,0.0,86.308,0.17,5.77,0.34,58.93
Uganda,2024,UGA,50015091.0,101995416951.0,0.17,0.0,5.0,0.47,5.64,,97.074,2.926,0.0,86.059,0.17,5.81,0.34,58.52
Ukraine,1985,UKR,51108771.0,478213638082.0,0.0,0.0,10.713,0.0,10.713,1.072,3.938,0.0,0.0,3.938,207.981,272.0,,
Ukraine,1986,UKR,51318738.0,480702421500.0,0.0,0.0,10.655,0.0,10.655,1.061,3.907,0.0,0.0,3.907,219.336,272.7,,
Ukraine,1987,UKR,51515727.0,494152243875.0,0.0,0.0,9.595,0.0,9.595,0.936,3.408,0.0,0.0,3.408,221.48,281.5,,
Ukraine,1988,UKR,51724854.0,499008450843.0,0.0,0.0,11.932,0.0,11.932,1.163,4.015,0.0,0.0,4.015,213.267,297.2,,
Ukraine,1989,UKR,51917825.0,519237886703.0,0.0,0.0,10.129,0.0,10.129,1.032,3.43,0.0,0.0,3.43,218.654,295.3,,
Ukraine,1990,UKR,52054096.0,495935180914.0,0.0,0.0,10.51,0.0,10.51,0.916,3.495,0.0,0.0,3.495,214.03,300.72,,575.59
Ukraine,1991,UKR,52170967.0,460353469353.0,0.0,0.0,11.71,0.0,11.71,1.089,4.182,0.0,0.0,4.182,193.16,280.0,,561.46
Ukraine,1992,UKR,52323675.0,421710473536.0,0.0,0.0,7.88,0.0,7.88,0.867,3.103,0.0,0.0,3.103,172.31,253.94,,564.74
Ukraine,1993,UKR,52350122.0,367893677382.0,0.0,0.0,11.04,0.0,11.04,1.386,4.772,0.0,0.0,4.772,145.08,231.36,,520.32
Ukraine,1994,UKR,52076000.0,288418666392.0,0.0,0.0,12.12,0.0,12.12,1.781,5.936,0.0,0.0,5.936,123.21,204.18,,504.75
Ukraine,1995,UKR,51665535.0,257477945796.0,0.0,0.0,9.95,0.0,9.95,1.5,5.091,0.0,0.0,5.091,114.99,195.46,,489.77
Ukraine,1996,UKR,51226111.0,235602711740.0,0.0,0.0,8.63,0.0,8.63,1.396,4.685,0.0,0.0,4.685,96.01,184.22,,429.11
Ukraine,1997,UKR,50786881.0,232333254592.0,0.0,0.0,9.86,0.0,9.86,1.653,5.504,0.0,0.0,5.504,89.85,179.14,,417.38
Ukraine,1998,UKR,50379728.0,231737294856.0,0.0,0.0,15.74,0.0,15.74,2.738,9.081,0.0,0.0,9.081,82.35,173.33,,394.51
Ukraine,1999,UKR,49976445.0,235148309693.0,0.0,0.0,14.32,0.0,14.32,2.529,8.298,0.0,0.0,8.298,86.19,172.58,,416.39
Ukraine,2000,UKR,49556654.0,253196030608.0,0.0,0.01,11.27,0.0,11.28,1.985,6.564,0.0,0.006,6.558,83.22,171.84,69.16,402.47
Ukraine,2001,UKR,49106854.0,281110336028.0,0.0,0.02,12.03,0.0,12.05,2.138,6.953,0.0,0.012,6.942,85.08,173.3,70.85,408.83
Ukraine,2002,UKR,48677280.0,301087057315.0,0.0,0.02,9.63,0.0,9.65,1.709,5.545,0.0,0.011,5.534,86.39,174.03,72.08,414.18
Ukraine,2003,UKR,48315133.0,335257370240.0,0.0,0.03,9.24,0.0,9.27,1.593,5.133,0.0,0.017,5.117,89.9,180.58,74.17,410.73
Ukraine,2004,UKR,47979502.0,381078098070.0,0.0,0.03,11.75,0.0,11.78,2.023,6.457,0.0,0.016,6.44,83.64,182.44,67.16,368.12
Ukraine,2005,UKR,47585558.0,399366244154.0,0.0,0.04,12.36,0.0,12.4,2.086,6.653,0.0,0.021,6.631,85.23,186.39,69.87,374.86
Ukraine,2006,UKR,47278691.0,436786761547.0,0.0,0.04,12.89,0.0,12.93,2.136,6.678,0.0,0.021,6.658,90.46,193.61,78.27,404.27
Ukraine,2007,UKR,47062802.0,480580682697.0,0.0,0.05,10.14,0.28,10.47,1.736,5.335,0.0,0.025,5.167,93.24,196.25,81.65,416.05
Ukraine,2008,UKR,46819168.0,499592169886.0,0.0,0.05,11.51,0.26,11.82,2.014,6.138,0.0,0.026,5.977,90.92,192.58,80.49,417.96
Ukraine,2009,UKR,46623731.0,431074416655.0,0.0,0.04,11.94,0.14,12.12,2.408,6.981,0.0,0.023,6.877,78.57,173.61,71.12,409.65
Ukraine,2010,UKR,46455997.0,439429783004.0,0.0,0.05,13.15,0.19,13.39,2.464,7.091,0.0,0.026,6.964,86.28,188.82,77.39,409.86
Ukraine,2011,UKR,46307854.0,471221167316.0,0.03,0.09,10.94,0.13,11.19,1.981,5.74,0.015,0.046,5.612,93.51,194.95,83.36,427.6
Ukraine,2012,UKR,46210051.0,472276721174.0,0.33,0.29,10.48,0.13,11.23,2.021,5.647,0.166,0.146,5.27,97.51,198.88,87.88,441.87
Ukraine,2013,UKR,46126760.0,472286166147.0,0.57,0.64,13.8,0.1,15.11,2.878,7.774,0.293,0.329,7.1,96.05,194.37,87.27,448.99
Ukraine,2014,UKR,45972379.0,441233307180.0,0.43,1.13,8.48,0.13,10.17,2.199,5.563,0.235,0.618,4.638,84.26,182.82,76.36,417.68
Ukraine,2015,UKR,45784904.0,398045419167.0,0.48,1.08,5.4,0.14,7.1,1.85,4.338,0.293,0.66,3.299,68.95,163.68,62.22,380.13
Ukraine,2016,UKR,45616831.0,407666198456.0,0.49,0.95,7.68,0.14,9.26,2.277,5.626,0.298,0.577,4.666,74.37,164.58,67.23,408.49
Ukraine,2017,UKR,45436037.0,417287091525.0,0.72,0.98,8.95,0.21,10.86,2.87,6.96,0.461,0.628,5.736,59.6,156.04,54.18,347.22
Ukraine,2018,UKR,45208903.0,431842093109.0,1.11,1.19,10.43,0.3,13.03,3.282,8.151,0.694,0.744,6.524,62.43,159.86,55.84,349.31
Ukraine,2019,UKR,44957451.0,445656664440.0,2.93,2.02,6.51,0.41,11.87,3.22,7.701,1.901,1.31,4.223,59.27,154.14,52.64,341.51
Ukraine,2020,UKR,44680008.0,428931213784.0,5.37,3.26,7.56,0.76,16.95,4.707,11.469,3.634,2.206,5.115,54.64,147.79,48.09,325.39
Ukraine,2021,UKR,44298642.0,443313281092.0,6.5,3.82,10.44,0.91,21.67,5.89,13.852,4.155,2.442,6.673,48.56,156.44,43.72,279.47
Ukraine,2022,UKR,41048768.0,309166674673.0,5.08,1.42,11.02,0.78,18.3,7.503,16.411,4.556,1.273,9.883,31.03,111.51,27.93,250.47
Ukraine,2023,UKR,37732833.0,309166674673.0,5.08,1.42,11.02,0.78,18.3,8.777,16.411,4.556,1.273,9.883,31.03,111.51,27.93,250.47
Ukraine,2024,UKR,37860221.0,309166674673.0,5.08,1.42,11.02,0.78,18.3,8.299,16.411,4.556,1.273,9.883,31.03,111.51,27.93,250.47
United Arab Emirates,1965,ARE,167121.0,5997095763.0,0.0,0.0,0.0,0.0,0.0,0.0,,,,,,,,
United Arab Emirates,1966,ARE,173988.0,6609458478.0,0.0,0.0,0.0,0.0,0.0,0.0,,,,,,,,
United Arab Emirates,1967,ARE,179708.0,7284735712.0,0.0,0.0,0.0,0.0,0.0,0.0,,,,,,,,
United Arab Emirates,1968,ARE,199432.0,8028546918.0,0.0,0.0,0.0,0.0,0.0,0.0,,,,,,,,
United Arab Emirates,1969,ARE,239676.0,8853531331.0,0.0,0.0,0.0,0.0,0.0,0.0,,,,,,,,
United Arab Emirates,1970,ARE,286553.0,9759055943.0,0.0,0.0,0.0,0.0,0.0,0.0,,,,,,,,
United Arab Emirates,1971,ARE,335042.0,11392896899.0,0.0,0.0,0.0,0.0,0.0,0.0,,,,,,,,
United Arab Emirates,1972,ARE,385025.0,13298290982.0,0.0,0.0,0.0,0.0,0.0,0.0,,,,,,,,
United Arab Emirates,1973,ARE,436407.0,15523947675.0,0.0,0.0,0.0,0.0,0.0,0.0,,,,,,,,
United Arab Emirates,1974,ARE,489098.0,20552257347.0,0.0,0.0,0.0,0.0,0.0,0.0,,,,,,,,
United Arab Emirates,1975,ARE,542868.0,21211678806.0,0.0,0.0,0.0,0.0,0.0,0.0,,,,,,,,
United Arab Emirates,1976,ARE,615871.0,24401132887.0,0.0,0.0,0.0,0.0,0.0,0.0,,,,,,,,
United Arab Emirates,1977,ARE,710216.0,28656111757.0,0.0,0.0,0.0,0.0,0.0,0.0,,,,,,,,
United Arab Emirates,1978,ARE,809285.0,27984657720.0,0.0,0.0,0.0,0.0,0.0,0.0,,,,,,,,
United Arab Emirates,1979,ARE,912016.0,34949636491.0,0.0,0.0,0.0,0.0,0.0,0.0,,,,,,,,
United Arab Emirates,1980,ARE,1015711.0,44180586693.0,0.0,0.0,0.0,0.0,0.0,0.0,,,,,,,,
United Arab Emirates,1981,ARE,1099864.0,45416119180.0,0.0,0.0,0.0,0.0,0.0,0.0,,,,,,,,
United Arab Emirates,1982,ARE,1166383.0,41674105790.0,0.0,0.0,0.0,0.0,0.0,0.0,,,,,,,,
United Arab Emirates,1983,ARE,1235309.0,39582305900.0,0.0,0.0,0.0,0.0,0.0,0.0,,,,,,,,
United Arab Emirates,1984,ARE,1306005.0,41273712288.0,0.0,0.0,0.0,0.0,0.0,0.0,,,,,,,,
United Arab Emirates,1985,ARE,1377918.0,40307256529.0,0.0,0.0,0.0,0.0,0.0,0.0,0.0,0.0,0.0,0.0,12.185,12.185,,
United Arab Emirates,1986,ARE,1467386.0,31750852168.0,0.0,0.0,0.0,0.0,0.0,0.0,0.0,0.0,0.0,0.0,12.815,12.815,,
United Arab Emirates,1987,ARE,1574258.0,32884649577.0,0.0,0.0,0.0,0.0,0.0,0.0,0.0,0.0,0.0,0.0,13.658,13.658,,
United Arab Emirates,1988,ARE,1681797.0,32803829558.0,0.0,0.0,0.0,0.0,0.0,0.0,0.0,0.0,0.0,0.0,14.84,14.84,,
United Arab Emirates,1989,ARE,1789858.0,36287311289.0,0.0,0.0,0.0,0.0,0.0,0.0,0.0,0.0,0.0,0.0,15.612,15.612,,
United Arab Emirates,1990,ARE,1898220.0,40641367500.0,0.0,0.0,0.0,0.0,0.0,0.0,0.0,0.0,0.0,0.0,17.081,17.081,,
United Arab Emirates,1991,ARE,2006630.0,40641367500.0,0.0,0.0,0.0,0.0,0.0,0.0,0.0,0.0,0.0,0.0,17.222,17.222,,
United Arab Emirates,1992,ARE,2114738.0,40641367500.0,0.0,0.0,0.0,0.0,0.0,0.0,0.0,0.0,0.0,0.0,18.689,18.689,,
United Arab Emirates,1993,ARE,2222098.0,55149661292.0,0.0,0.0,0.0,0.0,0.0,0.0,0.0,0.0,0.0,0.0,21.73,21.73,,
United Arab Emirates,1994,ARE,2328191.0,64654417907.0,0.0,0.0,0.0,0.0,0.0,0.0,0.0,0.0,0.0,0.0,23.736,23.736,,
United Arab Emirates,1995,ARE,2434667.0,75243844061.0,0.0,0.0,0.0,0.0,0.0,0.0,0.0,0.0,0.0,0.0,24.982,24.982,,
United Arab Emirates,1996,ARE,2597570.0,87750952594.0,0.0,0.0,0.0,0.0,0.0,0.0,0.0,0.0,0.0,0.0,26.572,26.572,,
United Arab Emirates,1997,ARE,2817410.0,104923199568.0,0.0,0.0,0.0,0.0,0.0,0.0,0.0,0.0,0.0,0.0,28.464,28.464,,
United Arab Emirates,1998,ARE,3040432.0,115962052318.0,0.0,0.0,0.0,0.0,0.0,0.0,0.0,0.0,0.0,0.0,33.392,33.392,,
United Arab Emirates,1999,ARE,3266011.0,131410914902.0,0.0,0.0,0.0,0.0,0.0,0.0,0.0,0.0,0.0,0.0,37.126,37.126,,
United Arab Emirates,2000,ARE,3493583.0,160530689682.0,0.0,0.0,0.0,0.0,0.0,0.0,0.0,0.0,0.0,0.0,39.94,39.94,27.03,676.77
United Arab Emirates,2001,ARE,3723596.0,177271829556.0,0.0,0.0,0.0,0.0,0.0,0.0,0.0,0.0,0.0,0.0,43.17,43.17,29.21,676.63
United Arab Emirates,2002,ARE,3956829.0,195394872658.0,0.0,0.0,0.0,0.0,0.0,0.0,0.0,0.0,0.0,0.0,46.85,46.85,31.71,676.84
United Arab Emirates,2003,ARE,4192465.0,224547226340.0,0.0,0.0,0.0,0.0,0.0,0.0,0.0,0.0,0.0,0.0,49.45,49.45,33.46,676.64
United Arab Emirates,2004,ARE,4428964.0,252047957126.0,0.0,0.0,0.0,0.0,0.0,0.0,0.0,0.0,0.0,0.0,52.41,52.41,35.47,676.78
United Arab Emirates,2005,ARE,4664797.0,262413275144.0,0.0,0.0,0.0,0.0,0.0,0.0,0.0,0.0,0.0,0.0,60.7,60.7,41.08,676.77
United Arab Emirates,2006,ARE,5009106.0,307378573765.0,0.0,0.0,0.0,0.0,0.0,0.0,0.0,0.0,0.0,0.0,62.44,62.44,42.26,676.81
United Arab Emirates,2007,ARE,5624640.0,367816178792.0,0.0,0.0,0.0,0.0,0.0,0.0,0.0,0.0,0.0,0.0,78.76,78.76,53.3,676.74
United Arab Emirates,2008,ARE,6302669.0,464692468324.0,0.0,0.0,0.0,0.0,0.0,0.0,0.0,0.0,0.0,0.0,80.46,80.46,54.45,676.73
United Arab Emirates,2009,ARE,6707063.0,480551549339.0,0.01,0.0,0.0,0.0,0.01,0.002,0.012,0.012,0.0,0.0,85.69,85.7,57.99,676.66
United Arab Emirates,2010,ARE,6938372.0,490048925162.0,0.02,0.0,0.0,0.0,0.02,0.005,0.021,0.021,0.0,0.0,93.93,93.95,63.57,676.64
United Arab Emirates,2011,ARE,7199436.0,551070287560.0,0.02,0.0,0.0,0.0,0.02,0.005,0.02,0.02,0.0,0.0,99.11,99.13,67.07,676.59
United Arab Emirates,2012,ARE,7497122.0,577394943300.0,0.02,0.0,0.0,0.0,0.02,0.006,0.019,0.019,0.0,0.0,106.19,106.21,71.86,676.58
United Arab Emirates,2013,ARE,7831851.0,606587973942.0,0.09,0.0,0.0,0.0,0.09,0.02,0.082,0.082,0.0,0.0,109.9,109.99,74.37,676.15
United Arab Emirates,2014,ARE,8236880.0,631858461256.0,0.31,0.0,0.0,0.0,0.31,0.07,0.266,0.266,0.0,0.0,116.23,116.54,78.67,675.05
United Arab Emirates,2015,ARE,8674633.0,674742705535.0,0.3,0.0,0.0,0.0,0.3,0.062,0.236,0.236,0.0,0.0,127.08,127.38,86.01,675.22
United Arab Emirates,2016,ARE,9030873.0,712265114847.0,0.32,0.0,0.0,0.0,0.32,0.063,0.247,0.247,0.0,0.0,129.29,129.61,87.52,675.26
United Arab Emirates,2017,ARE,9234330.0,717500233045.0,0.75,0.0,0.0,0.0,0.75,0.154,0.557,0.557,0.0,0.0,133.82,134.57,90.6,673.26
United Arab Emirates,2018,ARE,9346870.0,726928170282.0,1.2,0.0,0.0,0.0,1.2,0.263,0.882,0.882,0.0,0.0,134.81,136.01,91.29,671.2
United Arab Emirates,2019,ARE,9377855.0,734982504070.0,3.66,0.0,0.0,0.0,3.66,0.744,2.644,2.644,0.0,0.0,134.79,138.45,91.39,660.09
United Arab Emirates,2020,ARE,9448529.0,698549476819.0,5.18,0.0,0.0,0.0,5.18,1.082,3.772,3.772,0.0,0.0,130.5,137.31,88.66,645.69
United Arab Emirates,2021,ARE,9789055.0,725904671328.0,6.25,0.0,0.0,0.0,6.25,1.243,4.193,4.193,0.0,0.0,132.25,149.05,90.22,605.3
United Arab Emirates,2022,ARE,10242085.0,779701520404.0,7.74,0.0,0.0,0.01,7.75,1.411,4.986,4.98,0.0,0.0,127.57,155.42,86.8,558.49
United Arab Emirates,2023,ARE,10642089.0,779701520404.0,14.4,0.06,0.0,0.21,14.67,2.514,8.757,8.595,0.036,0.0,118.42,167.53,81.05,483.79
United Arab Emirates,2024,ARE,11027135.0,779701520404.0,15.21,0.2,0.0,0.21,15.62,2.519,8.812,8.581,0.113,0.0,121.01,177.26,82.87,467.51
United Kingdom,1965,GBR,54359022.0,844870750000.0,0.0,0.0,4.612,0.0,4.612,0.554,,,,,,,,
United Kingdom,1966,GBR,54676346.0,861009751000.0,0.0,0.0,4.536,0.0,4.536,0.542,,,,,,,,
United Kingdom,1967,GBR,54973661.0,880333262000.0,0.0,0.0,4.885,0.0,4.885,0.583,,,,,,,,
United Kingdom,1968,GBR,55240654.0,916165902000.0,0.0,0.0,3.722,0.0,3.722,0.429,,,,,,,,
United Kingdom,1969,GBR,55456208.0,932854020000.0,0.0,0.0,3.256,0.0,3.256,0.362,,,,,,,,
United Kingdom,1970,GBR,55663801.0,954756384000.0,0.0,0.0,4.536,0.0,4.536,0.494,,,,,,,,
United Kingdom,1971,GBR,55890372.0,975018080000.0,0.0,0.0,3.373,0.0,3.373,0.375,,,,,,,,
United Kingdom,1972,GBR,56079239.0,1009534158000.0,0.0,0.0,3.373,0.0,3.373,0.369,,,,,,,,
United Kingdom,1973,GBR,56188787.0,1077433280000.0,0.0,0.0,3.838,0.0,3.838,0.4,,,,,,,,
United Kingdom,1974,GBR,56224550.0,1062802272000.0,0.0,0.0,4.071,0.0,4.071,0.447,,,,,,,,
United Kingdom,1975,GBR,56220139.0,1061564060000.0,0.0,0.0,3.838,0.0,3.838,0.447,,,,,,,,
United Kingdom,1976,GBR,56201143.0,1085394066000.0,0.0,0.0,4.536,0.0,4.536,0.518,,,,,,,,
United Kingdom,1977,GBR,56175829.0,1108973460000.0,0.0,0.0,3.954,0.0,3.954,0.443,,,,,,,,
United Kingdom,1978,GBR,56175553.0,1148502816000.0,0.0,0.0,4.071,0.0,4.071,0.453,,,,,,,,
United Kingdom,1979,GBR,56218759.0,1180113264000.0,0.0,0.0,4.303,0.0,4.303,0.458,,,,,,,,
United Kingdom,1980,GBR,56282102.0,1160744168000.0,0.0,0.0,3.954,0.0,3.954,0.462,,,,,,,,
United Kingdom,1981,GBR,56304590.0,1145638001777.0,0.0,0.0,4.419,0.0,4.419,0.531,,,,,,,,
United Kingdom,1982,GBR,56292761.0,1163414869531.0,0.0,0.0,4.536,0.0,4.536,0.552,,,,,,,,
United Kingdom,1983,GBR,56332060.0,1204671082289.0,0.0,0.0,4.536,0.0,4.536,0.55,,,,,,,,
United Kingdom,1984,GBR,56451312.0,1234772432695.0,0.001,0.0,4.536,0.0,4.537,0.55,,,,,,,,
United Kingdom,1985,GBR,56606416.0,1278428360152.0,0.001,0.0,3.954,0.0,3.955,0.46,1.327,0.0,0.0,1.327,228.366,298.089,,
United Kingdom,1986,GBR,56751926.0,1334598557867.0,0.001,0.0,4.768,0.0,4.769,0.54,1.584,0.0,0.0,1.584,234.339,301.071,,
United Kingdom,1987,GBR,56886021.0,1398101055156.0,0.0,0.0,4.187,0.0,4.187,0.475,1.386,0.0,0.0,1.386,240.724,302.112,,
United Kingdom,1988,GBR,57026539.0,1467801408523.0,0.001,0.0,4.885,0.0,4.886,0.547,1.582,0.0,0.0,1.582,236.545,308.825,,
United Kingdom,1989,GBR,57182137.0,1499837502578.0,0.0,0.009,4.768,0.0,4.777,0.534,1.519,0.0,0.003,1.516,234.329,314.585,,
United Kingdom,1990,GBR,57367867.0,1505692258761.0,0.0,0.01,5.12,0.6,5.73,0.643,1.792,0.0,0.003,1.601,248.27,319.75,,705.02
United Kingdom,1991,GBR,57555199.0,1488075367051.0,0.0,0.01,4.54,0.69,5.24,0.578,1.623,0.0,0.003,1.406,247.1,322.88,,700.14
United Kingdom,1992,GBR,57719273.0,1491752084171.0,0.0,0.03,5.35,0.93,6.31,0.704,1.965,0.0,0.009,1.666,237.92,321.04,,665.12
United Kingdom,1993,GBR,57861037.0,1527509015289.0,0.0,0.22,4.3,1.2,5.72,0.635,1.77,0.0,0.068,1.331,228.04,323.11,,608.21
United Kingdom,1994,GBR,58003200.0,1585373248060.0,0.0,0.34,5.12,1.52,6.98,0.785,2.137,0.0,0.104,1.568,231.3,326.56,,588.96
United Kingdom,1995,GBR,58154632.0,1623858039641.0,0.0,0.39,4.65,1.64,6.68,0.752,1.98,0.0,0.116,1.378,241.78,337.42,,579.46
United Kingdom,1996,GBR,58298563.0,1663446715470.0,0.0,0.49,3.4,1.8,5.69,0.615,1.622,0.0,0.14,0.969,250.51,350.87,,556.53
United Kingdom,1997,GBR,58447091.0,1713864597603.0,0.0,0.67,4.4,2.11,7.18,0.788,2.048,0.0,0.191,1.255,245.34,350.67,,511.99
United Kingdom,1998,GBR,58626822.0,1766619867063.0,0.0,0.88,5.12,2.65,8.65,0.943,2.385,0.0,0.243,1.412,254.57,362.71,,509.58
United Kingdom,1999,GBR,58838663.0,1823341961805.0,0.0,0.85,5.34,3.43,9.62,1.06,2.613,0.0,0.231,1.45,263.4,368.15,,492.33
United Kingdom,2000,GBR,59057333.0,1889565292321.0,0.0,0.94,5.09,3.88,9.91,1.087,2.628,0.0,0.249,1.35,282.09,377.06,196.82,521.99
United Kingdom,2001,GBR,59288095.0,1939268312671.0,0.0,0.96,4.05,4.53,9.54,1.043,2.479,0.0,0.249,1.053,285.14,384.77,203.54,528.99
United Kingdom,2002,GBR,59540764.0,1983994308619.0,0.0,1.25,4.79,5.08,11.12,1.237,2.872,0.0,0.323,1.237,288.27,387.24,201.71,520.89
United Kingdom,2003,GBR,59820385.0,2050625402735.0,0.0,1.29,3.23,6.17,10.69,1.194,2.685,0.0,0.324,0.811,298.83,398.21,213.75,536.78
United Kingdom,2004,GBR,60169964.0,2099526641365.0,0.0,1.94,4.84,7.36,14.14,1.549,3.59,0.0,0.492,1.229,299.78,393.92,211.15,536.02
United Kingdom,2005,GBR,60596107.0,2161729510824.0,0.01,2.9,4.92,9.1,16.93,1.86,4.25,0.003,0.728,1.235,299.8,398.35,213.22,535.26
United Kingdom,2006,GBR,61051093.0,2212618867772.0,0.01,4.22,4.59,9.28,18.1,2.047,4.556,0.003,1.062,1.155,303.72,397.27,222.21,559.34
United Kingdom,2007,GBR,61535859.0,2267631534502.0,0.01,5.27,5.08,9.32,19.68,2.337,4.96,0.003,1.328,1.28,314.1,396.81,220.65,556.06
United Kingdom,2008,GBR,62027303.0,2252034759561.0,0.02,7.13,5.14,9.65,21.94,2.81,5.641,0.005,1.833,1.321,314.53,388.96,215.63,554.38
United Kingdom,2009,GBR,62506222.0,2151479208521.0,0.02,9.28,5.23,10.71,25.24,2.989,6.699,0.005,2.463,1.388,282.42,376.76,190.13,504.65
United Kingdom,2010,GBR,63006482.0,2190919919855.0,0.04,10.29,3.59,12.26,26.18,3.043,6.852,0.01,2.693,0.94,293.74,382.06,197.6,517.2
United Kingdom,2011,GBR,63509285.0,2223011392593.0,0.24,15.96,5.69,13.31,35.2,4.268,9.566,0.065,4.337,1.546,263.79,367.97,183.85,499.63
United Kingdom,2012,GBR,63960488.0,2255210551431.0,1.35,19.84,5.31,14.74,41.24,4.869,11.334,0.371,5.452,1.459,252.22,363.87,195.48,537.23
United Kingdom,2013,GBR,64389386.0,2296252599482.0,2.01,28.4,4.7,18.1,53.21,6.655,14.852,0.561,7.927,1.312,234.46,358.28,181.62,506.92
United Kingdom,2014,GBR,64865914.0,2369725553442.0,4.05,31.95,5.89,22.62,64.51,8.506,19.081,1.198,9.45,1.742,209.82,338.08,156.49,462.88
United Kingdom,2015,GBR,65382107.0,2426435869267.0,7.53,40.27,6.3,29.26,83.36,10.562,24.599,2.222,11.884,1.859,185.17,338.87,134.8,397.79
United Kingdom,2016,GBR,65893359.0,2478973016876.0,10.41,37.16,5.37,30.07,83.01,10.659,24.474,3.069,10.956,1.583,184.44,339.18,113.1,333.45
United Kingdom,2017,GBR,66354473.0,2539548543933.0,11.46,49.65,5.88,31.9,98.89,12.44,29.238,3.388,14.68,1.739,168.99,338.22,102.21,302.2
United Kingdom,2018,GBR,66752473.0,2582848171416.0,12.67,56.91,5.44,35.12,110.14,13.98,33.0,3.796,17.051,1.63,158.56,333.76,95.34,285.65
United Kingdom,2019,GBR,67110958.0,2624285076706.0,12.42,63.84,5.93,37.55,119.74,15.684,36.596,3.796,19.512,1.812,151.27,327.19,87.82,268.41
United Kingdom,2020,GBR,67351860.0,2334804059780.0,12.55,75.62,6.88,38.58,133.63,19.068,43.065,4.044,24.37,2.217,126.43,310.3,75.26,242.54
United Kingdom,2021,GBR,67668788.0,2512190098029.0,12.13,64.93,5.42,40.01,122.49,17.482,39.782,3.94,21.088,1.76,139.31,307.9,82.24,267.1
United Kingdom,2022,GBR,68179315.0,2615230634906.0,13.34,80.21,5.66,35.85,135.06,19.072,41.611,4.11,24.712,1.744,142.12,324.58,82.76,254.98
United Kingdom,2023,GBR,68682965.0,2615230634906.0,13.88,82.15,5.54,34.1,135.67,19.976,46.378,4.745,28.083,1.894,116.26,292.53,68.93,235.63
United Kingdom,2024,GBR,69138185.0,2615230634906.0,14.79,83.28,5.76,40.09,143.92,21.293,50.648,5.205,29.307,2.027,99.65,284.16,61.52,216.5
United Kingdom,2025,GBR,69551334.0,2615230634906.0,19.32,85.84,5.55,41.21,151.92,21.293,51.972,6.609,29.366,1.899,104.01,292.31,63.55,217.41
United States,1965,USA,195653774.0,4156141170000.0,0.0,0.0,198.974,13.332,212.306,4.127,,,,,,,,
United States,1966,USA,198265400.0,4428300240000.0,0.0,0.0,199.937,14.062,213.999,3.94,,,,,,,,
United States,1967,USA,200699913.0,4538979504000.0,0.0,0.0,227.221,14.074,241.294,4.29,,,,,,,,
United States,1968,USA,203011020.0,4754925846000.0,0.0,0.0,228.155,15.546,243.701,4.092,,,,,,,,
United States,1969,USA,205300034.0,4903770015000.0,0.0,0.0,256.029,16.227,272.256,4.345,,,,,,,,
United States,1970,USA,207796338.0,4912635816000.0,0.0,0.0,253.492,16.236,269.728,4.157,,,,,,,,
United States,1971,USA,210426423.0,5065682434000.0,0.0,0.0,272.254,16.584,288.838,4.359,,,,,,,,
United States,1972,USA,212842571.0,5334296944000.0,0.0,0.0,278.716,18.673,297.389,4.278,,,,,,,,
United States,1973,USA,215006548.0,5637203218000.0,0.0,0.0,278.213,19.99,298.202,4.118,,,,,,,,
United States,1974,USA,217076475.0,5621366244000.0,0.0,0.0,307.285,20.404,327.689,4.638,,,,,,,,
United States,1975,USA,219129299.0,5605795188000.0,0.0,0.0,306.215,19.754,325.969,4.738,,,,,,,,
United States,1976,USA,221168755.0,5899591030000.0,0.0,0.0,289.822,22.565,312.387,4.311,,,,,,,,
United States,1977,USA,223259417.0,6166912239000.0,0.0,0.0,225.857,23.536,249.393,3.364,,,,,,,,
United States,1978,USA,225396097.0,6518624310000.0,0.0,0.0,286.329,24.679,311.007,4.098,,,,,,,,
United States,1979,USA,227575082.0,6740172195000.0,0.0,0.0,285.935,25.756,311.691,4.065,,,,,,,,
United States,1980,USA,229858656.0,6743208466156.0,0.0,0.0,282.002,26.656,308.658,4.19,,,,,,,,
United States,1981,USA,232201613.0,6911865140375.0,0.0,0.0,266.51,27.378,293.887,4.114,,,,,,,,
United States,1982,USA,234583155.0,6782206459531.0,0.0,0.0,315.529,26.405,341.934,4.983,,,,,,,,
United States,1983,USA,236986362.0,7066236631843.0,0.003,0.003,338.678,29.805,368.488,5.393,,,,,,,,
United States,1984,USA,239353967.0,7581107970562.0,0.005,0.007,327.587,35.595,363.194,5.066,,,,,,,,
United States,1985,USA,241690438.0,7874872005718.0,0.011,0.006,287.182,36.393,323.592,4.533,12.178,0.0,0.0,10.808,1929.329,2657.15,,
United States,1986,USA,243953807.0,8146027887500.0,0.014,0.004,296.975,38.702,335.695,4.661,12.544,0.001,0.0,11.097,1904.22,2676.113,,
United States,1987,USA,246161292.0,8432566640312.0,0.011,0.004,255.41,42.665,298.09,4.017,10.753,0.0,0.0,9.213,1994.51,2772.205,,
United States,1988,USA,248393236.0,8787202692343.0,0.009,0.001,228.385,42.394,270.789,3.495,9.291,0.0,0.0,7.836,2088.552,2914.446,,
United States,1989,USA,250675047.0,9091291640062.0,0.253,2.133,274.724,48.854,325.965,4.106,10.33,0.008,0.068,8.706,2267.343,3155.45,,
United States,1990,USA,253373387.0,9250377579093.0,0.371,2.817,292.281,57.459,352.928,4.516,10.917,0.011,0.087,9.041,2261.957,3232.78,,
United States,1991,USA,256471424.0,9224688313722.0,0.478,2.981,287.326,60.552,351.337,4.519,10.742,0.015,0.091,8.785,2261.573,3270.724,,
United States,1992,USA,259606021.0,9552658514601.0,0.409,2.917,251.426,64.815,319.567,4.083,9.73,0.012,0.089,7.655,2299.683,3284.39,,
United States,1993,USA,262633229.0,9814940456277.0,0.475,3.036,279.251,66.925,349.687,4.377,10.271,0.014,0.089,8.202,2398.646,3404.678,,
United States,1994,USA,265474811.0,10211204686187.0,0.502,3.482,259.341,66.355,329.68,4.076,9.532,0.015,0.101,7.499,2441.003,3458.526,,
United States,1995,USA,268205796.0,10488856843750.0,0.514,3.196,311.22,63.265,378.196,4.551,10.602,0.014,0.09,8.724,2466.568,3567.331,,
United States,1996,USA,270860695.0,10886952373500.0,0.541,3.267,347.549,64.826,416.184,4.791,11.361,0.015,0.089,9.487,2522.6,3663.386,,
United States,1997,USA,273468014.0,11375561318703.0,0.533,3.321,355.973,65.82,425.647,4.884,11.453,0.014,0.089,9.578,2613.247,3716.377,,
United States,1998,USA,276119323.0,11881792533609.0,0.525,3.056,322.089,65.617,391.287,4.489,10.148,0.014,0.079,8.353,2738.78,3855.808,,
United States,1999,USA,278785482.0,12438444530000.0,0.518,4.533,316.605,66.478,388.135,4.383,9.861,0.013,0.115,8.044,2763.086,3936.098,,
United States,2000,USA,281484126.0,12947417795437.0,0.49,5.59,270.03,74.82,350.93,3.856,9.23,0.013,0.147,7.102,2697.28,3802.1,2309.84,607.52
United States,2001,USA,284279634.0,13073810008320.0,0.54,6.74,208.14,64.64,280.06,3.287,7.513,0.014,0.181,5.584,2678.68,3727.57,2273.41,609.89
United States,2002,USA,287084335.0,13307343638671.0,0.55,10.35,255.59,69.85,336.34,3.851,8.749,0.014,0.269,6.649,2727.83,3844.23,2309.06,600.66
United States,2003,USA,289908091.0,13680911930765.0,0.53,11.19,267.27,70.19,349.18,4.012,9.025,0.014,0.289,6.908,2756.03,3868.94,2345.89,606.34
United States,2004,USA,292786248.0,14198910513593.0,0.58,14.14,259.93,70.49,345.14,3.944,8.733,0.015,0.358,6.577,2818.28,3951.95,2380.82,602.44
United States,2005,USA,295716666.0,14673826218839.0,0.55,17.81,263.76,70.92,353.04,4.055,8.749,0.014,0.441,6.537,2899.96,4034.99,2438.7,604.39
United States,2006,USA,298730208.0,15065164240312.0,0.51,26.59,282.69,71.37,381.16,4.502,9.418,0.013,0.657,6.985,2878.56,4046.94,2409.78,595.46
United States,2007,USA,301844223.0,15333183877566.0,0.61,34.45,240.61,72.24,347.91,4.222,8.398,0.015,0.832,5.808,2988.24,4142.57,2479.22,598.47
United States,2008,USA,304970325.0,15288552732632.0,0.86,55.36,248.54,72.35,377.11,4.833,9.181,0.021,1.348,6.051,2924.21,4107.53,2428.91,591.33
United States,2009,USA,308023452.0,14864003344421.0,0.89,73.89,268.82,71.96,415.56,5.601,10.548,0.023,1.875,6.823,2725.41,3939.82,2226.07,565.02
United States,2010,USA,311062785.0,15239586726210.0,1.21,94.65,254.7,73.92,424.48,5.642,10.318,0.029,2.301,6.191,2882.49,4113.94,2348.28,570.81
United States,2011,USA,314105075.0,15477885525000.0,1.82,120.18,312.93,74.81,509.74,6.653,12.467,0.045,2.939,7.653,2788.93,4088.87,2250.83,550.48
United States,2012,USA,317115349.0,15830886903539.0,4.33,140.82,271.29,75.88,492.32,6.652,12.184,0.107,3.485,6.714,2779.02,4040.67,2152.74,532.77
United States,2013,USA,320110752.0,16122472460312.0,9.04,167.84,263.88,79.62,520.38,6.888,12.831,0.223,4.138,6.507,2746.21,4055.61,2163.4,533.43
United States,2014,USA,323115377.0,16491319003554.0,28.92,181.65,253.19,83.07,546.83,7.015,13.35,0.706,4.435,6.181,2752.01,4096.01,2168.45,529.41
United States,2015,USA,326126496.0,16937633974582.0,39.03,190.72,243.99,82.75,556.49,7.219,13.626,0.956,4.67,5.974,2730.32,4083.99,2061.99,504.9
United States,2016,USA,329179423.0,17220065720000.0,54.87,226.99,261.13,81.92,624.91,7.993,15.288,1.342,5.553,6.388,2656.96,4087.56,1975.7,483.35
United States,2017,USA,332204657.0,17606124654726.0,77.28,254.3,293.84,81.77,707.19,8.755,17.452,1.907,6.275,7.251,2540.17,4052.31,1900.6,469.02
United States,2018,USA,335056492.0,18124692769570.0,93.36,272.67,286.62,80.52,733.17,8.64,17.45,2.222,6.49,6.822,2661.3,4201.55,1943.68,462.61
United States,2019,USA,337790069.0,18540552700117.0,106.89,295.88,282.61,75.38,760.76,8.967,18.295,2.57,7.115,6.796,2588.21,4158.38,1827.4,439.45
United States,2020,USA,339436156.0,18027359681343.0,130.72,337.94,279.95,72.79,821.4,10.123,20.316,3.233,8.358,6.924,2431.9,4043.18,1664.71,411.73
United States,2021,USA,340161438.0,19099378164000.0,164.42,378.2,246.47,72.49,861.58,10.116,20.743,3.958,9.105,5.934,2512.39,4153.62,1760.23,423.78
United States,2022,USA,341534041.0,19493170182843.0,205.07,434.3,248.76,70.01,958.14,10.875,22.35,4.784,10.131,5.803,2557.21,4286.89,1759.3,410.39
United States,2023,USA,343477330.0,19493170182843.0,238.94,421.14,239.01,65.65,964.74,11.212,22.679,5.617,9.9,5.619,2514.3,4253.91,1671.3,392.89
United States,2024,USA,345426566.0,19493170182843.0,303.75,451.9,237.04,63.94,1056.63,12.05,24.063,6.918,10.291,5.398,2552.53,4391.02,1685.19,383.78
United States,2025,USA,347275809.0,19493170182843.0,388.82,464.39,241.7,63.89,1158.8,12.05,25.638,8.603,10.275,5.348,2576.21,4519.79,1737.42,384.4
United States Virgin Islands,2000,VIR,108591.0,,0.0,0.0,0.0,0.0,0.0,,0.0,0.0,0.0,0.0,1.03,1.03,0.68,660.19
United States Virgin Islands,2001,VIR,108535.0,,0.0,0.0,0.0,0.0,0.0,,0.0,0.0,0.0,0.0,1.03,1.03,0.68,660.19
United States Virgin Islands,2002,VIR,108433.0,,0.0,0.0,0.0,0.0,0.0,,0.0,0.0,0.0,0.0,1.04,1.04,0.68,653.85
United States Virgin Islands,2003,VIR,108186.0,,0.0,0.0,0.0,0.0,0.0,,0.0,0.0,0.0,0.0,1.04,1.04,0.68,653.85
United States Virgin Islands,2004,VIR,107851.0,,0.0,0.0,0.0,0.0,0.0,,0.0,0.0,0.0,0.0,1.05,1.05,0.69,657.14
United States Virgin Islands,2005,VIR,107622.0,,0.0,0.0,0.0,0.0,0.0,,0.0,0.0,0.0,0.0,0.97,0.97,0.64,659.79
United States Virgin Islands,2006,VIR,107463.0,,0.0,0.0,0.0,0.0,0.0,,0.0,0.0,0.0,0.0,0.97,0.97,0.64,659.79
United States Virgin Islands,2007,VIR,107238.0,,0.0,0.0,0.0,0.0,0.0,,0.0,0.0,0.0,0.0,0.98,0.98,0.64,653.06
United States Virgin Islands,2008,VIR,106971.0,,0.0,0.0,0.0,0.0,0.0,,0.0,0.0,0.0,0.0,0.97,0.97,0.64,659.79
United States Virgin Islands,2009,VIR,106767.0,,0.0,0.0,0.0,0.0,0.0,,0.0,0.0,0.0,0.0,0.92,0.92,0.61,663.04
United States Virgin Islands,2010,VIR,106325.0,,0.0,0.0,0.0,0.0,0.0,,0.0,0.0,0.0,0.0,0.96,0.96,0.63,656.25
United States Virgin Islands,2011,VIR,105398.0,,0.0,0.0,0.0,0.0,0.0,,0.0,0.0,0.0,0.0,0.95,0.95,0.63,663.16
United States Virgin Islands,2012,VIR,104307.0,,0.0,0.0,0.0,0.0,0.0,,0.0,0.0,0.0,0.0,0.87,0.87,0.57,655.17
United States Virgin Islands,2013,VIR,103168.0,,0.0,0.0,0.0,0.0,0.0,,0.0,0.0,0.0,0.0,0.82,0.82,0.54,658.54
United States Virgin Islands,2014,VIR,102012.0,,0.01,0.0,0.0,0.0,0.01,,1.282,1.282,0.0,0.0,0.77,0.78,0.51,653.85
United States Virgin Islands,2015,VIR,100251.0,,0.01,0.0,0.0,0.0,0.01,,1.282,1.282,0.0,0.0,0.77,0.78,0.51,653.85
United States Virgin Islands,2016,VIR,97795.0,,0.01,0.0,0.0,0.0,0.01,,1.299,1.299,0.0,0.0,0.76,0.77,0.5,649.35
United States Virgin Islands,2017,VIR,95124.0,,0.01,0.0,0.0,0.0,0.01,,1.667,1.667,0.0,0.0,0.59,0.6,0.39,650.0
United States Virgin Islands,2018,VIR,92317.0,,0.01,0.0,0.0,0.0,0.01,,1.613,1.613,0.0,0.0,0.61,0.62,0.4,645.16
United States Virgin Islands,2019,VIR,89390.0,,0.01,0.0,0.0,0.0,0.01,,1.515,1.515,0.0,0.0,0.65,0.66,0.43,651.52
United States Virgin Islands,2020,VIR,87724.0,,0.01,0.0,0.0,0.0,0.01,,1.562,1.562,0.0,0.0,0.63,0.64,0.41,640.63
United States Virgin Islands,2021,VIR,87238.0,,0.02,0.0,0.0,0.0,0.02,,3.03,3.03,0.0,0.0,0.64,0.66,0.42,636.36
United States Virgin Islands,2022,VIR,86521.0,,0.02,0.0,0.0,0.0,0.02,,2.941,2.941,0.0,0.0,0.66,0.68,0.43,632.35
United States Virgin Islands,2023,VIR,85712.0,,0.02,0.0,0.0,0.0,0.02,,2.941,2.941,0.0,0.0,0.66,0.68,0.43,632.35
Uruguay,2000,URY,3266212.0,42357504785.0,0.0,0.0,7.05,0.04,7.09,,93.412,0.0,0.0,92.885,0.5,7.59,0.51,67.19
Uruguay,2001,URY,3274257.0,40598224745.0,0.0,0.0,9.19,0.04,9.23,,99.784,0.0,0.0,99.351,0.02,9.25,0.24,25.95
Uruguay,2002,URY,3278868.0,37250866884.0,0.0,0.0,9.53,0.04,9.57,,99.687,0.0,0.0,99.271,0.03,9.6,0.26,27.08
Uruguay,2003,URY,3281188.0,37483201754.0,0.0,0.0,8.53,0.04,8.57,,99.883,0.0,0.0,99.417,0.01,8.58,0.22,25.64
Uruguay,2004,URY,3283157.0,39270203111.0,0.0,0.0,4.78,0.04,4.82,,81.695,0.0,0.0,81.017,1.08,5.9,0.83,140.68
Uruguay,2005,URY,3285776.0,41988118660.0,0.0,0.0,6.68,0.04,6.72,,87.5,0.0,0.0,86.979,0.96,7.68,0.8,104.17
Uruguay,2006,URY,3289508.0,43608062782.0,0.0,0.0,3.55,0.05,3.6,,64.632,0.0,0.0,63.734,1.97,5.57,1.39,249.55
Uruguay,2007,URY,3295155.0,46197426762.0,0.0,0.0,8.02,0.14,8.16,,86.994,0.0,0.0,85.501,1.22,9.38,1.02,108.74
Uruguay,2008,URY,3302184.0,49265998696.0,0.0,0.0,4.5,0.87,5.37,,61.231,0.0,0.0,51.311,3.4,8.77,2.54,289.62
Uruguay,2009,URY,3310093.0,50291695148.0,0.0,0.04,5.06,0.81,5.91,,68.166,0.0,0.461,58.362,2.76,8.67,2.11,243.37
Uruguay,2010,URY,3318581.0,54642867455.0,0.0,0.07,8.41,1.1,9.58,,89.199,0.0,0.652,78.305,1.16,10.74,1.2,111.73
Uruguay,2011,URY,3326829.0,57427770581.0,0.0,0.11,6.48,1.13,7.72,,74.662,0.0,1.064,62.669,2.62,10.34,2.11,204.06
Uruguay,2012,URY,3335406.0,59459565927.0,0.0,0.11,5.42,1.32,6.85,,64.623,0.0,1.038,51.132,3.75,10.6,2.89,272.64
Uruguay,2013,URY,3345335.0,62217298965.0,0.0,0.14,8.21,1.46,9.81,,84.134,0.0,1.201,70.412,1.85,11.66,1.74,149.23
Uruguay,2014,URY,3356343.0,64232518554.0,0.0,0.73,9.65,1.92,12.3,,94.761,0.0,5.624,74.345,0.68,12.98,1.11,85.52
Uruguay,2015,URY,3368022.0,64470831197.0,0.05,2.07,8.27,2.41,12.8,,93.159,0.364,15.066,60.189,0.94,13.74,1.36,98.98
Uruguay,2016,URY,3379279.0,65560386931.0,0.15,2.99,7.84,2.45,13.43,,96.828,1.081,21.557,56.525,0.44,13.87,1.04,74.98
Uruguay,2017,URY,3388444.0,66627711123.0,0.27,3.77,7.52,2.57,14.13,,98.467,1.882,26.272,52.404,0.22,14.35,0.93,64.81
Uruguay,2018,URY,3394538.0,66946183643.0,0.41,4.73,6.56,2.55,14.25,,97.536,2.806,32.375,44.901,0.36,14.61,1.01,69.13
Uruguay,2019,URY,3397206.0,67180494669.0,0.42,4.75,8.11,2.51,15.79,,98.258,2.614,29.558,50.467,0.28,16.07,0.98,60.98
Uruguay,2020,URY,3398966.0,63072414563.0,0.46,5.48,4.09,2.73,12.76,,94.031,3.39,40.383,30.14,0.81,13.57,1.28,94.33
Uruguay,2021,URY,3396693.0,65848852721.0,0.48,4.99,5.27,2.79,13.53,,84.615,3.002,31.207,32.958,2.46,15.99,2.41,150.72
Uruguay,2022,URY,3390913.0,69066228178.0,0.5,4.78,5.69,2.52,13.49,,90.781,3.365,32.167,38.291,1.37,14.86,1.64,110.36
Uruguay,2023,URY,3388083.0,69066228178.0,0.49,4.76,3.52,3.08,11.85,,92.434,3.822,37.129,27.457,0.97,12.82,1.45,113.11
Uruguay,2024,URY,3386583.0,69066228178.0,0.56,5.16,4.5,3.0,13.22,,98.878,4.188,38.594,33.657,0.15,13.37,0.93,69.56
Uruguay,2025,URY,3384686.0,69066228178.0,0.61,4.85,3.25,2.97,11.68,,97.822,5.109,40.62,27.219,0.26,11.94,0.96,80.4
Uzbekistan,1985,UZB,17875337.0,130801915000.0,0.0,0.0,5.431,0.0,5.431,3.244,11.33,0.0,0.0,11.33,,47.939,,
Uzbekistan,1986,UZB,18395621.0,129229072000.0,0.0,0.0,4.618,0.0,4.618,2.81,8.852,0.0,0.0,8.852,,52.171,,
Uzbekistan,1987,UZB,18930068.0,128382920000.0,0.0,0.0,6.771,0.0,6.771,3.956,12.365,0.0,0.0,12.365,,54.755,,
Uzbekistan,1988,UZB,19460634.0,139357125000.0,0.0,0.0,7.164,0.0,7.164,4.159,14.161,0.0,0.0,14.161,,50.59,,
Uzbekistan,1989,UZB,19977192.0,142094069000.0,0.0,0.0,5.502,0.0,5.502,3.084,9.847,0.0,0.0,9.847,,55.874,,
Uzbekistan,1990,UZB,20464963.0,139398700000.0,0.0,0.0,6.648,0.0,6.648,3.562,11.803,0.0,0.0,11.803,,56.325,,
Uzbekistan,1991,UZB,20962908.0,136577628581.0,0.0,0.0,6.031,0.0,6.031,3.278,11.134,0.0,0.0,11.134,,54.165,,
Uzbekistan,1992,UZB,21485095.0,119510821474.0,0.0,0.0,6.281,0.0,6.281,3.602,12.337,0.0,0.0,12.337,,50.911,,
Uzbekistan,1993,UZB,21987960.0,114918068077.0,0.0,0.0,7.358,0.0,7.358,4.049,14.971,0.0,0.0,14.971,,49.149,,
Uzbekistan,1994,UZB,22463295.0,107242116434.0,0.0,0.0,7.156,0.0,7.156,3.981,14.971,0.0,0.0,14.971,,47.8,,
Uzbekistan,1995,UZB,22917588.0,104615642206.0,0.0,0.0,6.188,0.0,6.188,3.398,13.04,0.0,0.0,13.04,,47.453,,
Uzbekistan,1996,UZB,23351981.0,104748209480.0,0.0,0.0,6.525,0.0,6.525,3.479,14.366,0.0,0.0,14.366,,45.419,,
Uzbekistan,1997,UZB,23758961.0,108486849294.0,0.0,0.0,5.777,0.0,5.777,3.104,12.544,0.0,0.0,12.544,,46.054,,
Uzbekistan,1998,UZB,24134930.0,111389403957.0,0.0,0.0,5.758,0.0,5.758,3.093,12.545,0.0,0.0,12.545,,45.9,,
Uzbekistan,1999,UZB,24476013.0,114383428782.0,0.0,0.0,5.692,0.0,5.692,2.725,12.545,0.0,0.0,12.545,,45.372,,
Uzbekistan,2000,UZB,24787052.0,116875841754.0,0.0,0.0,3.53,0.0,3.53,2.75,7.533,0.0,0.0,7.533,43.33,46.86,51.71,1103.5
Uzbekistan,2001,UZB,25090289.0,119890046302.0,0.0,0.0,4.36,0.0,4.36,2.793,9.091,0.0,0.0,9.091,43.6,47.96,52.04,1085.07
Uzbekistan,2002,UZB,25399987.0,122757832356.0,0.0,0.0,6.02,0.0,6.02,2.778,12.186,0.0,0.0,12.186,43.38,49.4,51.84,1049.39
Uzbekistan,2003,UZB,25711261.0,125924032405.0,0.0,0.0,8.17,0.0,8.17,3.532,16.762,0.0,0.0,16.762,40.57,48.74,48.61,997.33
Uzbekistan,2004,UZB,26029350.0,133132057133.0,0.0,0.0,6.1,0.0,6.1,3.172,12.274,0.0,0.0,12.274,43.6,49.7,52.58,1057.95
Uzbekistan,2005,UZB,26356977.0,140239285325.0,0.0,0.0,8.93,0.0,8.93,3.298,18.733,0.0,0.0,18.733,38.74,47.67,46.94,984.69
Uzbekistan,2006,UZB,26699046.0,148405074458.0,0.0,0.0,4.65,0.0,4.65,2.986,9.428,0.0,0.0,9.428,44.67,49.32,54.53,1105.64
Uzbekistan,2007,UZB,27076013.0,159993748436.0,0.0,0.0,4.67,0.0,4.67,3.086,9.527,0.0,0.0,9.527,44.35,49.02,54.65,1114.85
Uzbekistan,2008,UZB,27494780.0,171692630381.0,0.0,0.0,4.49,0.0,4.49,2.215,8.941,0.0,0.0,8.941,45.73,50.22,56.74,1129.83
Uzbekistan,2009,UZB,27939333.0,182715813772.0,0.0,0.0,6.48,0.0,6.48,3.253,12.934,0.0,0.0,12.934,43.62,50.1,54.36,1085.03
Uzbekistan,2010,UZB,28385509.0,195160171269.0,0.0,0.0,8.19,0.0,8.19,4.069,15.759,0.0,0.0,15.759,43.78,51.97,54.76,1053.69
Uzbekistan,2011,UZB,28823194.0,208063390835.0,0.0,0.0,5.7,0.0,5.7,2.7,10.795,0.0,0.0,10.795,47.1,52.8,59.05,1118.37
Uzbekistan,2012,UZB,29261908.0,222840047403.0,0.0,0.0,6.65,0.0,6.65,3.02,12.547,0.0,0.0,12.547,46.35,53.0,58.21,1098.3
Uzbekistan,2013,UZB,29724065.0,239100684823.0,0.0,0.0,5.7,0.0,5.7,2.945,10.438,0.0,0.0,10.438,48.91,54.61,61.49,1125.98
Uzbekistan,2014,UZB,30222994.0,255536474727.0,0.0,0.0,6.07,0.0,6.07,2.785,10.888,0.0,0.0,10.888,49.68,55.75,62.5,1121.08
Uzbekistan,2015,UZB,30749349.0,273983640646.0,0.0,0.0,6.82,0.0,6.82,2.827,11.879,0.0,0.0,11.879,50.59,57.41,63.82,1111.65
Uzbekistan,2016,UZB,31284565.0,290236358613.0,0.0,0.0,6.86,0.0,6.86,3.319,11.685,0.0,0.0,11.685,51.85,58.71,65.41,1114.12
Uzbekistan,2017,UZB,31819172.0,302992216928.0,0.01,0.0,7.93,0.0,7.94,3.698,13.051,0.016,0.0,13.034,52.9,60.84,66.74,1096.98
Uzbekistan,2018,UZB,32373489.0,320808179800.0,0.01,0.0,5.9,0.0,5.91,2.73,9.359,0.016,0.0,9.343,57.24,63.15,71.94,1139.19
Uzbekistan,2019,UZB,32964700.0,339998944961.0,0.01,0.0,6.46,0.0,6.47,2.96,10.179,0.016,0.0,10.164,57.09,63.56,71.14,1119.26
Uzbekistan,2020,UZB,33586373.0,346785285756.0,0.01,0.0,5.0,0.0,5.01,2.293,7.53,0.015,0.0,7.515,61.52,66.53,76.45,1149.11
Uzbekistan,2021,UZB,34243696.0,372457828275.0,0.05,0.0,4.97,0.0,5.02,2.167,7.027,0.07,0.0,6.957,66.42,71.44,82.19,1150.48
Uzbekistan,2022,UZB,34938953.0,393572464308.0,0.44,0.0,6.48,0.0,6.92,2.387,9.218,0.586,0.0,8.632,68.15,75.07,84.18,1121.35
Uzbekistan,2023,UZB,35652311.0,393572464308.0,0.45,0.55,6.6,0.0,7.6,3.104,9.896,0.586,0.716,8.594,69.2,76.8,85.5,1113.28
Uzbekistan,2024,UZB,36361859.0,393572464308.0,2.9,1.9,8.2,0.0,13.0,4.582,15.951,3.558,2.331,10.061,68.5,81.5,84.77,1040.12
Uzbekistan,2025,UZB,37053428.0,393572464308.0,6.5,4.0,6.3,0.0,16.8,4.582,19.377,7.497,4.614,7.266,69.9,86.7,86.7,1000.0
Vanuatu,2000,VUT,186290.0,,0.0,0.0,0.0,0.0,0.0,,0.0,0.0,0.0,0.0,0.05,0.05,0.03,600.0
Vanuatu,2001,VUT,191047.0,,0.0,0.0,0.0,0.0,0.0,,0.0,0.0,0.0,0.0,0.05,0.05,0.03,600.0
Vanuatu,2002,VUT,195871.0,,0.0,0.0,0.0,0.0,0.0,,0.0,0.0,0.0,0.0,0.05,0.05,0.03,600.0
Vanuatu,2003,VUT,200760.0,,0.0,0.0,0.0,0.0,0.0,,0.0,0.0,0.0,0.0,0.05,0.05,0.03,600.0
Vanuatu,2004,VUT,205720.0,,0.0,0.0,0.0,0.0,0.0,,0.0,0.0,0.0,0.0,0.05,0.05,0.03,600.0
Vanuatu,2005,VUT,210772.0,,0.0,0.0,0.0,0.0,0.0,,0.0,0.0,0.0,0.0,0.05,0.05,0.03,600.0
Vanuatu,2006,VUT,215939.0,,0.0,0.0,0.0,0.0,0.0,,0.0,0.0,0.0,0.0,0.05,0.05,0.03,600.0
Vanuatu,2007,VUT,221291.0,,0.0,0.0,0.0,0.0,0.0,,0.0,0.0,0.0,0.0,0.05,0.05,0.03,600.0
Vanuatu,2008,VUT,226908.0,,0.0,0.0,0.0,0.0,0.0,,0.0,0.0,0.0,0.0,0.06,0.06,0.04,666.67
Vanuatu,2009,VUT,232740.0,,0.0,0.0,0.0,0.0,0.0,,0.0,0.0,0.0,0.0,0.06,0.06,0.04,666.67
Vanuatu,2010,VUT,238256.0,,0.0,0.0,0.0,0.0,0.0,,0.0,0.0,0.0,0.0,0.06,0.06,0.04,666.67
Vanuatu,2011,VUT,243483.0,,0.0,0.0,0.0,0.0,0.0,,0.0,0.0,0.0,0.0,0.06,0.06,0.04,666.67
Vanuatu,2012,VUT,248894.0,,0.0,0.0,0.0,0.0,0.0,,0.0,0.0,0.0,0.0,0.06,0.06,0.04,666.67
Vanuatu,2013,VUT,254495.0,,0.0,0.01,0.0,0.0,0.01,,14.286,0.0,14.286,0.0,0.06,0.07,0.04,571.43
Vanuatu,2014,VUT,260247.0,,0.0,0.01,0.0,0.0,0.01,,14.286,0.0,14.286,0.0,0.06,0.07,0.04,571.43
Vanuatu,2015,VUT,266115.0,,0.0,0.01,0.0,0.0,0.01,,16.667,0.0,16.667,0.0,0.05,0.06,0.03,500.0
Vanuatu,2016,VUT,272097.0,,0.0,0.01,0.0,0.0,0.01,,14.286,0.0,14.286,0.0,0.06,0.07,0.04,571.43
Vanuatu,2017,VUT,278518.0,,0.0,0.0,0.0,0.0,0.0,,0.0,0.0,0.0,0.0,0.06,0.06,0.04,666.67
Vanuatu,2018,VUT,285273.0,,0.01,0.0,0.01,0.0,0.02,,25.0,12.5,0.0,12.5,0.06,0.08,0.04,500.0
Vanuatu,2019,VUT,291995.0,,0.01,0.01,0.01,0.0,0.03,,33.333,11.111,11.111,11.111,0.06,0.09,0.04,444.44
Vanuatu,2020,VUT,298867.0,,0.01,0.01,0.01,0.0,0.03,,33.333,11.111,11.111,11.111,0.06,0.09,0.04,444.44
Vanuatu,2021,VUT,305882.0,,0.01,0.0,0.01,0.0,0.02,,25.0,12.5,0.0,12.5,0.06,0.08,0.04,500.0
Vanuatu,2022,VUT,313061.0,,0.01,0.0,0.01,0.0,0.02,,25.0,12.5,0.0,12.5,0.06,0.08,0.04,500.0
Vanuatu,2023,VUT,320422.0,,0.01,0.0,0.01,0.0,0.02,,25.0,12.5,0.0,12.5,0.06,0.08,0.04,500.0
Venezuela,1965,VEN,9697793.0,130094799088.0,0.0,0.0,1.369,0.0,1.369,1.988,,,,,,,,
Venezuela,1966,VEN,10024858.0,133053829523.0,0.0,0.0,1.395,0.0,1.395,2.007,,,,,,,,
Venezuela,1967,VEN,10358514.0,138361112548.0,0.0,0.0,1.636,0.0,1.636,2.233,,,,,,,,
Venezuela,1968,VEN,10697538.0,145798581328.0,0.0,0.0,2.748,0.0,2.748,3.479,,,,,,,,
Venezuela,1969,VEN,11040279.0,152244641044.0,0.0,0.0,3.19,0.0,3.19,3.995,,,,,,,,
Venezuela,1970,VEN,11387795.0,164479315821.0,0.0,0.0,4.104,0.0,4.104,5.095,,,,,,,,
Venezuela,1971,VEN,11741013.0,169416525515.0,0.0,0.0,5.39,0.0,5.39,6.589,,,,,,,,
Venezuela,1972,VEN,12099184.0,174289353881.0,0.0,0.0,6.02,0.0,6.02,6.963,,,,,,,,
Venezuela,1973,VEN,12463539.0,184817766328.0,0.0,0.0,6.225,0.0,6.225,6.29,,,,,,,,
Venezuela,1974,VEN,12835356.0,195788992368.0,0.0,0.0,7.707,0.0,7.707,7.534,,,,,,,,
Venezuela,1975,VEN,13215889.0,207679666987.0,0.0,0.0,8.931,0.0,8.931,8.4,,,,,,,,
Venezuela,1976,VEN,13606286.0,224670553115.0,0.0,0.0,10.578,0.0,10.578,9.103,,,,,,,,
Venezuela,1977,VEN,14006819.0,238918548590.0,0.0,0.0,12.163,0.0,12.163,9.393,,,,,,,,
Venezuela,1978,VEN,14416680.0,243524738167.0,0.0,0.0,12.232,0.0,12.232,9.244,,,,,,,,
Venezuela,1979,VEN,14834551.0,245974933007.0,0.0,0.0,14.24,0.0,14.24,9.764,,,,,,,,
Venezuela,1980,VEN,15258225.0,240273564580.0,0.0,0.0,14.587,0.0,14.587,8.933,,,,,,,,
Venezuela,1981,VEN,15687305.0,238868514404.0,0.0,0.0,15.088,0.0,15.088,8.906,,,,,,,,
Venezuela,1982,VEN,16121876.0,240919068234.0,0.0,0.0,15.814,0.0,15.814,9.155,,,,,,,,
Venezuela,1983,VEN,16562202.0,227674922524.0,0.0,0.0,18.063,0.0,18.063,10.503,,,,,,,,
Venezuela,1984,VEN,17008838.0,224955885179.0,0.0,0.0,20.243,0.0,20.243,11.551,,,,,,,,
Venezuela,1985,VEN,17461433.0,225556954589.0,0.0,0.0,22.648,0.0,22.648,12.589,47.892,0.0,0.0,47.892,,47.29,,
Venezuela,1986,VEN,17923542.0,239957152308.0,0.0,0.0,25.159,0.0,25.159,13.021,50.206,0.0,0.0,50.206,,50.112,,
Venezuela,1987,VEN,18394970.0,248342578628.0,0.0,0.0,30.843,0.0,30.843,16.005,56.977,0.0,0.0,56.977,,54.132,,
Venezuela,1988,VEN,18871021.0,262960053070.0,0.0,0.0,34.203,0.0,34.203,17.051,58.723,0.0,0.0,58.723,,58.245,,
Venezuela,1989,VEN,19348925.0,240346713867.0,0.0,0.0,34.666,0.0,34.666,17.139,60.163,0.0,0.0,60.163,,57.62,,
Venezuela,1990,VEN,19827005.0,256078525417.0,0.0,0.0,36.983,0.0,36.983,17.21,62.344,0.0,0.0,62.344,,59.321,,
Venezuela,1991,VEN,20304898.0,282132286314.0,0.0,0.0,44.542,0.0,44.542,20.633,70.325,0.0,0.0,70.325,,63.337,,
Venezuela,1992,VEN,20780946.0,301055402293.0,0.0,0.0,47.271,0.0,47.271,20.228,70.093,0.0,0.0,70.093,,67.44,,
Venezuela,1993,VEN,21254525.0,303263920492.0,0.0,0.0,47.478,0.0,47.478,20.538,68.43,0.0,0.0,68.43,,69.382,,
Venezuela,1994,VEN,21725186.0,297728620446.0,0.0,0.0,51.284,0.0,51.284,20.434,72.007,0.0,0.0,72.007,,71.221,,
Venezuela,1995,VEN,22193822.0,310657285215.0,0.0,0.0,51.45,0.0,51.45,19.9,70.051,0.0,0.0,70.051,,73.446,,
Venezuela,1996,VEN,22662117.0,311633007305.0,0.0,0.0,53.847,0.0,53.847,21.392,71.238,0.0,0.0,71.238,,75.588,,
Venezuela,1997,VEN,23131691.0,332907949755.0,0.0,0.0,57.268,0.0,57.268,21.523,73.358,0.0,0.0,73.358,,78.066,,
Venezuela,1998,VEN,23601341.0,335631906948.0,0.0,0.0,57.923,0.0,57.923,21.702,71.595,0.0,0.0,71.595,,80.904,,
Venezuela,1999,VEN,24066595.0,316971287567.0,0.0,0.0,60.6,0.0,60.6,23.347,75.2,0.0,0.0,75.2,,80.585,,
Venezuela,2000,VEN,24526707.0,330236189305.0,0.0,0.0,62.89,0.0,62.89,22.962,73.754,0.0,0.0,73.754,22.38,85.27,18.14,212.74
Venezuela,2001,VEN,24979934.0,343312598582.0,0.0,0.0,60.44,0.0,60.44,20.705,67.074,0.0,0.0,67.074,29.67,90.11,23.57,261.57
Venezuela,2002,VEN,25435674.0,314003719638.0,0.0,0.0,59.53,0.0,59.53,20.257,64.812,0.0,0.0,64.812,32.32,91.85,25.18,274.14
Venezuela,2003,VEN,25892710.0,291333920302.0,0.0,0.0,60.53,0.0,60.53,22.8,65.829,0.0,0.0,65.829,31.42,91.95,24.25,263.73
Venezuela,2004,VEN,26340843.0,346317458927.0,0.0,0.0,70.07,0.0,70.07,23.593,71.101,0.0,0.0,71.101,28.48,98.55,22.53,228.62
Venezuela,2005,VEN,26785797.0,383570387195.0,0.0,0.0,77.23,0.0,77.23,24.798,73.28,0.0,0.0,73.28,28.16,105.39,22.26,211.22
Venezuela,2006,VEN,27224691.0,423878563812.0,0.0,0.0,81.6,0.0,81.6,23.661,73.9,0.0,0.0,73.9,28.82,110.42,22.88,207.21
Venezuela,2007,VEN,27649369.0,462276737389.0,0.0,0.0,83.06,0.0,83.06,22.963,72.726,0.0,0.0,72.726,31.15,114.21,24.86,217.67
Venezuela,2008,VEN,28053694.0,488287068325.0,0.0,0.0,86.84,0.0,86.84,23.217,72.791,0.0,0.0,72.791,32.46,119.3,25.73,215.68
Venezuela,2009,VEN,28438296.0,474358611901.0,0.0,0.0,85.96,0.0,85.96,22.612,71.891,0.0,0.0,71.891,33.61,119.57,26.56,222.13
Venezuela,2010,VEN,28813101.0,477591738082.0,0.0,0.0,76.78,0.0,76.78,21.151,67.493,0.0,0.0,67.493,36.98,113.76,28.67,252.02
Venezuela,2011,VEN,29185220.0,502688619769.0,0.0,0.0,83.67,0.0,83.67,21.631,70.931,0.0,0.0,70.931,34.29,117.96,26.79,227.11
Venezuela,2012,VEN,29553829.0,530969916373.0,0.0,0.05,82.01,0.0,82.06,20.228,63.954,0.0,0.039,63.916,46.25,128.31,35.91,279.87
Venezuela,2013,VEN,29912195.0,538100828642.0,0.0,0.09,83.54,0.0,83.63,20.392,61.889,0.0,0.067,61.822,51.5,135.13,40.24,297.79
Venezuela,2014,VEN,30254080.0,517147151484.0,0.0,0.09,64.29,0.0,64.38,20.501,55.871,0.0,0.078,55.793,50.85,115.23,39.35,341.49
Venezuela,2015,VEN,30573968.0,484975458402.0,0.01,0.09,74.9,0.0,75.0,19.806,58.814,0.008,0.071,58.736,52.52,127.52,40.67,318.93
Venezuela,2016,VEN,30765719.0,402335647692.0,0.01,0.09,62.96,0.0,63.06,18.015,53.925,0.009,0.077,53.84,53.88,116.94,41.72,356.76
Venezuela,2017,VEN,30565331.0,339285602968.0,0.01,0.09,60.51,0.0,60.61,20.355,58.391,0.01,0.087,58.295,43.19,103.8,33.3,320.81
Venezuela,2018,VEN,29807591.0,272599019803.0,0.01,0.04,58.15,0.0,58.2,22.65,58.369,0.01,0.04,58.319,41.51,99.71,32.0,320.93
Venezuela,2019,VEN,28938096.0,197170883456.0,0.01,0.06,49.64,0.0,49.71,24.05,58.379,0.012,0.07,58.297,35.44,85.15,27.32,320.85
Venezuela,2020,VEN,28444080.0,138029481377.0,0.01,0.02,62.51,0.0,62.54,32.081,77.68,0.012,0.025,77.643,17.97,80.51,14.86,184.57
Venezuela,2021,VEN,28237830.0,138656126606.0,0.01,0.02,65.68,0.0,65.71,28.157,79.235,0.012,0.024,79.199,17.22,82.93,14.45,174.24
Venezuela,2022,VEN,28213015.0,149682062815.0,0.01,0.02,64.51,0.0,64.54,26.484,78.363,0.012,0.024,78.327,17.82,82.36,14.86,180.43
Venezuela,2023,VEN,28300861.0,149682062815.0,0.01,0.02,64.98,0.0,65.01,25.759,90.342,0.014,0.028,90.3,6.95,71.96,6.61,91.86
Venezuela,2024,VEN,28405544.0,149682062815.0,0.01,0.02,73.0,0.0,73.03,25.84,91.139,0.012,0.025,91.102,7.1,80.13,6.88,85.86
Vietnam,1965,VNM,37129660.0,52087197328.0,0.0,0.0,0.34,0.0,0.34,3.213,,,,,,,,
Vietnam,1966,VNM,38024835.0,52540123718.0,0.0,0.0,0.39,0.0,0.39,2.107,,,,,,,,
Vietnam,1967,VNM,38895083.0,45975455332.0,0.0,0.0,0.43,0.0,0.43,1.686,,,,,,,,
Vietnam,1968,VNM,39734609.0,45129841460.0,0.0,0.0,0.48,0.0,0.48,1.815,,,,,,,,
Vietnam,1969,VNM,40582097.0,48936554226.0,0.0,0.0,0.54,0.0,0.54,1.728,,,,,,,,
Vietnam,1970,VNM,41475227.0,49899864015.0,0.0,0.0,0.6,0.0,0.6,1.841,,,,,,,,
Vietnam,1971,VNM,42449281.0,52424469359.0,0.0,0.0,0.614,0.0,0.614,2.113,,,,,,,,
Vietnam,1972,VNM,43429169.0,57069109968.0,0.0,0.0,0.422,0.0,0.422,1.498,,,,,,,,
Vietnam,1973,VNM,44409864.0,60966749292.0,0.0,0.0,0.42,0.0,0.42,1.412,,,,,,,,
Vietnam,1974,VNM,45413538.0,58534066500.0,0.0,0.0,0.42,0.0,0.42,1.9,,,,,,,,
Vietnam,1975,VNM,46482905.0,54421134359.0,0.0,0.0,0.5,0.0,0.5,2.035,,,,,,,,
Vietnam,1976,VNM,47684927.0,63562190156.0,0.0,0.0,0.557,0.0,0.557,3.92,,,,,,,,
Vietnam,1977,VNM,48954875.0,65895694187.0,0.0,0.0,0.6,0.0,0.6,3.948,,,,,,,,
Vietnam,1978,VNM,50249551.0,66386603632.0,0.0,0.0,0.8,0.0,0.8,5.078,,,,,,,,
Vietnam,1979,VNM,51378214.0,66730920210.0,0.0,0.0,1.0,0.0,1.0,5.893,,,,,,,,
Vietnam,1980,VNM,52490098.0,64834250171.0,0.0,0.0,1.488,0.0,1.488,7.671,,,,,,,,
Vietnam,1981,VNM,53738141.0,67145972480.0,0.0,0.0,1.507,0.0,1.507,7.751,,,,,,,,
Vietnam,1982,VNM,55011292.0,72591838335.0,0.0,0.0,1.56,0.0,1.56,7.511,,,,,,,,
Vietnam,1983,VNM,56337918.0,76562651425.0,0.0,0.0,1.223,0.0,1.223,5.626,,,,,,,,
Vietnam,1984,VNM,57706071.0,83442095468.0,0.0,0.0,1.599,0.0,1.599,7.299,,,,,,,,
Vietnam,1985,VNM,59060622.0,88396900683.0,0.0,0.0,1.477,0.0,1.477,6.684,29.138,0.0,0.0,29.138,3.592,5.069,,
Vietnam,1986,VNM,60347044.0,90992379667.0,0.0,0.0,1.407,0.0,1.407,5.87,25.457,0.0,0.0,25.457,4.12,5.527,,
Vietnam,1987,VNM,61584645.0,94239738281.0,0.0,0.0,1.384,0.0,1.384,5.126,22.872,0.0,0.0,22.872,4.667,6.051,,
Vietnam,1988,VNM,62843234.0,99912856953.0,0.0,0.0,1.791,0.0,1.791,6.643,26.396,0.0,0.0,26.396,4.994,6.785,,
Vietnam,1989,VNM,64147354.0,104599153187.0,0.0,0.0,3.838,0.0,3.838,15.016,49.306,0.0,0.0,49.306,3.946,7.784,,
Vietnam,1990,VNM,65504551.0,109939936906.0,0.0,0.0,5.369,0.0,5.369,19.581,61.848,0.0,0.0,61.848,3.312,8.681,,
Vietnam,1991,VNM,66891778.0,115933551072.0,0.0,0.0,6.317,0.0,6.317,22.676,68.588,0.0,0.0,68.588,2.893,9.21,,
Vietnam,1992,VNM,68260336.0,125543633553.0,0.0,0.0,7.228,0.0,7.228,23.761,74.477,0.0,0.0,74.477,2.477,9.705,,
Vietnam,1993,VNM,69586394.0,135210628764.0,0.0,0.0,7.965,0.0,7.965,22.917,74.705,0.0,0.0,74.705,2.697,10.662,,
Vietnam,1994,VNM,70854393.0,146640889667.0,0.0,0.0,9.243,0.0,9.243,23.82,75.22,0.0,0.0,75.22,3.045,12.288,,
Vietnam,1995,VNM,72049945.0,160152275679.0,0.0,0.0,10.582,0.0,10.582,23.467,72.242,0.0,0.0,72.242,4.066,14.648,,
Vietnam,1996,VNM,73156456.0,174450838100.0,0.0,0.0,12.008,0.0,12.008,23.225,70.869,0.0,0.0,70.869,4.936,16.944,,
Vietnam,1997,VNM,74226890.0,188059193812.0,0.0,0.0,11.657,0.0,11.657,19.526,60.929,0.0,0.0,60.929,7.475,19.132,,
Vietnam,1998,VNM,75299665.0,198278284704.0,0.0,0.0,11.095,0.0,11.095,17.158,51.157,0.0,0.0,51.157,10.593,21.688,,
Vietnam,1999,VNM,76287454.0,207067165620.0,0.0,0.0,13.774,0.0,13.774,20.617,58.466,0.0,0.0,58.466,9.785,23.559,,
Vietnam,2000,VNM,77154016.0,220383060780.0,0.0,0.0,14.55,0.0,14.55,19.107,54.782,0.0,0.0,54.782,12.01,26.56,8.55,321.91
Vietnam,2001,VNM,77969357.0,234846323475.0,0.0,0.0,18.21,0.0,18.21,21.061,59.49,0.0,0.0,59.49,12.4,30.61,8.9,290.76
Vietnam,2002,VNM,78772227.0,250683369279.0,0.0,0.0,18.2,0.0,18.2,19.066,50.838,0.0,0.0,50.838,17.6,35.8,12.33,344.41
Vietnam,2003,VNM,79563778.0,268202912195.0,0.0,0.0,18.99,0.0,18.99,18.345,46.396,0.0,0.0,46.396,21.94,40.93,15.38,375.76
Vietnam,2004,VNM,80338977.0,288148996981.0,0.0,0.0,17.82,0.0,17.82,14.008,38.571,0.0,0.0,38.571,28.38,46.2,18.81,407.14
Vietnam,2005,VNM,81088309.0,308988652738.0,0.0,0.0,16.53,0.05,16.58,12.158,31.836,0.0,0.0,31.74,35.5,52.08,24.09,462.56
Vietnam,2006,VNM,82167901.0,329425429734.0,0.0,0.0,19.71,0.06,19.77,15.766,34.145,0.0,0.0,34.041,38.13,57.9,25.96,448.36
Vietnam,2007,VNM,83633374.0,351786434406.0,0.0,0.0,22.44,0.08,22.52,16.349,35.1,0.0,0.0,34.975,41.64,64.16,28.16,438.9
Vietnam,2008,VNM,85175789.0,370681828207.0,0.0,0.0,25.98,0.05,26.03,15.182,36.688,0.0,0.0,36.617,44.92,70.95,29.93,421.85
Vietnam,2009,VNM,86460023.0,389670892896.0,0.0,0.01,29.98,0.06,30.05,17.054,37.264,0.0,0.012,37.178,50.59,80.64,33.22,411.95
Vietnam,2010,VNM,87455148.0,413666257649.0,0.01,0.04,28.52,0.05,28.62,13.931,31.204,0.011,0.044,31.095,63.1,91.72,41.34,450.72
Vietnam,2011,VNM,88468315.0,438354712953.0,0.01,0.04,41.08,0.06,41.19,18.079,40.577,0.01,0.039,40.469,60.32,101.51,41.16,405.48
Vietnam,2012,VNM,89510355.0,462486159336.0,0.01,0.04,53.31,0.06,53.42,22.488,46.388,0.009,0.035,46.292,61.74,115.16,42.54,369.4
Vietnam,2013,VNM,90573103.0,488172621311.0,0.01,0.07,57.82,0.06,57.96,22.935,46.569,0.008,0.056,46.457,66.5,124.46,46.22,371.36
Vietnam,2014,VNM,91679582.0,519523061605.0,0.01,0.07,62.16,0.06,62.3,22.221,44.106,0.007,0.05,44.007,78.95,141.25,56.66,401.13
Vietnam,2015,VNM,92823254.0,555822142751.0,0.01,0.12,56.12,0.07,56.32,17.797,34.78,0.006,0.074,34.657,105.61,161.93,78.33,483.73
Vietnam,2016,VNM,94000115.0,593006635951.0,0.01,0.2,63.94,0.12,64.27,18.653,35.871,0.006,0.112,35.687,114.9,179.17,87.63,489.09
Vietnam,2017,VNM,95176978.0,634161327073.0,0.01,0.35,85.94,0.21,86.51,23.117,44.428,0.005,0.18,44.135,108.21,194.72,83.83,430.52
Vietnam,2018,VNM,96237319.0,681501440291.0,0.02,0.49,83.08,0.49,84.08,19.655,38.714,0.009,0.226,38.254,133.1,217.18,104.87,482.87
Vietnam,2019,VNM,97173778.0,731653148132.0,4.82,0.72,66.12,0.35,72.01,14.914,30.398,2.035,0.304,27.912,164.88,236.89,131.21,553.89
Vietnam,2020,VNM,98079196.0,752629620043.0,10.76,0.98,72.87,0.34,84.95,17.276,34.816,4.41,0.402,29.865,159.05,244.0,128.94,528.44
Vietnam,2021,VNM,98935101.0,771912038182.0,26.15,3.34,78.67,0.32,108.48,22.16,42.774,10.311,1.317,31.02,145.13,253.61,120.48,475.06
Vietnam,2022,VNM,99680656.0,833803909046.0,25.75,9.09,95.91,0.38,131.13,25.312,49.462,9.713,3.429,36.177,133.98,265.11,110.13,415.41
Vietnam,2023,VNM,100352189.0,833803909046.0,25.69,11.59,80.62,0.87,118.77,21.388,42.941,9.288,4.19,29.148,157.82,276.59,130.66,472.4
Vietnam,2024,VNM,100987685.0,833803909046.0,25.86,12.75,88.72,1.03,128.36,21.534,42.282,8.518,4.2,29.225,175.22,303.58,147.03,484.32
Vietnam,2025,VNM,101598530.0,833803909046.0,23.04,14.37,102.35,1.03,140.79,21.534,45.418,7.432,4.636,33.017,169.2,309.99,142.82,460.73
Western Sahara,2000,ESH,271946.0,,0.0,0.0,0.0,0.0,0.0,,0.0,0.0,0.0,0.0,0.08,0.08,0.05,625.0
Western Sahara,2001,ESH,285197.0,,0.0,0.0,0.0,0.0,0.0,,0.0,0.0,0.0,0.0,0.08,0.08,0.05,625.0
Western Sahara,2002,ESH,298468.0,,0.0,0.0,0.0,0.0,0.0,,0.0,0.0,0.0,0.0,0.09,0.09,0.06,666.67
Western Sahara,2003,ESH,311791.0,,0.0,0.0,0.0,0.0,0.0,,0.0,0.0,0.0,0.0,0.09,0.09,0.06,666.67
Western Sahara,2004,ESH,325197.0,,0.0,0.0,0.0,0.0,0.0,,0.0,0.0,0.0,0.0,0.09,0.09,0.06,666.67
Western Sahara,2005,ESH,338704.0,,0.0,0.0,0.0,0.0,0.0,,0.0,0.0,0.0,0.0,0.09,0.09,0.06,666.67
Western Sahara,2006,ESH,352658.0,,0.0,0.0,0.0,0.0,0.0,,0.0,0.0,0.0,0.0,0.09,0.09,0.06,666.67
Western Sahara,2007,ESH,366874.0,,0.0,0.0,0.0,0.0,0.0,,0.0,0.0,0.0,0.0,0.09,0.09,0.06,666.67
Western Sahara,2008,ESH,380834.0,,0.0,0.0,0.0,0.0,0.0,,0.0,0.0,0.0,0.0,0.09,0.09,0.06,666.67
Western Sahara,2009,ESH,394959.0,,0.0,0.0,0.0,0.0,0.0,,0.0,0.0,0.0,0.0,0.09,0.09,0.06,666.67
Western Sahara,2010,ESH,409722.0,,0.0,0.0,0.0,0.0,0.0,,0.0,0.0,0.0,0.0,0.09,0.09,0.06,666.67
Western Sahara,2011,ESH,425093.0,,0.0,0.0,0.0,0.0,0.0,,0.0,0.0,0.0,0.0,0.09,0.09,0.06,666.67
Western Sahara,2012,ESH,441033.0,,0.0,0.0,0.0,0.0,0.0,,0.0,0.0,0.0,0.0,0.09,0.09,0.06,666.67
Western Sahara,2013,ESH,457436.0,,0.0,0.0,0.0,0.0,0.0,,0.0,0.0,0.0,0.0,0.09,0.09,0.06,666.67
Western Sahara,2014,ESH,472591.0,,0.0,0.0,0.0,0.0,0.0,,0.0,0.0,0.0,0.0,0.09,0.09,0.06,666.67
Western Sahara,2015,ESH,486232.0,,0.0,0.0,0.0,0.0,0.0,,0.0,0.0,0.0,0.0,0.09,0.09,0.06,666.67
Western Sahara,2016,ESH,499658.0,,0.0,0.0,0.0,0.0,0.0,,0.0,0.0,0.0,0.0,0.09,0.09,0.06,666.67
Western Sahara,2017,ESH,512851.0,,0.0,0.0,0.0,0.0,0.0,,0.0,0.0,0.0,0.0,0.09,0.09,0.06,666.67
Western Sahara,2018,ESH,525790.0,,0.0,0.0,0.0,0.0,0.0,,0.0,0.0,0.0,0.0,0.09,0.09,0.06,666.67
Western Sahara,2019,ESH,538450.0,,0.0,0.0,0.0,0.0,0.0,,0.0,0.0,0.0,0.0,0.09,0.09,0.06,666.67
Western Sahara,2020,ESH,549374.0,,0.0,0.0,0.0,0.0,0.0,,0.0,0.0,0.0,0.0,0.09,0.09,0.06,666.67
Western Sahara,2021,ESH,558625.0,,0.0,0.0,0.0,0.0,0.0,,0.0,0.0,0.0,0.0,0.09,0.09,0.06,666.67
Western Sahara,2022,ESH,568746.0,,0.0,0.0,0.0,0.0,0.0,,0.0,0.0,0.0,0.0,0.09,0.09,0.06,666.67
Western Sahara,2023,ESH,579734.0,,0.0,0.0,0.0,0.0,0.0,,0.0,0.0,0.0,0.0,0.09,0.09,0.06,666.67
Yemen,2000,YEM,19624139.0,72599512561.0,0.0,0.0,0.0,0.0,0.0,,0.0,0.0,0.0,0.0,3.41,3.41,2.24,656.89
Yemen,2001,YEM,20226146.0,75472904917.0,0.0,0.0,0.0,0.0,0.0,,0.0,0.0,0.0,0.0,3.64,3.64,2.4,659.34
Yemen,2002,YEM,20835092.0,78586481705.0,0.0,0.0,0.0,0.0,0.0,,0.0,0.0,0.0,0.0,3.77,3.77,2.48,657.83
Yemen,2003,YEM,21456379.0,81575438214.0,0.0,0.0,0.0,0.0,0.0,,0.0,0.0,0.0,0.0,4.1,4.1,2.7,658.54
Yemen,2004,YEM,22095161.0,84847429283.0,0.0,0.0,0.0,0.0,0.0,,0.0,0.0,0.0,0.0,4.36,4.36,2.87,658.26
Yemen,2005,YEM,22790082.0,89711703960.0,0.0,0.0,0.0,0.0,0.0,,0.0,0.0,0.0,0.0,4.77,4.77,3.14,658.28
Yemen,2006,YEM,23543090.0,92691658274.0,0.0,0.0,0.0,0.0,0.0,,0.0,0.0,0.0,0.0,5.39,5.39,3.55,658.63
Yemen,2007,YEM,24318090.0,95906720954.0,0.0,0.0,0.0,0.0,0.0,,0.0,0.0,0.0,0.0,6.03,6.03,3.97,658.38
Yemen,2008,YEM,25111941.0,99520984206.0,0.0,0.0,0.0,0.0,0.0,,0.0,0.0,0.0,0.0,6.55,6.55,4.31,658.02
Yemen,2009,YEM,25927723.0,103506292712.0,0.0,0.0,0.0,0.0,0.0,,0.0,0.0,0.0,0.0,6.75,6.75,4.44,657.78
Yemen,2010,YEM,26754383.0,111622920604.0,0.0,0.0,0.0,0.0,0.0,,0.0,0.0,0.0,0.0,7.76,7.76,5.46,703.61
Yemen,2011,YEM,27582902.0,97623324312.0,0.0,0.0,0.0,0.0,0.0,,0.0,0.0,0.0,0.0,6.21,6.21,4.31,694.04
Yemen,2012,YEM,28433655.0,99959450246.0,0.0,0.0,0.0,0.0,0.0,,0.0,0.0,0.0,0.0,7.07,7.07,5.03,711.46
Yemen,2013,YEM,29312955.0,104781489392.0,0.0,0.0,0.0,0.0,0.0,,0.0,0.0,0.0,0.0,8.5,8.5,6.06,712.94
Yemen,2014,YEM,30226311.0,104583458743.0,0.01,0.0,0.0,0.0,0.01,,0.131,0.131,0.0,0.0,7.65,7.66,5.54,723.24
Yemen,2015,YEM,31159378.0,75305316956.0,0.12,0.0,0.0,0.0,0.12,,2.083,2.083,0.0,0.0,5.64,5.76,4.11,713.54
Yemen,2016,YEM,32109023.0,68245442015.0,0.16,0.0,0.0,0.0,0.16,,3.326,3.326,0.0,0.0,4.65,4.81,3.34,694.39
Yemen,2017,YEM,33090923.0,64784033932.0,0.19,0.0,0.0,0.0,0.19,,4.691,4.691,0.0,0.0,3.86,4.05,2.71,669.14
Yemen,2018,YEM,34085181.0,65271212493.0,0.48,0.0,0.0,0.0,0.48,,13.754,13.754,0.0,0.0,3.01,3.49,2.06,590.26
Yemen,2019,YEM,35111416.0,66185009341.0,0.48,0.0,0.0,0.0,0.48,,14.634,14.634,0.0,0.0,2.8,3.28,1.92,585.37
Yemen,2020,YEM,36134867.0,60559285911.0,0.49,0.0,0.0,0.0,0.49,,16.667,16.667,0.0,0.0,2.45,2.94,1.7,578.23
Yemen,2021,YEM,37140234.0,59953691816.0,0.5,0.0,0.0,0.0,0.5,,17.123,17.123,0.0,0.0,2.42,2.92,1.72,589.04
Yemen,2022,YEM,38222878.0,60852995288.0,0.51,0.0,0.0,0.0,0.51,,16.832,16.832,0.0,0.0,2.52,3.03,1.77,584.16
Yemen,2023,YEM,39390800.0,60852995288.0,0.52,0.0,0.0,0.0,0.52,,10.156,10.156,0.0,0.0,4.6,5.12,3.06,597.66
Yemen,2024,YEM,40583173.0,60852995288.0,0.59,0.0,0.0,0.0,0.59,,11.238,11.238,0.0,0.0,4.66,5.25,3.11,592.38
Zambia,2000,ZMB,10017633.0,15211406947.0,0.0,0.0,7.67,0.0,7.67,,99.481,0.0,0.0,99.481,0.04,7.71,0.21,27.24
Zambia,2001,ZMB,10325186.0,16519069217.0,0.0,0.0,7.89,0.0,7.89,,99.37,0.0,0.0,99.37,0.05,7.94,0.23,28.97
Zambia,2002,ZMB,10647955.0,17827940431.0,0.0,0.0,8.1,0.0,8.1,,99.265,0.0,0.0,99.265,0.06,8.16,0.24,29.41
Zambia,2003,ZMB,10983604.0,19691239689.0,0.0,0.0,8.26,0.0,8.26,,99.279,0.0,0.0,99.279,0.06,8.32,0.25,30.05
Zambia,2004,ZMB,11338201.0,21770250951.0,0.0,0.0,8.46,0.0,8.46,,99.412,0.0,0.0,99.412,0.05,8.51,0.24,28.2
Zambia,2005,ZMB,11718819.0,24119806314.0,0.0,0.0,8.88,0.0,8.88,,99.329,0.0,0.0,99.329,0.06,8.94,0.26,29.08
Zambia,2006,ZMB,12129560.0,26908652008.0,0.0,0.0,9.67,0.0,9.67,,99.897,0.0,0.0,99.897,0.01,9.68,0.24,24.79
Zambia,2007,ZMB,12565093.0,30152606854.0,0.0,0.0,9.63,0.0,9.63,,99.896,0.0,0.0,99.896,0.01,9.64,0.24,24.9
Zambia,2008,ZMB,13021327.0,33594604263.0,0.0,0.0,9.52,0.0,9.52,,99.895,0.0,0.0,99.895,0.01,9.53,0.24,25.18
Zambia,2009,ZMB,13490395.0,37919541851.0,0.0,0.0,9.88,0.0,9.88,,99.899,0.0,0.0,99.899,0.01,9.89,0.24,24.27
Zambia,2010,ZMB,13965592.0,43221855090.0,0.0,0.0,10.44,0.0,10.44,,99.904,0.0,0.0,99.904,0.01,10.45,0.26,24.88
Zambia,2011,ZMB,14437796.0,47143916201.0,0.0,0.0,11.48,0.0,11.48,,99.913,0.0,0.0,99.913,0.01,11.49,0.28,24.37
Zambia,2012,ZMB,14913631.0,50725916750.0,0.0,0.0,12.35,0.0,12.35,,99.838,0.0,0.0,99.838,0.02,12.37,0.3,24.25
Zambia,2013,ZMB,15399000.0,53291123090.0,0.0,0.0,13.28,0.0,13.28,,99.85,0.0,0.0,99.85,0.02,13.3,0.33,24.81
Zambia,2014,ZMB,15895320.0,55794746119.0,0.0,0.0,14.04,0.07,14.11,,97.176,0.0,0.0,96.694,0.41,14.52,0.62,42.7
Zambia,2015,ZMB,16399092.0,57423952993.0,0.0,0.0,13.04,0.07,13.11,,97.039,0.0,0.0,96.521,0.4,13.51,0.59,43.67
Zambia,2016,ZMB,16914428.0,59592851316.0,0.0,0.0,11.02,0.08,11.1,,94.308,0.0,0.0,93.628,0.67,11.77,0.77,65.42
Zambia,2017,ZMB,17441328.0,61680980857.0,0.0,0.0,12.49,0.08,12.57,,86.332,0.0,0.0,85.783,1.99,14.56,1.82,125.0
Zambia,2018,ZMB,17973574.0,64169815579.0,0.0,0.0,13.71,0.07,13.78,,84.644,0.0,0.0,84.214,2.5,16.28,2.29,140.66
Zambia,2019,ZMB,18513839.0,65094496543.0,0.12,0.0,12.33,0.07,12.52,,84.652,0.811,0.0,83.367,2.27,14.79,2.05,138.61
Zambia,2020,ZMB,19059394.0,63281615083.0,0.15,0.0,12.79,0.08,13.02,,85.489,0.985,0.0,83.979,2.21,15.23,2.06,135.26
Zambia,2021,ZMB,19603610.0,66191936884.0,0.15,0.0,16.07,0.08,16.3,,91.986,0.847,0.0,90.688,1.42,17.72,1.54,86.91
Zambia,2022,ZMB,20152935.0,68469600029.0,0.14,0.0,17.09,0.08,17.31,,88.906,0.719,0.0,87.776,2.16,19.47,2.18,111.97
Zambia,2023,ZMB,20723967.0,68469600029.0,0.15,0.0,17.09,0.08,17.32,,89.003,0.771,0.0,87.821,2.14,19.46,2.16,111.0
Zambia,2024,ZMB,21314962.0,68469600029.0,0.17,0.0,17.0,0.08,17.25,,87.475,0.862,0.0,86.207,2.47,19.72,2.36,119.68
Zimbabwe,2000,ZWE,11892055.0,26765004403.0,0.0,0.0,3.19,0.0,3.19,,45.637,0.0,0.0,45.637,3.8,6.99,3.33,476.4
Zimbabwe,2001,ZWE,11971904.0,26781181341.0,0.0,0.0,2.96,0.0,2.96,,37.468,0.0,0.0,37.468,4.94,7.9,4.3,544.3
Zimbabwe,2002,ZWE,12087661.0,24872482259.0,0.0,0.0,3.81,0.0,3.81,,44.406,0.0,0.0,44.406,4.77,8.58,4.18,487.18
Zimbabwe,2003,ZWE,12232324.0,20952016540.0,0.0,0.0,5.34,0.0,5.34,,60.751,0.0,0.0,60.751,3.45,8.79,3.09,351.54
Zimbabwe,2004,ZWE,12365901.0,19792844101.0,0.0,0.0,5.5,0.0,5.5,,56.584,0.0,0.0,56.584,4.22,9.72,3.74,384.77
Zimbabwe,2005,ZWE,12483433.0,18444472497.0,0.0,0.0,4.91,0.0,4.91,,52.457,0.0,0.0,52.457,4.45,9.36,3.93,419.87
Zimbabwe,2006,ZWE,12636442.0,18043000167.0,0.0,0.0,5.31,0.1,5.41,,67.794,0.0,0.0,66.541,2.57,7.98,2.35,294.49
Zimbabwe,2007,ZWE,12804062.0,17769105175.0,0.0,0.0,5.38,0.06,5.44,,71.579,0.0,0.0,70.789,2.16,7.6,1.99,261.84
Zimbabwe,2008,ZWE,12959154.0,15050245186.0,0.0,0.0,5.71,0.08,5.79,,75.885,0.0,0.0,74.836,1.84,7.63,1.73,226.74
Zimbabwe,2009,ZWE,13142791.0,16275797005.0,0.0,0.0,5.46,0.06,5.52,,75.72,0.0,0.0,74.897,1.77,7.29,1.65,226.34
Zimbabwe,2010,ZWE,13356551.0,17918418386.0,0.0,0.0,5.8,0.07,5.87,,67.94,0.0,0.0,67.13,2.77,8.64,2.53,292.82
Zimbabwe,2011,ZWE,13595421.0,19554105000.0,0.0,0.0,5.2,0.09,5.29,,57.688,0.0,0.0,56.707,3.88,9.17,3.46,377.32
Zimbabwe,2012,ZWE,13817887.0,22811427551.0,0.0,0.0,5.39,0.12,5.51,,60.219,0.0,0.0,58.907,3.64,9.15,3.27,357.38
Zimbabwe,2013,ZWE,14013811.0,23261956135.0,0.0,0.0,5.0,0.13,5.13,,53.774,0.0,0.0,52.411,4.41,9.54,3.92,410.9
Zimbabwe,2014,ZWE,14207367.0,23818844326.0,0.0,0.0,5.43,0.01,5.44,,55.172,0.0,0.0,55.071,4.42,9.86,3.91,396.55
Zimbabwe,2015,ZWE,14399008.0,24246158745.0,0.01,0.0,4.99,0.04,5.04,,52.555,0.104,0.0,52.033,4.55,9.59,4.03,420.23
Zimbabwe,2016,ZWE,14600297.0,24362052665.0,0.01,0.0,2.98,0.23,3.22,,44.909,0.139,0.0,41.562,3.95,7.17,3.5,488.15
Zimbabwe,2017,ZWE,14812484.0,25576014023.0,0.01,0.0,3.97,0.15,4.13,,54.702,0.132,0.0,52.583,3.42,7.55,3.05,403.97
Zimbabwe,2018,ZWE,15034457.0,26786271482.0,0.01,0.0,5.05,0.19,5.25,,55.673,0.106,0.0,53.552,4.18,9.43,3.73,395.55
Zimbabwe,2019,ZWE,15271377.0,25146416205.0,0.02,0.0,4.17,0.19,4.38,,51.651,0.236,0.0,49.175,4.1,8.48,3.64,429.25
Zimbabwe,2020,ZWE,15526887.0,23178707175.0,0.02,0.0,3.81,0.1,3.93,,58.569,0.298,0.0,56.781,2.78,6.71,2.49,371.09
Zimbabwe,2021,ZWE,15797220.0,25140088767.0,0.02,0.0,5.93,0.11,6.06,,70.712,0.233,0.0,69.195,2.51,8.57,2.31,269.55
Zimbabwe,2022,ZWE,16069061.0,25901585881.0,0.03,0.0,5.88,0.11,6.02,,67.338,0.336,0.0,65.772,2.92,8.94,2.66,297.54
Zimbabwe,2023,ZWE,16340829.0,25901585881.0,0.03,0.0,5.46,0.12,5.61,,56.156,0.3,0.0,54.655,4.38,9.99,3.92,392.39
Zimbabwe,2024,ZWE,16634366.0,25901585881.0,0.04,0.0,5.7,0.12,5.86,,57.115,0.39,0.0,55.556,4.4,10.26,3.94,384.02
