country,iso_code,year,renewables_electricity,renewables_share_energy,solar_electricity,wind_electricity,hydro_electricity
Afghanistan,AFG,2000,0.31,,0.0,0.0,0.31
Afghanistan,AFG,2001,0.5,,0.0,0.0,0.5
Afghanistan,AFG,2002,0.56,,0.0,0.0,0.56
Afghanistan,AFG,2003,0.63,,0.0,0.0,0.63
Afghanistan,AFG,2004,0.56,,0.0,0.0,0.56
Afghanistan,AFG,2005,0.59,,0.0,0.0,0.59
Afghanistan,AFG,2006,0.64,,0.0,0.0,0.64
Afghanistan,AFG,2007,0.75,,0.0,0.0,0.75
Afghanistan,AFG,2008,0.54,,0.0,0.0,0.54
Afghanistan,AFG,2009,0.78,,0.0,0.0,0.78
Afghanistan,AFG,2010,0.75,,0.0,0.0,0.75
Afghanistan,AFG,2011,0.6,,0.0,0.0,0.6
Afghanistan,AFG,2012,0.74,,0.03,0.0,0.71
Afghanistan,AFG,2013,0.89,,0.03,0.0,0.86
Afghanistan,AFG,2014,1.0,,0.03,0.0,0.97
Afghanistan,AFG,2015,1.03,,0.03,0.0,1.0
Afghanistan,AFG,2016,1.06,,0.04,0.0,1.02
Afghanistan,AFG,2017,1.09,,0.04,0.0,1.05
Afghanistan,AFG,2018,0.97,,0.04,0.0,0.93
Afghanistan,AFG,2019,1.28,,0.06,0.0,1.22
Afghanistan,AFG,2020,1.06,,0.07,0.0,0.99
Afghanistan,AFG,2021,0.93,,0.08,0.0,0.85
Afghanistan,AFG,2022,0.83,,0.09,0.0,0.74
Afghanistan,AFG,2023,0.84,,0.09,0.0,0.75
Afghanistan,AFG,2024,0.86,,0.11,0.0,0.75
Albania,ALB,2000,4.55,,0.0,0.0,4.55
Albania,ALB,2001,3.52,,0.0,0.0,3.52
Albania,ALB,2002,3.48,,0.0,0.0,3.48
Albania,ALB,2003,5.12,,0.0,0.0,5.12
Albania,ALB,2004,5.41,,0.0,0.0,5.41
Albania,ALB,2005,5.32,,0.0,0.0,5.32
Albania,ALB,2006,4.95,,0.0,0.0,4.95
Albania,ALB,2007,2.76,,0.0,0.0,2.76
Albania,ALB,2008,3.76,,0.0,0.0,3.76
Albania,ALB,2009,5.2,,0.0,0.0,5.2
Albania,ALB,2010,7.57,,0.0,0.0,7.57
Albania,ALB,2011,4.13,,0.0,0.0,4.13
Albania,ALB,2012,4.72,,0.0,0.0,4.72
Albania,ALB,2013,6.96,,0.0,0.0,6.96
Albania,ALB,2014,4.72,,0.0,0.0,4.72
Albania,ALB,2015,5.89,,0.0,0.0,5.89
Albania,ALB,2016,7.78,,0.0,0.0,7.78
Albania,ALB,2017,4.53,,0.0,0.0,4.53
Albania,ALB,2018,8.55,,0.0,0.0,8.55
Albania,ALB,2019,5.2,,0.02,0.0,5.18
Albania,ALB,2020,5.31,,0.03,0.0,5.28
Albania,ALB,2021,8.94,,0.04,0.0,8.9
Albania,ALB,2022,6.97,,0.16,0.0,6.81
Albania,ALB,2023,9.01,,0.3,0.0,8.71
Albania,ALB,2024,8.34,,0.34,0.0,8.0
Algeria,DZA,1965,0.4,4.487,0.0,0.0,0.4
Algeria,DZA,1966,0.355,3.313,0.0,0.0,0.355
Algeria,DZA,1967,0.41,4.042,0.0,0.0,0.41
Algeria,DZA,1968,0.563,5.171,0.0,0.0,0.563
Algeria,DZA,1969,0.361,2.996,0.0,0.0,0.361
Algeria,DZA,1970,0.58,4.395,0.0,0.0,0.58
Algeria,DZA,1971,0.33,2.311,0.0,0.0,0.33
Algeria,DZA,1972,0.495,3.086,0.0,0.0,0.495
Algeria,DZA,1973,0.752,3.933,0.0,0.0,0.752
Algeria,DZA,1974,0.497,2.347,0.0,0.0,0.497
Algeria,DZA,1975,0.328,1.296,0.0,0.0,0.328
Algeria,DZA,1976,0.389,1.317,0.0,0.0,0.389
Algeria,DZA,1977,0.269,0.829,0.0,0.0,0.269
Algeria,DZA,1978,0.25,0.613,0.0,0.0,0.25
Algeria,DZA,1979,0.291,0.544,0.0,0.0,0.291
Algeria,DZA,1980,0.257,0.403,0.0,0.0,0.257
Algeria,DZA,1981,0.366,0.473,0.0,0.0,0.366
Algeria,DZA,1982,0.479,0.536,0.0,0.0,0.479
Algeria,DZA,1983,0.235,0.241,0.0,0.0,0.235
Algeria,DZA,1984,0.452,0.483,0.0,0.0,0.452
Algeria,DZA,1985,0.646,0.684,0.0,0.0,0.646
Algeria,DZA,1986,0.25,0.25,0.0,0.0,0.25
Algeria,DZA,1987,0.499,0.486,0.0,0.0,0.499
Algeria,DZA,1988,0.183,0.166,0.0,0.0,0.183
Algeria,DZA,1989,0.226,0.211,0.0,0.0,0.226
Algeria,DZA,1990,0.135,0.119,0.0,0.0,0.135
Algeria,DZA,1991,0.293,0.261,0.0,0.0,0.293
Algeria,DZA,1992,0.199,0.173,0.0,0.0,0.199
Algeria,DZA,1993,0.353,0.329,0.0,0.0,0.353
Algeria,DZA,1994,0.166,0.153,0.0,0.0,0.166
Algeria,DZA,1995,0.193,0.171,0.0,0.0,0.193
Algeria,DZA,1996,0.135,0.121,0.0,0.0,0.135
Algeria,DZA,1997,0.075,0.07,0.0,0.0,0.075
Algeria,DZA,1998,0.215,0.194,0.0,0.0,0.215
Algeria,DZA,1999,0.203,0.181,0.0,0.0,0.203
Algeria,DZA,2000,0.05,0.05,0.0,0.0,0.05
Algeria,DZA,2001,0.07,0.061,0.0,0.0,0.07
Algeria,DZA,2002,0.06,0.049,0.0,0.0,0.06
Algeria,DZA,2003,0.26,0.214,0.0,0.0,0.26
Algeria,DZA,2004,0.25,0.194,0.0,0.0,0.25
Algeria,DZA,2005,0.55,0.408,0.0,0.0,0.55
Algeria,DZA,2006,0.22,0.153,0.0,0.0,0.22
Algeria,DZA,2007,0.22,0.15,0.0,0.0,0.22
Algeria,DZA,2008,0.28,0.176,0.0,0.0,0.28
Algeria,DZA,2009,0.3,0.2,0.0,0.0,0.3
Algeria,DZA,2010,0.17,0.108,0.0,0.0,0.17
Algeria,DZA,2011,0.5,0.221,0.0,0.0,0.5
Algeria,DZA,2012,0.62,0.211,0.0,0.0,0.62
Algeria,DZA,2013,0.33,0.061,0.0,0.0,0.33
Algeria,DZA,2014,0.25,0.11,0.0,0.0,0.25
Algeria,DZA,2015,0.22,0.091,0.06,0.02,0.14
Algeria,DZA,2016,0.34,0.137,0.09,0.03,0.22
Algeria,DZA,2017,0.64,0.232,0.57,0.01,0.06
Algeria,DZA,2018,0.82,0.271,0.69,0.01,0.12
Algeria,DZA,2019,0.87,0.277,0.71,0.01,0.15
Algeria,DZA,2020,0.88,0.283,0.82,0.01,0.05
Algeria,DZA,2021,0.81,0.238,0.79,0.01,0.01
Algeria,DZA,2022,0.86,0.228,0.83,0.01,0.02
Algeria,DZA,2023,0.91,0.227,0.87,0.02,0.02
Algeria,DZA,2024,1.03,0.242,0.99,0.02,0.02
American Samoa,ASM,2000,0.0,,0.0,0.0,0.0
American Samoa,ASM,2001,0.0,,0.0,0.0,0.0
American Samoa,ASM,2002,0.0,,0.0,0.0,0.0
American Samoa,ASM,2003,0.0,,0.0,0.0,0.0
American Samoa,ASM,2004,0.0,,0.0,0.0,0.0
American Samoa,ASM,2005,0.0,,0.0,0.0,0.0
American Samoa,ASM,2006,0.0,,0.0,0.0,0.0
American Samoa,ASM,2007,0.0,,0.0,0.0,0.0
American Samoa,ASM,2008,0.0,,0.0,0.0,0.0
American Samoa,ASM,2009,0.0,,0.0,0.0,0.0
American Samoa,ASM,2010,0.0,,0.0,0.0,0.0
American Samoa,ASM,2011,0.0,,0.0,0.0,0.0
American Samoa,ASM,2012,0.0,,0.0,0.0,0.0
American Samoa,ASM,2013,0.0,,0.0,0.0,0.0
American Samoa,ASM,2014,0.0,,0.0,0.0,0.0
American Samoa,ASM,2015,0.0,,0.0,0.0,0.0
American Samoa,ASM,2016,0.0,,0.0,0.0,0.0
American Samoa,ASM,2017,0.0,,0.0,0.0,0.0
American Samoa,ASM,2018,0.0,,0.0,0.0,0.0
American Samoa,ASM,2019,0.0,,0.0,0.0,0.0
American Samoa,ASM,2020,0.0,,0.0,0.0,0.0
American Samoa,ASM,2021,0.0,,0.0,0.0,0.0
American Samoa,ASM,2022,0.01,,0.01,0.0,0.0
American Samoa,ASM,2023,0.0,,0.0,0.0,0.0
American Samoa,ASM,2024,0.01,,0.01,0.0,0.0
Angola,AGO,2000,0.91,,0.0,0.0,0.91
Angola,AGO,2001,1.02,,0.0,0.0,1.02
Angola,AGO,2002,1.14,,0.0,0.0,1.14
Angola,AGO,2003,1.24,,0.0,0.0,1.24
Angola,AGO,2004,1.75,,0.0,0.0,1.75
Angola,AGO,2005,2.22,,0.0,0.0,2.22
Angola,AGO,2006,2.54,,0.0,0.0,2.54
Angola,AGO,2007,2.49,,0.0,0.0,2.49
Angola,AGO,2008,3.15,,0.0,0.0,3.15
Angola,AGO,2009,3.27,,0.0,0.0,3.27
Angola,AGO,2010,3.71,,0.01,0.0,3.7
Angola,AGO,2011,4.02,,0.01,0.0,4.01
Angola,AGO,2012,5.48,,0.01,0.0,5.47
Angola,AGO,2013,4.73,,0.01,0.0,4.72
Angola,AGO,2014,5.05,,0.02,0.0,4.99
Angola,AGO,2015,5.34,,0.02,0.0,5.28
Angola,AGO,2016,6.43,,0.02,0.0,6.36
Angola,AGO,2017,7.72,,0.02,0.0,7.65
Angola,AGO,2018,10.44,,0.02,0.0,10.37
Angola,AGO,2019,11.58,,0.02,0.0,11.51
Angola,AGO,2020,12.71,,0.02,0.0,12.64
Angola,AGO,2021,12.71,,0.02,0.0,12.64
Angola,AGO,2022,13.08,,0.39,0.0,12.64
Angola,AGO,2023,11.66,,0.39,0.0,11.22
Angola,AGO,2024,11.49,,0.44,0.0,11.0
Antigua and Barbuda,ATG,2000,0.0,,0.0,0.0,0.0
Antigua and Barbuda,ATG,2001,0.0,,0.0,0.0,0.0
Antigua and Barbuda,ATG,2002,0.0,,0.0,0.0,0.0
Antigua and Barbuda,ATG,2003,0.0,,0.0,0.0,0.0
Antigua and Barbuda,ATG,2004,0.0,,0.0,0.0,0.0
Antigua and Barbuda,ATG,2005,0.0,,0.0,0.0,0.0
Antigua and Barbuda,ATG,2006,0.0,,0.0,0.0,0.0
Antigua and Barbuda,ATG,2007,0.0,,0.0,0.0,0.0
Antigua and Barbuda,ATG,2008,0.0,,0.0,0.0,0.0
Antigua and Barbuda,ATG,2009,0.0,,0.0,0.0,0.0
Antigua and Barbuda,ATG,2010,0.0,,0.0,0.0,0.0
Antigua and Barbuda,ATG,2011,0.0,,0.0,0.0,0.0
Antigua and Barbuda,ATG,2012,0.0,,0.0,0.0,0.0
Antigua and Barbuda,ATG,2013,0.0,,0.0,0.0,0.0
Antigua and Barbuda,ATG,2014,0.0,,0.0,0.0,0.0
Antigua and Barbuda,ATG,2015,0.01,,0.01,0.0,0.0
Antigua and Barbuda,ATG,2016,0.0,,0.0,0.0,0.0
Antigua and Barbuda,ATG,2017,0.01,,0.01,0.0,0.0
Antigua and Barbuda,ATG,2018,0.01,,0.01,0.0,0.0
Antigua and Barbuda,ATG,2019,0.01,,0.01,0.0,0.0
Antigua and Barbuda,ATG,2020,0.02,,0.02,0.0,0.0
Antigua and Barbuda,ATG,2021,0.02,,0.02,0.0,0.0
Antigua and Barbuda,ATG,2022,0.02,,0.02,0.0,0.0
Antigua and Barbuda,ATG,2023,0.02,,0.02,0.0,0.0
Antigua and Barbuda,ATG,2024,0.03,,0.03,0.0,0.0
Argentina,ARG,1965,1.225,1.037,0.0,0.0,1.225
Argentina,ARG,1966,1.241,1.017,0.0,0.0,1.241
Argentina,ARG,1967,1.271,1.012,0.0,0.0,1.271
Argentina,ARG,1968,1.498,1.154,0.0,0.0,1.498
Argentina,ARG,1969,1.343,1.001,0.0,0.0,1.343
Argentina,ARG,1970,1.613,1.274,0.0,0.0,1.557
Argentina,ARG,1971,1.605,1.196,0.0,0.0,1.546
Argentina,ARG,1972,1.579,1.163,0.0,0.0,1.503
Argentina,ARG,1973,3.057,2.15,0.0,0.0,2.997
Argentina,ARG,1974,5.056,3.419,0.0,0.0,4.995
Argentina,ARG,1975,5.259,3.644,0.0,0.0,5.195
Argentina,ARG,1976,5.076,3.349,0.0,0.0,5.015
Argentina,ARG,1977,5.831,3.683,0.0,0.0,5.767
Argentina,ARG,1978,7.811,4.903,0.0,0.0,7.747
Argentina,ARG,1979,10.752,6.312,0.0,0.0,10.657
Argentina,ARG,1980,15.24,9.006,0.0,0.0,15.141
Argentina,ARG,1981,14.772,9.004,0.0,0.0,14.685
Argentina,ARG,1982,17.707,10.539,0.0,0.0,17.592
Argentina,ARG,1983,18.573,10.597,0.0,0.0,18.419
Argentina,ARG,1984,19.993,11.376,0.0,0.0,19.878
Argentina,ARG,1985,20.773,11.979,0.0,0.0,20.653
Argentina,ARG,1986,21.154,11.631,0.0,0.0,21.03
Argentina,ARG,1987,22.019,11.583,0.0,0.0,21.913
Argentina,ARG,1988,15.382,7.946,0.0,0.0,15.259
Argentina,ARG,1989,13.293,7.116,0.0,0.0,13.187
Argentina,ARG,1990,17.846,9.729,0.0,0.0,17.713
Argentina,ARG,1991,16.0,8.57,0.0,0.0,15.869
Argentina,ARG,1992,19.295,9.64,0.0,0.0,19.165
Argentina,ARG,1993,23.864,11.552,0.0,0.0,23.768
Argentina,ARG,1994,27.386,12.563,0.0,0.0,27.287
Argentina,ARG,1995,26.623,11.83,0.0,0.0,26.504
Argentina,ARG,1996,22.704,9.646,0.0,0.01,22.472
Argentina,ARG,1997,28.118,11.781,0.0,0.015,27.925
Argentina,ARG,1998,26.715,10.78,0.0,0.033,26.476
Argentina,ARG,1999,21.694,8.606,0.0,0.035,21.397
Argentina,ARG,2000,29.0,11.557,0.0,0.03,28.58
Argentina,ARG,2001,36.99,15.036,0.0,0.05,36.58
Argentina,ARG,2002,36.38,15.335,0.0,0.07,35.78
Argentina,ARG,2003,34.76,13.613,0.0,0.08,33.8
Argentina,ARG,2004,31.4,11.465,0.0,0.07,30.46
Argentina,ARG,2005,35.21,12.032,0.0,0.07,34.22
Argentina,ARG,2006,39.14,12.678,0.0,0.07,38.02
Argentina,ARG,2007,32.35,10.024,0.0,0.06,31.22
Argentina,ARG,2008,32.45,9.872,0.0,0.04,31.2
Argentina,ARG,2009,35.85,11.193,0.0,0.04,34.62
Argentina,ARG,2010,34.77,11.092,0.0,0.03,33.36
Argentina,ARG,2011,32.61,10.412,0.0,0.03,31.19
Argentina,ARG,2012,30.99,9.701,0.01,0.37,29.16
Argentina,ARG,2013,34.77,10.134,0.02,0.45,32.77
Argentina,ARG,2014,34.54,10.396,0.02,0.62,32.42
Argentina,ARG,2015,34.43,10.275,0.01,0.59,32.34
Argentina,ARG,2016,31.49,9.586,0.01,0.55,29.75
Argentina,ARG,2017,33.68,10.445,0.02,0.61,31.59
Argentina,ARG,2018,35.22,10.824,0.11,1.41,32.28
Argentina,ARG,2019,34.78,11.417,0.8,5.0,27.5
Argentina,ARG,2020,36.62,11.833,1.34,9.41,23.67
Argentina,ARG,2021,37.04,10.947,2.2,12.94,19.65
Argentina,ARG,2022,42.27,12.01,2.94,14.16,22.77
Argentina,ARG,2023,51.65,14.1,3.28,14.48,31.49
Argentina,ARG,2024,52.44,14.803,3.97,16.17,29.67
Argentina,ARG,2025,52.96,14.803,5.14,18.62,26.25
Armenia,ARM,2000,1.25,,0.0,0.0,1.25
Armenia,ARM,2001,0.96,,0.0,0.0,0.96
Armenia,ARM,2002,1.64,,0.0,0.0,1.64
Armenia,ARM,2003,1.96,,0.0,0.0,1.96
Armenia,ARM,2004,1.98,,0.0,0.0,1.98
Armenia,ARM,2005,1.75,,0.0,0.0,1.75
Armenia,ARM,2006,1.81,,0.0,0.0,1.81
Armenia,ARM,2007,1.83,,0.0,0.0,1.83
Armenia,ARM,2008,1.78,,0.0,0.0,1.78
Armenia,ARM,2009,2.0,,0.0,0.0,2.0
Armenia,ARM,2010,2.54,,0.0,0.01,2.53
Armenia,ARM,2011,2.46,,0.0,0.0,2.46
Armenia,ARM,2012,2.3,,0.0,0.0,2.3
Armenia,ARM,2013,2.15,,0.0,0.0,2.15
Armenia,ARM,2014,1.97,,0.0,0.0,1.97
Armenia,ARM,2015,2.18,,0.0,0.0,2.18
Armenia,ARM,2016,2.33,,0.0,0.0,2.33
Armenia,ARM,2017,2.25,,0.0,0.0,2.25
Armenia,ARM,2018,2.31,,0.02,0.0,2.29
Armenia,ARM,2019,2.41,,0.06,0.0,2.35
Armenia,ARM,2020,1.92,,0.14,0.0,1.78
Armenia,ARM,2021,2.49,,0.29,0.0,2.2
Armenia,ARM,2022,3.37,,0.52,0.0,2.85
Armenia,ARM,2023,2.42,,0.77,0.0,1.65
Armenia,ARM,2024,2.88,,0.88,0.0,2.0
Armenia,ARM,2025,3.79,,1.07,0.0,2.72
Aruba,ABW,2000,0.0,,0.0,0.0,0.0
Aruba,ABW,2001,0.0,,0.0,0.0,0.0
Aruba,ABW,2002,0.0,,0.0,0.0,0.0
Aruba,ABW,2003,0.0,,0.0,0.0,0.0
Aruba,ABW,2004,0.0,,0.0,0.0,0.0
Aruba,ABW,2005,0.0,,0.0,0.0,0.0
Aruba,ABW,2006,0.0,,0.0,0.0,0.0
Aruba,ABW,2007,0.0,,0.0,0.0,0.0
Aruba,ABW,2008,0.0,,0.0,0.0,0.0
Aruba,ABW,2009,0.03,,0.0,0.03,0.0
Aruba,ABW,2010,0.11,,0.0,0.11,0.0
Aruba,ABW,2011,0.11,,0.0,0.11,0.0
Aruba,ABW,2012,0.14,,0.0,0.14,0.0
Aruba,ABW,2013,0.15,,0.0,0.15,0.0
Aruba,ABW,2014,0.16,,0.01,0.15,0.0
Aruba,ABW,2015,0.18,,0.01,0.17,0.0
Aruba,ABW,2016,0.14,,0.01,0.13,0.0
Aruba,ABW,2017,0.14,,0.01,0.13,0.0
Aruba,ABW,2018,0.16,,0.02,0.14,0.0
Aruba,ABW,2019,0.17,,0.03,0.14,0.0
Aruba,ABW,2020,0.17,,0.03,0.14,0.0
Aruba,ABW,2021,0.17,,0.03,0.14,0.0
Aruba,ABW,2022,0.17,,0.03,0.14,0.0
Aruba,ABW,2023,0.17,,0.03,0.14,0.0
Aruba,ABW,2024,0.17,,0.03,0.14,0.0
Australia,AUS,1965,7.986,5.252,0.0,0.0,7.69
Australia,AUS,1966,7.629,4.787,0.0,0.0,7.345
Australia,AUS,1967,7.896,4.671,0.0,0.0,7.606
Australia,AUS,1968,8.233,4.591,0.0,0.0,7.951
Australia,AUS,1969,8.965,4.8,0.0,0.0,8.684
Australia,AUS,1970,10.432,5.115,0.0,0.0,10.171
Australia,AUS,1971,11.77,5.494,0.0,0.0,11.507
Australia,AUS,1972,11.833,5.283,0.0,0.0,11.553
Australia,AUS,1973,12.624,5.274,0.0,0.0,12.286
Australia,AUS,1974,14.303,5.622,0.0,0.0,13.874
Australia,AUS,1975,15.377,5.946,0.0,0.0,14.888
Australia,AUS,1976,14.638,5.469,0.0,0.0,14.154
Australia,AUS,1977,13.973,4.973,0.0,0.0,13.544
Australia,AUS,1978,15.08,5.198,0.0,0.0,14.675
Australia,AUS,1979,14.664,4.874,0.0,0.0,14.246
Australia,AUS,1980,13.852,4.587,0.0,0.0,13.467
Australia,AUS,1981,14.27,4.651,0.0,0.0,13.866
Australia,AUS,1982,13.286,4.375,0.0,0.0,12.77
Australia,AUS,1983,12.555,4.173,0.0,0.0,12.124
Australia,AUS,1984,13.567,4.354,0.0,0.0,13.126
Australia,AUS,1985,14.397,4.492,0.0,0.0,13.941
Australia,AUS,1986,14.486,4.44,0.0,0.0,14.026
Australia,AUS,1987,14.084,4.201,0.0,0.0,13.614
Australia,AUS,1988,15.065,4.302,0.0,0.0,14.334
Australia,AUS,1989,15.064,4.101,0.0,0.0,14.254
Australia,AUS,1990,15.519,4.137,0.0,0.0,14.759
Australia,AUS,1991,16.378,4.394,0.005,0.0,15.653
Australia,AUS,1992,16.624,4.389,0.012,0.0,15.941
Australia,AUS,1993,17.074,4.407,0.015,0.002,16.387
Australia,AUS,1994,16.869,4.196,0.017,0.005,16.15
Australia,AUS,1995,16.485,4.002,0.021,0.007,15.631
Australia,AUS,1996,16.948,4.0,0.026,0.007,15.969
Australia,AUS,1997,16.988,3.914,0.031,0.007,15.953
Australia,AUS,1998,16.933,3.813,0.036,0.018,15.798
Australia,AUS,1999,17.499,3.786,0.041,0.043,16.281
Australia,AUS,2000,17.54,3.765,0.05,0.13,16.47
Australia,AUS,2001,17.26,3.655,0.05,0.29,16.12
Australia,AUS,2002,17.95,3.711,0.06,0.53,16.09
Australia,AUS,2003,18.66,3.797,0.06,0.7,16.21
Australia,AUS,2004,19.38,3.829,0.07,0.8,15.69
Australia,AUS,2005,20.72,4.095,0.08,1.3,15.47
Australia,AUS,2006,21.14,4.024,0.1,2.16,14.95
Australia,AUS,2007,20.29,3.786,0.11,2.85,13.05
Australia,AUS,2008,19.12,3.499,0.14,3.46,11.82
Australia,AUS,2009,20.16,3.722,0.29,4.44,12.64
Australia,AUS,2010,22.16,4.088,0.98,4.99,13.75
Australia,AUS,2011,30.61,5.392,2.04,6.43,19.57
Australia,AUS,2012,30.27,5.4,2.41,7.72,17.04
Australia,AUS,2013,35.53,6.173,3.85,9.26,19.09
Australia,AUS,2014,32.76,5.663,4.95,9.78,14.48
Australia,AUS,2015,35.8,5.955,6.2,11.83,14.09
Australia,AUS,2016,41.74,6.785,7.44,13.04,17.63
Australia,AUS,2017,39.19,6.373,8.92,13.21,13.5
Australia,AUS,2018,49.49,7.848,12.33,16.26,17.31
Australia,AUS,2019,55.26,8.407,18.3,19.47,14.02
Australia,AUS,2020,64.28,10.292,23.84,22.61,14.42
Australia,AUS,2021,77.27,12.283,31.19,26.8,15.94
Australia,AUS,2022,87.44,13.247,37.54,30.05,16.66
Australia,AUS,2023,95.07,14.323,44.99,31.87,15.08
Australia,AUS,2024,98.79,14.733,50.21,32.74,12.85
Australia,AUS,2025,110.58,14.733,56.09,39.23,12.22
Austria,AUT,1965,16.083,23.94,0.0,0.0,16.083
Austria,AUT,1966,17.331,24.66,0.0,0.0,17.331
Austria,AUT,1967,17.698,24.931,0.0,0.0,17.698
Austria,AUT,1968,18.185,23.942,0.0,0.0,18.185
Austria,AUT,1969,16.718,21.212,0.0,0.0,16.718
Austria,AUT,1970,21.29,23.624,0.0,0.0,21.29
Austria,AUT,1971,16.82,18.684,0.0,0.0,16.82
Austria,AUT,1972,17.288,18.56,0.0,0.0,17.288
Austria,AUT,1973,19.209,19.189,0.0,0.0,19.209
Austria,AUT,1974,22.712,22.621,0.0,0.0,22.712
Austria,AUT,1975,23.795,23.879,0.0,0.0,23.795
Austria,AUT,1976,20.566,19.89,0.0,0.0,20.566
Austria,AUT,1977,24.921,24.109,0.0,0.0,24.921
Austria,AUT,1978,24.941,23.115,0.0,0.0,24.941
Austria,AUT,1979,28.097,24.606,0.0,0.0,28.097
Austria,AUT,1980,29.11,25.617,0.0,0.0,29.11
Austria,AUT,1981,30.847,28.003,0.0,0.0,30.847
Austria,AUT,1982,30.896,29.015,0.0,0.0,30.896
Austria,AUT,1983,30.606,28.818,0.0,0.0,30.606
Austria,AUT,1984,26.85,25.484,0.0,0.0,26.85
Austria,AUT,1985,31.718,28.506,0.0,0.0,30.775
Austria,AUT,1986,32.191,28.914,0.0,0.0,30.904
Austria,AUT,1987,36.294,30.869,0.0,0.0,35.388
Austria,AUT,1988,36.351,31.4,0.0,0.0,35.304
Austria,AUT,1989,36.187,31.084,0.0,0.0,35.082
Austria,AUT,1990,32.64,27.764,0.0,0.0,31.51
Austria,AUT,1991,32.65,26.528,0.0,0.0,31.44
Austria,AUT,1992,36.16,29.828,0.0,0.0,34.85
Austria,AUT,1993,38.05,30.718,0.0,0.0,36.71
Austria,AUT,1994,36.9,30.028,0.0,0.0,35.71
Austria,AUT,1995,38.91,30.14,0.0,0.0,37.07
Austria,AUT,1996,35.79,27.074,0.0,0.0,34.22
Austria,AUT,1997,37.82,28.264,0.0,0.02,36.11
Austria,AUT,1998,39.03,28.532,0.0,0.05,37.16
Austria,AUT,1999,42.35,30.668,0.0,0.05,40.7
Austria,AUT,2000,43.44,31.268,0.0,0.07,41.84
Austria,AUT,2001,42.24,29.411,0.01,0.1,40.46
Austria,AUT,2002,41.9,28.923,0.01,0.14,40.23
Austria,AUT,2003,35.24,24.121,0.01,0.37,33.21
Austria,AUT,2004,39.62,26.119,0.02,0.93,36.76
Austria,AUT,2005,40.88,26.317,0.02,1.33,37.1
Austria,AUT,2006,40.66,26.99,0.02,1.75,35.66
Austria,AUT,2007,43.17,29.094,0.02,2.04,37.05
Austria,AUT,2008,44.53,29.577,0.03,2.01,38.33
Austria,AUT,2009,47.18,32.548,0.05,1.95,40.9
Austria,AUT,2010,44.99,30.113,0.09,2.06,38.36
Austria,AUT,2011,40.91,29.158,0.17,1.94,34.24
Austria,AUT,2012,51.33,34.498,0.34,2.46,43.85
Austria,AUT,2013,50.5,34.024,0.63,3.15,42.02
Austria,AUT,2014,50.2,35.017,0.79,3.85,41.01
Austria,AUT,2015,47.59,33.052,0.94,4.84,37.16
Austria,AUT,2016,51.08,34.026,1.1,5.23,39.97
Austria,AUT,2017,51.05,33.213,1.27,6.57,38.29
Austria,AUT,2018,50.06,33.139,1.46,6.03,37.64
Austria,AUT,2019,54.64,34.189,1.7,7.45,40.83
Austria,AUT,2020,55.42,36.88,2.04,6.79,42.0
Austria,AUT,2021,52.75,34.638,2.78,6.74,38.75
Austria,AUT,2022,50.41,35.134,3.79,7.24,34.63
Austria,AUT,2023,60.16,40.022,6.89,8.04,40.67
Austria,AUT,2024,67.66,43.347,8.14,9.14,45.71
Austria,AUT,2025,61.21,43.347,10.31,8.31,37.93
Azerbaijan,AZE,1985,1.313,1.553,0.0,0.0,1.313
Azerbaijan,AZE,1986,0.804,0.884,0.0,0.0,0.804
Azerbaijan,AZE,1987,0.804,0.912,0.0,0.0,0.804
Azerbaijan,AZE,1988,0.698,0.791,0.0,0.0,0.698
Azerbaijan,AZE,1989,0.698,0.776,0.0,0.0,0.698
Azerbaijan,AZE,1990,1.658,1.77,0.0,0.0,1.658
Azerbaijan,AZE,1991,1.759,1.954,0.0,0.0,1.759
Azerbaijan,AZE,1992,1.747,2.267,0.0,0.0,1.747
Azerbaijan,AZE,1993,2.426,3.632,0.0,0.0,2.426
Azerbaijan,AZE,1994,1.83,2.981,0.0,0.0,1.83
Azerbaijan,AZE,1995,1.556,2.695,0.0,0.0,1.556
Azerbaijan,AZE,1996,1.537,3.248,0.0,0.0,1.537
Azerbaijan,AZE,1997,1.712,3.779,0.0,0.0,1.712
Azerbaijan,AZE,1998,1.951,4.291,0.0,0.0,1.951
Azerbaijan,AZE,1999,1.506,3.318,0.0,0.0,1.506
Azerbaijan,AZE,2000,1.52,3.233,0.0,0.0,1.52
Azerbaijan,AZE,2001,1.29,2.83,0.0,0.0,1.29
Azerbaijan,AZE,2002,2.0,4.419,0.0,0.0,2.0
Azerbaijan,AZE,2003,2.44,4.963,0.0,0.0,2.44
Azerbaijan,AZE,2004,2.73,4.866,0.0,0.0,2.73
Azerbaijan,AZE,2005,2.98,4.864,0.0,0.0,2.98
Azerbaijan,AZE,2006,2.49,4.114,0.0,0.0,2.49
Azerbaijan,AZE,2007,2.34,4.173,0.0,0.0,2.34
Azerbaijan,AZE,2008,2.21,3.906,0.0,0.0,2.21
Azerbaijan,AZE,2009,2.29,4.673,0.0,0.0,2.29
Azerbaijan,AZE,2010,3.41,7.021,0.0,0.0,3.41
Azerbaijan,AZE,2011,2.65,4.771,0.0,0.0,2.65
Azerbaijan,AZE,2012,1.8,3.133,0.0,0.0,1.8
Azerbaijan,AZE,2013,1.56,2.612,0.0,0.0,1.47
Azerbaijan,AZE,2014,1.37,2.288,0.0,0.0,1.29
Azerbaijan,AZE,2015,1.71,2.596,0.0,0.0,1.62
Azerbaijan,AZE,2016,2.09,3.145,0.04,0.02,1.94
Azerbaijan,AZE,2017,1.88,2.868,0.04,0.02,1.73
Azerbaijan,AZE,2018,1.95,2.817,0.04,0.08,1.75
Azerbaijan,AZE,2019,1.79,2.451,0.04,0.1,1.55
Azerbaijan,AZE,2020,1.32,1.79,0.05,0.1,1.07
Azerbaijan,AZE,2021,1.52,1.93,0.05,0.09,1.28
Azerbaijan,AZE,2022,1.84,2.188,0.06,0.08,1.6
Azerbaijan,AZE,2023,1.9,2.294,0.07,0.08,1.64
Azerbaijan,AZE,2024,3.27,4.303,0.08,0.09,3.0
Azerbaijan,AZE,2025,3.41,4.303,0.0,0.09,3.22
Bahamas,BHS,2000,0.0,,0.0,0.0,0.0
Bahamas,BHS,2001,0.0,,0.0,0.0,0.0
Bahamas,BHS,2002,0.0,,0.0,0.0,0.0
Bahamas,BHS,2003,0.0,,0.0,0.0,0.0
Bahamas,BHS,2004,0.0,,0.0,0.0,0.0
Bahamas,BHS,2005,0.0,,0.0,0.0,0.0
Bahamas,BHS,2006,0.0,,0.0,0.0,0.0
Bahamas,BHS,2007,0.0,,0.0,0.0,0.0
Bahamas,BHS,2008,0.0,,0.0,0.0,0.0
Bahamas,BHS,2009,0.0,,0.0,0.0,0.0
Bahamas,BHS,2010,0.0,,0.0,0.0,0.0
Bahamas,BHS,2011,0.0,,0.0,0.0,0.0
Bahamas,BHS,2012,0.0,,0.0,0.0,0.0
Bahamas,BHS,2013,0.0,,0.0,0.0,0.0
Bahamas,BHS,2014,0.0,,0.0,0.0,0.0
Bahamas,BHS,2015,0.0,,0.0,0.0,0.0
Bahamas,BHS,2016,0.0,,0.0,0.0,0.0
Bahamas,BHS,2017,0.0,,0.0,0.0,0.0
Bahamas,BHS,2018,0.0,,0.0,0.0,0.0
Bahamas,BHS,2019,0.0,,0.0,0.0,0.0
Bahamas,BHS,2020,0.01,,0.01,0.0,0.0
Bahamas,BHS,2021,0.01,,0.01,0.0,0.0
Bahamas,BHS,2022,0.02,,0.02,0.0,0.0
Bahamas,BHS,2023,0.02,,0.02,0.0,0.0
Bahamas,BHS,2024,0.02,,0.02,0.0,0.0
Bahrain,BHR,2000,0.0,,0.0,0.0,0.0
Bahrain,BHR,2001,0.0,,0.0,0.0,0.0
Bahrain,BHR,2002,0.0,,0.0,0.0,0.0
Bahrain,BHR,2003,0.0,,0.0,0.0,0.0
Bahrain,BHR,2004,0.0,,0.0,0.0,0.0
Bahrain,BHR,2005,0.0,,0.0,0.0,0.0
Bahrain,BHR,2006,0.0,,0.0,0.0,0.0
Bahrain,BHR,2007,0.0,,0.0,0.0,0.0
Bahrain,BHR,2008,0.0,,0.0,0.0,0.0
Bahrain,BHR,2009,0.0,,0.0,0.0,0.0
Bahrain,BHR,2010,0.0,,0.0,0.0,0.0
Bahrain,BHR,2011,0.0,,0.0,0.0,0.0
Bahrain,BHR,2012,0.0,,0.0,0.0,0.0
Bahrain,BHR,2013,0.0,,0.0,0.0,0.0
Bahrain,BHR,2014,0.01,,0.01,0.0,0.0
Bahrain,BHR,2015,0.01,,0.01,0.0,0.0
Bahrain,BHR,2016,0.01,,0.01,0.0,0.0
Bahrain,BHR,2017,0.01,,0.01,0.0,0.0
Bahrain,BHR,2018,0.01,,0.01,0.0,0.0
Bahrain,BHR,2019,0.02,,0.02,0.0,0.0
Bahrain,BHR,2020,0.02,,0.02,0.0,0.0
Bahrain,BHR,2021,0.04,,0.04,0.0,0.0
Bahrain,BHR,2022,0.08,,0.08,0.0,0.0
Bahrain,BHR,2023,0.09,,0.09,0.0,0.0
Bahrain,BHR,2024,0.1,,0.1,0.0,0.0
Bangladesh,BGD,1965,0.0,,0.0,0.0,0.0
Bangladesh,BGD,1966,0.0,,0.0,0.0,0.0
Bangladesh,BGD,1967,0.0,,0.0,0.0,0.0
Bangladesh,BGD,1968,0.0,,0.0,0.0,0.0
Bangladesh,BGD,1969,0.0,,0.0,0.0,0.0
Bangladesh,BGD,1970,0.0,,0.0,0.0,0.0
Bangladesh,BGD,1971,0.175,3.634,0.0,0.0,0.175
Bangladesh,BGD,1972,0.175,3.207,0.0,0.0,0.175
Bangladesh,BGD,1973,0.331,4.734,0.0,0.0,0.331
Bangladesh,BGD,1974,0.243,3.26,0.0,0.0,0.243
Bangladesh,BGD,1975,0.436,5.699,0.0,0.0,0.436
Bangladesh,BGD,1976,0.494,5.532,0.0,0.0,0.494
Bangladesh,BGD,1977,0.437,4.787,0.0,0.0,0.437
Bangladesh,BGD,1978,0.506,5.219,0.0,0.0,0.506
Bangladesh,BGD,1979,0.587,5.492,0.0,0.0,0.587
Bangladesh,BGD,1980,0.583,4.674,0.0,0.0,0.583
Bangladesh,BGD,1981,0.625,4.727,0.0,0.0,0.625
Bangladesh,BGD,1982,0.523,3.583,0.0,0.0,0.523
Bangladesh,BGD,1983,0.662,4.589,0.0,0.0,0.662
Bangladesh,BGD,1984,0.897,5.757,0.0,0.0,0.897
Bangladesh,BGD,1985,0.739,4.264,0.0,0.0,0.739
Bangladesh,BGD,1986,0.45,2.383,0.0,0.0,0.45
Bangladesh,BGD,1987,0.517,2.481,0.0,0.0,0.517
Bangladesh,BGD,1988,0.675,2.909,0.0,0.0,0.675
Bangladesh,BGD,1989,0.92,3.68,0.0,0.0,0.92
Bangladesh,BGD,1990,0.884,3.332,0.0,0.0,0.884
Bangladesh,BGD,1991,0.838,3.274,0.0,0.0,0.838
Bangladesh,BGD,1992,0.796,2.851,0.0,0.0,0.796
Bangladesh,BGD,1993,0.608,1.979,0.0,0.0,0.608
Bangladesh,BGD,1994,0.847,2.599,0.0,0.0,0.847
Bangladesh,BGD,1995,0.372,0.965,0.0,0.0,0.372
Bangladesh,BGD,1996,0.739,1.832,0.0,0.0,0.739
Bangladesh,BGD,1997,0.719,1.696,0.0,0.0,0.719
Bangladesh,BGD,1998,0.865,1.916,0.0,0.0,0.865
Bangladesh,BGD,1999,0.833,1.824,0.0,0.0,0.833
Bangladesh,BGD,2000,0.94,1.625,0.0,0.0,0.94
Bangladesh,BGD,2001,0.98,1.831,0.0,0.0,0.98
Bangladesh,BGD,2002,1.05,1.454,0.0,0.0,1.05
Bangladesh,BGD,2003,1.12,1.353,0.0,0.0,1.12
Bangladesh,BGD,2004,1.21,1.233,0.0,0.0,1.21
Bangladesh,BGD,2005,1.28,1.123,0.0,0.0,1.28
Bangladesh,BGD,2006,1.39,1.051,0.01,0.0,1.38
Bangladesh,BGD,2007,0.76,1.037,0.02,0.0,0.74
Bangladesh,BGD,2008,0.96,1.224,0.02,0.0,0.94
Bangladesh,BGD,2009,0.47,0.513,0.03,0.0,0.44
Bangladesh,BGD,2010,0.83,0.834,0.07,0.0,0.76
Bangladesh,BGD,2011,0.98,0.995,0.06,0.0,0.92
Bangladesh,BGD,2012,0.91,0.846,0.09,0.0,0.82
Bangladesh,BGD,2013,1.07,0.813,0.13,0.0,0.94
Bangladesh,BGD,2014,0.78,0.686,0.16,0.0,0.62
Bangladesh,BGD,2015,0.8,0.793,0.2,0.01,0.59
Bangladesh,BGD,2016,1.24,0.74,0.22,0.01,1.01
Bangladesh,BGD,2017,1.29,0.857,0.25,0.01,1.03
Bangladesh,BGD,2018,1.4,0.708,0.31,0.01,1.08
Bangladesh,BGD,2019,1.19,0.64,0.37,0.01,0.81
Bangladesh,BGD,2020,1.25,0.653,0.46,0.01,0.78
Bangladesh,BGD,2021,1.35,0.671,0.61,0.01,0.73
Bangladesh,BGD,2022,1.59,0.693,0.87,0.01,0.71
Bangladesh,BGD,2023,1.72,0.79,1.07,0.0,0.65
Bangladesh,BGD,2024,1.92,1.095,1.22,0.0,0.7
Bangladesh,BGD,2025,2.21,1.095,1.56,0.0,0.65
Barbados,BRB,2000,0.0,,0.0,0.0,0.0
Barbados,BRB,2001,0.0,,0.0,0.0,0.0
Barbados,BRB,2002,0.0,,0.0,0.0,0.0
Barbados,BRB,2003,0.0,,0.0,0.0,0.0
Barbados,BRB,2004,0.0,,0.0,0.0,0.0
Barbados,BRB,2005,0.0,,0.0,0.0,0.0
Barbados,BRB,2006,0.0,,0.0,0.0,0.0
Barbados,BRB,2007,0.0,,0.0,0.0,0.0
Barbados,BRB,2008,0.0,,0.0,0.0,0.0
Barbados,BRB,2009,0.0,,0.0,0.0,0.0
Barbados,BRB,2010,0.0,,0.0,0.0,0.0
Barbados,BRB,2011,0.0,,0.0,0.0,0.0
Barbados,BRB,2012,0.0,,0.0,0.0,0.0
Barbados,BRB,2013,0.0,,0.0,0.0,0.0
Barbados,BRB,2014,0.01,,0.01,0.0,0.0
Barbados,BRB,2015,0.01,,0.01,0.0,0.0
Barbados,BRB,2016,0.02,,0.02,0.0,0.0
Barbados,BRB,2017,0.03,,0.03,0.0,0.0
Barbados,BRB,2018,0.03,,0.03,0.0,0.0
Barbados,BRB,2019,0.04,,0.04,0.0,0.0
Barbados,BRB,2020,0.07,,0.07,0.0,0.0
Barbados,BRB,2021,0.08,,0.08,0.0,0.0
Barbados,BRB,2022,0.08,,0.08,0.0,0.0
Barbados,BRB,2023,0.09,,0.09,0.0,0.0
Barbados,BRB,2024,0.1,,0.1,0.0,0.0
Belarus,BLR,1985,0.02,0.014,0.0,0.0,0.02
Belarus,BLR,1986,0.02,0.012,0.0,0.0,0.02
Belarus,BLR,1987,0.02,0.012,0.0,0.0,0.02
Belarus,BLR,1988,0.02,0.012,0.0,0.0,0.02
Belarus,BLR,1989,0.02,0.012,0.0,0.0,0.02
Belarus,BLR,1990,0.02,0.012,0.0,0.0,0.02
Belarus,BLR,1991,0.018,0.011,0.0,0.0,0.018
Belarus,BLR,1992,0.017,0.012,0.0,0.0,0.017
Belarus,BLR,1993,0.019,0.016,0.0,0.0,0.019
Belarus,BLR,1994,0.019,0.019,0.0,0.0,0.019
Belarus,BLR,1995,0.02,0.022,0.0,0.0,0.02
Belarus,BLR,1996,0.016,0.017,0.0,0.0,0.016
Belarus,BLR,1997,0.021,0.022,0.0,0.0,0.021
Belarus,BLR,1998,0.028,0.031,0.0,0.0,0.028
Belarus,BLR,1999,0.019,0.021,0.0,0.0,0.019
Belarus,BLR,2000,0.03,0.029,0.0,0.0,0.03
Belarus,BLR,2001,0.03,0.033,0.0,0.0,0.03
Belarus,BLR,2002,0.03,0.031,0.0,0.0,0.03
Belarus,BLR,2003,0.03,0.03,0.0,0.0,0.03
Belarus,BLR,2004,0.03,0.032,0.0,0.0,0.03
Belarus,BLR,2005,0.04,0.035,0.0,0.0,0.04
Belarus,BLR,2006,0.04,0.034,0.0,0.0,0.04
Belarus,BLR,2007,0.05,0.047,0.0,0.0,0.04
Belarus,BLR,2008,0.07,0.097,0.0,0.0,0.04
Belarus,BLR,2009,0.11,0.193,0.0,0.0,0.04
Belarus,BLR,2010,0.14,0.252,0.0,0.0,0.05
Belarus,BLR,2011,0.14,0.244,0.0,0.0,0.04
Belarus,BLR,2012,0.21,0.257,0.0,0.01,0.07
Belarus,BLR,2013,0.3,0.305,0.0,0.01,0.14
Belarus,BLR,2014,0.29,0.295,0.0,0.01,0.12
Belarus,BLR,2015,0.34,0.346,0.01,0.03,0.11
Belarus,BLR,2016,0.43,0.405,0.03,0.08,0.14
Belarus,BLR,2017,0.78,0.726,0.09,0.1,0.4
Belarus,BLR,2018,0.81,0.596,0.18,0.1,0.32
Belarus,BLR,2019,1.04,0.723,0.18,0.18,0.34
Belarus,BLR,2020,1.35,0.943,0.18,0.19,0.39
Belarus,BLR,2021,1.27,1.106,0.18,0.17,0.37
Belarus,BLR,2022,1.26,1.147,0.21,0.18,0.37
Belarus,BLR,2023,1.34,1.027,0.23,0.19,0.39
Belarus,BLR,2024,1.41,0.969,0.26,0.2,0.4
Belarus,BLR,2025,2.24,0.969,0.37,0.48,0.93
Belgium,BEL,1965,0.272,0.183,0.0,0.0,0.272
Belgium,BEL,1966,0.299,0.209,0.0,0.0,0.299
Belgium,BEL,1967,0.238,0.158,0.0,0.0,0.238
Belgium,BEL,1968,0.244,0.146,0.0,0.0,0.244
Belgium,BEL,1969,0.23,0.125,0.0,0.0,0.23
Belgium,BEL,1970,0.246,0.127,0.0,0.0,0.246
Belgium,BEL,1971,0.134,0.07,0.0,0.0,0.134
Belgium,BEL,1972,0.18,0.089,0.0,0.0,0.18
Belgium,BEL,1973,0.287,0.147,0.0,0.0,0.171
Belgium,BEL,1974,0.348,0.182,0.0,0.0,0.24
Belgium,BEL,1975,0.266,0.148,0.0,0.0,0.183
Belgium,BEL,1976,0.166,0.088,0.0,0.0,0.109
Belgium,BEL,1977,0.471,0.254,0.0,0.0,0.224
Belgium,BEL,1978,0.483,0.25,0.0,0.0,0.223
Belgium,BEL,1979,0.549,0.277,0.0,0.0,0.234
Belgium,BEL,1980,0.578,0.302,0.0,0.0,0.278
Belgium,BEL,1981,0.672,0.366,0.0,0.0,0.381
Belgium,BEL,1982,0.379,0.208,0.0,0.0,0.333
Belgium,BEL,1983,0.358,0.201,0.0,0.0,0.336
Belgium,BEL,1984,0.375,0.202,0.0,0.0,0.351
Belgium,BEL,1985,0.34,0.178,0.0,0.0,0.287
Belgium,BEL,1986,0.462,0.237,0.0,0.0,0.343
Belgium,BEL,1987,0.577,0.287,0.0,0.006,0.429
Belgium,BEL,1988,0.547,0.269,0.0,0.008,0.359
Belgium,BEL,1989,0.503,0.247,0.0,0.007,0.305
Belgium,BEL,1990,0.56,0.265,0.0,0.01,0.27
Belgium,BEL,1991,0.54,0.249,0.0,0.01,0.23
Belgium,BEL,1992,0.62,0.283,0.0,0.01,0.34
Belgium,BEL,1993,0.51,0.238,0.0,0.01,0.25
Belgium,BEL,1994,0.61,0.265,0.0,0.01,0.35
Belgium,BEL,1995,0.67,0.294,0.0,0.01,0.34
Belgium,BEL,1996,0.56,0.234,0.0,0.01,0.24
Belgium,BEL,1997,0.6,0.241,0.0,0.01,0.31
Belgium,BEL,1998,0.76,0.305,0.0,0.01,0.39
Belgium,BEL,1999,0.85,0.348,0.0,0.01,0.34
Belgium,BEL,2000,1.05,0.418,0.0,0.02,0.46
Belgium,BEL,2001,1.08,0.434,0.0,0.04,0.44
Belgium,BEL,2002,1.14,0.465,0.0,0.06,0.36
Belgium,BEL,2003,1.2,0.473,0.0,0.09,0.25
Belgium,BEL,2004,1.5,0.589,0.0,0.14,0.32
Belgium,BEL,2005,2.11,0.844,0.0,0.23,0.29
Belgium,BEL,2006,2.96,1.178,0.0,0.37,0.36
Belgium,BEL,2007,3.49,1.378,0.01,0.49,0.39
Belgium,BEL,2008,4.42,1.718,0.04,0.64,0.41
Belgium,BEL,2009,5.44,2.494,0.17,0.99,0.33
Belgium,BEL,2010,6.57,3.125,0.58,1.3,0.31
Belgium,BEL,2011,8.36,3.983,1.21,2.32,0.2
Belgium,BEL,2012,10.51,4.996,2.15,2.76,0.36
Belgium,BEL,2013,11.72,5.28,2.64,3.67,0.38
Belgium,BEL,2014,12.21,5.938,2.89,4.62,0.29
Belgium,BEL,2015,14.44,6.551,3.06,5.57,0.32
Belgium,BEL,2016,14.25,6.264,3.1,5.42,0.37
Belgium,BEL,2017,15.8,6.819,3.31,6.52,0.27
Belgium,BEL,2018,17.16,7.262,3.9,7.57,0.29
Belgium,BEL,2019,19.45,7.77,4.25,9.75,0.3
Belgium,BEL,2020,23.45,10.457,5.11,12.81,0.27
Belgium,BEL,2021,22.75,9.202,5.62,12.0,0.42
Belgium,BEL,2022,24.43,10.436,6.88,12.35,0.27
Belgium,BEL,2023,27.46,12.149,7.83,15.44,0.4
Belgium,BEL,2024,26.78,11.454,8.56,14.06,0.55
Belgium,BEL,2025,28.38,11.454,10.45,13.72,0.44
Belize,BLZ,2000,0.09,,0.0,0.0,0.09
Belize,BLZ,2001,0.09,,0.0,0.0,0.09
Belize,BLZ,2002,0.09,,0.0,0.0,0.09
Belize,BLZ,2003,0.06,,0.0,0.0,0.06
Belize,BLZ,2004,0.06,,0.0,0.0,0.06
Belize,BLZ,2005,0.07,,0.0,0.0,0.07
Belize,BLZ,2006,0.18,,0.0,0.0,0.18
Belize,BLZ,2007,0.18,,0.0,0.0,0.18
Belize,BLZ,2008,0.2,,0.0,0.0,0.2
Belize,BLZ,2009,0.19,,0.0,0.0,0.19
Belize,BLZ,2010,0.37,,0.0,0.0,0.26
Belize,BLZ,2011,0.31,,0.0,0.0,0.25
Belize,BLZ,2012,0.35,,0.0,0.0,0.21
Belize,BLZ,2013,0.35,,0.0,0.0,0.26
Belize,BLZ,2014,0.33,,0.0,0.0,0.26
Belize,BLZ,2015,0.33,,0.0,0.0,0.24
Belize,BLZ,2016,0.36,,0.0,0.0,0.26
Belize,BLZ,2017,0.38,,0.0,0.0,0.27
Belize,BLZ,2018,0.38,,0.0,0.0,0.25
Belize,BLZ,2019,0.45,,0.01,0.0,0.29
Belize,BLZ,2020,0.39,,0.01,0.0,0.24
Belize,BLZ,2021,0.31,,0.01,0.0,0.16
Belize,BLZ,2022,0.41,,0.01,0.0,0.24
Belize,BLZ,2023,0.4,,0.01,0.0,0.24
Belize,BLZ,2024,0.41,,0.01,0.0,0.24
Benin,BEN,2000,0.0,,0.0,0.0,0.0
Benin,BEN,2001,0.0,,0.0,0.0,0.0
Benin,BEN,2002,0.0,,0.0,0.0,0.0
Benin,BEN,2003,0.0,,0.0,0.0,0.0
Benin,BEN,2004,0.0,,0.0,0.0,0.0
Benin,BEN,2005,0.0,,0.0,0.0,0.0
Benin,BEN,2006,0.0,,0.0,0.0,0.0
Benin,BEN,2007,0.0,,0.0,0.0,0.0
Benin,BEN,2008,0.0,,0.0,0.0,0.0
Benin,BEN,2009,0.0,,0.0,0.0,0.0
Benin,BEN,2010,0.0,,0.0,0.0,0.0
Benin,BEN,2011,0.0,,0.0,0.0,0.0
Benin,BEN,2012,0.0,,0.0,0.0,0.0
Benin,BEN,2013,0.0,,0.0,0.0,0.0
Benin,BEN,2014,0.0,,0.0,0.0,0.0
Benin,BEN,2015,0.0,,0.0,0.0,0.0
Benin,BEN,2016,0.0,,0.0,0.0,0.0
Benin,BEN,2017,0.0,,0.0,0.0,0.0
Benin,BEN,2018,0.0,,0.0,0.0,0.0
Benin,BEN,2019,0.01,,0.01,0.0,0.0
Benin,BEN,2020,0.01,,0.01,0.0,0.0
Benin,BEN,2021,0.02,,0.02,0.0,0.0
Benin,BEN,2022,0.02,,0.02,0.0,0.0
Benin,BEN,2023,0.03,,0.03,0.0,0.0
Benin,BEN,2024,0.04,,0.04,0.0,0.0
Bermuda,BMU,2000,0.01,,0.0,0.0,0.0
Bermuda,BMU,2001,0.01,,0.0,0.0,0.0
Bermuda,BMU,2002,0.01,,0.0,0.0,0.0
Bermuda,BMU,2003,0.01,,0.0,0.0,0.0
Bermuda,BMU,2004,0.01,,0.0,0.0,0.0
Bermuda,BMU,2005,0.01,,0.0,0.0,0.0
Bermuda,BMU,2006,0.01,,0.0,0.0,0.0
Bermuda,BMU,2007,0.01,,0.0,0.0,0.0
Bermuda,BMU,2008,0.01,,0.0,0.0,0.0
Bermuda,BMU,2009,0.01,,0.0,0.0,0.0
Bermuda,BMU,2010,0.01,,0.0,0.0,0.0
Bermuda,BMU,2011,0.01,,0.0,0.0,0.0
Bermuda,BMU,2012,0.01,,0.0,0.0,0.0
Bermuda,BMU,2013,0.01,,0.0,0.0,0.0
Bermuda,BMU,2014,0.01,,0.0,0.0,0.0
Bermuda,BMU,2015,0.01,,0.0,0.0,0.0
Bermuda,BMU,2016,0.01,,0.0,0.0,0.0
Bermuda,BMU,2017,0.01,,0.0,0.0,0.0
Bermuda,BMU,2018,0.01,,0.0,0.0,0.0
Bermuda,BMU,2019,0.01,,0.0,0.0,0.0
Bermuda,BMU,2020,0.01,,0.0,0.0,0.0
Bermuda,BMU,2021,0.01,,0.0,0.0,0.0
Bermuda,BMU,2022,0.01,,0.0,0.0,0.0
Bermuda,BMU,2023,0.01,,0.0,0.0,0.0
Bermuda,BMU,2024,0.01,,0.0,0.0,0.0
Bhutan,BTN,2000,1.79,,0.0,0.0,1.79
Bhutan,BTN,2001,1.92,,0.0,0.0,1.92
Bhutan,BTN,2002,2.18,,0.0,0.0,2.18
Bhutan,BTN,2003,2.5,,0.0,0.0,2.5
Bhutan,BTN,2004,2.33,,0.0,0.0,2.33
Bhutan,BTN,2005,2.62,,0.0,0.0,2.62
Bhutan,BTN,2006,4.47,,0.0,0.0,4.47
Bhutan,BTN,2007,6.49,,0.0,0.0,6.49
Bhutan,BTN,2008,6.89,,0.0,0.0,6.89
Bhutan,BTN,2009,6.93,,0.0,0.0,6.93
Bhutan,BTN,2010,7.26,,0.0,0.0,7.26
Bhutan,BTN,2011,6.97,,0.0,0.0,6.97
Bhutan,BTN,2012,6.74,,0.0,0.0,6.74
Bhutan,BTN,2013,7.53,,0.0,0.0,7.53
Bhutan,BTN,2014,7.15,,0.0,0.0,7.15
Bhutan,BTN,2015,7.73,,0.0,0.0,7.73
Bhutan,BTN,2016,7.88,,0.0,0.0,7.88
Bhutan,BTN,2017,7.65,,0.0,0.0,7.65
Bhutan,BTN,2018,6.89,,0.0,0.0,6.89
Bhutan,BTN,2019,8.65,,0.0,0.0,8.65
Bhutan,BTN,2020,11.37,,0.0,0.0,11.37
Bhutan,BTN,2021,10.82,,0.0,0.0,10.82
Bhutan,BTN,2022,10.77,,0.0,0.0,10.77
Bhutan,BTN,2023,11.16,,0.0,0.0,11.16
Bhutan,BTN,2024,11.0,,0.0,0.0,11.0
Bolivia,BOL,2000,2.0,,0.0,0.0,1.95
Bolivia,BOL,2001,2.16,,0.0,0.0,2.11
Bolivia,BOL,2002,2.23,,0.0,0.0,2.18
Bolivia,BOL,2003,2.02,,0.0,0.0,1.97
Bolivia,BOL,2004,2.19,,0.0,0.0,2.13
Bolivia,BOL,2005,2.0,,0.0,0.0,1.94
Bolivia,BOL,2006,2.18,,0.0,0.0,2.14
Bolivia,BOL,2007,2.35,,0.0,0.0,2.3
Bolivia,BOL,2008,2.35,,0.0,0.0,2.29
Bolivia,BOL,2009,2.35,,0.0,0.0,2.27
Bolivia,BOL,2010,2.24,,0.0,0.0,2.16
Bolivia,BOL,2011,2.41,,0.0,0.0,2.32
Bolivia,BOL,2012,2.41,,0.0,0.0,2.33
Bolivia,BOL,2013,2.64,,0.0,0.0,2.51
Bolivia,BOL,2014,2.38,,0.01,0.01,2.23
Bolivia,BOL,2015,2.65,,0.0,0.01,2.44
Bolivia,BOL,2016,1.93,,0.01,0.04,1.7
Bolivia,BOL,2017,2.41,,0.01,0.06,2.21
Bolivia,BOL,2018,2.97,,0.13,0.06,2.61
Bolivia,BOL,2019,3.75,,0.19,0.07,3.25
Bolivia,BOL,2020,3.66,,0.33,0.06,2.94
Bolivia,BOL,2021,4.18,,0.35,0.13,3.24
Bolivia,BOL,2022,4.17,,0.35,0.44,2.85
Bolivia,BOL,2023,4.18,,0.35,0.44,2.97
Bolivia,BOL,2024,4.6,,0.4,0.48,3.3
Bolivia,BOL,2025,4.92,,0.4,0.28,3.8
Bosnia and Herzegovina,BIH,2000,5.09,,,,5.09
Bosnia and Herzegovina,BIH,2001,5.18,,,,5.18
Bosnia and Herzegovina,BIH,2002,5.27,,,,5.27
Bosnia and Herzegovina,BIH,2003,4.5,,0.0,,4.5
Bosnia and Herzegovina,BIH,2004,5.98,,0.0,,5.98
Bosnia and Herzegovina,BIH,2005,6.0,,0.0,,6.0
Bosnia and Herzegovina,BIH,2006,5.84,,0.0,,5.84
Bosnia and Herzegovina,BIH,2007,3.99,,0.0,,3.99
Bosnia and Herzegovina,BIH,2008,4.87,,0.0,,4.87
Bosnia and Herzegovina,BIH,2009,6.24,,0.0,,6.24
Bosnia and Herzegovina,BIH,2010,8.03,,0.0,,8.03
Bosnia and Herzegovina,BIH,2011,4.39,,0.0,0.0,4.39
Bosnia and Herzegovina,BIH,2012,4.15,,0.0,0.0,4.15
Bosnia and Herzegovina,BIH,2013,7.24,,0.0,0.0,7.24
Bosnia and Herzegovina,BIH,2014,5.94,,0.01,0.0,5.93
Bosnia and Herzegovina,BIH,2015,5.55,,0.01,0.0,5.54
Bosnia and Herzegovina,BIH,2016,5.61,,0.02,0.0,5.59
Bosnia and Herzegovina,BIH,2017,3.82,,0.02,0.0,3.79
Bosnia and Herzegovina,BIH,2018,6.55,,0.02,0.1,6.42
Bosnia and Herzegovina,BIH,2019,6.39,,0.03,0.25,6.1
Bosnia and Herzegovina,BIH,2020,4.9,,0.05,0.26,4.58
Bosnia and Herzegovina,BIH,2021,7.18,,0.07,0.38,6.69
Bosnia and Herzegovina,BIH,2022,5.24,,0.11,0.39,4.71
Bosnia and Herzegovina,BIH,2023,7.4,,0.25,0.36,6.75
Bosnia and Herzegovina,BIH,2024,6.25,,0.39,0.37,5.45
Bosnia and Herzegovina,BIH,2025,6.29,,0.59,0.37,5.29
Botswana,BWA,2000,0.0,,0.0,0.0,0.0
Botswana,BWA,2001,0.0,,0.0,0.0,0.0
Botswana,BWA,2002,0.0,,0.0,0.0,0.0
Botswana,BWA,2003,0.0,,0.0,0.0,0.0
Botswana,BWA,2004,0.0,,0.0,0.0,0.0
Botswana,BWA,2005,0.0,,0.0,0.0,0.0
Botswana,BWA,2006,0.0,,0.0,0.0,0.0
Botswana,BWA,2007,0.0,,0.0,0.0,0.0
Botswana,BWA,2008,0.0,,0.0,0.0,0.0
Botswana,BWA,2009,0.0,,0.0,0.0,0.0
Botswana,BWA,2010,0.0,,0.0,0.0,0.0
Botswana,BWA,2011,0.0,,0.0,0.0,0.0
Botswana,BWA,2012,0.0,,0.0,0.0,0.0
Botswana,BWA,2013,0.0,,0.0,0.0,0.0
Botswana,BWA,2014,0.0,,0.0,0.0,0.0
Botswana,BWA,2015,0.0,,0.0,0.0,0.0
Botswana,BWA,2016,0.0,,0.0,0.0,0.0
Botswana,BWA,2017,0.0,,0.0,0.0,0.0
Botswana,BWA,2018,0.01,,0.01,0.0,0.0
Botswana,BWA,2019,0.01,,0.01,0.0,0.0
Botswana,BWA,2020,0.01,,0.01,0.0,0.0
Botswana,BWA,2021,0.01,,0.01,0.0,0.0
Botswana,BWA,2022,0.01,,0.01,0.0,0.0
Botswana,BWA,2023,0.01,,0.01,0.0,0.0
Botswana,BWA,2024,0.01,,0.01,0.0,0.0
Brazil,BRA,1965,25.515,26.319,0.0,0.0,25.515
Brazil,BRA,1966,27.906,26.386,0.0,0.0,27.906
Brazil,BRA,1967,29.189,26.641,0.0,0.0,29.189
Brazil,BRA,1968,30.55,24.385,0.0,0.0,30.55
Brazil,BRA,1969,32.692,23.901,0.0,0.0,32.692
Brazil,BRA,1970,40.316,25.225,0.0,0.0,39.801
Brazil,BRA,1971,43.832,25.184,0.0,0.0,43.199
Brazil,BRA,1972,51.398,25.688,0.0,0.0,50.681
Brazil,BRA,1973,58.641,24.614,0.0,0.0,57.89
Brazil,BRA,1974,66.464,25.082,0.0,0.0,65.679
Brazil,BRA,1975,73.154,26.183,0.0,0.0,72.287
Brazil,BRA,1976,83.777,27.343,0.0,0.0,82.913
Brazil,BRA,1977,94.597,29.194,0.0,0.0,93.48
Brazil,BRA,1978,104.078,29.56,0.0,0.0,102.746
Brazil,BRA,1979,118.356,31.37,0.0,0.0,116.58
Brazil,BRA,1980,130.713,33.766,0.0,0.0,128.907
Brazil,BRA,1981,132.639,35.262,0.0,0.0,130.765
Brazil,BRA,1982,143.31,36.676,0.0,0.0,141.132
Brazil,BRA,1983,154.459,39.906,0.0,0.0,151.475
Brazil,BRA,1984,169.445,41.374,0.0,0.0,166.593
Brazil,BRA,1985,181.442,41.843,0.0,0.0,178.375
Brazil,BRA,1986,185.613,41.582,0.0,0.0,182.419
Brazil,BRA,1987,189.166,41.232,0.0,0.0,185.6
Brazil,BRA,1988,202.433,42.244,0.0,0.0,199.093
Brazil,BRA,1989,208.093,42.685,0.0,0.0,204.69
Brazil,BRA,1990,210.567,43.267,0.0,0.0,206.708
Brazil,BRA,1991,221.782,43.701,0.0,0.0,217.782
Brazil,BRA,1992,228.272,44.017,0.0,0.0,223.343
Brazil,BRA,1993,240.049,44.217,0.0,0.0,235.065
Brazil,BRA,1994,248.093,43.932,0.0,0.0,242.705
Brazil,BRA,1995,259.499,43.373,0.0,0.0,253.905
Brazil,BRA,1996,272.491,42.834,0.0,0.002,265.736
Brazil,BRA,1997,286.355,42.148,0.0,0.004,278.973
Brazil,BRA,1998,298.979,42.033,0.0,0.005,291.469
Brazil,BRA,1999,301.378,41.786,0.0,0.002,293.0
Brazil,BRA,2000,312.26,40.939,0.0,0.0,304.4
Brazil,BRA,2001,276.93,37.181,0.0,0.03,267.88
Brazil,BRA,2002,296.42,38.819,0.0,0.06,286.09
Brazil,BRA,2003,317.62,40.449,0.0,0.06,305.62
Brazil,BRA,2004,333.38,40.444,0.0,0.06,320.8
Brazil,BRA,2005,351.19,41.27,0.0,0.09,337.46
Brazil,BRA,2006,363.89,41.147,0.0,0.24,348.8
Brazil,BRA,2007,392.74,42.285,0.0,0.66,374.02
Brazil,BRA,2008,390.53,41.389,0.0,1.18,369.56
Brazil,BRA,2009,415.11,44.157,0.0,1.24,390.99
Brazil,BRA,2010,437.41,42.505,0.0,2.18,403.29
Brazil,BRA,2011,463.66,42.378,0.0,2.7,428.33
Brazil,BRA,2012,456.16,40.259,0.0,5.05,415.34
Brazil,BRA,2013,438.54,38.407,0.0,6.58,390.99
Brazil,BRA,2014,432.75,37.566,0.02,12.21,373.44
Brazil,BRA,2015,431.31,38.708,0.06,21.63,359.74
Brazil,BRA,2016,465.82,41.536,0.09,33.49,380.91
Brazil,BRA,2017,467.02,41.294,0.83,42.37,370.91
Brazil,BRA,2018,495.29,44.126,3.46,48.48,388.97
Brazil,BRA,2019,515.44,45.178,6.65,55.99,397.88
Brazil,BRA,2020,522.92,47.116,10.75,57.05,396.38
Brazil,BRA,2021,507.87,43.673,16.75,72.29,362.82
Brazil,BRA,2022,593.89,47.66,30.13,81.63,427.11
Brazil,BRA,2023,630.19,48.95,50.63,95.8,426.0
Brazil,BRA,2024,651.26,49.616,71.32,108.49,413.21
Brazil,BRA,2025,649.97,49.616,88.64,117.58,388.63
British Virgin Islands,VGB,2000,0.0,,0.0,0.0,0.0
British Virgin Islands,VGB,2001,0.0,,0.0,0.0,0.0
British Virgin Islands,VGB,2002,0.0,,0.0,0.0,0.0
British Virgin Islands,VGB,2003,0.0,,0.0,0.0,0.0
British Virgin Islands,VGB,2004,0.0,,0.0,0.0,0.0
British Virgin Islands,VGB,2005,0.0,,0.0,0.0,0.0
British Virgin Islands,VGB,2006,0.0,,0.0,0.0,0.0
British Virgin Islands,VGB,2007,0.0,,0.0,0.0,0.0
British Virgin Islands,VGB,2008,0.0,,0.0,0.0,0.0
British Virgin Islands,VGB,2009,0.0,,0.0,0.0,0.0
British Virgin Islands,VGB,2010,0.0,,0.0,0.0,0.0
British Virgin Islands,VGB,2011,0.0,,0.0,0.0,0.0
British Virgin Islands,VGB,2012,0.0,,0.0,0.0,0.0
British Virgin Islands,VGB,2013,0.0,,0.0,0.0,0.0
British Virgin Islands,VGB,2014,0.0,,0.0,0.0,0.0
British Virgin Islands,VGB,2015,0.0,,0.0,0.0,0.0
British Virgin Islands,VGB,2016,0.0,,0.0,0.0,0.0
British Virgin Islands,VGB,2017,0.0,,0.0,0.0,0.0
British Virgin Islands,VGB,2018,0.0,,0.0,0.0,0.0
British Virgin Islands,VGB,2019,0.0,,0.0,0.0,0.0
British Virgin Islands,VGB,2020,0.0,,0.0,0.0,0.0
British Virgin Islands,VGB,2021,0.0,,0.0,0.0,0.0
British Virgin Islands,VGB,2022,0.0,,0.0,0.0,0.0
British Virgin Islands,VGB,2023,0.0,,0.0,0.0,0.0
Brunei,BRN,2000,0.0,,0.0,0.0,0.0
Brunei,BRN,2001,0.0,,0.0,0.0,0.0
Brunei,BRN,2002,0.0,,0.0,0.0,0.0
Brunei,BRN,2003,0.0,,0.0,0.0,0.0
Brunei,BRN,2004,0.0,,0.0,0.0,0.0
Brunei,BRN,2005,0.0,,0.0,0.0,0.0
Brunei,BRN,2006,0.0,,0.0,0.0,0.0
Brunei,BRN,2007,0.0,,0.0,0.0,0.0
Brunei,BRN,2008,0.0,,0.0,0.0,0.0
Brunei,BRN,2009,0.0,,0.0,0.0,0.0
Brunei,BRN,2010,0.0,,0.0,0.0,0.0
Brunei,BRN,2011,0.0,,0.0,0.0,0.0
Brunei,BRN,2012,0.0,,0.0,0.0,0.0
Brunei,BRN,2013,0.0,,0.0,0.0,0.0
Brunei,BRN,2014,0.0,,0.0,0.0,0.0
Brunei,BRN,2015,0.0,,0.0,0.0,0.0
Brunei,BRN,2016,0.0,,0.0,0.0,0.0
Brunei,BRN,2017,0.0,,0.0,0.0,0.0
Brunei,BRN,2018,0.0,,0.0,0.0,0.0
Brunei,BRN,2019,0.0,,0.0,0.0,0.0
Brunei,BRN,2020,0.0,,0.0,0.0,0.0
Brunei,BRN,2021,0.0,,0.0,0.0,0.0
Brunei,BRN,2022,0.0,,0.0,0.0,0.0
Brunei,BRN,2023,0.0,,0.0,0.0,0.0
Brunei,BRN,2024,0.01,,0.01,0.0,0.0
Bulgaria,BGR,1965,2.0,4.646,0.0,0.0,2.0
Bulgaria,BGR,1966,2.01,4.355,0.0,0.0,2.01
Bulgaria,BGR,1967,2.022,3.77,0.0,0.0,2.022
Bulgaria,BGR,1968,1.305,2.175,0.0,0.0,1.305
Bulgaria,BGR,1969,1.839,2.75,0.0,0.0,1.839
Bulgaria,BGR,1970,2.152,2.861,0.0,0.0,2.152
Bulgaria,BGR,1971,2.17,2.77,0.0,0.0,2.17
Bulgaria,BGR,1972,2.095,2.599,0.0,0.0,2.095
Bulgaria,BGR,1973,2.57,3.069,0.0,0.0,2.57
Bulgaria,BGR,1974,2.08,2.411,0.0,0.0,2.08
Bulgaria,BGR,1975,2.453,2.574,0.0,0.0,2.453
Bulgaria,BGR,1976,2.954,2.929,0.0,0.0,2.954
Bulgaria,BGR,1977,3.529,3.321,0.0,0.0,3.529
Bulgaria,BGR,1978,2.909,2.643,0.0,0.0,2.909
Bulgaria,BGR,1979,3.311,2.899,0.0,0.0,3.311
Bulgaria,BGR,1980,3.713,3.079,0.0,0.0,3.713
Bulgaria,BGR,1981,3.618,3.047,0.0,0.0,3.618
Bulgaria,BGR,1982,3.05,2.507,0.0,0.0,3.05
Bulgaria,BGR,1983,3.353,2.739,0.0,0.0,3.353
Bulgaria,BGR,1984,3.26,2.678,0.0,0.0,3.26
Bulgaria,BGR,1985,2.237,1.851,0.0,0.0,2.237
Bulgaria,BGR,1986,2.326,1.886,0.0,0.0,2.326
Bulgaria,BGR,1987,2.537,2.042,0.0,0.0,2.537
Bulgaria,BGR,1988,2.596,2.043,0.0,0.0,2.596
Bulgaria,BGR,1989,2.691,2.136,0.0,0.0,2.691
Bulgaria,BGR,1990,1.63,1.401,0.0,0.0,1.63
Bulgaria,BGR,1991,2.27,2.41,0.0,0.0,2.27
Bulgaria,BGR,1992,1.9,2.148,0.0,0.0,1.9
Bulgaria,BGR,1993,1.79,1.891,0.0,0.0,1.79
Bulgaria,BGR,1994,1.3,1.426,0.0,0.0,1.3
Bulgaria,BGR,1995,2.17,2.226,0.0,0.0,2.17
Bulgaria,BGR,1996,2.89,2.968,0.0,0.0,2.89
Bulgaria,BGR,1997,2.72,2.96,0.0,0.0,2.72
Bulgaria,BGR,1998,3.07,3.469,0.0,0.0,3.07
Bulgaria,BGR,1999,2.73,3.516,0.0,0.0,2.73
Bulgaria,BGR,2000,2.63,3.386,0.0,0.0,2.63
Bulgaria,BGR,2001,1.65,2.044,0.0,0.0,1.65
Bulgaria,BGR,2002,2.12,2.681,0.0,0.0,2.12
Bulgaria,BGR,2003,2.99,3.646,0.0,0.0,2.99
Bulgaria,BGR,2004,3.14,3.931,0.0,0.0,3.14
Bulgaria,BGR,2005,4.3,4.937,0.0,0.0,4.3
Bulgaria,BGR,2006,4.23,4.738,0.0,0.02,4.21
Bulgaria,BGR,2007,2.88,3.307,0.0,0.05,2.83
Bulgaria,BGR,2008,2.93,3.391,0.0,0.12,2.79
Bulgaria,BGR,2009,3.68,4.846,0.0,0.24,3.43
Bulgaria,BGR,2010,5.76,7.258,0.01,0.68,5.03
Bulgaria,BGR,2011,3.89,4.618,0.1,0.86,2.87
Bulgaria,BGR,2012,5.25,6.861,0.78,1.22,3.18
Bulgaria,BGR,2013,6.91,9.694,1.39,1.37,4.04
Bulgaria,BGR,2014,7.39,9.634,1.26,1.33,4.6
Bulgaria,BGR,2015,8.75,10.787,1.38,1.45,5.65
Bulgaria,BGR,2016,7.04,9.37,1.39,1.42,3.88
Bulgaria,BGR,2017,6.13,8.073,1.4,1.5,2.83
Bulgaria,BGR,2018,9.38,12.096,1.34,1.32,5.15
Bulgaria,BGR,2019,7.49,10.38,1.42,1.32,2.93
Bulgaria,BGR,2020,7.47,11.122,1.47,1.48,2.82
Bulgaria,BGR,2021,10.31,13.231,1.47,1.43,4.82
Bulgaria,BGR,2022,9.63,12.026,2.09,1.5,3.8
Bulgaria,BGR,2023,10.05,14.288,3.52,1.58,3.08
Bulgaria,BGR,2024,11.46,16.425,5.49,1.46,2.79
Bulgaria,BGR,2025,12.45,16.425,6.89,1.32,2.53
Burkina Faso,BFA,2000,0.1,,0.0,0.0,0.1
Burkina Faso,BFA,2001,0.05,,0.0,0.0,0.05
Burkina Faso,BFA,2002,0.06,,0.0,0.0,0.06
Burkina Faso,BFA,2003,0.1,,0.0,0.0,0.1
Burkina Faso,BFA,2004,0.1,,0.0,0.0,0.1
Burkina Faso,BFA,2005,0.1,,0.0,0.0,0.1
Burkina Faso,BFA,2006,0.08,,0.0,0.0,0.08
Burkina Faso,BFA,2007,0.11,,0.0,0.0,0.11
Burkina Faso,BFA,2008,0.13,,0.0,0.0,0.13
Burkina Faso,BFA,2009,0.13,,0.0,0.0,0.13
Burkina Faso,BFA,2010,0.13,,0.01,0.0,0.12
Burkina Faso,BFA,2011,0.09,,0.01,0.0,0.08
Burkina Faso,BFA,2012,0.11,,0.01,0.0,0.1
Burkina Faso,BFA,2013,0.12,,0.01,0.0,0.11
Burkina Faso,BFA,2014,0.1,,0.01,0.0,0.09
Burkina Faso,BFA,2015,0.1,,0.01,0.0,0.09
Burkina Faso,BFA,2016,0.16,,0.02,0.0,0.14
Burkina Faso,BFA,2017,0.16,,0.03,0.0,0.13
Burkina Faso,BFA,2018,0.27,,0.09,0.0,0.13
Burkina Faso,BFA,2019,0.26,,0.09,0.0,0.11
Burkina Faso,BFA,2020,0.3,,0.09,0.0,0.11
Burkina Faso,BFA,2021,0.31,,0.09,0.0,0.13
Burkina Faso,BFA,2022,0.26,,0.09,0.0,0.08
Burkina Faso,BFA,2023,0.27,,0.09,0.0,0.09
Burkina Faso,BFA,2024,0.29,,0.11,0.0,0.09
Burundi,BDI,2000,0.1,,0.0,0.0,0.1
Burundi,BDI,2001,0.11,,0.0,0.0,0.11
Burundi,BDI,2002,0.13,,0.0,0.0,0.13
Burundi,BDI,2003,0.1,,0.0,0.0,0.1
Burundi,BDI,2004,0.09,,0.0,0.0,0.09
Burundi,BDI,2005,0.09,,0.0,0.0,0.09
Burundi,BDI,2006,0.09,,0.0,0.0,0.09
Burundi,BDI,2007,0.12,,0.0,0.0,0.12
Burundi,BDI,2008,0.11,,0.0,0.0,0.11
Burundi,BDI,2009,0.12,,0.0,0.0,0.12
Burundi,BDI,2010,0.14,,0.0,0.0,0.14
Burundi,BDI,2011,0.14,,0.0,0.0,0.13
Burundi,BDI,2012,0.15,,0.0,0.0,0.14
Burundi,BDI,2013,0.15,,0.0,0.0,0.14
Burundi,BDI,2014,0.15,,0.0,0.0,0.14
Burundi,BDI,2015,0.15,,0.0,0.0,0.14
Burundi,BDI,2016,0.16,,0.01,0.0,0.14
Burundi,BDI,2017,0.21,,0.01,0.0,0.19
Burundi,BDI,2018,0.25,,0.0,0.0,0.24
Burundi,BDI,2019,0.27,,0.0,0.0,0.26
Burundi,BDI,2020,0.28,,0.0,0.0,0.27
Burundi,BDI,2021,0.27,,0.0,0.0,0.26
Burundi,BDI,2022,0.27,,0.0,0.0,0.26
Burundi,BDI,2023,0.38,,0.0,0.0,0.37
Burundi,BDI,2024,0.37,,0.0,0.0,0.36
Cambodia,KHM,2000,0.03,,0.0,,0.03
Cambodia,KHM,2001,0.03,,0.0,,0.03
Cambodia,KHM,2002,0.04,,0.0,,0.04
Cambodia,KHM,2003,0.04,,0.0,,0.04
Cambodia,KHM,2004,0.03,,0.0,,0.03
Cambodia,KHM,2005,0.04,,0.0,,0.04
Cambodia,KHM,2006,0.05,,0.0,,0.05
Cambodia,KHM,2007,0.05,,0.0,,0.05
Cambodia,KHM,2008,0.05,,0.0,,0.05
Cambodia,KHM,2009,0.06,,0.0,,0.05
Cambodia,KHM,2010,0.04,,0.0,,0.03
Cambodia,KHM,2011,0.06,,0.0,,0.05
Cambodia,KHM,2012,0.53,,0.0,,0.52
Cambodia,KHM,2013,1.03,,0.0,,1.02
Cambodia,KHM,2014,1.87,,0.0,,1.85
Cambodia,KHM,2015,2.2,,0.0,,2.16
Cambodia,KHM,2016,2.61,,0.0,,2.57
Cambodia,KHM,2017,2.77,,0.0,,2.71
Cambodia,KHM,2018,4.82,,0.02,,4.74
Cambodia,KHM,2019,4.21,,0.09,,4.03
Cambodia,KHM,2020,4.15,,0.29,,3.86
Cambodia,KHM,2021,5.7,,0.61,,5.04
Cambodia,KHM,2022,6.61,,0.7,,5.9
Cambodia,KHM,2023,5.73,,0.82,,4.84
Cambodia,KHM,2024,5.52,,1.07,,4.37
Cambodia,KHM,2025,7.26,,1.89,,5.31
Cameroon,CMR,2000,3.41,,0.0,0.0,3.41
Cameroon,CMR,2001,3.44,,0.0,0.0,3.44
Cameroon,CMR,2002,3.15,,0.0,0.0,3.15
Cameroon,CMR,2003,3.49,,0.0,0.0,3.49
Cameroon,CMR,2004,3.88,,0.0,0.0,3.88
Cameroon,CMR,2005,3.73,,0.0,0.0,3.73
Cameroon,CMR,2006,4.49,,0.0,0.0,3.85
Cameroon,CMR,2007,3.89,,0.0,0.0,3.81
Cameroon,CMR,2008,4.27,,0.0,0.0,4.19
Cameroon,CMR,2009,4.05,,0.0,0.0,3.98
Cameroon,CMR,2010,4.28,,0.0,0.0,4.22
Cameroon,CMR,2011,4.41,,0.0,0.0,4.35
Cameroon,CMR,2012,4.27,,0.0,0.0,4.21
Cameroon,CMR,2013,4.4,,0.0,0.0,4.33
Cameroon,CMR,2014,4.41,,0.01,0.0,4.33
Cameroon,CMR,2015,4.37,,0.01,0.0,4.32
Cameroon,CMR,2016,4.38,,0.01,0.0,4.33
Cameroon,CMR,2017,5.1,,0.02,0.0,5.04
Cameroon,CMR,2018,5.03,,0.02,0.0,4.97
Cameroon,CMR,2019,5.09,,0.02,0.0,5.03
Cameroon,CMR,2020,5.29,,0.02,0.0,5.23
Cameroon,CMR,2021,5.29,,0.02,0.0,5.23
Cameroon,CMR,2022,5.29,,0.02,0.0,5.23
Cameroon,CMR,2023,5.29,,0.02,0.0,5.23
Cameroon,CMR,2024,5.31,,0.04,0.0,5.23
Canada,CAN,1965,118.088,23.981,0.0,0.0,118.088
Canada,CAN,1966,131.0,25.004,0.0,0.0,131.0
Canada,CAN,1967,133.924,24.438,0.0,0.0,133.924
Canada,CAN,1968,136.2,23.338,0.0,0.0,136.2
Canada,CAN,1969,150.638,24.352,0.0,0.0,150.638
Canada,CAN,1970,158.137,23.871,0.0,0.0,158.137
Canada,CAN,1971,162.461,23.779,0.0,0.0,162.461
Canada,CAN,1972,181.639,24.717,0.0,0.0,181.639
Canada,CAN,1973,194.654,24.392,0.0,0.0,194.654
Canada,CAN,1974,210.667,25.613,0.0,0.0,210.667
Canada,CAN,1975,202.47,24.975,0.0,0.0,202.47
Canada,CAN,1976,213.396,25.151,0.0,0.0,212.689
Canada,CAN,1977,221.216,24.649,0.0,0.0,220.147
Canada,CAN,1978,236.386,25.866,0.0,0.0,235.254
Canada,CAN,1979,245.466,26.1,0.0,0.0,244.121
Canada,CAN,1980,252.448,26.337,0.0,0.0,251.148
Canada,CAN,1981,267.913,28.155,0.0,0.0,266.015
Canada,CAN,1982,259.934,28.168,0.0,0.0,257.795
Canada,CAN,1983,268.037,29.231,0.0,0.0,265.952
Canada,CAN,1984,288.46,29.58,0.0,0.0,286.123
Canada,CAN,1985,305.323,30.32,0.0,0.001,303.645
Canada,CAN,1986,312.501,30.752,0.0,0.001,310.635
Canada,CAN,1987,318.519,30.368,0.0,0.001,316.206
Canada,CAN,1988,309.921,28.379,0.0,0.001,307.435
Canada,CAN,1989,293.928,26.631,0.0,0.001,290.45
Canada,CAN,1990,299.639,28.252,0.0,0.002,295.683
Canada,CAN,1991,311.262,29.252,0.0,0.002,307.276
Canada,CAN,1992,319.701,29.262,0.002,0.059,315.175
Canada,CAN,1993,327.092,29.209,0.002,0.059,322.214
Canada,CAN,1994,333.65,28.705,0.002,0.059,327.856
Canada,CAN,1995,341.26,28.664,0.004,0.059,334.06
Canada,CAN,1996,362.188,29.629,0.006,0.062,354.592
Canada,CAN,1997,356.917,29.044,0.007,0.062,348.68
Canada,CAN,1998,339.929,28.09,0.01,0.062,330.87
Canada,CAN,1999,354.119,28.364,0.013,0.162,345.001
Canada,CAN,2000,365.96,28.536,0.02,0.26,356.76
Canada,CAN,2001,341.54,27.032,0.02,0.33,331.52
Canada,CAN,2002,359.75,27.335,0.02,0.41,349.27
Canada,CAN,2003,346.27,26.02,0.02,0.69,336.14
Canada,CAN,2004,349.15,25.7,0.01,0.94,338.4
Canada,CAN,2005,372.71,27.043,0.02,1.57,361.96
Canada,CAN,2006,364.32,27.208,0.02,2.47,352.89
Canada,CAN,2007,379.65,26.53,0.03,3.01,367.62
Canada,CAN,2008,389.3,27.374,0.04,3.79,377.49
Canada,CAN,2009,384.38,27.993,0.11,6.64,368.69
Canada,CAN,2010,370.67,26.567,0.26,8.72,351.39
Canada,CAN,2011,396.69,27.419,0.57,10.19,375.72
Canada,CAN,2012,403.37,27.863,0.88,11.31,380.27
Canada,CAN,2013,415.48,27.745,1.5,11.15,391.79
Canada,CAN,2014,407.24,27.026,2.12,12.82,382.5
Canada,CAN,2015,422.04,27.733,2.89,26.97,382.19
Canada,CAN,2016,430.73,28.46,3.01,30.93,385.43
Canada,CAN,2017,440.56,28.65,3.31,31.51,394.59
Canada,CAN,2018,433.39,27.664,3.49,33.47,385.89
Canada,CAN,2019,428.71,27.407,3.75,32.88,381.77
Canada,CAN,2020,436.79,29.457,4.07,35.76,386.55
Canada,CAN,2021,435.39,29.113,5.11,37.3,382.43
Canada,CAN,2022,452.47,29.497,5.74,39.48,397.73
Canada,CAN,2023,419.45,27.858,8.4,40.51,360.74
Canada,CAN,2024,409.28,27.157,9.42,46.83,343.2
Canada,CAN,2025,416.91,27.157,10.17,51.48,344.74
Cape Verde,CPV,2000,0.01,,0.0,0.01,0.0
Cape Verde,CPV,2001,0.01,,0.0,0.01,0.0
Cape Verde,CPV,2002,0.01,,0.0,0.01,0.0
Cape Verde,CPV,2003,0.0,,0.0,0.0,0.0
Cape Verde,CPV,2004,0.01,,0.0,0.01,0.0
Cape Verde,CPV,2005,0.01,,0.0,0.01,0.0
Cape Verde,CPV,2006,0.01,,0.0,0.01,0.0
Cape Verde,CPV,2007,0.01,,0.0,0.01,0.0
Cape Verde,CPV,2008,0.01,,0.0,0.01,0.0
Cape Verde,CPV,2009,0.01,,0.0,0.01,0.0
Cape Verde,CPV,2010,0.0,,0.0,0.0,0.0
Cape Verde,CPV,2011,0.03,,0.01,0.02,0.0
Cape Verde,CPV,2012,0.07,,0.01,0.06,0.0
Cape Verde,CPV,2013,0.09,,0.01,0.08,0.0
Cape Verde,CPV,2014,0.09,,0.01,0.08,0.0
Cape Verde,CPV,2015,0.09,,0.01,0.08,0.0
Cape Verde,CPV,2016,0.09,,0.01,0.08,0.0
Cape Verde,CPV,2017,0.08,,0.01,0.07,0.0
Cape Verde,CPV,2018,0.09,,0.01,0.08,0.0
Cape Verde,CPV,2019,0.08,,0.01,0.07,0.0
Cape Verde,CPV,2020,0.07,,0.01,0.06,0.0
Cape Verde,CPV,2021,0.08,,0.01,0.07,0.0
Cape Verde,CPV,2022,0.14,,0.07,0.07,0.0
Cape Verde,CPV,2023,0.14,,0.07,0.07,0.0
Cape Verde,CPV,2024,0.16,,0.08,0.08,0.0
Cayman Islands,CYM,2000,0.0,,0.0,0.0,0.0
Cayman Islands,CYM,2001,0.0,,0.0,0.0,0.0
Cayman Islands,CYM,2002,0.0,,0.0,0.0,0.0
Cayman Islands,CYM,2003,0.0,,0.0,0.0,0.0
Cayman Islands,CYM,2004,0.0,,0.0,0.0,0.0
Cayman Islands,CYM,2005,0.0,,0.0,0.0,0.0
Cayman Islands,CYM,2006,0.0,,0.0,0.0,0.0
Cayman Islands,CYM,2007,0.0,,0.0,0.0,0.0
Cayman Islands,CYM,2008,0.0,,0.0,0.0,0.0
Cayman Islands,CYM,2009,0.0,,0.0,0.0,0.0
Cayman Islands,CYM,2010,0.0,,0.0,0.0,0.0
Cayman Islands,CYM,2011,0.0,,0.0,0.0,0.0
Cayman Islands,CYM,2012,0.0,,0.0,0.0,0.0
Cayman Islands,CYM,2013,0.0,,0.0,0.0,0.0
Cayman Islands,CYM,2014,0.0,,0.0,0.0,0.0
Cayman Islands,CYM,2015,0.0,,0.0,0.0,0.0
Cayman Islands,CYM,2016,0.0,,0.0,0.0,0.0
Cayman Islands,CYM,2017,0.01,,0.01,0.0,0.0
Cayman Islands,CYM,2018,0.01,,0.01,0.0,0.0
Cayman Islands,CYM,2019,0.02,,0.02,0.0,0.0
Cayman Islands,CYM,2020,0.02,,0.02,0.0,0.0
Cayman Islands,CYM,2021,0.02,,0.02,0.0,0.0
Cayman Islands,CYM,2022,0.02,,0.02,0.0,0.0
Cayman Islands,CYM,2023,0.02,,0.02,0.0,0.0
Cayman Islands,CYM,2024,0.03,,0.03,0.0,0.0
Chad,TCD,2000,0.0,,0.0,0.0,0.0
Chad,TCD,2001,0.0,,0.0,0.0,0.0
Chad,TCD,2002,0.0,,0.0,0.0,0.0
Chad,TCD,2003,0.0,,0.0,0.0,0.0
Chad,TCD,2004,0.0,,0.0,0.0,0.0
Chad,TCD,2005,0.0,,0.0,0.0,0.0
Chad,TCD,2006,0.0,,0.0,0.0,0.0
Chad,TCD,2007,0.0,,0.0,0.0,0.0
Chad,TCD,2008,0.0,,0.0,0.0,0.0
Chad,TCD,2009,0.0,,0.0,0.0,0.0
Chad,TCD,2010,0.0,,0.0,0.0,0.0
Chad,TCD,2011,0.0,,0.0,0.0,0.0
Chad,TCD,2012,0.01,,0.0,0.0,0.0
Chad,TCD,2013,0.01,,0.0,0.0,0.0
Chad,TCD,2014,0.01,,0.0,0.0,0.0
Chad,TCD,2015,0.01,,0.0,0.0,0.0
Chad,TCD,2016,0.02,,0.0,0.01,0.0
Chad,TCD,2017,0.02,,0.0,0.01,0.0
Chad,TCD,2018,0.02,,0.0,0.01,0.0
Chad,TCD,2019,0.02,,0.0,0.01,0.0
Chad,TCD,2020,0.02,,0.0,0.01,0.0
Chad,TCD,2021,0.02,,0.0,0.01,0.0
Chad,TCD,2022,0.02,,0.0,0.01,0.0
Chad,TCD,2023,0.02,,0.0,0.01,0.0
Chad,TCD,2024,0.02,,0.0,0.01,0.0
Chile,CHL,1965,3.954,15.313,0.0,0.0,3.954
Chile,CHL,1966,4.168,15.05,0.0,0.0,4.168
Chile,CHL,1967,4.255,15.071,0.0,0.0,4.255
Chile,CHL,1968,3.565,12.66,0.0,0.0,3.565
Chile,CHL,1969,4.024,13.263,0.0,0.0,4.024
Chile,CHL,1970,4.307,13.447,0.0,0.0,4.307
Chile,CHL,1971,4.875,14.094,0.0,0.0,4.809
Chile,CHL,1972,5.787,16.438,0.0,0.0,5.73
Chile,CHL,1973,5.646,16.574,0.0,0.0,5.595
Chile,CHL,1974,6.41,18.802,0.0,0.0,6.364
Chile,CHL,1975,6.439,20.896,0.0,0.0,6.388
Chile,CHL,1976,6.672,20.858,0.0,0.0,6.599
Chile,CHL,1977,7.049,21.056,0.0,0.0,6.969
Chile,CHL,1978,7.342,21.102,0.0,0.0,7.251
Chile,CHL,1979,7.542,20.524,0.0,0.0,7.448
Chile,CHL,1980,7.976,21.023,0.0,0.0,7.871
Chile,CHL,1981,8.26,21.658,0.0,0.0,8.15
Chile,CHL,1982,9.051,25.437,0.0,0.0,8.914
Chile,CHL,1983,9.821,26.607,0.0,0.0,9.613
Chile,CHL,1984,10.176,26.551,0.0,0.0,9.975
Chile,CHL,1985,11.265,29.063,0.0,0.0,11.07
Chile,CHL,1986,12.11,30.114,0.0,0.0,11.83
Chile,CHL,1987,13.094,31.031,0.0,0.0,12.823
Chile,CHL,1988,12.885,27.316,0.0,0.0,12.558
Chile,CHL,1989,10.864,20.759,0.0,0.0,10.543
Chile,CHL,1990,9.904,18.081,0.0,0.0,8.941
Chile,CHL,1991,14.169,23.018,0.0,0.0,13.136
Chile,CHL,1992,18.483,27.187,0.0,0.0,16.74
Chile,CHL,1993,18.967,26.38,0.0,0.0,17.217
Chile,CHL,1994,18.771,24.851,0.0,0.0,16.985
Chile,CHL,1995,20.293,24.921,0.0,0.0,18.414
Chile,CHL,1996,18.611,21.55,0.0,0.0,16.873
Chile,CHL,1997,20.686,20.921,0.0,0.0,18.943
Chile,CHL,1998,17.098,17.196,0.0,0.0,15.937
Chile,CHL,1999,15.027,14.538,0.0,0.0,13.577
Chile,CHL,2000,20.49,18.856,0.0,0.0,19.55
Chile,CHL,2001,22.87,21.061,0.0,0.01,20.79
Chile,CHL,2002,23.99,21.834,0.0,0.01,22.04
Chile,CHL,2003,23.28,21.012,0.0,0.01,21.46
Chile,CHL,2004,23.8,18.554,0.0,0.01,21.76
Chile,CHL,2005,28.02,21.083,0.0,0.01,26.22
Chile,CHL,2006,30.28,21.915,0.0,0.01,28.84
Chile,CHL,2007,25.61,18.572,0.0,0.01,22.9
Chile,CHL,2008,27.07,20.647,0.0,0.04,23.95
Chile,CHL,2009,29.39,21.976,0.0,0.08,25.04
Chile,CHL,2010,24.22,18.941,0.0,0.33,21.64
Chile,CHL,2011,25.95,17.672,0.0,0.34,20.94
Chile,CHL,2012,25.24,17.976,0.0,0.41,19.98
Chile,CHL,2013,26.0,18.024,0.01,0.55,19.68
Chile,CHL,2014,30.06,19.519,0.48,1.44,22.81
Chile,CHL,2015,32.36,21.0,1.24,2.11,23.4
Chile,CHL,2016,33.81,19.341,2.59,2.45,22.81
Chile,CHL,2017,34.37,21.426,3.84,3.52,20.89
Chile,CHL,2018,37.5,23.426,5.12,3.58,22.9
Chile,CHL,2019,38.81,22.541,6.3,4.89,22.03
Chile,CHL,2020,40.49,24.874,7.53,5.55,21.93
Chile,CHL,2021,43.07,23.421,10.56,7.62,18.96
Chile,CHL,2022,50.37,26.079,15.71,8.88,20.68
Chile,CHL,2023,56.34,30.347,17.94,9.46,23.3
Chile,CHL,2024,62.07,32.254,20.19,10.43,26.0
Chile,CHL,2025,58.74,32.254,22.18,11.58,19.68
China,CHN,1965,22.097,4.006,0.0,0.0,22.097
China,CHN,1966,22.486,3.751,0.0,0.0,22.486
China,CHN,1967,19.383,3.595,0.0,0.0,19.383
China,CHN,1968,22.87,4.2,0.0,0.0,22.87
China,CHN,1969,23.259,3.509,0.0,0.0,23.259
China,CHN,1970,24.037,2.832,0.0,0.0,24.037
China,CHN,1971,29.075,2.89,0.0,0.0,29.075
China,CHN,1972,32.951,3.038,0.0,0.0,32.951
China,CHN,1973,36.827,3.217,0.0,0.0,36.827
China,CHN,1974,41.675,3.53,0.0,0.0,41.675
China,CHN,1975,43.611,3.298,0.0,0.0,43.611
China,CHN,1976,44.194,3.175,0.0,0.0,44.194
China,CHN,1977,46.134,3.039,0.0,0.0,46.134
China,CHN,1978,43.226,2.597,0.0,0.0,43.226
China,CHN,1979,48.556,2.832,0.0,0.0,48.556
China,CHN,1980,58.221,3.357,0.0,0.0,58.221
China,CHN,1981,65.513,3.829,0.0,0.0,65.513
China,CHN,1982,74.414,4.164,0.0,0.0,74.414
China,CHN,1983,86.417,4.544,0.0,0.0,86.417
China,CHN,1984,86.815,4.253,0.0,0.0,86.815
China,CHN,1985,92.388,4.184,0.0,0.0,92.388
China,CHN,1986,94.549,4.086,0.0,0.0,94.549
China,CHN,1987,100.024,4.008,0.0,0.0,100.024
China,CHN,1988,109.168,4.072,0.0,0.0,109.168
China,CHN,1989,118.409,4.209,0.0,0.0,118.409
China,CHN,1990,126.812,4.45,0.002,0.002,126.744
China,CHN,1991,124.764,4.168,0.002,0.009,124.689
China,CHN,1992,130.933,4.157,0.003,0.131,130.686
China,CHN,1993,152.179,4.483,0.004,0.212,151.846
China,CHN,1994,168.278,4.668,0.005,0.384,167.429
China,CHN,1995,194.217,5.239,0.007,0.616,190.58
China,CHN,1996,189.606,4.849,0.009,0.094,187.97
China,CHN,1997,198.911,5.057,0.011,0.198,195.98
China,CHN,1998,201.74,5.119,0.014,0.356,198.89
China,CHN,1999,199.591,4.893,0.017,0.474,196.58
China,CHN,2000,225.56,5.336,0.02,0.59,222.41
China,CHN,2001,280.73,6.251,0.03,0.72,277.43
China,CHN,2002,291.41,5.922,0.05,0.84,287.97
China,CHN,2003,287.28,5.001,0.06,1.0,283.68
China,CHN,2004,357.43,5.289,0.08,1.28,353.54
China,CHN,2005,404.37,5.239,0.08,1.95,397.02
China,CHN,2006,446.72,5.267,0.09,3.71,435.79
China,CHN,2007,500.71,5.407,0.11,5.48,485.26
China,CHN,2008,665.08,6.872,0.15,13.1,636.96
China,CHN,2009,664.39,6.56,0.28,27.61,615.64
China,CHN,2010,786.38,7.195,0.7,49.4,711.38
China,CHN,2011,792.38,6.697,2.61,74.1,688.04
China,CHN,2012,999.56,8.068,3.59,103.05,862.79
China,CHN,2013,1093.37,8.474,8.37,138.26,909.61
China,CHN,2014,1289.23,9.69,23.51,159.76,1059.69
China,CHN,2015,1393.66,10.278,39.48,185.59,1114.52
China,CHN,2016,1522.79,11.113,66.53,240.86,1153.27
China,CHN,2017,1667.06,11.666,117.8,304.6,1165.06
China,CHN,2018,1835.39,12.224,176.9,365.8,1198.89
China,CHN,2019,2014.64,12.786,224.0,405.3,1272.54
China,CHN,2020,2185.01,13.396,261.1,466.5,1321.71
China,CHN,2021,2448.8,14.195,327.0,655.8,1300.0
China,CHN,2022,2670.66,15.218,427.27,762.67,1298.12
China,CHN,2023,2894.22,15.505,584.15,885.87,1226.0
China,CHN,2024,3398.83,17.472,839.04,997.04,1354.25
China,CHN,2025,3920.47,17.472,1174.96,1135.44,1397.06
Colombia,COL,1965,3.544,10.145,0.0,0.0,3.544
Colombia,COL,1966,3.937,10.013,0.0,0.0,3.937
Colombia,COL,1967,4.389,10.595,0.0,0.0,4.389
Colombia,COL,1968,4.891,11.378,0.0,0.0,4.891
Colombia,COL,1969,5.438,12.504,0.0,0.0,5.438
Colombia,COL,1970,6.053,12.704,0.0,0.0,6.053
Colombia,COL,1971,6.423,13.635,0.0,0.0,6.423
Colombia,COL,1972,7.115,13.096,0.0,0.0,7.115
Colombia,COL,1973,7.743,14.752,0.0,0.0,7.743
Colombia,COL,1974,8.792,14.975,0.0,0.0,8.792
Colombia,COL,1975,9.921,17.952,0.0,0.0,9.732
Colombia,COL,1976,10.428,18.102,0.0,0.0,10.226
Colombia,COL,1977,10.644,17.876,0.0,0.0,10.452
Colombia,COL,1978,12.277,19.64,0.0,0.0,12.071
Colombia,COL,1979,13.475,20.729,0.0,0.0,13.259
Colombia,COL,1980,14.674,21.708,0.0,0.0,14.447
Colombia,COL,1981,14.477,21.107,0.0,0.0,14.265
Colombia,COL,1982,15.47,21.932,0.0,0.0,15.239
Colombia,COL,1983,15.6,20.988,0.0,0.0,15.366
Colombia,COL,1984,17.395,23.13,0.0,0.0,17.14
Colombia,COL,1985,18.708,24.087,0.0,0.0,18.441
Colombia,COL,1986,21.599,26.574,0.0,0.0,21.333
Colombia,COL,1987,23.516,26.474,0.0,0.0,23.248
Colombia,COL,1988,24.793,27.958,0.0,0.0,24.519
Colombia,COL,1989,27.056,28.98,0.0,0.0,26.782
Colombia,COL,1990,27.77,31.201,0.0,0.0,27.496
Colombia,COL,1991,27.995,30.631,0.0,0.0,27.726
Colombia,COL,1992,22.621,23.802,0.0,0.0,22.281
Colombia,COL,1993,28.245,27.369,0.0,0.0,27.856
Colombia,COL,1994,32.502,29.116,0.0,0.0,32.058
Colombia,COL,1995,32.466,28.416,0.0,0.0,31.989
Colombia,COL,1996,35.784,30.151,0.0,0.0,35.288
Colombia,COL,1997,31.959,26.432,0.0,0.0,31.476
Colombia,COL,1998,31.314,25.565,0.0,0.0,30.782
Colombia,COL,1999,34.158,30.0,0.0,0.0,33.701
Colombia,COL,2000,32.26,28.239,0.01,0.0,31.75
Colombia,COL,2001,31.99,28.572,0.01,0.0,31.48
Colombia,COL,2002,34.13,30.439,0.01,0.0,33.63
Colombia,COL,2003,36.32,31.64,0.01,0.0,35.81
Colombia,COL,2004,40.21,31.689,0.01,0.05,39.68
Colombia,COL,2005,39.96,32.783,0.01,0.05,39.4
Colombia,COL,2006,42.91,30.936,0.01,0.06,42.31
Colombia,COL,2007,44.59,31.46,0.01,0.05,44.0
Colombia,COL,2008,46.54,31.267,0.01,0.05,45.94
Colombia,COL,2009,41.25,28.771,0.01,0.06,40.64
Colombia,COL,2010,42.47,27.404,0.01,0.04,40.0
Colombia,COL,2011,50.44,31.371,0.01,0.04,48.39
Colombia,COL,2012,49.12,29.023,0.01,0.05,47.11
Colombia,COL,2013,50.88,26.267,0.01,0.06,49.76
Colombia,COL,2014,48.68,25.308,0.01,0.07,47.25
Colombia,COL,2015,49.39,25.545,0.01,0.07,47.94
Colombia,COL,2016,49.98,24.363,0.01,0.05,48.46
Colombia,COL,2017,62.07,28.787,0.01,0.0,60.64
Colombia,COL,2018,59.7,27.908,0.02,0.04,58.19
Colombia,COL,2019,54.74,26.754,0.13,0.06,52.98
Colombia,COL,2020,50.79,27.111,0.19,0.01,48.44
Colombia,COL,2021,63.33,29.666,0.33,0.06,60.7
Colombia,COL,2022,61.61,28.384,0.63,0.07,58.73
Colombia,COL,2023,58.0,27.398,1.35,0.22,54.22
Colombia,COL,2024,54.68,26.093,3.43,0.15,48.88
Colombia,COL,2025,69.6,26.093,4.6,0.15,62.5
Comoros,COM,2000,0.0,,0.0,0.0,0.0
Comoros,COM,2001,0.0,,0.0,0.0,0.0
Comoros,COM,2002,0.0,,0.0,0.0,0.0
Comoros,COM,2003,0.0,,0.0,0.0,0.0
Comoros,COM,2004,0.0,,0.0,0.0,0.0
Comoros,COM,2005,0.0,,0.0,0.0,0.0
Comoros,COM,2006,0.0,,0.0,0.0,0.0
Comoros,COM,2007,0.0,,0.0,0.0,0.0
Comoros,COM,2008,0.0,,0.0,0.0,0.0
Comoros,COM,2009,0.0,,0.0,0.0,0.0
Comoros,COM,2010,0.0,,0.0,0.0,0.0
Comoros,COM,2011,0.0,,0.0,0.0,0.0
Comoros,COM,2012,0.0,,0.0,0.0,0.0
Comoros,COM,2013,0.0,,0.0,0.0,0.0
Comoros,COM,2014,0.0,,0.0,0.0,0.0
Comoros,COM,2015,0.0,,0.0,0.0,0.0
Comoros,COM,2016,0.0,,0.0,0.0,0.0
Comoros,COM,2017,0.0,,0.0,0.0,0.0
Comoros,COM,2018,0.0,,0.0,0.0,0.0
Comoros,COM,2019,0.0,,0.0,0.0,0.0
Comoros,COM,2020,0.0,,0.0,0.0,0.0
Comoros,COM,2021,0.0,,0.0,0.0,0.0
Comoros,COM,2022,0.0,,0.0,0.0,0.0
Comoros,COM,2023,0.0,,0.0,0.0,0.0
Congo,COG,2000,0.29,,0.0,0.0,0.29
Congo,COG,2001,0.33,,0.0,0.0,0.33
Congo,COG,2002,0.39,,0.0,0.0,0.39
Congo,COG,2003,0.34,,0.0,0.0,0.34
Congo,COG,2004,0.33,,0.0,0.0,0.33
Congo,COG,2005,0.35,,0.0,0.0,0.35
Congo,COG,2006,0.37,,0.0,0.0,0.37
Congo,COG,2007,0.33,,0.0,0.0,0.33
Congo,COG,2008,0.37,,0.0,0.0,0.37
Congo,COG,2009,0.33,,0.0,0.0,0.33
Congo,COG,2010,0.46,,0.0,0.0,0.43
Congo,COG,2011,0.81,,0.0,0.0,0.78
Congo,COG,2012,1.01,,0.0,0.0,0.98
Congo,COG,2013,0.99,,0.0,0.0,0.96
Congo,COG,2014,0.97,,0.0,0.0,0.94
Congo,COG,2015,1.12,,0.0,0.0,1.09
Congo,COG,2016,1.15,,0.0,0.0,1.12
Congo,COG,2017,1.22,,0.0,0.0,1.19
Congo,COG,2018,1.08,,0.0,0.0,1.05
Congo,COG,2019,1.08,,0.0,0.0,1.05
Congo,COG,2020,1.08,,0.0,0.0,1.05
Congo,COG,2021,1.08,,0.0,0.0,1.05
Congo,COG,2022,1.08,,0.0,0.0,1.05
Congo,COG,2023,1.26,,0.01,0.0,1.22
Congo,COG,2024,1.14,,0.01,0.0,1.1
Cook Islands,COK,2000,0.0,,0.0,0.0,0.0
Cook Islands,COK,2001,0.0,,0.0,0.0,0.0
Cook Islands,COK,2002,0.0,,0.0,0.0,0.0
Cook Islands,COK,2003,0.0,,0.0,0.0,0.0
Cook Islands,COK,2004,0.0,,0.0,0.0,0.0
Cook Islands,COK,2005,0.0,,0.0,0.0,0.0
Cook Islands,COK,2006,0.0,,0.0,0.0,0.0
Cook Islands,COK,2007,0.0,,0.0,0.0,0.0
Cook Islands,COK,2008,0.0,,0.0,0.0,0.0
Cook Islands,COK,2009,0.0,,0.0,0.0,0.0
Cook Islands,COK,2010,0.0,,0.0,0.0,0.0
Cook Islands,COK,2011,0.0,,0.0,0.0,0.0
Cook Islands,COK,2012,0.0,,0.0,0.0,0.0
Cook Islands,COK,2013,0.0,,0.0,0.0,0.0
Cook Islands,COK,2014,0.0,,0.0,0.0,0.0
Cook Islands,COK,2015,0.0,,0.0,0.0,0.0
Cook Islands,COK,2016,0.0,,0.0,0.0,0.0
Cook Islands,COK,2017,0.01,,0.01,0.0,0.0
Cook Islands,COK,2018,0.02,,0.02,0.0,0.0
Cook Islands,COK,2019,0.01,,0.01,0.0,0.0
Cook Islands,COK,2020,0.01,,0.01,0.0,0.0
Cook Islands,COK,2021,0.02,,0.02,0.0,0.0
Cook Islands,COK,2022,0.02,,0.02,0.0,0.0
Cook Islands,COK,2023,0.02,,0.02,0.0,0.0
Cook Islands,COK,2024,0.02,,0.02,0.0,0.0
Costa Rica,CRI,2000,6.8,,0.0,0.18,5.62
Costa Rica,CRI,2001,6.8,,0.0,0.19,5.6
Costa Rica,CRI,2002,7.3,,0.0,0.26,5.87
Costa Rica,CRI,2003,7.14,,0.0,0.31,5.86
Costa Rica,CRI,2004,7.91,,0.0,0.26,6.42
Costa Rica,CRI,2005,7.92,,0.0,0.2,6.5
Costa Rica,CRI,2006,8.09,,0.0,0.27,6.53
Costa Rica,CRI,2007,8.26,,0.0,0.24,6.7
Costa Rica,CRI,2008,8.72,,0.0,0.2,7.31
Costa Rica,CRI,2009,8.79,,0.0,0.33,7.15
Costa Rica,CRI,2010,8.87,,0.0,0.36,7.19
Costa Rica,CRI,2011,8.89,,0.0,0.41,7.06
Costa Rica,CRI,2012,9.28,,0.01,0.53,7.16
Costa Rica,CRI,2013,8.99,,0.02,0.49,6.78
Costa Rica,CRI,2014,9.13,,0.02,0.74,6.65
Costa Rica,CRI,2015,10.66,,0.03,1.08,7.99
Costa Rica,CRI,2016,10.67,,0.03,1.15,7.95
Costa Rica,CRI,2017,11.24,,0.04,1.29,8.59
Costa Rica,CRI,2018,11.28,,0.06,1.8,8.26
Costa Rica,CRI,2019,11.32,,0.07,1.8,7.75
Costa Rica,CRI,2020,11.7,,0.07,1.46,8.29
Costa Rica,CRI,2021,12.73,,0.08,1.57,9.29
Costa Rica,CRI,2022,12.44,,0.08,1.37,9.45
Costa Rica,CRI,2023,11.71,,0.09,1.49,8.54
Costa Rica,CRI,2024,10.99,,0.09,1.24,8.0
Costa Rica,CRI,2025,12.81,,0.09,1.55,9.58
Cote d'Ivoire,CIV,2000,1.75,,0.0,0.0,1.75
Cote d'Ivoire,CIV,2001,1.78,,0.0,0.0,1.78
Cote d'Ivoire,CIV,2002,1.71,,0.0,0.0,1.71
Cote d'Ivoire,CIV,2003,1.81,,0.0,0.0,1.81
Cote d'Ivoire,CIV,2004,1.84,,0.0,0.0,1.73
Cote d'Ivoire,CIV,2005,1.53,,0.0,0.0,1.42
Cote d'Ivoire,CIV,2006,1.6,,0.0,0.0,1.5
Cote d'Ivoire,CIV,2007,1.9,,0.0,0.0,1.78
Cote d'Ivoire,CIV,2008,2.0,,0.0,0.0,1.88
Cote d'Ivoire,CIV,2009,2.18,,0.0,0.0,2.11
Cote d'Ivoire,CIV,2010,1.67,,0.0,0.0,1.6
Cote d'Ivoire,CIV,2011,1.82,,0.0,0.0,1.76
Cote d'Ivoire,CIV,2012,1.84,,0.0,0.0,1.77
Cote d'Ivoire,CIV,2013,1.66,,0.0,0.0,1.59
Cote d'Ivoire,CIV,2014,1.96,,0.0,0.0,1.89
Cote d'Ivoire,CIV,2015,1.44,,0.0,0.0,1.34
Cote d'Ivoire,CIV,2016,1.68,,0.0,0.0,1.51
Cote d'Ivoire,CIV,2017,2.15,,0.01,0.0,2.03
Cote d'Ivoire,CIV,2018,3.0,,0.01,0.0,2.93
Cote d'Ivoire,CIV,2019,3.53,,0.01,0.0,3.45
Cote d'Ivoire,CIV,2020,3.44,,0.02,0.0,3.35
Cote d'Ivoire,CIV,2021,2.71,,0.02,0.0,2.61
Cote d'Ivoire,CIV,2022,3.45,,0.02,0.0,3.35
Cote d'Ivoire,CIV,2023,3.31,,0.02,0.0,3.2
Cote d'Ivoire,CIV,2024,3.12,,0.02,0.0,3.0
Croatia,HRV,1990,3.93,10.903,0.0,0.0,3.92
Croatia,HRV,1991,5.54,18.574,0.0,0.0,5.53
Croatia,HRV,1992,4.36,15.173,0.0,0.0,4.35
Croatia,HRV,1993,4.57,15.264,0.0,0.0,4.55
Croatia,HRV,1994,5.44,18.019,0.0,0.0,5.43
Croatia,HRV,1995,5.69,18.212,0.0,0.0,5.68
Croatia,HRV,1996,7.87,23.558,0.0,0.0,7.86
Croatia,HRV,1997,5.85,17.617,0.0,0.0,5.85
Croatia,HRV,1998,6.03,17.157,0.0,0.0,6.02
Croatia,HRV,1999,7.34,20.22,0.0,0.0,7.33
Croatia,HRV,2000,6.45,18.794,0.0,0.0,6.45
Croatia,HRV,2001,7.18,19.785,0.0,0.0,7.18
Croatia,HRV,2002,5.85,15.94,0.0,0.0,5.85
Croatia,HRV,2003,5.46,14.114,0.0,0.0,5.46
Croatia,HRV,2004,7.63,18.938,0.0,0.0,7.63
Croatia,HRV,2005,7.06,17.569,0.0,0.01,7.04
Croatia,HRV,2006,6.65,16.644,0.0,0.02,6.62
Croatia,HRV,2007,4.74,11.745,0.0,0.03,4.7
Croatia,HRV,2008,5.84,14.47,0.0,0.04,5.78
Croatia,HRV,2009,7.48,18.759,0.0,0.05,7.41
Croatia,HRV,2010,9.3,22.716,0.0,0.14,9.13
Croatia,HRV,2011,5.28,14.713,0.0,0.2,5.03
Croatia,HRV,2012,5.26,16.074,0.0,0.33,4.84
Croatia,HRV,2013,9.28,25.559,0.01,0.52,8.62
Croatia,HRV,2014,9.94,27.249,0.04,0.73,9.01
Croatia,HRV,2015,7.52,21.651,0.06,0.8,6.39
Croatia,HRV,2016,8.36,22.794,0.07,1.01,6.85
Croatia,HRV,2017,7.12,19.346,0.08,1.2,5.31
Croatia,HRV,2018,9.78,25.936,0.07,1.34,7.7
Croatia,HRV,2019,8.35,23.27,0.08,1.47,5.83
Croatia,HRV,2020,8.55,25.033,0.1,1.72,5.66
Croatia,HRV,2021,10.53,28.683,0.15,2.06,7.13
Croatia,HRV,2022,8.95,25.053,0.15,2.14,5.46
Croatia,HRV,2023,12.23,29.586,0.41,2.59,8.16
Croatia,HRV,2024,11.23,27.778,0.82,2.68,6.73
Croatia,HRV,2025,11.21,27.778,1.29,3.15,5.77
Cuba,CUB,2000,1.03,,0.0,0.0,0.09
Cuba,CUB,2001,1.0,,0.0,0.0,0.07
Cuba,CUB,2002,1.04,,0.0,0.0,0.1
Cuba,CUB,2003,0.85,,0.0,0.0,0.13
Cuba,CUB,2004,0.88,,0.0,0.0,0.09
Cuba,CUB,2005,0.49,,0.0,0.0,0.07
Cuba,CUB,2006,0.5,,0.0,0.0,0.09
Cuba,CUB,2007,0.53,,0.0,0.0,0.12
Cuba,CUB,2008,0.7,,0.0,0.01,0.14
Cuba,CUB,2009,0.69,,0.0,0.0,0.15
Cuba,CUB,2010,0.57,,0.0,0.01,0.1
Cuba,CUB,2011,0.57,,0.0,0.02,0.1
Cuba,CUB,2012,0.69,,0.01,0.02,0.11
Cuba,CUB,2013,0.94,,0.11,0.02,0.13
Cuba,CUB,2014,0.85,,0.09,0.02,0.1
Cuba,CUB,2015,0.9,,0.13,0.02,0.05
Cuba,CUB,2016,0.91,,0.14,0.02,0.06
Cuba,CUB,2017,0.8,,0.08,0.02,0.08
Cuba,CUB,2018,0.72,,0.12,0.02,0.14
Cuba,CUB,2019,0.89,,0.21,0.02,0.14
Cuba,CUB,2020,0.9,,0.22,0.02,0.11
Cuba,CUB,2021,0.79,,0.22,0.02,0.12
Cuba,CUB,2022,0.67,,0.21,0.06,0.12
Cuba,CUB,2023,0.72,,0.21,0.06,0.12
Cuba,CUB,2024,0.78,,0.24,0.07,0.12
Cyprus,CYP,1965,0.0,0.0,0.0,0.0,0.0
Cyprus,CYP,1966,0.0,0.0,0.0,0.0,0.0
Cyprus,CYP,1967,0.0,0.0,0.0,0.0,0.0
Cyprus,CYP,1968,0.0,0.0,0.0,0.0,0.0
Cyprus,CYP,1969,0.0,0.0,0.0,0.0,0.0
Cyprus,CYP,1970,0.0,0.0,0.0,0.0,0.0
Cyprus,CYP,1971,0.0,0.0,0.0,0.0,0.0
Cyprus,CYP,1972,0.0,0.0,0.0,0.0,0.0
Cyprus,CYP,1973,0.0,0.0,0.0,0.0,0.0
Cyprus,CYP,1974,0.0,0.0,0.0,0.0,0.0
Cyprus,CYP,1975,0.0,0.0,0.0,0.0,0.0
Cyprus,CYP,1976,0.0,0.0,0.0,0.0,0.0
Cyprus,CYP,1977,0.0,0.0,0.0,0.0,0.0
Cyprus,CYP,1978,0.0,0.0,0.0,0.0,0.0
Cyprus,CYP,1979,0.0,0.0,0.0,0.0,0.0
Cyprus,CYP,1980,0.0,0.0,0.0,0.0,0.0
Cyprus,CYP,1981,0.0,0.0,0.0,0.0,0.0
Cyprus,CYP,1982,0.0,0.0,0.0,0.0,0.0
Cyprus,CYP,1983,0.0,0.0,0.0,0.0,0.0
Cyprus,CYP,1984,0.0,0.0,0.0,0.0,0.0
Cyprus,CYP,1985,0.0,0.0,0.0,0.0,0.0
Cyprus,CYP,1986,0.0,0.0,0.0,0.0,0.0
Cyprus,CYP,1987,0.0,0.0,0.0,0.0,0.0
Cyprus,CYP,1988,0.0,0.0,0.0,0.0,0.0
Cyprus,CYP,1989,0.0,0.0,0.0,0.0,0.0
Cyprus,CYP,1990,0.0,0.0,0.0,0.0,0.0
Cyprus,CYP,1991,0.0,0.0,0.0,0.0,0.0
Cyprus,CYP,1992,0.0,0.0,0.0,0.0,0.0
Cyprus,CYP,1993,0.0,0.0,0.0,0.0,0.0
Cyprus,CYP,1994,0.0,0.0,0.0,0.0,0.0
Cyprus,CYP,1995,0.0,0.0,0.0,0.0,0.0
Cyprus,CYP,1996,0.0,0.0,0.0,0.0,0.0
Cyprus,CYP,1997,0.0,0.0,0.0,0.0,0.0
Cyprus,CYP,1998,0.0,0.0,0.0,0.0,0.0
Cyprus,CYP,1999,0.0,0.0,0.0,0.0,0.0
Cyprus,CYP,2000,0.0,0.0,0.0,0.0,0.0
Cyprus,CYP,2001,0.0,0.0,0.0,0.0,0.0
Cyprus,CYP,2002,0.0,0.0,0.0,0.0,0.0
Cyprus,CYP,2003,0.0,0.0,0.0,0.0,0.0
Cyprus,CYP,2004,0.0,0.007,0.0,0.0,0.0
Cyprus,CYP,2005,0.0,0.007,0.0,0.0,0.0
Cyprus,CYP,2006,0.0,0.012,0.0,0.0,0.0
Cyprus,CYP,2007,0.0,0.058,0.0,0.0,0.0
Cyprus,CYP,2008,0.01,0.588,0.0,0.0,0.0
Cyprus,CYP,2009,0.03,0.773,0.0,0.0,0.0
Cyprus,CYP,2010,0.08,1.095,0.01,0.03,0.0
Cyprus,CYP,2011,0.17,2.0,0.01,0.11,0.0
Cyprus,CYP,2012,0.26,2.771,0.02,0.19,0.0
Cyprus,CYP,2013,0.33,3.68,0.05,0.23,0.0
Cyprus,CYP,2014,0.31,3.369,0.08,0.18,0.0
Cyprus,CYP,2015,0.4,3.967,0.13,0.22,0.0
Cyprus,CYP,2016,0.43,3.794,0.15,0.23,0.0
Cyprus,CYP,2017,0.43,3.751,0.17,0.21,0.0
Cyprus,CYP,2018,0.48,3.984,0.2,0.22,0.0
Cyprus,CYP,2019,0.52,4.432,0.22,0.24,0.0
Cyprus,CYP,2020,0.6,6.388,0.3,0.24,0.0
Cyprus,CYP,2021,0.78,7.388,0.47,0.25,0.0
Cyprus,CYP,2022,0.88,7.765,0.6,0.22,0.0
Cyprus,CYP,2023,1.09,9.266,0.83,0.21,0.0
Cyprus,CYP,2024,1.39,10.795,1.11,0.22,0.0
Cyprus,CYP,2025,1.64,10.795,1.37,0.21,0.0
Czechia,CZE,1965,2.232,1.324,0.0,0.0,2.232
Czechia,CZE,1966,2.104,1.238,0.0,0.0,2.104
Czechia,CZE,1967,1.896,1.134,0.0,0.0,1.896
Czechia,CZE,1968,1.467,0.841,0.0,0.0,1.467
Czechia,CZE,1969,1.198,0.658,0.0,0.0,1.198
Czechia,CZE,1970,1.71,0.902,0.0,0.0,1.71
Czechia,CZE,1971,1.208,0.606,0.0,0.0,1.208
Czechia,CZE,1972,1.264,0.631,0.0,0.0,1.264
Czechia,CZE,1973,1.081,0.536,0.0,0.0,1.081
Czechia,CZE,1974,1.819,0.893,0.0,0.0,1.819
Czechia,CZE,1975,1.814,0.856,0.0,0.0,1.814
Czechia,CZE,1976,1.446,0.663,0.0,0.0,1.446
Czechia,CZE,1977,1.967,0.874,0.0,0.0,1.967
Czechia,CZE,1978,1.83,0.802,0.0,0.0,1.83
Czechia,CZE,1979,2.293,0.994,0.0,0.0,2.293
Czechia,CZE,1980,2.399,1.074,0.0,0.0,2.399
Czechia,CZE,1981,2.061,0.93,0.0,0.0,2.061
Czechia,CZE,1982,1.67,0.762,0.0,0.0,1.67
Czechia,CZE,1983,1.655,0.754,0.0,0.0,1.655
Czechia,CZE,1984,1.298,0.572,0.0,0.0,1.298
Czechia,CZE,1985,1.671,0.736,0.0,0.0,1.671
Czechia,CZE,1986,1.876,0.817,0.0,0.0,1.876
Czechia,CZE,1987,2.465,1.05,0.0,0.0,2.465
Czechia,CZE,1988,2.099,0.89,0.0,0.0,2.099
Czechia,CZE,1989,1.643,0.719,0.0,0.0,1.643
Czechia,CZE,1990,1.16,0.591,0.0,0.0,1.16
Czechia,CZE,1991,1.09,0.609,0.0,0.0,1.09
Czechia,CZE,1992,1.4,0.812,0.0,0.0,1.4
Czechia,CZE,1993,1.53,0.91,0.0,0.0,1.37
Czechia,CZE,1994,1.78,1.104,0.0,0.0,1.46
Czechia,CZE,1995,2.41,1.445,0.0,0.0,2.0
Czechia,CZE,1996,2.26,1.323,0.0,0.0,1.97
Czechia,CZE,1997,2.19,1.379,0.0,0.0,1.7
Czechia,CZE,1998,1.99,1.31,0.0,0.0,1.4
Czechia,CZE,1999,2.36,1.629,0.0,0.0,1.68
Czechia,CZE,2000,2.28,1.525,0.0,0.0,1.76
Czechia,CZE,2001,2.57,1.618,0.0,0.0,2.05
Czechia,CZE,2002,2.99,1.884,0.0,0.0,2.49
Czechia,CZE,2003,1.87,1.173,0.0,0.0,1.38
Czechia,CZE,2004,2.74,1.538,0.0,0.01,2.02
Czechia,CZE,2005,3.13,1.695,0.0,0.02,2.38
Czechia,CZE,2006,3.52,1.902,0.0,0.05,2.55
Czechia,CZE,2007,3.42,1.887,0.0,0.13,2.09
Czechia,CZE,2008,3.72,2.311,0.01,0.24,2.02
Czechia,CZE,2009,4.66,3.141,0.09,0.29,2.43
Czechia,CZE,2010,5.91,3.759,0.62,0.34,2.79
Czechia,CZE,2011,7.24,4.745,2.18,0.4,1.96
Czechia,CZE,2012,8.07,5.199,2.15,0.42,2.13
Czechia,CZE,2013,9.3,6.019,2.03,0.48,2.73
Czechia,CZE,2014,9.17,6.231,2.12,0.48,1.91
Czechia,CZE,2015,9.41,6.44,2.26,0.57,1.79
Czechia,CZE,2016,9.39,6.502,2.13,0.5,2.0
Czechia,CZE,2017,9.63,6.312,2.2,0.59,1.87
Czechia,CZE,2018,9.43,6.179,2.36,0.61,1.63
Czechia,CZE,2019,10.06,6.744,2.32,0.7,2.01
Czechia,CZE,2020,10.34,7.539,2.29,0.7,2.14
Czechia,CZE,2021,10.64,7.275,2.25,0.6,2.41
Czechia,CZE,2022,10.77,7.496,2.63,0.64,2.09
Czechia,CZE,2023,11.14,8.386,2.89,0.7,2.36
Czechia,CZE,2024,12.3,9.746,3.59,0.67,2.66
Czechia,CZE,2025,12.72,9.746,4.39,0.57,1.71
Democratic Republic of Congo,COD,2000,5.94,,0.0,0.0,5.94
Democratic Republic of Congo,COD,2001,5.91,,0.0,0.0,5.91
Democratic Republic of Congo,COD,2002,6.05,,0.0,0.0,6.05
Democratic Republic of Congo,COD,2003,6.1,,0.0,0.0,6.1
Democratic Republic of Congo,COD,2004,7.01,,0.0,0.0,7.01
Democratic Republic of Congo,COD,2005,7.32,,0.0,0.0,7.32
Democratic Republic of Congo,COD,2006,7.45,,0.0,0.0,7.45
Democratic Republic of Congo,COD,2007,7.74,,0.0,0.0,7.74
Democratic Republic of Congo,COD,2008,7.41,,0.0,0.0,7.41
Democratic Republic of Congo,COD,2009,7.72,,0.0,0.0,7.72
Democratic Republic of Congo,COD,2010,7.74,,0.0,0.0,7.74
Democratic Republic of Congo,COD,2011,7.73,,0.0,0.0,7.73
Democratic Republic of Congo,COD,2012,7.51,,0.0,0.0,7.51
Democratic Republic of Congo,COD,2013,8.15,,0.0,0.0,8.15
Democratic Republic of Congo,COD,2014,8.73,,0.0,0.0,8.73
Democratic Republic of Congo,COD,2015,8.83,,0.0,0.0,8.83
Democratic Republic of Congo,COD,2016,9.01,,0.0,0.0,9.01
Democratic Republic of Congo,COD,2017,9.41,,0.01,0.0,9.39
Democratic Republic of Congo,COD,2018,10.45,,0.01,0.0,10.43
Democratic Republic of Congo,COD,2019,11.78,,0.01,0.0,11.76
Democratic Republic of Congo,COD,2020,12.48,,0.02,0.0,12.45
Democratic Republic of Congo,COD,2021,14.19,,1.05,0.0,13.13
Democratic Republic of Congo,COD,2022,15.31,,2.11,0.0,13.19
Democratic Republic of Congo,COD,2023,15.63,,2.2,0.0,13.42
Democratic Republic of Congo,COD,2024,15.92,,2.51,0.0,13.4
Denmark,DNK,1965,0.025,0.042,0.0,0.0,0.025
Denmark,DNK,1966,0.026,0.038,0.0,0.0,0.026
Denmark,DNK,1967,0.025,0.037,0.0,0.0,0.025
Denmark,DNK,1968,0.021,0.029,0.0,0.0,0.021
Denmark,DNK,1969,0.022,0.027,0.0,0.0,0.022
Denmark,DNK,1970,0.024,0.027,0.0,0.0,0.024
Denmark,DNK,1971,0.024,0.029,0.0,0.0,0.024
Denmark,DNK,1972,0.024,0.028,0.0,0.0,0.024
Denmark,DNK,1973,0.024,0.028,0.0,0.0,0.024
Denmark,DNK,1974,0.024,0.031,0.0,0.0,0.024
Denmark,DNK,1975,0.021,0.028,0.0,0.0,0.021
Denmark,DNK,1976,0.019,0.023,0.0,0.0,0.019
Denmark,DNK,1977,0.026,0.031,0.0,0.0,0.026
Denmark,DNK,1978,0.03,0.035,0.0,0.003,0.027
Denmark,DNK,1979,0.035,0.041,0.0,0.006,0.029
Denmark,DNK,1980,0.045,0.053,0.0,0.01,0.034
Denmark,DNK,1981,0.046,0.061,0.0,0.01,0.036
Denmark,DNK,1982,0.049,0.068,0.0,0.019,0.03
Denmark,DNK,1983,0.094,0.143,0.0,0.027,0.034
Denmark,DNK,1984,0.096,0.144,0.0,0.033,0.03
Denmark,DNK,1985,0.117,0.155,0.0,0.051,0.03
Denmark,DNK,1986,0.205,0.264,0.0,0.126,0.029
Denmark,DNK,1987,0.264,0.352,0.0,0.174,0.029
Denmark,DNK,1988,0.405,0.542,0.0,0.292,0.033
Denmark,DNK,1989,0.577,0.842,0.0,0.428,0.023
Denmark,DNK,1990,0.83,1.204,0.0,0.61,0.03
Denmark,DNK,1991,1.06,1.391,0.0,0.74,0.03
Denmark,DNK,1992,1.36,1.949,0.0,0.92,0.03
Denmark,DNK,1993,1.61,2.261,0.0,1.03,0.03
Denmark,DNK,1994,1.74,2.034,0.0,1.14,0.03
Denmark,DNK,1995,1.86,2.209,0.0,1.18,0.03
Denmark,DNK,1996,2.08,2.093,0.0,1.23,0.02
Denmark,DNK,1997,2.93,3.228,0.0,1.93,0.02
Denmark,DNK,1998,3.93,4.456,0.0,2.82,0.03
Denmark,DNK,1999,4.38,5.143,0.0,3.03,0.03
Denmark,DNK,2000,5.57,6.759,0.0,4.24,0.03
Denmark,DNK,2001,5.85,7.065,0.0,4.31,0.03
Denmark,DNK,2002,6.79,8.197,0.0,4.88,0.03
Denmark,DNK,2003,8.07,9.054,0.0,5.56,0.02
Denmark,DNK,2004,9.53,11.24,0.0,6.59,0.03
Denmark,DNK,2005,9.8,11.955,0.0,6.61,0.02
Denmark,DNK,2006,9.19,10.242,0.0,6.1,0.02
Denmark,DNK,2007,10.3,11.953,0.0,7.17,0.03
Denmark,DNK,2008,10.1,12.095,0.0,6.93,0.03
Denmark,DNK,2009,10.07,12.844,0.0,6.73,0.02
Denmark,DNK,2010,12.43,14.973,0.01,7.81,0.02
Denmark,DNK,2011,14.17,18.525,0.01,9.77,0.02
Denmark,DNK,2012,14.84,21.232,0.1,10.27,0.02
Denmark,DNK,2013,15.96,21.856,0.52,11.12,0.01
Denmark,DNK,2014,17.99,25.305,0.6,13.08,0.02
Denmark,DNK,2015,18.93,27.025,0.6,14.13,0.02
Denmark,DNK,2016,18.39,26.005,0.74,12.78,0.02
Denmark,DNK,2017,21.8,30.501,0.75,14.78,0.02
Denmark,DNK,2018,20.75,29.38,0.95,13.9,0.01
Denmark,DNK,2019,23.07,30.183,0.96,16.15,0.02
Denmark,DNK,2020,23.45,34.672,1.18,16.33,0.02
Denmark,DNK,2021,26.1,38.81,1.31,16.05,0.02
Denmark,DNK,2022,28.43,40.792,2.38,19.02,0.01
Denmark,DNK,2023,29.28,40.938,3.66,19.39,0.02
Denmark,DNK,2024,31.27,41.722,3.78,20.41,0.02
Denmark,DNK,2025,30.36,41.722,4.45,19.21,0.02
Djibouti,DJI,2000,0.0,,0.0,0.0,0.0
Djibouti,DJI,2001,0.0,,0.0,0.0,0.0
Djibouti,DJI,2002,0.0,,0.0,0.0,0.0
Djibouti,DJI,2003,0.0,,0.0,0.0,0.0
Djibouti,DJI,2004,0.0,,0.0,0.0,0.0
Djibouti,DJI,2005,0.0,,0.0,0.0,0.0
Djibouti,DJI,2006,0.0,,0.0,0.0,0.0
Djibouti,DJI,2007,0.0,,0.0,0.0,0.0
Djibouti,DJI,2008,0.0,,0.0,0.0,0.0
Djibouti,DJI,2009,0.0,,0.0,0.0,0.0
Djibouti,DJI,2010,0.0,,0.0,0.0,0.0
Djibouti,DJI,2011,0.0,,0.0,0.0,0.0
Djibouti,DJI,2012,0.0,,0.0,0.0,0.0
Djibouti,DJI,2013,0.0,,0.0,0.0,0.0
Djibouti,DJI,2014,0.0,,0.0,0.0,0.0
Djibouti,DJI,2015,0.0,,0.0,0.0,0.0
Djibouti,DJI,2016,0.0,,0.0,0.0,0.0
Djibouti,DJI,2017,0.0,,0.0,0.0,0.0
Djibouti,DJI,2018,0.0,,0.0,0.0,0.0
Djibouti,DJI,2019,0.0,,0.0,0.0,0.0
Djibouti,DJI,2020,0.0,,0.0,0.0,0.0
Djibouti,DJI,2021,0.07,,0.0,0.07,0.0
Djibouti,DJI,2022,0.07,,0.0,0.07,0.0
Djibouti,DJI,2023,0.07,,0.0,0.07,0.0
Djibouti,DJI,2024,0.07,,0.0,0.07,0.0
Dominica,DMA,2000,0.03,,0.0,0.0,0.03
Dominica,DMA,2001,0.03,,0.0,0.0,0.03
Dominica,DMA,2002,0.03,,0.0,0.0,0.03
Dominica,DMA,2003,0.03,,0.0,0.0,0.03
Dominica,DMA,2004,0.03,,0.0,0.0,0.03
Dominica,DMA,2005,0.03,,0.0,0.0,0.03
Dominica,DMA,2006,0.03,,0.0,0.0,0.03
Dominica,DMA,2007,0.02,,0.0,0.0,0.02
Dominica,DMA,2008,0.02,,0.0,0.0,0.02
Dominica,DMA,2009,0.02,,0.0,0.0,0.02
Dominica,DMA,2010,0.02,,0.0,0.0,0.02
Dominica,DMA,2011,0.04,,0.0,0.0,0.04
Dominica,DMA,2012,0.03,,0.0,0.0,0.03
Dominica,DMA,2013,0.04,,0.0,0.0,0.04
Dominica,DMA,2014,0.03,,0.0,0.0,0.03
Dominica,DMA,2015,0.02,,0.0,0.0,0.02
Dominica,DMA,2016,0.04,,0.0,0.0,0.04
Dominica,DMA,2017,0.03,,0.0,0.0,0.03
Dominica,DMA,2018,0.02,,0.0,0.0,0.02
Dominica,DMA,2019,0.02,,0.0,0.0,0.02
Dominica,DMA,2020,0.02,,0.0,0.0,0.02
Dominica,DMA,2021,0.02,,0.0,0.0,0.02
Dominica,DMA,2022,0.02,,0.0,0.0,0.02
Dominica,DMA,2023,0.02,,0.0,0.0,0.02
Dominican Republic,DOM,2000,0.91,,0.0,0.0,0.75
Dominican Republic,DOM,2001,0.86,,0.0,0.0,0.7
Dominican Republic,DOM,2002,1.04,,0.0,0.0,0.87
Dominican Republic,DOM,2003,1.36,,0.0,0.0,1.19
Dominican Republic,DOM,2004,1.74,,0.0,0.0,1.6
Dominican Republic,DOM,2005,2.06,,0.0,0.0,1.91
Dominican Republic,DOM,2006,1.91,,0.0,0.0,1.75
Dominican Republic,DOM,2007,1.86,,0.0,0.0,1.7
Dominican Republic,DOM,2008,1.54,,0.0,0.0,1.38
Dominican Republic,DOM,2009,1.62,,0.0,0.0,1.46
Dominican Republic,DOM,2010,1.59,,0.0,0.0,1.43
Dominican Republic,DOM,2011,1.7,,0.0,0.01,1.53
Dominican Republic,DOM,2012,2.05,,0.0,0.1,1.78
Dominican Republic,DOM,2013,2.31,,0.01,0.24,1.88
Dominican Republic,DOM,2014,1.75,,0.02,0.24,1.32
Dominican Republic,DOM,2015,1.42,,0.03,0.29,0.93
Dominican Republic,DOM,2016,2.08,,0.08,0.32,1.5
Dominican Republic,DOM,2017,3.04,,0.14,0.39,2.17
Dominican Republic,DOM,2018,2.7,,0.23,0.5,1.76
Dominican Republic,DOM,2019,2.67,,0.37,0.79,1.3
Dominican Republic,DOM,2020,3.15,,0.6,1.07,1.29
Dominican Republic,DOM,2021,3.81,,0.85,1.22,1.5
Dominican Republic,DOM,2022,4.09,,1.24,1.17,1.47
Dominican Republic,DOM,2023,4.24,,1.36,1.2,1.47
Dominican Republic,DOM,2024,4.53,,1.55,1.3,1.47
Dominican Republic,DOM,2025,5.4,,2.25,1.42,1.53
East Timor,TLS,2003,0.0,,0.0,0.0,0.0
East Timor,TLS,2004,0.0,,0.0,0.0,0.0
East Timor,TLS,2005,0.0,,0.0,0.0,0.0
East Timor,TLS,2006,0.0,,0.0,0.0,0.0
East Timor,TLS,2007,0.0,,0.0,0.0,0.0
East Timor,TLS,2008,0.0,,0.0,0.0,0.0
East Timor,TLS,2009,0.0,,0.0,0.0,0.0
East Timor,TLS,2010,0.0,,0.0,0.0,0.0
East Timor,TLS,2011,0.0,,0.0,0.0,0.0
East Timor,TLS,2012,0.0,,0.0,0.0,0.0
East Timor,TLS,2013,0.0,,0.0,0.0,0.0
East Timor,TLS,2014,0.0,,0.0,0.0,0.0
East Timor,TLS,2015,0.0,,0.0,0.0,0.0
East Timor,TLS,2016,0.0,,0.0,0.0,0.0
East Timor,TLS,2017,0.0,,0.0,0.0,0.0
East Timor,TLS,2018,0.0,,0.0,0.0,0.0
East Timor,TLS,2019,0.0,,0.0,0.0,0.0
East Timor,TLS,2020,0.0,,0.0,0.0,0.0
East Timor,TLS,2021,0.0,,0.0,0.0,0.0
East Timor,TLS,2022,0.0,,0.0,0.0,0.0
East Timor,TLS,2023,0.0,,0.0,0.0,0.0
East Timor,TLS,2024,0.0,,0.0,0.0,0.0
Ecuador,ECU,1965,0.249,8.031,0.0,0.0,0.249
Ecuador,ECU,1966,0.285,8.737,0.0,0.0,0.285
Ecuador,ECU,1967,0.314,8.897,0.0,0.0,0.314
Ecuador,ECU,1968,0.328,7.866,0.0,0.0,0.328
Ecuador,ECU,1969,0.364,8.218,0.0,0.0,0.364
Ecuador,ECU,1970,0.405,7.653,0.0,0.0,0.405
Ecuador,ECU,1971,0.44,7.567,0.0,0.0,0.44
Ecuador,ECU,1972,0.445,7.323,0.0,0.0,0.445
Ecuador,ECU,1973,0.435,6.685,0.0,0.0,0.435
Ecuador,ECU,1974,0.5,6.583,0.0,0.0,0.5
Ecuador,ECU,1975,0.628,8.172,0.0,0.0,0.628
Ecuador,ECU,1976,0.605,7.146,0.0,0.0,0.605
Ecuador,ECU,1977,0.558,5.537,0.0,0.0,0.558
Ecuador,ECU,1978,0.791,7.514,0.0,0.0,0.791
Ecuador,ECU,1979,0.709,6.463,0.0,0.0,0.709
Ecuador,ECU,1980,0.872,6.265,0.0,0.0,0.872
Ecuador,ECU,1981,0.779,5.042,0.0,0.0,0.779
Ecuador,ECU,1982,0.895,5.273,0.0,0.0,0.895
Ecuador,ECU,1983,1.721,10.386,0.0,0.0,1.721
Ecuador,ECU,1984,3.233,17.612,0.0,0.0,3.233
Ecuador,ECU,1985,3.279,15.085,0.0,0.0,3.279
Ecuador,ECU,1986,4.012,17.637,0.0,0.0,4.012
Ecuador,ECU,1987,4.57,19.516,0.0,0.0,4.57
Ecuador,ECU,1988,4.826,17.825,0.0,0.0,4.826
Ecuador,ECU,1989,4.954,17.743,0.0,0.0,4.954
Ecuador,ECU,1990,4.987,17.296,0.0,0.0,4.987
Ecuador,ECU,1991,5.076,15.927,0.0,0.0,5.076
Ecuador,ECU,1992,4.974,15.684,0.0,0.0,4.974
Ecuador,ECU,1993,5.81,17.698,0.0,0.0,5.81
Ecuador,ECU,1994,6.565,18.394,0.0,0.0,6.565
Ecuador,ECU,1995,5.161,15.267,0.0,0.0,5.161
Ecuador,ECU,1996,6.343,16.502,0.0,0.0,6.343
Ecuador,ECU,1997,6.534,15.246,0.0,0.0,6.534
Ecuador,ECU,1998,6.506,15.101,0.0,0.0,6.506
Ecuador,ECU,1999,7.177,18.299,0.0,0.0,7.177
Ecuador,ECU,2000,7.53,20.573,0.0,0.0,7.53
Ecuador,ECU,2001,7.0,18.737,0.0,0.0,7.0
Ecuador,ECU,2002,7.45,20.06,0.0,0.0,7.45
Ecuador,ECU,2003,7.11,18.572,0.0,0.0,7.11
Ecuador,ECU,2004,7.34,17.818,0.0,0.0,7.34
Ecuador,ECU,2005,6.83,15.75,0.0,0.0,6.81
Ecuador,ECU,2006,7.08,15.435,0.0,0.0,7.06
Ecuador,ECU,2007,8.97,18.628,0.0,0.0,8.95
Ecuador,ECU,2008,11.2,21.549,0.0,0.0,11.18
Ecuador,ECU,2009,9.15,18.011,0.0,0.0,9.13
Ecuador,ECU,2010,8.57,15.137,0.0,0.0,8.55
Ecuador,ECU,2011,11.03,18.275,0.0,0.0,11.02
Ecuador,ECU,2012,12.14,18.909,0.0,0.0,12.12
Ecuador,ECU,2013,11.03,16.519,0.0,0.06,10.93
Ecuador,ECU,2014,11.5,16.451,0.02,0.08,11.34
Ecuador,ECU,2015,13.2,18.756,0.04,0.1,12.97
Ecuador,ECU,2016,16.29,22.601,0.04,0.08,15.68
Ecuador,ECU,2017,20.46,27.196,0.04,0.07,19.89
Ecuador,ECU,2018,21.02,26.236,0.04,0.08,20.47
Ecuador,ECU,2019,25.24,30.382,0.04,0.09,24.66
Ecuador,ECU,2020,24.92,34.624,0.04,0.08,24.33
Ecuador,ECU,2021,26.08,31.038,0.04,0.06,25.57
Ecuador,ECU,2022,25.13,28.426,0.04,0.06,24.64
Ecuador,ECU,2023,26.37,27.974,0.04,0.21,25.73
Ecuador,ECU,2024,23.66,25.358,0.04,0.23,23.0
Ecuador,ECU,2025,29.06,25.358,0.04,0.19,28.51
Egypt,EGY,1965,1.732,5.267,0.0,0.0,1.732
Egypt,EGY,1966,1.825,5.274,0.0,0.0,1.825
Egypt,EGY,1967,1.967,6.643,0.0,0.0,1.967
Egypt,EGY,1968,3.001,9.41,0.0,0.0,3.001
Egypt,EGY,1969,3.991,15.256,0.0,0.0,3.991
Egypt,EGY,1970,4.689,14.378,0.0,0.0,4.689
Egypt,EGY,1971,5.047,15.061,0.0,0.0,5.047
Egypt,EGY,1972,5.162,13.872,0.0,0.0,5.162
Egypt,EGY,1973,5.153,14.659,0.0,0.0,5.153
Egypt,EGY,1974,6.116,15.315,0.0,0.0,6.116
Egypt,EGY,1975,6.793,15.331,0.0,0.0,6.793
Egypt,EGY,1976,8.004,15.104,0.0,0.0,8.004
Egypt,EGY,1977,9.038,15.725,0.0,0.0,9.038
Egypt,EGY,1978,9.93,16.363,0.0,0.0,9.93
Egypt,EGY,1979,9.608,14.476,0.0,0.0,9.608
Egypt,EGY,1980,9.802,12.972,0.0,0.0,9.802
Egypt,EGY,1981,10.213,11.857,0.0,0.0,10.213
Egypt,EGY,1982,10.492,10.91,0.0,0.0,10.492
Egypt,EGY,1983,9.815,9.433,0.0,0.0,9.815
Egypt,EGY,1984,9.63,8.482,0.0,0.0,9.63
Egypt,EGY,1985,9.148,7.766,0.0,0.0,9.148
Egypt,EGY,1986,8.972,7.446,0.0,0.0,8.972
Egypt,EGY,1987,8.969,7.018,0.0,0.0,8.969
Egypt,EGY,1988,8.829,6.807,0.0,0.0,8.829
Egypt,EGY,1989,9.487,6.939,0.0,0.0,9.487
Egypt,EGY,1990,9.953,7.097,0.0,0.0,9.953
Egypt,EGY,1991,9.916,6.979,0.0,0.0,9.916
Egypt,EGY,1992,9.8,6.965,0.0,0.0,9.8
Egypt,EGY,1993,10.092,7.168,0.0,0.0,10.092
Egypt,EGY,1994,10.728,7.245,0.0,0.0,10.728
Egypt,EGY,1995,11.192,7.134,0.0,0.0,11.192
Egypt,EGY,1996,11.484,6.947,0.0,0.0,11.484
Egypt,EGY,1997,11.771,6.835,0.0,0.0,11.771
Egypt,EGY,1998,12.104,6.75,0.0,0.0,12.104
Egypt,EGY,1999,13.453,6.992,0.0,0.012,13.441
Egypt,EGY,2000,14.26,6.998,0.0,0.08,14.18
Egypt,EGY,2001,14.59,6.824,0.0,0.18,14.41
Egypt,EGY,2002,14.2,6.405,0.0,0.21,13.99
Egypt,EGY,2003,13.23,5.599,0.0,0.29,12.94
Egypt,EGY,2004,13.33,5.317,0.0,0.5,12.83
Egypt,EGY,2005,13.15,5.073,0.0,0.51,12.64
Egypt,EGY,2006,13.39,4.876,0.0,0.61,12.78
Egypt,EGY,2007,14.88,5.061,0.0,0.66,14.22
Egypt,EGY,2008,16.03,5.101,0.0,0.93,15.1
Egypt,EGY,2009,14.81,4.525,0.0,1.04,13.77
Egypt,EGY,2010,14.39,4.198,0.03,1.41,12.95
Egypt,EGY,2011,14.72,4.063,0.24,1.49,12.99
Egypt,EGY,2012,14.87,3.92,0.5,1.34,13.03
Egypt,EGY,2013,14.85,3.909,0.03,1.58,13.24
Egypt,EGY,2014,14.76,3.913,0.14,1.03,13.59
Egypt,EGY,2015,15.61,4.062,0.04,1.89,13.68
Egypt,EGY,2016,15.83,3.87,0.23,2.4,13.2
Egypt,EGY,2017,15.5,3.627,0.6,2.11,12.79
Egypt,EGY,2018,16.46,3.832,0.55,2.99,12.92
Egypt,EGY,2019,19.59,4.638,1.49,4.98,13.12
Egypt,EGY,2020,23.76,5.968,4.45,5.23,14.08
Egypt,EGY,2021,25.36,5.908,4.97,5.49,14.9
Egypt,EGY,2022,25.61,5.687,5.0,5.9,14.71
Egypt,EGY,2023,25.97,5.804,4.93,5.99,15.05
Egypt,EGY,2024,26.58,5.778,6.07,6.14,14.37
Egypt,EGY,2025,31.98,5.778,7.61,9.3,15.07
El Salvador,SLV,2000,2.04,,0.0,,1.22
El Salvador,SLV,2001,2.21,,0.0,,1.21
El Salvador,SLV,2002,2.23,,0.0,,1.19
El Salvador,SLV,2003,2.63,,0.0,,1.52
El Salvador,SLV,2004,2.55,,0.0,,1.44
El Salvador,SLV,2005,2.9,,0.0,,1.72
El Salvador,SLV,2006,3.34,,0.0,,2.02
El Salvador,SLV,2007,3.39,,0.0,,1.79
El Salvador,SLV,2008,3.86,,0.0,,2.1
El Salvador,SLV,2009,3.32,,0.0,,1.57
El Salvador,SLV,2010,3.96,,0.0,,2.15
El Salvador,SLV,2011,3.92,,0.0,,2.09
El Salvador,SLV,2012,3.82,,0.0,,1.91
El Salvador,SLV,2013,3.84,,0.0,,1.85
El Salvador,SLV,2014,3.79,,0.0,,1.79
El Salvador,SLV,2015,3.54,,0.01,,1.42
El Salvador,SLV,2016,3.66,,0.02,,1.34
El Salvador,SLV,2017,4.15,,0.16,,1.71
El Salvador,SLV,2018,4.24,,0.31,,1.63
El Salvador,SLV,2019,4.41,,0.58,,1.53
El Salvador,SLV,2020,5.45,,0.99,0.01,2.07
El Salvador,SLV,2021,6.1,,1.69,0.13,1.82
El Salvador,SLV,2022,6.02,,1.24,0.14,2.24
El Salvador,SLV,2023,5.25,,1.2,0.17,1.49
El Salvador,SLV,2024,5.93,,1.25,0.14,2.13
El Salvador,SLV,2025,5.59,,1.31,0.2,1.96
Equatorial Guinea,GNQ,2000,0.01,,0.0,0.0,0.01
Equatorial Guinea,GNQ,2001,0.01,,0.0,0.0,0.01
Equatorial Guinea,GNQ,2002,0.01,,0.0,0.0,0.01
Equatorial Guinea,GNQ,2003,0.01,,0.0,0.0,0.01
Equatorial Guinea,GNQ,2004,0.01,,0.0,0.0,0.01
Equatorial Guinea,GNQ,2005,0.01,,0.0,0.0,0.01
Equatorial Guinea,GNQ,2006,0.01,,0.0,0.0,0.01
Equatorial Guinea,GNQ,2007,0.01,,0.0,0.0,0.01
Equatorial Guinea,GNQ,2008,0.05,,0.0,0.0,0.05
Equatorial Guinea,GNQ,2009,0.05,,0.0,0.0,0.05
Equatorial Guinea,GNQ,2010,0.03,,0.0,0.0,0.03
Equatorial Guinea,GNQ,2011,0.03,,0.0,0.0,0.03
Equatorial Guinea,GNQ,2012,0.08,,0.0,0.0,0.08
Equatorial Guinea,GNQ,2013,0.25,,0.0,0.0,0.25
Equatorial Guinea,GNQ,2014,0.38,,0.0,0.0,0.38
Equatorial Guinea,GNQ,2015,0.47,,0.0,0.0,0.47
Equatorial Guinea,GNQ,2016,0.47,,0.0,0.0,0.47
Equatorial Guinea,GNQ,2017,0.44,,0.0,0.0,0.44
Equatorial Guinea,GNQ,2018,0.44,,0.0,0.0,0.44
Equatorial Guinea,GNQ,2019,0.45,,0.0,0.0,0.45
Equatorial Guinea,GNQ,2020,0.49,,0.0,0.0,0.49
Equatorial Guinea,GNQ,2021,0.47,,0.0,0.0,0.47
Equatorial Guinea,GNQ,2022,0.48,,0.0,0.0,0.48
Equatorial Guinea,GNQ,2023,0.35,,0.0,0.0,0.35
Equatorial Guinea,GNQ,2024,0.4,,0.0,0.0,0.4
Eritrea,ERI,2000,0.0,,0.0,0.0,0.0
Eritrea,ERI,2001,0.0,,0.0,0.0,0.0
Eritrea,ERI,2002,0.0,,0.0,0.0,0.0
Eritrea,ERI,2003,0.0,,0.0,0.0,0.0
Eritrea,ERI,2004,0.0,,0.0,0.0,0.0
Eritrea,ERI,2005,0.0,,0.0,0.0,0.0
Eritrea,ERI,2006,0.0,,0.0,0.0,0.0
Eritrea,ERI,2007,0.0,,0.0,0.0,0.0
Eritrea,ERI,2008,0.0,,0.0,0.0,0.0
Eritrea,ERI,2009,0.0,,0.0,0.0,0.0
Eritrea,ERI,2010,0.0,,0.0,0.0,0.0
Eritrea,ERI,2011,0.0,,0.0,0.0,0.0
Eritrea,ERI,2012,0.0,,0.0,0.0,0.0
Eritrea,ERI,2013,0.0,,0.0,0.0,0.0
Eritrea,ERI,2014,0.0,,0.0,0.0,0.0
Eritrea,ERI,2015,0.0,,0.0,0.0,0.0
Eritrea,ERI,2016,0.0,,0.0,0.0,0.0
Eritrea,ERI,2017,0.01,,0.01,0.0,0.0
Eritrea,ERI,2018,0.05,,0.05,0.0,0.0
Eritrea,ERI,2019,0.05,,0.05,0.0,0.0
Eritrea,ERI,2020,0.05,,0.05,0.0,0.0
Eritrea,ERI,2021,0.05,,0.05,0.0,0.0
Eritrea,ERI,2022,0.05,,0.05,0.0,0.0
Eritrea,ERI,2023,0.05,,0.05,0.0,0.0
Eritrea,ERI,2024,0.05,,0.05,0.0,0.0
Estonia,EST,1985,0.0,0.0,0.0,0.0,0.0
Estonia,EST,1986,0.0,0.0,0.0,0.0,0.0
Estonia,EST,1987,0.0,0.0,0.0,0.0,0.0
Estonia,EST,1988,0.0,0.0,0.0,0.0,0.0
Estonia,EST,1989,0.0,0.0,0.0,0.0,0.0
Estonia,EST,1990,0.0,0.0,0.0,0.0,0.0
Estonia,EST,1991,0.0,0.0,0.0,0.0,0.0
Estonia,EST,1992,0.0,0.0,0.0,0.0,0.0
Estonia,EST,1993,0.0,0.0,0.0,0.0,0.0
Estonia,EST,1994,0.0,0.0,0.0,0.0,0.0
Estonia,EST,1995,0.01,0.03,0.0,0.0,0.0
Estonia,EST,1996,0.0,0.024,0.0,0.0,0.0
Estonia,EST,1997,0.01,0.038,0.0,0.0,0.0
Estonia,EST,1998,0.01,0.064,0.0,0.0,0.0
Estonia,EST,1999,0.01,0.096,0.0,0.0,0.0
Estonia,EST,2000,0.01,0.335,0.0,0.0,0.0
Estonia,EST,2001,0.02,0.154,0.0,0.0,0.01
Estonia,EST,2002,0.03,0.18,0.0,0.0,0.01
Estonia,EST,2003,0.05,0.211,0.0,0.01,0.01
Estonia,EST,2004,0.06,0.278,0.0,0.01,0.02
Estonia,EST,2005,0.11,0.477,0.0,0.05,0.02
Estonia,EST,2006,0.13,0.583,0.0,0.08,0.01
Estonia,EST,2007,0.14,0.568,0.0,0.09,0.02
Estonia,EST,2008,0.2,0.871,0.0,0.13,0.03
Estonia,EST,2009,0.54,2.722,0.0,0.2,0.03
Estonia,EST,2010,1.05,4.38,0.0,0.28,0.03
Estonia,EST,2011,1.18,4.847,0.0,0.37,0.03
Estonia,EST,2012,1.47,6.0,0.0,0.43,0.04
Estonia,EST,2013,1.23,4.703,0.0,0.53,0.03
Estonia,EST,2014,1.39,5.622,0.0,0.6,0.03
Estonia,EST,2015,1.56,6.658,0.0,0.71,0.03
Estonia,EST,2016,1.59,6.508,0.01,0.59,0.04
Estonia,EST,2017,1.86,6.9,0.01,0.72,0.03
Estonia,EST,2018,1.99,7.798,0.03,0.64,0.01
Estonia,EST,2019,2.14,10.376,0.07,0.69,0.02
Estonia,EST,2020,2.97,15.352,0.25,0.84,0.03
Estonia,EST,2021,2.87,14.297,0.35,0.73,0.02
Estonia,EST,2022,2.86,13.241,0.6,0.67,0.02
Estonia,EST,2023,2.8,14.305,0.72,0.68,0.02
Estonia,EST,2024,3.49,17.946,1.07,1.05,0.03
Estonia,EST,2025,3.64,17.946,1.13,1.15,0.03
Eswatini,SWZ,2000,0.65,,0.0,0.0,0.19
Eswatini,SWZ,2001,0.69,,0.0,0.0,0.19
Eswatini,SWZ,2002,0.69,,0.0,0.0,0.2
Eswatini,SWZ,2003,0.61,,0.0,0.0,0.12
Eswatini,SWZ,2004,0.55,,0.0,0.0,0.1
Eswatini,SWZ,2005,0.6,,0.0,0.0,0.16
Eswatini,SWZ,2006,0.67,,0.0,0.0,0.15
Eswatini,SWZ,2007,0.69,,0.0,0.0,0.17
Eswatini,SWZ,2008,0.67,,0.0,0.0,0.16
Eswatini,SWZ,2009,0.64,,0.0,0.0,0.2
Eswatini,SWZ,2010,0.72,,0.0,0.0,0.24
Eswatini,SWZ,2011,0.56,,0.0,0.0,0.28
Eswatini,SWZ,2012,0.48,,0.0,0.0,0.24
Eswatini,SWZ,2013,0.56,,0.0,0.0,0.31
Eswatini,SWZ,2014,0.46,,0.0,0.0,0.23
Eswatini,SWZ,2015,0.36,,0.0,0.0,0.12
Eswatini,SWZ,2016,0.33,,0.0,0.0,0.12
Eswatini,SWZ,2017,0.41,,0.0,0.0,0.21
Eswatini,SWZ,2018,0.47,,0.0,0.0,0.27
Eswatini,SWZ,2019,0.45,,0.0,0.0,0.23
Eswatini,SWZ,2020,0.47,,0.0,0.0,0.23
Eswatini,SWZ,2021,0.49,,0.03,0.0,0.26
Eswatini,SWZ,2022,0.53,,0.03,0.0,0.3
Eswatini,SWZ,2023,0.64,,0.03,0.0,0.4
Eswatini,SWZ,2024,0.59,,0.03,0.0,0.35
Ethiopia,ETH,2000,1.67,,0.0,0.0,1.63
Ethiopia,ETH,2001,2.02,,0.0,0.0,1.97
Ethiopia,ETH,2002,2.04,,0.0,0.0,2.0
Ethiopia,ETH,2003,2.31,,0.0,0.0,2.26
Ethiopia,ETH,2004,2.55,,0.0,0.0,2.5
Ethiopia,ETH,2005,2.87,,0.0,0.0,2.81
Ethiopia,ETH,2006,3.29,,0.0,0.0,3.23
Ethiopia,ETH,2007,3.39,,0.0,0.0,3.35
Ethiopia,ETH,2008,3.32,,0.0,0.0,3.26
Ethiopia,ETH,2009,3.56,,0.0,0.0,3.49
Ethiopia,ETH,2010,4.96,,0.0,0.0,4.88
Ethiopia,ETH,2011,6.29,,0.0,0.03,6.2
Ethiopia,ETH,2012,7.55,,0.0,0.19,7.31
Ethiopia,ETH,2013,8.66,,0.01,0.36,8.26
Ethiopia,ETH,2014,9.47,,0.02,0.5,8.92
Ethiopia,ETH,2015,10.39,,0.02,0.76,9.58
Ethiopia,ETH,2016,12.47,,0.02,0.78,11.64
Ethiopia,ETH,2017,13.12,,0.02,0.53,12.55
Ethiopia,ETH,2018,14.23,,0.02,0.53,13.65
Ethiopia,ETH,2019,15.3,,0.02,0.85,14.4
Ethiopia,ETH,2020,15.61,,0.03,0.61,14.94
Ethiopia,ETH,2021,15.78,,0.03,0.82,14.91
Ethiopia,ETH,2022,17.41,,0.04,0.56,16.77
Ethiopia,ETH,2023,17.77,,0.04,0.56,17.13
Ethiopia,ETH,2024,25.2,,0.04,0.7,24.42
Ethiopia,ETH,2025,33.37,,0.04,1.1,32.19
Falkland Islands,FLK,2000,0.0,,0.0,0.0,0.0
Falkland Islands,FLK,2001,0.0,,0.0,0.0,0.0
Falkland Islands,FLK,2002,0.0,,0.0,0.0,0.0
Falkland Islands,FLK,2003,0.0,,0.0,0.0,0.0
Falkland Islands,FLK,2004,0.0,,0.0,0.0,0.0
Falkland Islands,FLK,2005,0.0,,0.0,0.0,0.0
Falkland Islands,FLK,2006,0.0,,0.0,0.0,0.0
Falkland Islands,FLK,2007,0.0,,0.0,0.0,0.0
Falkland Islands,FLK,2008,0.0,,0.0,0.0,0.0
Falkland Islands,FLK,2009,0.0,,0.0,0.0,0.0
Falkland Islands,FLK,2010,0.0,,0.0,0.0,0.0
Falkland Islands,FLK,2011,0.01,,0.0,0.01,0.0
Falkland Islands,FLK,2012,0.01,,0.0,0.01,0.0
Falkland Islands,FLK,2013,0.01,,0.0,0.01,0.0
Falkland Islands,FLK,2014,0.01,,0.0,0.01,0.0
Falkland Islands,FLK,2015,0.01,,0.0,0.01,0.0
Falkland Islands,FLK,2016,0.01,,0.0,0.01,0.0
Falkland Islands,FLK,2017,0.0,,0.0,0.0,0.0
Falkland Islands,FLK,2018,0.0,,0.0,0.0,0.0
Falkland Islands,FLK,2019,0.0,,0.0,0.0,0.0
Falkland Islands,FLK,2020,0.0,,0.0,0.0,0.0
Falkland Islands,FLK,2021,0.0,,0.0,0.0,0.0
Falkland Islands,FLK,2022,0.0,,0.0,0.0,0.0
Falkland Islands,FLK,2023,0.0,,0.0,0.0,0.0
Faroe Islands,FRO,2000,0.08,,0.0,0.0,0.08
Faroe Islands,FRO,2001,0.08,,0.0,0.0,0.08
Faroe Islands,FRO,2002,0.1,,0.0,0.0,0.1
Faroe Islands,FRO,2003,0.08,,0.0,0.0,0.08
Faroe Islands,FRO,2004,0.1,,0.0,0.01,0.09
Faroe Islands,FRO,2005,0.11,,0.0,0.01,0.1
Faroe Islands,FRO,2006,0.11,,0.0,0.01,0.1
Faroe Islands,FRO,2007,0.12,,0.0,0.02,0.1
Faroe Islands,FRO,2008,0.1,,0.0,0.01,0.09
Faroe Islands,FRO,2009,0.1,,0.0,0.01,0.09
Faroe Islands,FRO,2010,0.08,,0.0,0.01,0.07
Faroe Islands,FRO,2011,0.1,,0.0,0.01,0.09
Faroe Islands,FRO,2012,0.11,,0.0,0.01,0.1
Faroe Islands,FRO,2013,0.11,,0.0,0.02,0.09
Faroe Islands,FRO,2014,0.16,,0.0,0.04,0.12
Faroe Islands,FRO,2015,0.19,,0.0,0.06,0.13
Faroe Islands,FRO,2016,0.15,,0.0,0.05,0.1
Faroe Islands,FRO,2017,0.17,,0.0,0.06,0.11
Faroe Islands,FRO,2018,0.17,,0.0,0.06,0.11
Faroe Islands,FRO,2019,0.15,,0.0,0.05,0.1
Faroe Islands,FRO,2020,0.16,,0.0,0.05,0.11
Faroe Islands,FRO,2021,0.17,,0.0,0.05,0.11
Faroe Islands,FRO,2022,0.22,,0.0,0.09,0.13
Faroe Islands,FRO,2023,0.23,,0.0,0.09,0.13
Fiji,FJI,2000,0.54,,0.0,0.0,0.41
Fiji,FJI,2001,0.59,,0.0,0.0,0.46
Fiji,FJI,2002,0.58,,0.0,0.0,0.45
Fiji,FJI,2003,0.47,,0.0,0.0,0.34
Fiji,FJI,2004,0.5,,0.0,0.0,0.37
Fiji,FJI,2005,0.47,,0.0,0.0,0.34
Fiji,FJI,2006,0.47,,0.0,0.0,0.34
Fiji,FJI,2007,0.61,,0.0,0.01,0.51
Fiji,FJI,2008,0.57,,0.0,0.02,0.5
Fiji,FJI,2009,0.52,,0.0,0.02,0.46
Fiji,FJI,2010,0.46,,0.0,0.01,0.41
Fiji,FJI,2011,0.49,,0.0,0.0,0.45
Fiji,FJI,2012,0.57,,0.0,0.01,0.52
Fiji,FJI,2013,0.56,,0.0,0.0,0.52
Fiji,FJI,2014,0.44,,0.0,0.0,0.4
Fiji,FJI,2015,0.45,,0.0,0.01,0.4
Fiji,FJI,2016,0.52,,0.01,0.0,0.49
Fiji,FJI,2017,0.51,,0.01,0.0,0.49
Fiji,FJI,2018,0.65,,0.01,0.0,0.56
Fiji,FJI,2019,0.66,,0.01,0.0,0.56
Fiji,FJI,2020,0.68,,0.01,0.0,0.56
Fiji,FJI,2021,0.66,,0.01,0.0,0.55
Fiji,FJI,2022,0.65,,0.01,0.0,0.6
Fiji,FJI,2023,0.73,,0.01,0.0,0.6
Fiji,FJI,2024,0.73,,0.01,0.0,0.6
Finland,FIN,1965,9.354,22.846,0.0,0.0,9.354
Finland,FIN,1966,10.381,22.266,0.0,0.0,10.381
Finland,FIN,1967,11.629,23.723,0.0,0.0,11.629
Finland,FIN,1968,10.489,19.666,0.0,0.0,10.489
Finland,FIN,1969,8.745,14.871,0.0,0.0,8.745
Finland,FIN,1970,9.524,14.698,0.0,0.0,9.524
Finland,FIN,1971,10.681,16.066,0.0,0.0,10.681
Finland,FIN,1972,10.38,14.797,0.0,0.0,10.38
Finland,FIN,1973,10.58,13.676,0.0,0.0,10.58
Finland,FIN,1974,12.703,17.157,0.0,0.0,12.703
Finland,FIN,1975,12.209,16.222,0.0,0.0,12.209
Finland,FIN,1976,9.482,11.846,0.0,0.0,9.482
Finland,FIN,1977,12.182,14.424,0.0,0.0,12.182
Finland,FIN,1978,9.799,11.157,0.0,0.0,9.799
Finland,FIN,1979,10.871,11.46,0.0,0.0,10.871
Finland,FIN,1980,10.217,10.815,0.0,0.0,10.217
Finland,FIN,1981,13.655,14.372,0.0,0.0,13.655
Finland,FIN,1982,13.089,13.954,0.0,0.0,13.089
Finland,FIN,1983,13.581,14.629,0.0,0.0,13.581
Finland,FIN,1984,13.247,13.688,0.0,0.0,13.247
Finland,FIN,1985,12.334,12.132,0.0,0.0,12.334
Finland,FIN,1986,12.39,12.047,0.0,0.0,12.39
Finland,FIN,1987,13.796,12.746,0.0,0.0,13.796
Finland,FIN,1988,13.363,12.424,0.0,0.0,13.363
Finland,FIN,1989,13.03,12.059,0.0,0.0,13.03
Finland,FIN,1990,16.02,14.47,0.0,0.0,10.86
Finland,FIN,1991,18.2,15.994,0.0,0.0,13.2
Finland,FIN,1992,20.06,17.648,0.0,0.0,15.11
Finland,FIN,1993,19.44,17.067,0.0,0.0,13.48
Finland,FIN,1994,18.27,15.338,0.0,0.01,11.79
Finland,FIN,1995,19.55,17.208,0.0,0.01,12.93
Finland,FIN,1996,17.76,14.945,0.0,0.01,11.86
Finland,FIN,1997,20.15,16.853,0.0,0.02,12.24
Finland,FIN,1998,24.4,19.755,0.0,0.02,15.05
Finland,FIN,1999,21.19,17.504,0.0,0.05,12.78
Finland,FIN,2000,23.38,19.163,0.0,0.08,14.66
Finland,FIN,2001,21.54,17.238,0.0,0.07,13.2
Finland,FIN,2002,19.83,15.842,0.0,0.06,10.78
Finland,FIN,2003,19.06,14.248,0.0,0.09,9.59
Finland,FIN,2004,25.63,18.999,0.0,0.12,15.07
Finland,FIN,2005,23.46,19.045,0.0,0.17,13.78
Finland,FIN,2006,22.46,17.117,0.0,0.16,11.49
Finland,FIN,2007,24.32,18.351,0.0,0.19,14.18
Finland,FIN,2008,27.77,21.795,0.0,0.26,17.11
Finland,FIN,2009,21.7,18.615,0.0,0.28,12.69
Finland,FIN,2010,24.18,19.122,0.0,0.29,12.92
Finland,FIN,2011,24.18,20.478,0.01,0.48,12.45
Finland,FIN,2012,28.56,24.392,0.01,0.49,16.86
Finland,FIN,2013,25.63,22.15,0.01,0.77,12.84
Finland,FIN,2014,26.28,24.195,0.01,1.11,13.4
Finland,FIN,2015,30.53,27.515,0.01,2.33,16.77
Finland,FIN,2016,30.41,25.935,0.02,3.07,15.8
Finland,FIN,2017,31.47,27.99,0.05,4.79,14.77
Finland,FIN,2018,32.14,27.99,0.09,5.84,13.3
Finland,FIN,2019,31.88,28.591,0.15,6.02,12.42
Finland,FIN,2020,35.93,32.588,0.22,8.26,15.88
Finland,FIN,2021,38.18,35.036,0.3,8.51,15.79
Finland,FIN,2022,38.66,34.897,0.39,12.02,13.49
Finland,FIN,2023,42.3,35.888,0.72,15.04,15.2
Finland,FIN,2024,46.11,38.894,0.94,20.48,14.3
Finland,FIN,2025,46.47,38.894,0.98,22.58,12.44
France,FRA,1965,46.881,9.728,0.0,0.0,46.881
France,FRA,1966,52.598,10.697,0.0,0.0,52.208
France,FRA,1967,45.983,8.802,0.0,0.0,45.378
France,FRA,1968,51.349,9.348,0.0,0.0,50.423
France,FRA,1969,54.009,8.942,0.0,0.0,52.942
France,FRA,1970,58.052,8.881,0.0,0.0,56.681
France,FRA,1971,50.249,7.426,0.0,0.0,48.857
France,FRA,1972,50.347,6.99,0.0,0.0,48.831
France,FRA,1973,49.246,6.294,0.0,0.0,47.696
France,FRA,1974,57.807,7.528,0.0,0.0,56.23
France,FRA,1975,61.524,8.476,0.0,0.0,60.108
France,FRA,1976,49.898,6.485,0.0,0.0,48.565
France,FRA,1977,77.698,9.91,0.0,0.0,76.323
France,FRA,1978,69.778,8.583,0.0,0.0,68.36
France,FRA,1979,67.903,8.123,0.0,0.0,66.419
France,FRA,1980,70.998,8.555,0.0,0.0,69.527
France,FRA,1981,73.687,9.025,0.0,0.0,72.195
France,FRA,1982,72.102,9.164,0.0,0.0,70.575
France,FRA,1983,71.002,8.834,0.0,0.0,69.443
France,FRA,1984,67.312,8.1,0.0,0.0,65.69
France,FRA,1985,63.568,7.41,0.0,0.0,61.916
France,FRA,1986,64.146,7.309,0.0,0.0,62.483
France,FRA,1987,72.249,8.054,0.0,0.0,70.498
France,FRA,1988,78.295,8.617,0.0,0.0,76.522
France,FRA,1989,48.478,5.272,0.0,0.0,46.637
France,FRA,1990,54.62,5.936,0.0,0.0,52.71
France,FRA,1991,58.43,5.941,0.0,0.0,56.32
France,FRA,1992,69.62,7.019,0.0,0.0,67.48
France,FRA,1993,65.27,6.624,0.0,0.0,63.3
France,FRA,1994,79.19,8.129,0.0,0.0,77.03
France,FRA,1995,73.66,7.396,0.0,0.0,71.33
France,FRA,1996,67.1,6.506,0.0,0.01,64.67
France,FRA,1997,64.79,6.447,0.0,0.01,62.11
France,FRA,1998,63.44,6.12,0.0,0.02,60.77
France,FRA,1999,73.71,7.02,0.0,0.04,70.82
France,FRA,2000,67.83,6.409,0.01,0.05,64.78
France,FRA,2001,76.09,7.072,0.01,0.13,72.62
France,FRA,2002,62.69,5.879,0.01,0.27,58.88
France,FRA,2003,61.47,5.675,0.01,0.39,57.35
France,FRA,2004,62.42,5.684,0.01,0.59,58.04
France,FRA,2005,54.98,5.122,0.01,0.96,50.14
France,FRA,2006,60.91,5.702,0.01,2.18,54.88
France,FRA,2007,64.3,6.356,0.02,4.07,55.99
France,FRA,2008,72.33,7.319,0.04,5.69,62.16
France,FRA,2009,68.15,7.409,0.17,7.91,55.49
France,FRA,2010,76.68,7.882,0.62,9.94,61.2
France,FRA,2011,66.02,6.93,2.33,12.37,45.74
France,FRA,2012,85.25,8.714,4.43,15.18,59.83
France,FRA,2013,99.43,9.857,5.19,16.14,71.92
France,FRA,2014,94.03,9.885,6.39,17.32,63.77
France,FRA,2015,91.84,9.568,7.75,21.42,55.56
France,FRA,2016,99.0,10.362,8.66,21.38,60.84
France,FRA,2017,91.91,9.803,8.87,24.61,50.0
France,FRA,2018,113.85,11.513,11.15,28.6,65.11
France,FRA,2019,112.9,11.754,12.02,34.72,56.91
France,FRA,2020,125.03,13.972,13.09,40.05,62.52
France,FRA,2021,122.1,12.914,15.28,37.12,59.54
France,FRA,2022,113.37,13.726,19.34,38.2,45.56
France,FRA,2023,139.49,15.867,22.59,50.48,55.9
France,FRA,2024,152.67,16.465,24.87,45.43,71.12
France,FRA,2025,148.56,16.465,31.82,46.49,59.41
French Guiana,GUF,2000,0.41,,0.0,,0.41
French Guiana,GUF,2001,0.42,,0.0,,0.42
French Guiana,GUF,2002,0.42,,0.0,,0.42
French Guiana,GUF,2003,0.34,,0.0,,0.34
French Guiana,GUF,2004,0.41,,0.0,,0.41
French Guiana,GUF,2005,0.43,,0.0,,0.43
French Guiana,GUF,2006,0.54,,0.0,,0.54
French Guiana,GUF,2007,0.5,,0.0,,0.5
French Guiana,GUF,2008,0.5,,0.0,,0.5
French Guiana,GUF,2009,0.35,,0.0,,0.35
French Guiana,GUF,2010,0.47,,0.0,,0.46
French Guiana,GUF,2011,0.51,,0.04,,0.46
French Guiana,GUF,2012,0.62,,0.05,,0.56
French Guiana,GUF,2013,0.54,,0.04,,0.49
French Guiana,GUF,2014,0.56,,0.05,,0.5
French Guiana,GUF,2015,0.55,,0.05,,0.49
French Guiana,GUF,2016,0.5,,0.05,,0.44
French Guiana,GUF,2017,0.62,,0.05,,0.56
French Guiana,GUF,2018,0.6,,0.05,,0.54
French Guiana,GUF,2019,0.47,,0.05,,0.41
French Guiana,GUF,2020,0.5,,0.06,,0.43
French Guiana,GUF,2021,0.68,,0.06,,0.58
French Guiana,GUF,2022,0.68,,0.05,,0.59
French Guiana,GUF,2023,0.64,,0.06,,0.52
French Polynesia,PYF,2000,0.12,,0.0,0.0,0.12
French Polynesia,PYF,2001,0.1,,0.0,0.0,0.1
French Polynesia,PYF,2002,0.13,,0.0,0.0,0.13
French Polynesia,PYF,2003,0.15,,0.0,0.0,0.15
French Polynesia,PYF,2004,0.18,,0.0,0.0,0.18
French Polynesia,PYF,2005,0.18,,0.0,0.0,0.18
French Polynesia,PYF,2006,0.2,,0.0,0.0,0.2
French Polynesia,PYF,2007,0.22,,0.0,0.0,0.22
French Polynesia,PYF,2008,0.21,,0.0,0.0,0.21
French Polynesia,PYF,2009,0.21,,0.0,0.0,0.21
French Polynesia,PYF,2010,0.27,,0.0,0.0,0.27
French Polynesia,PYF,2011,0.23,,0.01,0.0,0.22
French Polynesia,PYF,2012,0.21,,0.01,0.0,0.2
French Polynesia,PYF,2013,0.17,,0.02,0.0,0.15
French Polynesia,PYF,2014,0.2,,0.03,0.0,0.17
French Polynesia,PYF,2015,0.2,,0.03,0.0,0.17
French Polynesia,PYF,2016,0.21,,0.03,0.0,0.18
French Polynesia,PYF,2017,0.22,,0.04,0.0,0.18
French Polynesia,PYF,2018,0.2,,0.04,0.0,0.16
French Polynesia,PYF,2019,0.2,,0.04,0.0,0.16
French Polynesia,PYF,2020,0.2,,0.04,0.0,0.16
French Polynesia,PYF,2021,0.19,,0.05,0.0,0.14
French Polynesia,PYF,2022,0.24,,0.05,0.0,0.19
French Polynesia,PYF,2023,0.24,,0.05,0.0,0.19
French Polynesia,PYF,2024,0.25,,0.06,0.0,0.19
Gabon,GAB,2000,0.81,,0.0,0.0,0.8
Gabon,GAB,2001,0.88,,0.0,0.0,0.87
Gabon,GAB,2002,0.92,,0.0,0.0,0.91
Gabon,GAB,2003,0.9,,0.0,0.0,0.89
Gabon,GAB,2004,0.89,,0.0,0.0,0.88
Gabon,GAB,2005,0.81,,0.0,0.0,0.8
Gabon,GAB,2006,0.95,,0.0,0.0,0.94
Gabon,GAB,2007,0.8,,0.0,0.0,0.79
Gabon,GAB,2008,0.89,,0.0,0.0,0.88
Gabon,GAB,2009,0.95,,0.0,0.0,0.94
Gabon,GAB,2010,0.91,,0.0,0.0,0.9
Gabon,GAB,2011,0.84,,0.0,0.0,0.83
Gabon,GAB,2012,0.91,,0.0,0.0,0.9
Gabon,GAB,2013,0.94,,0.0,0.0,0.93
Gabon,GAB,2014,0.8,,0.0,0.0,0.79
Gabon,GAB,2015,0.92,,0.0,0.0,0.91
Gabon,GAB,2016,0.83,,0.0,0.0,0.82
Gabon,GAB,2017,0.94,,0.0,0.0,0.93
Gabon,GAB,2018,1.31,,0.0,0.0,1.3
Gabon,GAB,2019,1.32,,0.0,0.0,1.31
Gabon,GAB,2020,1.43,,0.0,0.0,1.42
Gabon,GAB,2021,1.38,,0.0,0.0,1.37
Gabon,GAB,2022,1.53,,0.0,0.0,1.52
Gabon,GAB,2023,0.92,,0.0,0.0,0.91
Gabon,GAB,2024,0.92,,0.0,0.0,0.91
Gambia,GMB,2000,0.0,,0.0,0.0,0.0
Gambia,GMB,2001,0.0,,0.0,0.0,0.0
Gambia,GMB,2002,0.0,,0.0,0.0,0.0
Gambia,GMB,2003,0.0,,0.0,0.0,0.0
Gambia,GMB,2004,0.0,,0.0,0.0,0.0
Gambia,GMB,2005,0.0,,0.0,0.0,0.0
Gambia,GMB,2006,0.0,,0.0,0.0,0.0
Gambia,GMB,2007,0.0,,0.0,0.0,0.0
Gambia,GMB,2008,0.0,,0.0,0.0,0.0
Gambia,GMB,2009,0.0,,0.0,0.0,0.0
Gambia,GMB,2010,0.0,,0.0,0.0,0.0
Gambia,GMB,2011,0.0,,0.0,0.0,0.0
Gambia,GMB,2012,0.0,,0.0,0.0,0.0
Gambia,GMB,2013,0.0,,0.0,0.0,0.0
Gambia,GMB,2014,0.0,,0.0,0.0,0.0
Gambia,GMB,2015,0.0,,0.0,0.0,0.0
Gambia,GMB,2016,0.0,,0.0,0.0,0.0
Gambia,GMB,2017,0.0,,0.0,0.0,0.0
Gambia,GMB,2018,0.0,,0.0,0.0,0.0
Gambia,GMB,2019,0.0,,0.0,0.0,0.0
Gambia,GMB,2020,0.0,,0.0,0.0,0.0
Gambia,GMB,2021,0.0,,0.0,0.0,0.0
Gambia,GMB,2022,0.0,,0.0,0.0,0.0
Gambia,GMB,2023,0.0,,0.0,0.0,0.0
Gambia,GMB,2024,0.0,,0.0,0.0,0.0
Georgia,GEO,2000,5.8,,0.0,0.0,5.8
Georgia,GEO,2001,5.49,,0.0,0.0,5.49
Georgia,GEO,2002,6.7,,0.0,0.0,6.7
Georgia,GEO,2003,6.46,,0.0,0.0,6.46
Georgia,GEO,2004,5.99,,0.0,0.0,5.99
Georgia,GEO,2005,6.17,,0.0,0.0,6.17
Georgia,GEO,2006,5.26,,0.0,0.0,5.26
Georgia,GEO,2007,6.75,,0.0,0.0,6.75
Georgia,GEO,2008,7.09,,0.0,0.0,7.09
Georgia,GEO,2009,7.34,,0.0,0.0,7.34
Georgia,GEO,2010,9.27,,0.0,0.0,9.27
Georgia,GEO,2011,7.81,,0.0,0.0,7.81
Georgia,GEO,2012,7.15,,0.0,0.0,7.15
Georgia,GEO,2013,8.19,,0.0,0.0,8.19
Georgia,GEO,2014,8.25,,0.0,0.0,8.25
Georgia,GEO,2015,8.37,,0.0,0.0,8.37
Georgia,GEO,2016,9.25,,0.0,0.01,9.24
Georgia,GEO,2017,9.21,,0.0,0.09,9.12
Georgia,GEO,2018,9.93,,0.0,0.08,9.85
Georgia,GEO,2019,9.02,,0.0,0.09,8.93
Georgia,GEO,2020,8.34,,0.0,0.09,8.25
Georgia,GEO,2021,10.26,,0.0,0.08,10.18
Georgia,GEO,2022,10.86,,0.0,0.09,10.77
Georgia,GEO,2023,10.98,,0.03,0.09,10.86
Georgia,GEO,2024,11.12,,0.03,0.09,11.0
Georgia,GEO,2025,10.75,,0.03,0.08,10.64
Germany,DEU,1965,16.212,1.518,0.0,0.0,16.212
Germany,DEU,1966,17.534,1.638,0.0,0.0,17.534
Germany,DEU,1967,16.652,1.559,0.0,0.0,16.652
Germany,DEU,1968,16.899,1.482,0.0,0.0,16.899
Germany,DEU,1969,13.713,1.115,0.0,0.0,13.713
Germany,DEU,1970,18.454,1.43,0.0,0.0,17.534
Germany,DEU,1971,14.456,1.113,0.0,0.0,13.455
Germany,DEU,1972,14.225,1.058,0.0,0.0,13.206
Germany,DEU,1973,16.283,1.145,0.0,0.0,15.229
Germany,DEU,1974,18.714,1.338,0.0,0.0,17.638
Germany,DEU,1975,18.184,1.354,0.0,0.0,17.059
Germany,DEU,1976,15.125,1.058,0.0,0.0,13.847
Germany,DEU,1977,18.829,1.318,0.0,0.0,17.582
Germany,DEU,1978,19.68,1.329,0.0,0.0,18.362
Germany,DEU,1979,19.827,1.27,0.0,0.0,18.384
Germany,DEU,1980,21.035,1.397,0.0,0.0,19.069
Germany,DEU,1981,21.719,1.487,0.0,0.0,19.915
Germany,DEU,1982,21.537,1.529,0.0,0.0,19.738
Germany,DEU,1983,20.252,1.416,0.0,0.0,18.712
Germany,DEU,1984,20.122,1.358,0.0,0.0,18.479
Germany,DEU,1985,19.045,1.25,0.0,0.0,17.401
Germany,DEU,1986,20.169,1.333,0.0,0.001,18.572
Germany,DEU,1987,21.791,1.426,0.0,0.002,20.343
Germany,DEU,1988,21.725,1.419,0.0,0.008,20.079
Germany,DEU,1989,20.019,1.324,0.0,0.026,18.244
Germany,DEU,1990,19.1,1.264,0.0,0.07,17.43
Germany,DEU,1991,16.98,1.202,0.0,0.22,14.89
Germany,DEU,1992,19.73,1.438,0.0,0.29,17.4
Germany,DEU,1993,20.52,1.498,0.0,0.67,17.88
Germany,DEU,1994,23.43,1.646,0.0,1.43,19.93
Germany,DEU,1995,25.92,1.788,0.0,1.71,21.78
Germany,DEU,1996,26.55,1.593,0.01,2.08,21.96
Germany,DEU,1997,23.05,1.709,0.01,3.03,17.36
Germany,DEU,1998,24.88,1.868,0.01,4.59,17.22
Germany,DEU,1999,28.71,2.112,0.02,5.53,19.65
Germany,DEU,2000,35.41,2.738,0.0,9.35,21.73
Germany,DEU,2001,37.88,2.798,0.1,10.46,22.73
Germany,DEU,2002,44.49,3.365,0.2,15.86,23.12
Germany,DEU,2003,46.67,3.477,0.31,19.09,18.32
Germany,DEU,2004,57.97,4.316,0.56,26.02,20.75
Germany,DEU,2005,63.43,4.992,1.31,27.77,19.64
Germany,DEU,2006,72.56,5.797,2.27,31.32,20.03
Germany,DEU,2007,89.44,7.37,3.14,40.51,21.17
Germany,DEU,2008,94.37,7.523,4.51,41.38,20.44
Germany,DEU,2009,96.08,8.147,6.72,39.42,19.03
Germany,DEU,2010,105.41,8.465,11.96,38.55,20.95
Germany,DEU,2011,124.43,10.168,19.99,49.86,17.67
Germany,DEU,2012,143.4,11.46,26.74,51.68,21.75
Germany,DEU,2013,151.95,11.603,30.62,52.74,23.0
Germany,DEU,2014,161.93,12.84,35.45,58.5,19.59
Germany,DEU,2015,188.14,14.318,38.08,80.62,18.98
Germany,DEU,2016,189.13,14.101,37.56,79.92,20.55
Germany,DEU,2017,215.68,15.388,38.76,105.69,20.15
Germany,DEU,2018,222.93,16.263,44.32,109.95,17.69
Germany,DEU,2019,241.17,17.811,45.22,125.89,19.73
Germany,DEU,2020,251.49,20.017,49.5,132.11,18.72
Germany,DEU,2021,232.5,18.082,49.34,114.16,19.66
Germany,DEU,2022,251.54,20.329,60.3,124.81,17.62
Germany,DEU,2023,277.1,23.603,63.87,140.54,21.24
Germany,DEU,2024,290.86,23.968,74.13,141.6,23.83
Germany,DEU,2025,295.74,23.968,89.62,136.03,19.56
Ghana,GHA,2000,6.55,,0.0,0.0,6.54
Ghana,GHA,2001,6.55,,0.0,0.0,6.54
Ghana,GHA,2002,5.0,,0.0,0.0,4.99
Ghana,GHA,2003,3.86,,0.0,0.0,3.85
Ghana,GHA,2004,5.24,,0.0,0.0,5.23
Ghana,GHA,2005,5.58,,0.0,0.0,5.57
Ghana,GHA,2006,5.57,,0.0,0.0,5.56
Ghana,GHA,2007,3.7,,0.0,0.0,3.69
Ghana,GHA,2008,6.15,,0.0,0.0,6.13
Ghana,GHA,2009,6.83,,0.0,0.0,6.81
Ghana,GHA,2010,6.95,,0.0,0.0,6.93
Ghana,GHA,2011,7.51,,0.0,0.0,7.49
Ghana,GHA,2012,8.01,,0.0,0.0,7.99
Ghana,GHA,2013,8.17,,0.0,0.0,8.15
Ghana,GHA,2014,8.32,,0.0,0.0,8.3
Ghana,GHA,2015,5.81,,0.0,0.0,5.79
Ghana,GHA,2016,5.56,,0.03,0.0,5.51
Ghana,GHA,2017,5.67,,0.03,0.0,5.62
Ghana,GHA,2018,6.07,,0.03,0.0,6.02
Ghana,GHA,2019,7.32,,0.05,0.0,7.25
Ghana,GHA,2020,7.37,,0.06,0.0,7.29
Ghana,GHA,2021,7.68,,0.13,0.0,7.53
Ghana,GHA,2022,8.37,,0.16,0.0,8.19
Ghana,GHA,2023,9.36,,0.15,0.0,9.19
Ghana,GHA,2024,8.79,,0.17,0.0,8.6
Gibraltar,GIB,2000,0.0,,0.0,0.0,0.0
Gibraltar,GIB,2001,0.0,,0.0,0.0,0.0
Gibraltar,GIB,2002,0.0,,0.0,0.0,0.0
Gibraltar,GIB,2003,0.0,,0.0,0.0,0.0
Gibraltar,GIB,2004,0.0,,0.0,0.0,0.0
Gibraltar,GIB,2005,0.0,,0.0,0.0,0.0
Gibraltar,GIB,2006,0.0,,0.0,0.0,0.0
Gibraltar,GIB,2007,0.0,,0.0,0.0,0.0
Gibraltar,GIB,2008,0.0,,0.0,0.0,0.0
Gibraltar,GIB,2009,0.0,,0.0,0.0,0.0
Gibraltar,GIB,2010,0.0,,0.0,0.0,0.0
Gibraltar,GIB,2011,0.0,,0.0,0.0,0.0
Gibraltar,GIB,2012,0.0,,0.0,0.0,0.0
Gibraltar,GIB,2013,0.0,,0.0,0.0,0.0
Gibraltar,GIB,2014,0.0,,0.0,0.0,0.0
Gibraltar,GIB,2015,0.0,,0.0,0.0,0.0
Gibraltar,GIB,2016,0.0,,0.0,0.0,0.0
Gibraltar,GIB,2017,0.0,,0.0,0.0,0.0
Gibraltar,GIB,2018,0.0,,0.0,0.0,0.0
Gibraltar,GIB,2019,0.0,,0.0,0.0,0.0
Gibraltar,GIB,2020,0.0,,0.0,0.0,0.0
Gibraltar,GIB,2021,0.0,,0.0,0.0,0.0
Gibraltar,GIB,2022,0.0,,0.0,0.0,0.0
Gibraltar,GIB,2023,0.0,,0.0,0.0,0.0
Gibraltar,GIB,2024,0.0,,0.0,0.0,0.0
Greece,GRC,1965,0.801,2.816,0.0,0.0,0.801
Greece,GRC,1966,1.73,5.566,0.0,0.0,1.73
Greece,GRC,1967,1.66,4.849,0.0,0.0,1.66
Greece,GRC,1968,1.368,3.843,0.0,0.0,1.368
Greece,GRC,1969,2.055,5.47,0.0,0.0,2.055
Greece,GRC,1970,2.636,6.318,0.0,0.0,2.636
Greece,GRC,1971,2.652,5.332,0.0,0.0,2.652
Greece,GRC,1972,2.677,4.796,0.0,0.0,2.677
Greece,GRC,1973,2.223,3.459,0.0,0.0,2.223
Greece,GRC,1974,2.347,3.736,0.0,0.0,2.347
Greece,GRC,1975,2.015,2.828,0.0,0.0,2.015
Greece,GRC,1976,1.879,2.386,0.0,0.0,1.879
Greece,GRC,1977,1.922,2.354,0.0,0.0,1.922
Greece,GRC,1978,2.988,3.599,0.0,0.0,2.988
Greece,GRC,1979,3.566,4.894,0.0,0.0,3.566
Greece,GRC,1980,3.405,4.717,0.0,0.0,3.405
Greece,GRC,1981,3.407,4.831,0.0,0.0,3.407
Greece,GRC,1982,3.561,4.982,0.0,0.0,3.561
Greece,GRC,1983,2.34,3.252,0.0,0.0,2.34
Greece,GRC,1984,2.862,3.811,0.0,0.0,2.862
Greece,GRC,1985,2.805,3.535,0.0,0.0,2.805
Greece,GRC,1986,3.235,4.07,0.0,0.0,3.235
Greece,GRC,1987,2.781,3.198,0.0,0.001,2.78
Greece,GRC,1988,2.367,2.577,0.0,0.001,2.366
Greece,GRC,1989,1.901,1.908,0.0,0.001,1.9
Greece,GRC,1990,1.77,1.714,0.0,0.0,1.77
Greece,GRC,1991,3.1,2.961,0.0,0.0,3.1
Greece,GRC,1992,2.21,2.074,0.0,0.01,2.2
Greece,GRC,1993,2.33,2.157,0.0,0.05,2.28
Greece,GRC,1994,2.64,2.4,0.0,0.04,2.6
Greece,GRC,1995,3.56,3.131,0.0,0.03,3.53
Greece,GRC,1996,4.39,3.76,0.0,0.04,4.35
Greece,GRC,1997,3.92,3.265,0.0,0.04,3.88
Greece,GRC,1998,3.79,2.971,0.0,0.07,3.72
Greece,GRC,1999,4.75,3.733,0.0,0.16,4.59
Greece,GRC,2000,4.14,3.092,0.0,0.45,3.69
Greece,GRC,2001,2.94,2.164,0.0,0.76,2.1
Greece,GRC,2002,3.58,2.621,0.0,0.65,2.8
Greece,GRC,2003,5.89,4.052,0.0,1.02,4.77
Greece,GRC,2004,5.91,4.05,0.0,1.12,4.67
Greece,GRC,2005,6.41,4.335,0.0,1.27,5.02
Greece,GRC,2006,7.67,5.149,0.0,1.7,5.86
Greece,GRC,2007,4.59,3.171,0.0,1.82,2.59
Greece,GRC,2008,5.75,3.908,0.01,2.24,3.31
Greece,GRC,2009,8.16,5.675,0.05,2.54,5.35
Greece,GRC,2010,10.53,7.696,0.16,2.71,7.47
Greece,GRC,2011,8.15,6.058,0.61,3.32,4.01
Greece,GRC,2012,10.13,7.967,1.69,3.85,4.39
Greece,GRC,2013,14.36,11.795,3.65,4.14,6.35
Greece,GRC,2014,12.18,10.745,3.79,3.69,4.48
Greece,GRC,2015,14.85,12.796,3.9,4.62,6.1
Greece,GRC,2016,14.89,12.975,3.93,5.15,5.54
Greece,GRC,2017,13.8,11.449,3.99,5.54,3.96
Greece,GRC,2018,16.14,13.164,3.79,6.3,5.74
Greece,GRC,2019,16.1,13.476,4.43,7.27,4.0
Greece,GRC,2020,17.55,16.785,4.45,9.31,3.34
Greece,GRC,2021,22.13,19.2,5.25,10.48,5.9
Greece,GRC,2022,22.45,18.783,7.14,10.88,3.86
Greece,GRC,2023,24.38,20.754,8.89,11.02,3.82
Greece,GRC,2024,28.1,21.055,11.26,12.55,3.58
Greece,GRC,2025,28.96,21.055,12.92,11.91,3.42
Greenland,GRL,2000,0.17,,0.0,0.0,0.17
Greenland,GRL,2001,0.16,,0.0,0.0,0.16
Greenland,GRL,2002,0.18,,0.0,0.0,0.18
Greenland,GRL,2003,0.18,,0.0,0.0,0.18
Greenland,GRL,2004,0.19,,0.0,0.0,0.19
Greenland,GRL,2005,0.2,,0.0,0.0,0.2
Greenland,GRL,2006,0.2,,0.0,0.0,0.2
Greenland,GRL,2007,0.2,,0.0,0.0,0.2
Greenland,GRL,2008,0.2,,0.0,0.0,0.2
Greenland,GRL,2009,0.26,,0.0,0.0,0.26
Greenland,GRL,2010,0.29,,0.0,0.0,0.29
Greenland,GRL,2011,0.34,,0.0,0.0,0.34
Greenland,GRL,2012,0.34,,0.0,0.0,0.34
Greenland,GRL,2013,0.37,,0.0,0.0,0.37
Greenland,GRL,2014,0.39,,0.0,0.0,0.39
Greenland,GRL,2015,0.42,,0.0,0.0,0.42
Greenland,GRL,2016,0.4,,0.0,0.0,0.4
Greenland,GRL,2017,0.38,,0.0,0.0,0.38
Greenland,GRL,2018,0.42,,0.0,0.0,0.42
Greenland,GRL,2019,0.41,,0.0,0.0,0.41
Greenland,GRL,2020,0.43,,0.0,0.0,0.43
Greenland,GRL,2021,0.43,,0.0,0.0,0.43
Greenland,GRL,2022,0.47,,0.0,0.0,0.47
Greenland,GRL,2023,0.5,,0.0,0.0,0.48
Greenland,GRL,2024,0.5,,0.0,0.0,0.47
Grenada,GRD,2000,0.0,,0.0,0.0,0.0
Grenada,GRD,2001,0.0,,0.0,0.0,0.0
Grenada,GRD,2002,0.0,,0.0,0.0,0.0
Grenada,GRD,2003,0.0,,0.0,0.0,0.0
Grenada,GRD,2004,0.0,,0.0,0.0,0.0
Grenada,GRD,2005,0.0,,0.0,0.0,0.0
Grenada,GRD,2006,0.0,,0.0,0.0,0.0
Grenada,GRD,2007,0.0,,0.0,0.0,0.0
Grenada,GRD,2008,0.0,,0.0,0.0,0.0
Grenada,GRD,2009,0.0,,0.0,0.0,0.0
Grenada,GRD,2010,0.0,,0.0,0.0,0.0
Grenada,GRD,2011,0.0,,0.0,0.0,0.0
Grenada,GRD,2012,0.0,,0.0,0.0,0.0
Grenada,GRD,2013,0.0,,0.0,0.0,0.0
Grenada,GRD,2014,0.0,,0.0,0.0,0.0
Grenada,GRD,2015,0.0,,0.0,0.0,0.0
Grenada,GRD,2016,0.0,,0.0,0.0,0.0
Grenada,GRD,2017,0.0,,0.0,0.0,0.0
Grenada,GRD,2018,0.0,,0.0,0.0,0.0
Grenada,GRD,2019,0.0,,0.0,0.0,0.0
Grenada,GRD,2020,0.0,,0.0,0.0,0.0
Grenada,GRD,2021,0.0,,0.0,0.0,0.0
Grenada,GRD,2022,0.0,,0.0,0.0,0.0
Grenada,GRD,2023,0.0,,0.0,0.0,0.0
Grenada,GRD,2024,0.0,,0.0,0.0,0.0
Guadeloupe,GLP,2000,0.12,,,0.01,0.01
Guadeloupe,GLP,2001,0.11,,,0.02,0.01
Guadeloupe,GLP,2002,0.14,,,0.03,0.02
Guadeloupe,GLP,2003,0.13,,,0.03,0.02
Guadeloupe,GLP,2004,0.17,,,0.03,0.03
Guadeloupe,GLP,2005,0.21,,0.0,0.02,0.02
Guadeloupe,GLP,2006,0.2,,0.0,0.03,0.02
Guadeloupe,GLP,2007,0.22,,0.0,0.04,0.02
Guadeloupe,GLP,2008,0.22,,0.0,0.05,0.02
Guadeloupe,GLP,2009,0.19,,0.01,0.05,0.02
Guadeloupe,GLP,2010,0.15,,0.02,0.04,0.02
Guadeloupe,GLP,2011,0.2,,0.03,0.05,0.01
Guadeloupe,GLP,2012,0.26,,0.09,0.05,0.01
Guadeloupe,GLP,2013,0.31,,0.1,0.06,0.02
Guadeloupe,GLP,2014,0.32,,0.1,0.05,0.03
Guadeloupe,GLP,2015,0.31,,0.1,0.05,0.02
Guadeloupe,GLP,2016,0.3,,0.09,0.05,0.03
Guadeloupe,GLP,2017,0.36,,0.09,0.05,0.04
Guadeloupe,GLP,2018,0.37,,0.1,0.05,0.04
Guadeloupe,GLP,2019,0.37,,0.1,0.06,0.04
Guadeloupe,GLP,2020,0.41,,0.11,0.07,0.03
Guadeloupe,GLP,2021,0.56,,0.11,0.11,0.01
Guadeloupe,GLP,2022,0.57,,0.11,0.11,0.01
Guadeloupe,GLP,2023,0.59,,0.11,0.1,0.01
Guam,GUM,2000,0.0,,0.0,0.0,0.0
Guam,GUM,2001,0.0,,0.0,0.0,0.0
Guam,GUM,2002,0.0,,0.0,0.0,0.0
Guam,GUM,2003,0.0,,0.0,0.0,0.0
Guam,GUM,2004,0.0,,0.0,0.0,0.0
Guam,GUM,2005,0.0,,0.0,0.0,0.0
Guam,GUM,2006,0.0,,0.0,0.0,0.0
Guam,GUM,2007,0.0,,0.0,0.0,0.0
Guam,GUM,2008,0.0,,0.0,0.0,0.0
Guam,GUM,2009,0.0,,0.0,0.0,0.0
Guam,GUM,2010,0.0,,0.0,0.0,0.0
Guam,GUM,2011,0.0,,0.0,0.0,0.0
Guam,GUM,2012,0.0,,0.0,0.0,0.0
Guam,GUM,2013,0.0,,0.0,0.0,0.0
Guam,GUM,2014,0.0,,0.0,0.0,0.0
Guam,GUM,2015,0.03,,0.03,0.0,0.0
Guam,GUM,2016,0.07,,0.07,0.0,0.0
Guam,GUM,2017,0.06,,0.06,0.0,0.0
Guam,GUM,2018,0.07,,0.07,0.0,0.0
Guam,GUM,2019,0.08,,0.08,0.0,0.0
Guam,GUM,2020,0.08,,0.08,0.0,0.0
Guam,GUM,2021,0.08,,0.08,0.0,0.0
Guam,GUM,2022,0.14,,0.14,0.0,0.0
Guam,GUM,2023,0.14,,0.14,0.0,0.0
Guam,GUM,2024,0.16,,0.16,0.0,0.0
Guatemala,GTM,2000,3.24,,0.0,0.0,2.5
Guatemala,GTM,2001,2.94,,0.0,0.0,2.18
Guatemala,GTM,2002,2.64,,0.0,0.0,1.93
Guatemala,GTM,2003,3.37,,0.0,0.0,2.65
Guatemala,GTM,2004,3.27,,0.0,0.0,2.54
Guatemala,GTM,2005,3.9,,0.0,0.0,2.91
Guatemala,GTM,2006,4.21,,0.0,0.0,3.27
Guatemala,GTM,2007,4.44,,0.0,0.0,3.0
Guatemala,GTM,2008,4.77,,0.0,0.0,3.64
Guatemala,GTM,2009,4.08,,0.0,0.0,2.91
Guatemala,GTM,2010,5.63,,0.0,0.0,3.81
Guatemala,GTM,2011,5.49,,0.0,0.0,4.13
Guatemala,GTM,2012,6.24,,0.0,0.0,4.46
Guatemala,GTM,2013,6.84,,0.0,0.0,4.65
Guatemala,GTM,2014,7.28,,0.01,0.0,4.84
Guatemala,GTM,2015,6.83,,0.16,0.11,3.87
Guatemala,GTM,2016,7.33,,0.19,0.22,3.99
Guatemala,GTM,2017,8.47,,0.2,0.22,5.81
Guatemala,GTM,2018,8.76,,0.2,0.32,5.31
Guatemala,GTM,2019,8.11,,0.23,0.33,4.47
Guatemala,GTM,2020,9.41,,0.22,0.31,5.78
Guatemala,GTM,2021,11.37,,0.23,0.32,6.66
Guatemala,GTM,2022,11.41,,0.23,0.31,7.04
Guatemala,GTM,2023,10.03,,0.24,0.34,5.65
Guatemala,GTM,2024,10.79,,0.28,0.37,6.3
Guinea,GIN,2000,0.41,,0.0,0.0,0.41
Guinea,GIN,2001,0.55,,0.0,0.0,0.55
Guinea,GIN,2002,0.59,,0.0,0.0,0.59
Guinea,GIN,2003,0.4,,0.0,0.0,0.4
Guinea,GIN,2004,0.55,,0.0,0.0,0.55
Guinea,GIN,2005,0.49,,0.0,0.0,0.49
Guinea,GIN,2006,0.46,,0.0,0.0,0.46
Guinea,GIN,2007,0.53,,0.0,0.0,0.53
Guinea,GIN,2008,0.52,,0.0,0.0,0.52
Guinea,GIN,2009,0.52,,0.0,0.0,0.52
Guinea,GIN,2010,0.48,,0.0,0.0,0.48
Guinea,GIN,2011,0.41,,0.0,0.0,0.41
Guinea,GIN,2012,0.49,,0.0,0.0,0.49
Guinea,GIN,2013,0.48,,0.0,0.0,0.48
Guinea,GIN,2014,0.42,,0.0,0.0,0.42
Guinea,GIN,2015,0.9,,0.02,0.0,0.88
Guinea,GIN,2016,1.1,,0.02,0.0,1.08
Guinea,GIN,2017,1.23,,0.02,0.0,1.21
Guinea,GIN,2018,1.21,,0.02,0.0,1.19
Guinea,GIN,2019,1.31,,0.02,0.0,1.29
Guinea,GIN,2020,1.51,,0.02,0.0,1.49
Guinea,GIN,2021,2.66,,0.02,0.0,2.64
Guinea,GIN,2022,2.98,,0.03,0.0,2.95
Guinea,GIN,2023,2.98,,0.03,0.0,2.95
Guinea,GIN,2024,3.03,,0.03,0.0,3.0
Guinea-Bissau,GNB,2000,0.0,,0.0,0.0,0.0
Guinea-Bissau,GNB,2001,0.0,,0.0,0.0,0.0
Guinea-Bissau,GNB,2002,0.0,,0.0,0.0,0.0
Guinea-Bissau,GNB,2003,0.0,,0.0,0.0,0.0
Guinea-Bissau,GNB,2004,0.0,,0.0,0.0,0.0
Guinea-Bissau,GNB,2005,0.0,,0.0,0.0,0.0
Guinea-Bissau,GNB,2006,0.0,,0.0,0.0,0.0
Guinea-Bissau,GNB,2007,0.0,,0.0,0.0,0.0
Guinea-Bissau,GNB,2008,0.0,,0.0,0.0,0.0
Guinea-Bissau,GNB,2009,0.0,,0.0,0.0,0.0
Guinea-Bissau,GNB,2010,0.0,,0.0,0.0,0.0
Guinea-Bissau,GNB,2011,0.0,,0.0,0.0,0.0
Guinea-Bissau,GNB,2012,0.0,,0.0,0.0,0.0
Guinea-Bissau,GNB,2013,0.0,,0.0,0.0,0.0
Guinea-Bissau,GNB,2014,0.0,,0.0,0.0,0.0
Guinea-Bissau,GNB,2015,0.0,,0.0,0.0,0.0
Guinea-Bissau,GNB,2016,0.0,,0.0,0.0,0.0
Guinea-Bissau,GNB,2017,0.0,,0.0,0.0,0.0
Guinea-Bissau,GNB,2018,0.0,,0.0,0.0,0.0
Guinea-Bissau,GNB,2019,0.0,,0.0,0.0,0.0
Guinea-Bissau,GNB,2020,0.0,,0.0,0.0,0.0
Guinea-Bissau,GNB,2021,0.0,,0.0,0.0,0.0
Guinea-Bissau,GNB,2022,0.0,,0.0,0.0,0.0
Guinea-Bissau,GNB,2023,0.0,,0.0,0.0,0.0
Guinea-Bissau,GNB,2024,0.0,,0.0,0.0,0.0
Guyana,GUY,2000,0.01,,0.0,0.0,0.0
Guyana,GUY,2001,0.01,,0.0,0.0,0.0
Guyana,GUY,2002,0.01,,0.0,0.0,0.0
Guyana,GUY,2003,0.01,,0.0,0.0,0.0
Guyana,GUY,2004,0.01,,0.0,0.0,0.0
Guyana,GUY,2005,0.01,,0.0,0.0,0.0
Guyana,GUY,2006,0.01,,0.0,0.0,0.0
Guyana,GUY,2007,0.01,,0.0,0.0,0.0
Guyana,GUY,2008,0.01,,0.0,0.0,0.0
Guyana,GUY,2009,0.01,,0.0,0.0,0.0
Guyana,GUY,2010,0.04,,0.0,0.0,0.0
Guyana,GUY,2011,0.05,,0.0,0.0,0.0
Guyana,GUY,2012,0.04,,0.0,0.0,0.0
Guyana,GUY,2013,0.04,,0.0,0.0,0.0
Guyana,GUY,2014,0.04,,0.0,0.0,0.0
Guyana,GUY,2015,0.04,,0.0,0.0,0.0
Guyana,GUY,2016,0.04,,0.0,0.0,0.0
Guyana,GUY,2017,0.04,,0.01,0.0,0.0
Guyana,GUY,2018,0.03,,0.01,0.0,0.0
Guyana,GUY,2019,0.04,,0.02,0.0,0.0
Guyana,GUY,2020,0.03,,0.01,0.0,0.0
Guyana,GUY,2021,0.04,,0.01,0.0,0.0
Guyana,GUY,2022,0.03,,0.01,0.0,0.0
Guyana,GUY,2023,0.04,,0.02,0.0,0.0
Guyana,GUY,2024,0.04,,0.02,0.0,0.0
Haiti,HTI,2000,0.28,,0.0,0.0,0.28
Haiti,HTI,2001,0.28,,0.0,0.0,0.28
Haiti,HTI,2002,0.26,,0.0,0.0,0.26
Haiti,HTI,2003,0.25,,0.0,0.0,0.25
Haiti,HTI,2004,0.26,,0.0,0.0,0.26
Haiti,HTI,2005,0.26,,0.0,0.0,0.26
Haiti,HTI,2006,0.27,,0.0,0.0,0.27
Haiti,HTI,2007,0.15,,0.0,0.0,0.15
Haiti,HTI,2008,0.18,,0.0,0.0,0.18
Haiti,HTI,2009,0.2,,0.0,0.0,0.2
Haiti,HTI,2010,0.17,,0.0,0.0,0.17
Haiti,HTI,2011,0.12,,0.0,0.0,0.12
Haiti,HTI,2012,0.22,,0.0,0.0,0.22
Haiti,HTI,2013,0.14,,0.0,0.0,0.14
Haiti,HTI,2014,0.09,,0.0,0.0,0.09
Haiti,HTI,2015,0.08,,0.0,0.0,0.08
Haiti,HTI,2016,0.07,,0.0,0.0,0.07
Haiti,HTI,2017,0.13,,0.0,0.0,0.13
Haiti,HTI,2018,0.19,,0.0,0.0,0.19
Haiti,HTI,2019,0.17,,0.0,0.0,0.17
Haiti,HTI,2020,0.14,,0.0,0.0,0.14
Haiti,HTI,2021,0.13,,0.0,0.0,0.13
Haiti,HTI,2022,0.19,,0.0,0.0,0.19
Haiti,HTI,2023,0.19,,0.0,0.0,0.19
Haiti,HTI,2024,0.16,,0.0,0.0,0.16
Honduras,HND,2000,2.25,,0.0,0.0,2.24
Honduras,HND,2001,1.94,,0.0,0.0,1.88
Honduras,HND,2002,1.69,,0.0,0.0,1.6
Honduras,HND,2003,1.92,,0.0,0.0,1.72
Honduras,HND,2004,1.76,,0.0,0.0,1.39
Honduras,HND,2005,1.83,,0.0,0.0,1.7
Honduras,HND,2006,2.19,,0.0,0.0,2.05
Honduras,HND,2007,2.36,,0.0,0.0,2.19
Honduras,HND,2008,2.47,,0.0,0.0,2.27
Honduras,HND,2009,3.25,,0.0,0.0,2.77
Honduras,HND,2010,3.5,,0.0,0.0,3.05
Honduras,HND,2011,3.44,,0.0,0.12,2.79
Honduras,HND,2012,3.64,,0.0,0.34,2.76
Honduras,HND,2013,3.62,,0.0,0.31,2.71
Honduras,HND,2014,3.37,,0.01,0.4,2.58
Honduras,HND,2015,3.97,,0.44,0.67,2.32
Honduras,HND,2016,4.47,,0.89,0.58,2.25
Honduras,HND,2017,5.38,,0.93,0.58,2.97
Honduras,HND,2018,6.1,,1.0,0.93,3.15
Honduras,HND,2019,5.64,,1.12,0.82,2.43
Honduras,HND,2020,5.54,,1.11,0.71,2.7
Honduras,HND,2021,6.83,,1.14,0.77,3.77
Honduras,HND,2022,6.76,,1.04,0.69,3.88
Honduras,HND,2023,6.79,,1.04,0.69,3.88
Honduras,HND,2024,6.92,,1.18,0.75,3.8
Hong Kong,HKG,1965,0.0,0.0,0.0,0.0,0.0
Hong Kong,HKG,1966,0.0,0.0,0.0,0.0,0.0
Hong Kong,HKG,1967,0.0,0.0,0.0,0.0,0.0
Hong Kong,HKG,1968,0.0,0.0,0.0,0.0,0.0
Hong Kong,HKG,1969,0.0,0.0,0.0,0.0,0.0
Hong Kong,HKG,1970,0.0,0.0,0.0,0.0,0.0
Hong Kong,HKG,1971,0.0,0.0,0.0,0.0,0.0
Hong Kong,HKG,1972,0.0,0.0,0.0,0.0,0.0
Hong Kong,HKG,1973,0.0,0.0,0.0,0.0,0.0
Hong Kong,HKG,1974,0.0,0.0,0.0,0.0,0.0
Hong Kong,HKG,1975,0.0,0.0,0.0,0.0,0.0
Hong Kong,HKG,1976,0.0,0.0,0.0,0.0,0.0
Hong Kong,HKG,1977,0.0,0.0,0.0,0.0,0.0
Hong Kong,HKG,1978,0.0,0.0,0.0,0.0,0.0
Hong Kong,HKG,1979,0.0,0.0,0.0,0.0,0.0
Hong Kong,HKG,1980,0.0,0.0,0.0,0.0,0.0
Hong Kong,HKG,1981,0.0,0.0,0.0,0.0,0.0
Hong Kong,HKG,1982,0.0,0.0,0.0,0.0,0.0
Hong Kong,HKG,1983,0.0,0.0,0.0,0.0,0.0
Hong Kong,HKG,1984,0.0,0.0,0.0,0.0,0.0
Hong Kong,HKG,1985,0.0,0.0,0.0,0.0,0.0
Hong Kong,HKG,1986,0.0,0.0,0.0,0.0,0.0
Hong Kong,HKG,1987,0.0,0.0,0.0,0.0,0.0
Hong Kong,HKG,1988,0.0,0.0,0.0,0.0,0.0
Hong Kong,HKG,1989,0.0,0.0,0.0,0.0,0.0
Hong Kong,HKG,1990,0.0,0.0,0.0,0.0,0.0
Hong Kong,HKG,1991,0.0,0.0,0.0,0.0,0.0
Hong Kong,HKG,1992,0.0,0.0,0.0,0.0,0.0
Hong Kong,HKG,1993,0.0,0.0,0.0,0.0,0.0
Hong Kong,HKG,1994,0.0,0.0,0.0,0.0,0.0
Hong Kong,HKG,1995,0.0,0.0,0.0,0.0,0.0
Hong Kong,HKG,1996,0.0,0.0,0.0,0.0,0.0
Hong Kong,HKG,1997,0.0,0.0,0.0,0.0,0.0
Hong Kong,HKG,1998,0.0,0.0,0.0,0.0,0.0
Hong Kong,HKG,1999,0.0,0.0,0.0,0.0,0.0
Hong Kong,HKG,2000,0.0,0.0,0.0,0.0,0.0
Hong Kong,HKG,2001,0.0,0.0,0.0,0.0,0.0
Hong Kong,HKG,2002,0.0,0.0,0.0,0.0,0.0
Hong Kong,HKG,2003,0.0,0.0,0.0,0.0,0.0
Hong Kong,HKG,2004,0.0,0.0,0.0,0.0,0.0
Hong Kong,HKG,2005,0.0,0.0,0.0,0.0,0.0
Hong Kong,HKG,2006,0.0,0.001,0.0,0.0,0.0
Hong Kong,HKG,2007,0.0,0.001,0.0,0.0,0.0
Hong Kong,HKG,2008,0.0,0.001,0.0,0.0,0.0
Hong Kong,HKG,2009,0.0,0.001,0.0,0.0,0.0
Hong Kong,HKG,2010,0.04,0.053,0.0,0.0,0.0
Hong Kong,HKG,2011,0.04,0.137,0.0,0.0,0.0
Hong Kong,HKG,2012,0.04,0.061,0.0,0.0,0.0
Hong Kong,HKG,2013,0.04,0.16,0.0,0.0,0.0
Hong Kong,HKG,2014,0.04,0.151,0.0,0.0,0.0
Hong Kong,HKG,2015,0.07,0.205,0.0,0.0,0.0
Hong Kong,HKG,2016,0.14,0.206,0.0,0.0,0.0
Hong Kong,HKG,2017,0.15,0.209,0.01,0.0,0.0
Hong Kong,HKG,2018,0.15,0.24,0.01,0.0,0.0
Hong Kong,HKG,2019,0.16,0.253,0.02,0.0,0.0
Hong Kong,HKG,2020,0.19,0.462,0.05,0.0,0.0
Hong Kong,HKG,2021,0.26,0.654,0.12,0.0,0.0
Hong Kong,HKG,2022,0.33,0.927,0.18,0.0,0.0
Hong Kong,HKG,2023,0.36,1.048,0.2,0.0,0.0
Hong Kong,HKG,2024,0.39,1.048,0.23,0.0,0.0
Hungary,HUN,1965,0.075,0.113,0.0,0.0,0.075
Hungary,HUN,1966,0.1,0.148,0.0,0.0,0.1
Hungary,HUN,1967,0.082,0.127,0.0,0.0,0.082
Hungary,HUN,1968,0.089,0.133,0.0,0.0,0.089
Hungary,HUN,1969,0.095,0.133,0.0,0.0,0.095
Hungary,HUN,1970,0.088,0.114,0.0,0.0,0.088
Hungary,HUN,1971,0.096,0.121,0.0,0.0,0.096
Hungary,HUN,1972,0.11,0.134,0.0,0.0,0.11
Hungary,HUN,1973,0.101,0.114,0.0,0.0,0.101
Hungary,HUN,1974,0.081,0.088,0.0,0.0,0.081
Hungary,HUN,1975,0.163,0.168,0.0,0.0,0.163
Hungary,HUN,1976,0.165,0.159,0.0,0.0,0.165
Hungary,HUN,1977,0.149,0.137,0.0,0.0,0.149
Hungary,HUN,1978,0.138,0.118,0.0,0.0,0.138
Hungary,HUN,1979,0.146,0.126,0.0,0.0,0.146
Hungary,HUN,1980,0.112,0.097,0.0,0.0,0.112
Hungary,HUN,1981,0.168,0.146,0.0,0.0,0.168
Hungary,HUN,1982,0.159,0.138,0.0,0.0,0.159
Hungary,HUN,1983,0.155,0.137,0.0,0.0,0.155
Hungary,HUN,1984,0.181,0.156,0.0,0.0,0.181
Hungary,HUN,1985,0.155,0.129,0.0,0.0,0.155
Hungary,HUN,1986,0.154,0.129,0.0,0.0,0.154
Hungary,HUN,1987,0.169,0.136,0.0,0.0,0.169
Hungary,HUN,1988,0.169,0.139,0.0,0.0,0.169
Hungary,HUN,1989,0.158,0.133,0.0,0.0,0.158
Hungary,HUN,1990,0.2,0.17,0.0,0.0,0.18
Hungary,HUN,1991,0.21,0.204,0.0,0.0,0.19
Hungary,HUN,1992,0.21,0.202,0.0,0.0,0.16
Hungary,HUN,1993,0.21,0.21,0.0,0.0,0.17
Hungary,HUN,1994,0.21,0.208,0.0,0.0,0.16
Hungary,HUN,1995,0.22,0.22,0.0,0.0,0.16
Hungary,HUN,1996,0.26,0.251,0.0,0.0,0.21
Hungary,HUN,1997,0.27,0.269,0.0,0.0,0.22
Hungary,HUN,1998,0.22,0.214,0.0,0.0,0.16
Hungary,HUN,1999,0.24,0.245,0.0,0.0,0.18
Hungary,HUN,2000,0.24,0.249,0.0,0.0,0.18
Hungary,HUN,2001,0.26,0.256,0.0,0.0,0.19
Hungary,HUN,2002,0.23,0.238,0.0,0.0,0.19
Hungary,HUN,2003,0.33,0.345,0.0,0.0,0.17
Hungary,HUN,2004,0.94,0.985,0.0,0.01,0.2
Hungary,HUN,2005,1.87,1.882,0.0,0.01,0.2
Hungary,HUN,2006,1.49,1.557,0.0,0.04,0.19
Hungary,HUN,2007,1.88,2.042,0.0,0.11,0.21
Hungary,HUN,2008,2.35,3.095,0.0,0.2,0.21
Hungary,HUN,2009,2.89,3.947,0.0,0.33,0.23
Hungary,HUN,2010,3.02,3.999,0.0,0.53,0.19
Hungary,HUN,2011,2.71,3.672,0.0,0.63,0.22
Hungary,HUN,2012,2.64,3.807,0.01,0.77,0.21
Hungary,HUN,2013,2.78,4.115,0.02,0.72,0.21
Hungary,HUN,2014,3.16,4.82,0.07,0.66,0.3
Hungary,HUN,2015,3.22,4.593,0.14,0.69,0.23
Hungary,HUN,2016,3.25,4.567,0.24,0.68,0.26
Hungary,HUN,2017,3.48,4.454,0.35,0.76,0.22
Hungary,HUN,2018,3.77,4.84,0.63,0.61,0.22
Hungary,HUN,2019,4.7,5.632,1.5,0.73,0.22
Hungary,HUN,2020,5.52,6.807,2.46,0.65,0.24
Hungary,HUN,2021,6.91,7.724,3.8,0.66,0.21
Hungary,HUN,2022,7.66,8.957,4.73,0.61,0.18
Hungary,HUN,2023,9.38,10.886,6.93,0.65,0.22
Hungary,HUN,2024,11.96,12.706,9.2,0.69,0.23
Hungary,HUN,2025,14.21,12.706,10.98,0.6,0.23
Iceland,ISL,1965,0.641,23.831,0.0,0.0,0.641
Iceland,ISL,1966,0.624,22.105,0.0,0.0,0.624
Iceland,ISL,1967,0.664,23.785,0.0,0.0,0.664
Iceland,ISL,1968,0.687,23.237,0.0,0.0,0.687
Iceland,ISL,1969,0.862,29.321,0.0,0.0,0.86
Iceland,ISL,1970,1.425,40.212,0.0,0.0,1.413
Iceland,ISL,1971,1.552,40.226,0.0,0.0,1.54
Iceland,ISL,1972,1.724,41.135,0.0,0.0,1.703
Iceland,ISL,1973,2.205,43.569,0.0,0.0,2.181
Iceland,ISL,1974,2.264,45.902,0.0,0.0,2.258
Iceland,ISL,1975,2.224,47.037,0.0,0.0,2.206
Iceland,ISL,1976,2.369,48.49,0.0,0.0,2.349
Iceland,ISL,1977,2.536,49.072,0.0,0.0,2.52
Iceland,ISL,1978,2.623,48.615,0.0,0.0,2.605
Iceland,ISL,1979,2.865,50.983,0.0,0.0,2.819
Iceland,ISL,1980,3.098,54.467,0.0,0.0,3.053
Iceland,ISL,1981,3.208,55.389,0.0,0.0,3.085
Iceland,ISL,1982,3.566,60.156,0.0,0.0,3.407
Iceland,ISL,1983,3.76,61.455,0.0,0.0,3.588
Iceland,ISL,1984,3.911,60.739,0.0,0.0,3.738
Iceland,ISL,1985,3.834,60.158,0.0,0.0,3.663
Iceland,ISL,1986,4.054,60.87,0.0,0.0,3.842
Iceland,ISL,1987,4.148,60.367,0.0,0.0,3.914
Iceland,ISL,1988,4.41,60.846,0.0,0.0,4.164
Iceland,ISL,1989,4.471,59.57,0.0,0.0,4.213
Iceland,ISL,1990,4.437,59.083,0.0,0.0,4.154
Iceland,ISL,1991,4.421,60.295,0.0,0.0,4.154
Iceland,ISL,1992,4.534,59.704,0.0,0.0,4.304
Iceland,ISL,1993,4.715,59.777,0.0,0.0,4.461
Iceland,ISL,1994,4.768,59.774,0.0,0.0,4.509
Iceland,ISL,1995,4.965,60.333,0.0,0.0,4.677
Iceland,ISL,1996,5.105,58.579,0.0,0.0,4.762
Iceland,ISL,1997,5.574,61.043,0.0,0.0,5.201
Iceland,ISL,1998,6.268,63.559,0.0,0.0,5.616
Iceland,ISL,1999,7.178,66.566,0.0,0.0,6.042
Iceland,ISL,2000,7.61,67.054,0.0,0.0,6.29
Iceland,ISL,2001,7.96,68.986,0.0,0.0,6.51
Iceland,ISL,2002,8.34,69.06,0.0,0.0,6.91
Iceland,ISL,2003,8.43,69.009,0.0,0.0,7.02
Iceland,ISL,2004,8.54,68.283,0.0,0.0,7.06
Iceland,ISL,2005,8.61,68.112,0.0,0.0,6.95
Iceland,ISL,2006,9.85,70.76,0.0,0.0,7.22
Iceland,ISL,2007,11.89,74.337,0.0,0.0,8.31
Iceland,ISL,2008,16.34,81.016,0.0,0.0,12.3
Iceland,ISL,2009,16.71,82.491,0.0,0.0,12.16
Iceland,ISL,2010,16.74,83.047,0.0,0.0,12.51
Iceland,ISL,2011,16.85,83.32,0.0,0.0,12.38
Iceland,ISL,2012,17.29,83.699,0.0,0.0,12.21
Iceland,ISL,2013,17.99,83.281,0.0,0.0,12.75
Iceland,ISL,2014,17.8,83.012,0.0,0.01,12.55
Iceland,ISL,2015,18.55,82.168,0.0,0.01,13.54
Iceland,ISL,2016,18.17,80.357,0.0,0.01,13.09
Iceland,ISL,2017,19.07,79.303,0.0,0.01,13.89
Iceland,ISL,2018,19.69,78.7,0.0,0.0,13.68
Iceland,ISL,2019,19.36,80.843,0.0,0.01,13.33
Iceland,ISL,2020,18.89,86.126,0.0,0.01,12.92
Iceland,ISL,2021,19.39,84.494,0.0,0.01,13.58
Iceland,ISL,2022,19.87,82.075,0.0,0.01,13.94
Iceland,ISL,2023,19.81,81.843,0.0,0.01,14.1
Iceland,ISL,2024,19.05,80.498,0.01,0.01,13.46
India,IND,1965,19.167,8.643,0.0,0.0,19.167
India,IND,1966,20.015,8.758,0.0,0.0,20.015
India,IND,1967,22.398,9.507,0.0,0.0,22.398
India,IND,1968,25.849,10.267,0.0,0.0,25.849
India,IND,1969,28.7,10.283,0.0,0.0,28.7
India,IND,1970,30.436,11.151,0.0,0.0,30.436
India,IND,1971,33.384,11.763,0.0,0.0,33.384
India,IND,1972,32.403,10.844,0.0,0.0,32.403
India,IND,1973,34.507,11.316,0.0,0.0,34.507
India,IND,1974,33.203,10.271,0.0,0.0,33.203
India,IND,1975,39.669,11.421,0.0,0.0,39.669
India,IND,1976,41.498,11.392,0.0,0.0,41.498
India,IND,1977,45.277,11.753,0.0,0.0,45.277
India,IND,1978,56.175,14.048,0.0,0.0,56.175
India,IND,1979,54.169,12.826,0.0,0.0,54.169
India,IND,1980,55.441,12.743,0.0,0.0,55.441
India,IND,1981,59.083,12.261,0.0,0.0,59.083
India,IND,1982,49.86,10.437,0.0,0.0,49.86
India,IND,1983,48.043,9.558,0.0,0.0,48.043
India,IND,1984,53.682,10.001,0.0,0.0,53.682
India,IND,1985,51.813,9.14,0.0,0.0,51.813
India,IND,1986,52.569,8.662,0.0,0.0,52.569
India,IND,1987,48.963,7.582,0.0,0.0,48.963
India,IND,1988,54.615,7.771,0.0,0.0,54.615
India,IND,1989,63.37,8.257,0.0,0.0,63.37
India,IND,1990,66.465,8.068,0.0,0.03,66.397
India,IND,1991,74.127,8.531,0.0,0.113,73.919
India,IND,1992,70.269,7.687,0.0,0.088,70.061
India,IND,1993,71.079,7.588,0.0,0.095,70.732
India,IND,1994,80.784,8.187,0.0,0.191,80.212
India,IND,1995,76.982,7.258,0.001,0.496,75.921
India,IND,1996,70.698,6.408,0.006,0.878,69.058
India,IND,1997,72.187,6.202,0.006,0.988,70.211
India,IND,1998,86.01,6.971,0.006,1.079,83.633
India,IND,1999,85.388,6.735,0.006,1.446,82.249
India,IND,2000,80.27,6.042,0.01,1.58,76.99
India,IND,2001,76.19,5.693,0.01,2.09,72.02
India,IND,2002,72.78,5.218,0.01,2.09,68.54
India,IND,2003,74.63,5.144,0.02,2.6,69.3
India,IND,2004,109.2,6.887,0.02,5.23,100.64
India,IND,2005,107.47,6.359,0.02,5.99,97.42
India,IND,2006,127.56,7.134,0.01,9.34,112.62
India,IND,2007,141.75,7.276,0.06,11.68,122.61
India,IND,2008,138.91,6.712,0.06,14.38,115.17
India,IND,2009,133.25,5.965,0.08,16.27,106.34
India,IND,2010,141.53,6.057,0.11,19.46,108.74
India,IND,2011,171.94,6.967,0.83,23.95,131.7
India,IND,2012,161.83,6.208,2.1,27.43,115.78
India,IND,2013,182.99,6.75,3.43,30.01,131.98
India,IND,2014,198.5,6.829,4.91,33.45,139.0
India,IND,2015,191.67,6.357,7.09,32.74,133.48
India,IND,2016,201.4,6.37,12.2,43.45,128.55
India,IND,2017,225.96,6.793,22.36,52.63,135.98
India,IND,2018,256.08,7.307,37.45,60.31,139.92
India,IND,2019,282.04,8.108,37.45,63.31,162.29
India,IND,2020,297.16,8.893,52.91,60.43,163.94
India,IND,2021,315.45,8.657,65.59,68.09,160.57
India,IND,2022,364.35,9.421,95.92,70.05,175.09
India,IND,2023,369.97,8.861,115.42,82.11,149.43
India,IND,2024,403.39,9.146,143.07,81.54,156.53
India,IND,2025,500.98,9.146,195.99,103.98,177.97
Indonesia,IDN,1965,1.825,6.022,0.0,0.0,1.825
Indonesia,IDN,1966,2.373,7.898,0.0,0.0,2.373
Indonesia,IDN,1967,2.665,8.981,0.0,0.0,2.665
Indonesia,IDN,1968,3.292,10.412,0.0,0.0,3.292
Indonesia,IDN,1969,3.443,9.643,0.0,0.0,3.443
Indonesia,IDN,1970,4.185,10.946,0.0,0.0,4.185
Indonesia,IDN,1971,1.379,3.768,0.0,0.0,1.379
Indonesia,IDN,1972,1.233,3.176,0.0,0.0,1.233
Indonesia,IDN,1973,1.556,3.554,0.0,0.0,1.556
Indonesia,IDN,1974,1.724,3.674,0.0,0.0,1.724
Indonesia,IDN,1975,1.808,3.146,0.0,0.0,1.808
Indonesia,IDN,1976,1.061,1.756,0.0,0.0,1.061
Indonesia,IDN,1977,1.763,2.209,0.0,0.0,1.763
Indonesia,IDN,1978,1.26,1.402,0.0,0.0,1.26
Indonesia,IDN,1979,1.401,1.369,0.0,0.0,1.401
Indonesia,IDN,1980,1.268,1.154,0.0,0.0,1.268
Indonesia,IDN,1981,1.264,1.072,0.0,0.0,1.264
Indonesia,IDN,1982,1.379,1.147,0.0,0.0,1.379
Indonesia,IDN,1983,2.073,1.629,0.0,0.0,2.073
Indonesia,IDN,1984,2.263,1.616,0.0,0.0,2.263
Indonesia,IDN,1985,2.767,1.863,0.0,0.0,2.767
Indonesia,IDN,1986,4.455,2.811,0.0,0.0,4.455
Indonesia,IDN,1987,4.583,2.74,0.0,0.0,4.583
Indonesia,IDN,1988,5.034,2.851,0.0,0.0,5.034
Indonesia,IDN,1989,6.28,3.208,0.0,0.0,6.28
Indonesia,IDN,1990,7.62,3.597,0.0,0.0,6.492
Indonesia,IDN,1991,8.461,3.661,0.0,0.0,7.409
Indonesia,IDN,1992,10.731,4.219,0.0,0.0,9.645
Indonesia,IDN,1993,9.983,3.686,0.0,0.0,8.891
Indonesia,IDN,1994,9.587,3.404,0.0,0.0,7.983
Indonesia,IDN,1995,10.506,3.445,0.0,0.0,8.293
Indonesia,IDN,1996,11.167,3.415,0.0,0.0,8.824
Indonesia,IDN,1997,8.594,2.451,0.0,0.0,5.866
Indonesia,IDN,1998,13.65,3.927,0.0,0.0,10.363
Indonesia,IDN,1999,14.321,3.788,0.0,0.0,10.38
Indonesia,IDN,2000,19.6,3.699,0.0,0.0,10.02
Indonesia,IDN,2001,22.19,4.096,0.0,0.0,11.65
Indonesia,IDN,2002,21.0,3.647,0.0,0.0,9.93
Indonesia,IDN,2003,19.82,3.195,0.0,0.0,9.1
Indonesia,IDN,2004,20.97,3.415,0.0,0.0,9.67
Indonesia,IDN,2005,22.66,3.494,0.0,0.0,10.73
Indonesia,IDN,2006,21.18,3.234,0.0,0.0,9.62
Indonesia,IDN,2007,24.29,3.374,0.0,0.0,11.29
Indonesia,IDN,2008,26.34,3.62,0.0,0.0,11.53
Indonesia,IDN,2009,26.79,3.736,0.0,0.0,11.38
Indonesia,IDN,2010,34.63,4.417,0.0,0.0,17.46
Indonesia,IDN,2011,30.46,3.554,0.0,0.0,12.42
Indonesia,IDN,2012,31.11,3.577,0.0,0.0,12.8
Indonesia,IDN,2013,35.5,4.534,0.01,0.0,16.92
Indonesia,IDN,2014,34.41,4.708,0.01,0.0,15.16
Indonesia,IDN,2015,33.56,4.003,0.01,0.0,13.74
Indonesia,IDN,2016,39.58,5.81,0.02,0.01,18.68
Indonesia,IDN,2017,43.19,5.518,0.03,0.0,18.63
Indonesia,IDN,2018,48.38,8.029,0.09,0.19,21.64
Indonesia,IDN,2019,48.04,8.613,0.12,0.48,21.16
Indonesia,IDN,2020,52.89,10.644,0.17,0.47,24.33
Indonesia,IDN,2021,56.2,11.076,0.19,0.44,24.7
Indonesia,IDN,2022,65.41,10.208,0.44,0.36,27.3
Indonesia,IDN,2023,65.2,10.695,0.71,0.48,24.59
Indonesia,IDN,2024,67.21,10.954,1.35,0.47,27.29
Iran,IRN,1965,1.719,4.924,0.0,0.0,1.719
Iran,IRN,1966,1.847,4.854,0.0,0.0,1.847
Iran,IRN,1967,1.989,4.75,0.0,0.0,1.989
Iran,IRN,1968,2.139,4.647,0.0,0.0,2.139
Iran,IRN,1969,2.303,4.557,0.0,0.0,2.303
Iran,IRN,1970,2.479,4.159,0.0,0.0,2.479
Iran,IRN,1971,2.665,4.081,0.0,0.0,2.665
Iran,IRN,1972,3.5,4.729,0.0,0.0,3.5
Iran,IRN,1973,2.965,3.349,0.0,0.0,2.965
Iran,IRN,1974,3.266,3.253,0.0,0.0,3.266
Iran,IRN,1975,3.429,2.931,0.0,0.0,3.429
Iran,IRN,1976,3.836,2.913,0.0,0.0,3.836
Iran,IRN,1977,3.964,2.658,0.0,0.0,3.964
Iran,IRN,1978,6.209,4.263,0.0,0.0,6.209
Iran,IRN,1979,5.383,3.422,0.0,0.0,5.383
Iran,IRN,1980,5.582,3.828,0.0,0.0,5.582
Iran,IRN,1981,6.094,4.165,0.0,0.0,6.094
Iran,IRN,1982,6.395,3.872,0.0,0.0,6.395
Iran,IRN,1983,6.258,3.19,0.0,0.0,6.258
Iran,IRN,1984,5.851,2.759,0.0,0.0,5.851
Iran,IRN,1985,5.899,2.549,0.0,0.0,5.899
Iran,IRN,1986,7.05,3.253,0.0,0.0,7.05
Iran,IRN,1987,7.816,3.364,0.0,0.0,7.816
Iran,IRN,1988,8.246,3.481,0.0,0.0,8.246
Iran,IRN,1989,6.732,2.598,0.0,0.0,6.732
Iran,IRN,1990,7.381,2.531,0.0,0.0,7.381
Iran,IRN,1991,5.607,1.771,0.0,0.0,5.607
Iran,IRN,1992,9.204,2.631,0.0,0.0,9.204
Iran,IRN,1993,10.533,3.255,0.0,0.0,10.533
Iran,IRN,1994,6.896,1.901,0.0,0.0,6.896
Iran,IRN,1995,8.323,2.188,0.0,0.0,8.323
Iran,IRN,1996,8.814,2.13,0.0,0.0,8.814
Iran,IRN,1997,5.941,1.393,0.0,0.0,5.941
Iran,IRN,1998,7.488,1.685,0.0,0.0,7.488
Iran,IRN,1999,5.178,1.081,0.0,0.035,5.143
Iran,IRN,2000,3.82,0.76,0.0,0.04,3.78
Iran,IRN,2001,4.15,0.77,0.0,0.03,4.12
Iran,IRN,2002,8.04,1.356,0.0,0.03,8.01
Iran,IRN,2003,9.62,1.584,0.0,0.03,9.59
Iran,IRN,2004,11.98,1.774,0.0,0.05,11.93
Iran,IRN,2005,14.52,2.014,0.0,0.07,14.45
Iran,IRN,2006,18.64,2.353,0.0,0.13,18.51
Iran,IRN,2007,18.1,2.139,0.0,0.14,17.96
Iran,IRN,2008,7.64,0.867,0.0,0.2,7.44
Iran,IRN,2009,6.95,0.767,0.0,0.23,6.72
Iran,IRN,2010,10.43,1.106,0.0,0.17,10.25
Iran,IRN,2011,10.91,1.109,0.0,0.21,10.68
Iran,IRN,2012,12.8,1.284,0.0,0.28,12.5
Iran,IRN,2013,14.86,1.423,0.0,0.22,14.62
Iran,IRN,2014,14.75,1.349,0.0,0.2,14.5
Iran,IRN,2015,13.41,1.23,0.0,0.14,13.25
Iran,IRN,2016,15.6,1.344,0.0,0.16,15.42
Iran,IRN,2017,17.66,1.462,0.09,0.32,17.23
Iran,IRN,2018,10.83,0.864,0.22,0.75,9.84
Iran,IRN,2019,35.11,2.641,0.51,0.72,33.87
Iran,IRN,2020,24.93,1.802,0.58,1.13,23.2
Iran,IRN,2021,15.6,1.14,0.62,1.13,13.83
Iran,IRN,2022,15.77,1.112,0.62,1.13,14.0
Iran,IRN,2023,24.73,1.68,0.68,1.21,22.82
Iran,IRN,2024,21.05,1.433,0.9,1.25,18.87
Iran,IRN,2025,15.21,1.433,0.9,1.25,13.03
Iraq,IRQ,1965,0.071,0.854,0.0,0.0,0.071
Iraq,IRQ,1966,0.093,1.017,0.0,0.0,0.093
Iraq,IRQ,1967,0.106,1.151,0.0,0.0,0.106
Iraq,IRQ,1968,0.128,1.309,0.0,0.0,0.128
Iraq,IRQ,1969,0.141,1.249,0.0,0.0,0.141
Iraq,IRQ,1970,0.172,1.224,0.0,0.0,0.172
Iraq,IRQ,1971,0.2,1.297,0.0,0.0,0.2
Iraq,IRQ,1972,0.2,1.107,0.0,0.0,0.2
Iraq,IRQ,1973,0.29,1.634,0.0,0.0,0.29
Iraq,IRQ,1974,0.4,2.302,0.0,0.0,0.4
Iraq,IRQ,1975,0.461,2.427,0.0,0.0,0.461
Iraq,IRQ,1976,0.459,1.921,0.0,0.0,0.459
Iraq,IRQ,1977,0.566,2.264,0.0,0.0,0.566
Iraq,IRQ,1978,0.708,2.671,0.0,0.0,0.708
Iraq,IRQ,1979,1.032,3.11,0.0,0.0,1.032
Iraq,IRQ,1980,0.69,1.894,0.0,0.0,0.69
Iraq,IRQ,1981,0.61,1.791,0.0,0.0,0.61
Iraq,IRQ,1982,0.6,1.7,0.0,0.0,0.6
Iraq,IRQ,1983,0.6,1.48,0.0,0.0,0.6
Iraq,IRQ,1984,0.61,1.358,0.0,0.0,0.61
Iraq,IRQ,1985,0.61,1.184,0.0,0.0,0.61
Iraq,IRQ,1986,0.6,1.011,0.0,0.0,0.6
Iraq,IRQ,1987,2.6,3.719,0.0,0.0,2.6
Iraq,IRQ,1988,2.6,3.211,0.0,0.0,2.6
Iraq,IRQ,1989,2.6,2.827,0.0,0.0,2.6
Iraq,IRQ,1990,4.65,5.453,0.0,0.0,4.65
Iraq,IRQ,1991,2.145,3.982,0.0,0.0,2.145
Iraq,IRQ,1992,5.219,6.114,0.0,0.0,5.219
Iraq,IRQ,1993,6.162,5.43,0.0,0.0,6.162
Iraq,IRQ,1994,6.248,4.862,0.0,0.0,6.248
Iraq,IRQ,1995,7.12,5.564,0.0,0.0,7.12
Iraq,IRQ,1996,6.489,5.065,0.0,0.0,6.489
Iraq,IRQ,1997,6.608,4.349,0.0,0.0,6.608
Iraq,IRQ,1998,6.198,5.437,0.0,0.0,6.198
Iraq,IRQ,1999,3.559,4.325,0.0,0.0,3.559
Iraq,IRQ,2000,0.61,2.757,0.0,0.0,0.61
Iraq,IRQ,2001,0.62,2.842,0.0,0.0,0.62
Iraq,IRQ,2002,0.52,3.656,0.0,0.0,0.52
Iraq,IRQ,2003,0.43,4.274,0.0,0.0,0.43
Iraq,IRQ,2004,0.49,4.794,0.0,0.0,0.49
Iraq,IRQ,2005,6.0,4.279,0.0,0.0,6.0
Iraq,IRQ,2006,6.1,4.466,0.0,0.0,6.1
Iraq,IRQ,2007,5.74,4.029,0.0,0.0,5.74
Iraq,IRQ,2008,3.48,2.24,0.0,0.0,3.48
Iraq,IRQ,2009,3.23,2.191,0.0,0.0,3.23
Iraq,IRQ,2010,4.77,2.404,0.0,0.0,4.77
Iraq,IRQ,2011,3.4,2.177,0.0,0.0,3.4
Iraq,IRQ,2012,4.39,2.572,0.0,0.0,4.39
Iraq,IRQ,2013,4.81,2.456,0.05,0.0,4.76
Iraq,IRQ,2014,2.99,1.544,0.06,0.0,2.93
Iraq,IRQ,2015,2.61,1.4,0.06,0.0,2.55
Iraq,IRQ,2016,3.43,1.709,0.06,0.0,3.37
Iraq,IRQ,2017,2.24,0.934,0.06,0.0,2.18
Iraq,IRQ,2018,1.88,0.877,0.06,0.0,1.82
Iraq,IRQ,2019,5.02,1.982,0.06,0.0,4.96
Iraq,IRQ,2020,4.54,1.887,0.38,0.0,4.16
Iraq,IRQ,2021,3.73,1.484,0.38,0.0,3.35
Iraq,IRQ,2022,3.03,1.095,0.38,0.0,2.65
Iraq,IRQ,2023,1.76,0.598,0.38,0.0,1.38
Iraq,IRQ,2024,2.43,0.584,0.43,0.0,2.0
Ireland,IRL,1965,0.942,3.877,0.0,0.0,0.942
Ireland,IRL,1966,0.849,3.117,0.0,0.0,0.849
Ireland,IRL,1967,0.802,2.718,0.0,0.0,0.802
Ireland,IRL,1968,0.768,2.228,0.0,0.0,0.768
Ireland,IRL,1969,0.581,1.682,0.0,0.0,0.581
Ireland,IRL,1970,0.802,2.946,0.0,0.0,0.802
Ireland,IRL,1971,0.465,1.643,0.0,0.0,0.465
Ireland,IRL,1972,0.686,2.296,0.0,0.0,0.686
Ireland,IRL,1973,0.64,2.036,0.0,0.0,0.64
Ireland,IRL,1974,0.791,2.475,0.0,0.0,0.791
Ireland,IRL,1975,0.523,1.75,0.0,0.0,0.523
Ireland,IRL,1976,0.593,1.944,0.0,0.0,0.593
Ireland,IRL,1977,0.744,2.289,0.0,0.0,0.744
Ireland,IRL,1978,0.698,2.062,0.0,0.0,0.698
Ireland,IRL,1979,0.826,2.213,0.0,0.0,0.826
Ireland,IRL,1980,0.837,2.32,0.0,0.0,0.837
Ireland,IRL,1981,0.861,2.443,0.0,0.0,0.861
Ireland,IRL,1982,0.802,2.295,0.0,0.0,0.802
Ireland,IRL,1983,0.779,2.261,0.0,0.0,0.779
Ireland,IRL,1984,0.686,2.012,0.0,0.0,0.686
Ireland,IRL,1985,0.837,2.34,0.0,0.0,0.837
Ireland,IRL,1986,0.919,2.378,0.0,0.0,0.919
Ireland,IRL,1987,0.686,1.755,0.0,0.0,0.686
Ireland,IRL,1988,0.872,2.243,0.0,0.0,0.872
Ireland,IRL,1989,0.698,1.741,0.0,0.0,0.698
Ireland,IRL,1990,0.7,1.644,0.0,0.0,0.7
Ireland,IRL,1991,0.75,1.694,0.0,0.0,0.75
Ireland,IRL,1992,0.83,1.858,0.0,0.01,0.82
Ireland,IRL,1993,0.78,1.727,0.0,0.02,0.76
Ireland,IRL,1994,0.94,1.995,0.0,0.02,0.92
Ireland,IRL,1995,0.73,1.517,0.0,0.02,0.71
Ireland,IRL,1996,0.76,1.511,0.0,0.01,0.72
Ireland,IRL,1997,0.81,1.563,0.0,0.05,0.68
Ireland,IRL,1998,1.18,2.094,0.0,0.17,0.92
Ireland,IRL,1999,1.13,1.907,0.0,0.19,0.85
Ireland,IRL,2000,1.19,1.92,0.0,0.25,0.85
Ireland,IRL,2001,1.04,1.57,0.0,0.34,0.6
Ireland,IRL,2002,1.38,2.106,0.0,0.39,0.91
Ireland,IRL,2003,1.15,1.775,0.0,0.46,0.6
Ireland,IRL,2004,1.41,2.123,0.0,0.67,0.63
Ireland,IRL,2005,1.89,2.716,0.0,1.13,0.63
Ireland,IRL,2006,2.5,3.451,0.0,1.65,0.72
Ireland,IRL,2007,2.84,3.934,0.0,1.99,0.67
Ireland,IRL,2008,3.64,5.203,0.0,2.45,0.97
Ireland,IRL,2009,4.16,6.704,0.0,3.0,0.9
Ireland,IRL,2010,3.77,6.149,0.0,2.86,0.6
Ireland,IRL,2011,5.5,9.032,0.0,4.45,0.71
Ireland,IRL,2012,5.32,8.861,0.0,4.08,0.8
Ireland,IRL,2013,5.71,9.648,0.0,4.62,0.6
Ireland,IRL,2014,6.47,10.938,0.0,5.22,0.71
Ireland,IRL,2015,7.97,12.506,0.0,6.68,0.81
Ireland,IRL,2016,7.61,11.537,0.0,6.25,0.68
Ireland,IRL,2017,9.01,13.692,0.01,7.57,0.69
Ireland,IRL,2018,10.34,15.142,0.02,8.78,0.69
Ireland,IRL,2019,11.95,17.39,0.03,10.18,0.89
Ireland,IRL,2020,13.65,20.819,0.06,11.74,0.93
Ireland,IRL,2021,11.76,17.799,0.08,9.94,0.75
Ireland,IRL,2022,13.25,19.42,0.15,11.39,0.7
Ireland,IRL,2023,14.28,21.82,0.65,11.86,0.94
Ireland,IRL,2024,14.46,22.18,1.09,11.6,0.77
Ireland,IRL,2025,14.9,22.18,1.47,11.76,0.65
Israel,ISR,1965,0.0,0.0,0.0,0.0,0.0
Israel,ISR,1966,0.0,0.0,0.0,0.0,0.0
Israel,ISR,1967,0.0,0.0,0.0,0.0,0.0
Israel,ISR,1968,0.0,0.0,0.0,0.0,0.0
Israel,ISR,1969,0.0,0.0,0.0,0.0,0.0
Israel,ISR,1970,0.0,0.0,0.0,0.0,0.0
Israel,ISR,1971,0.0,0.0,0.0,0.0,0.0
Israel,ISR,1972,0.0,0.0,0.0,0.0,0.0
Israel,ISR,1973,0.0,0.0,0.0,0.0,0.0
Israel,ISR,1974,0.0,0.0,0.0,0.0,0.0
Israel,ISR,1975,0.0,0.0,0.0,0.0,0.0
Israel,ISR,1976,0.0,0.0,0.0,0.0,0.0
Israel,ISR,1977,0.0,0.0,0.0,0.0,0.0
Israel,ISR,1978,0.0,0.0,0.0,0.0,0.0
Israel,ISR,1979,0.0,0.0,0.0,0.0,0.0
Israel,ISR,1980,0.0,0.0,0.0,0.0,0.0
Israel,ISR,1981,0.002,0.006,0.0,0.0,0.002
Israel,ISR,1982,0.002,0.005,0.0,0.0,0.002
Israel,ISR,1983,0.001,0.003,0.0,0.0,0.001
Israel,ISR,1984,0.002,0.005,0.0,0.0,0.002
Israel,ISR,1985,0.002,0.006,0.0,0.0,0.002
Israel,ISR,1986,0.006,0.016,0.0,0.0,0.006
Israel,ISR,1987,0.01,0.025,0.0,0.0,0.01
Israel,ISR,1988,0.01,0.023,0.0,0.0,0.01
Israel,ISR,1989,0.003,0.007,0.0,0.0,0.003
Israel,ISR,1990,0.003,0.006,0.0,0.0,0.003
Israel,ISR,1991,0.006,0.013,0.0,0.0,0.006
Israel,ISR,1992,0.029,0.053,0.0,0.0,0.029
Israel,ISR,1993,0.026,0.043,0.0,0.0,0.026
Israel,ISR,1994,0.023,0.037,0.0,0.0,0.023
Israel,ISR,1995,0.025,0.036,0.0,0.0,0.025
Israel,ISR,1996,0.024,0.033,0.0,0.0,0.024
Israel,ISR,1997,0.025,0.031,0.0,0.0,0.025
Israel,ISR,1998,0.025,0.03,0.0,0.0,0.025
Israel,ISR,1999,0.033,0.038,0.0,0.0,0.033
Israel,ISR,2000,0.03,0.038,0.0,0.0,0.03
Israel,ISR,2001,0.02,0.024,0.0,0.01,0.01
Israel,ISR,2002,0.03,0.088,0.0,0.01,0.02
Israel,ISR,2003,0.04,0.099,0.0,0.01,0.03
Israel,ISR,2004,0.04,0.094,0.0,0.01,0.03
Israel,ISR,2005,0.04,0.117,0.0,0.01,0.03
Israel,ISR,2006,0.02,0.068,0.0,0.01,0.01
Israel,ISR,2007,0.02,0.06,0.0,0.01,0.01
Israel,ISR,2008,0.04,0.069,0.0,0.01,0.02
Israel,ISR,2009,0.09,0.149,0.02,0.01,0.02
Israel,ISR,2010,0.17,0.222,0.07,0.01,0.03
Israel,ISR,2011,0.3,0.353,0.19,0.01,0.03
Israel,ISR,2012,0.49,0.502,0.37,0.01,0.03
Israel,ISR,2013,0.57,0.583,0.49,0.01,0.03
Israel,ISR,2014,0.96,0.987,0.88,0.01,0.01
Israel,ISR,2015,1.22,1.269,1.12,0.01,0.02
Israel,ISR,2016,1.7,1.746,1.54,0.05,0.0
Israel,ISR,2017,1.69,1.75,1.51,0.18,0.0
Israel,ISR,2018,1.88,1.89,1.57,0.18,0.0
Israel,ISR,2019,3.51,2.903,3.21,0.19,0.0
Israel,ISR,2020,4.44,4.024,4.1,0.2,0.02
Israel,ISR,2021,5.82,4.889,5.52,0.18,0.02
Israel,ISR,2022,7.47,5.387,7.05,0.29,0.02
Israel,ISR,2023,9.13,7.83,8.56,0.46,0.0
Israel,ISR,2024,11.1,9.795,10.52,0.46,0.01
Israel,ISR,2025,13.9,9.795,13.28,0.46,0.0
Italy,ITA,1965,45.31,13.761,0.0,0.0,42.634
Italy,ITA,1966,47.071,13.179,0.0,0.0,43.72
Italy,ITA,1967,45.815,11.842,0.0,0.0,42.34
Italy,ITA,1968,46.294,11.071,0.0,0.0,42.677
Italy,ITA,1969,44.978,9.995,0.0,0.0,41.166
Italy,ITA,1970,44.601,8.984,0.0,0.0,40.373
Italy,ITA,1971,43.288,8.281,0.0,0.0,39.079
Italy,ITA,1972,45.155,8.224,0.0,0.0,41.348
Italy,ITA,1973,41.368,7.222,0.0,0.0,37.523
Italy,ITA,1974,42.04,7.35,0.0,0.0,37.795
Italy,ITA,1975,45.007,8.029,0.0,0.0,41.021
Italy,ITA,1976,42.988,7.263,0.0,0.0,39.176
Italy,ITA,1977,54.869,9.228,0.0,0.0,51.139
Italy,ITA,1978,49.302,8.097,0.0,0.0,45.491
Italy,ITA,1979,49.772,7.925,0.0,0.0,45.947
Italy,ITA,1980,49.204,8.044,0.0,0.0,45.244
Italy,ITA,1981,46.503,7.759,0.0,0.0,43.034
Italy,ITA,1982,44.982,7.661,0.0,0.0,41.461
Italy,ITA,1983,44.838,7.798,0.0,0.0,41.445
Italy,ITA,1984,45.873,7.856,0.0,0.0,42.401
Italy,ITA,1985,43.928,7.548,0.0,0.0,41.092
Italy,ITA,1986,44.121,7.384,0.0,0.0,41.096
Italy,ITA,1987,42.748,6.95,0.0,0.0,39.505
Italy,ITA,1988,44.015,6.984,0.0,0.0,40.676
Italy,ITA,1989,37.393,5.772,0.002,0.002,34.057
Italy,ITA,1990,34.9,4.568,0.0,0.0,31.63
Italy,ITA,1991,45.53,6.125,0.0,0.0,42.24
Italy,ITA,1992,45.77,6.129,0.01,0.0,42.2
Italy,ITA,1993,45.22,6.154,0.01,0.0,41.42
Italy,ITA,1994,48.25,6.574,0.01,0.01,44.66
Italy,ITA,1995,41.46,5.386,0.01,0.01,37.78
Italy,ITA,1996,46.22,5.983,0.01,0.03,42.04
Italy,ITA,1997,46.19,5.928,0.01,0.12,41.6
Italy,ITA,1998,46.48,5.959,0.02,0.23,41.22
Italy,ITA,1999,51.32,6.543,0.02,0.4,45.37
Italy,ITA,2000,50.87,6.853,0.02,0.56,44.2
Italy,ITA,2001,54.35,7.295,0.02,1.18,46.81
Italy,ITA,2002,48.31,6.453,0.02,1.4,39.52
Italy,ITA,2003,46.86,6.06,0.02,1.46,36.67
Italy,ITA,2004,53.87,6.893,0.03,1.84,42.34
Italy,ITA,2005,48.43,6.161,0.03,2.34,36.07
Italy,ITA,2006,50.64,6.427,0.04,2.97,36.99
Italy,ITA,2007,47.72,6.173,0.04,4.03,32.82
Italy,ITA,2008,58.16,7.803,0.19,4.86,41.62
Italy,ITA,2009,69.26,10.127,0.68,6.54,49.14
Italy,ITA,2010,76.97,10.921,1.91,9.12,51.12
Italy,ITA,2011,82.95,11.912,10.8,9.85,45.82
Italy,ITA,2012,92.22,13.499,18.86,13.41,41.87
Italy,ITA,2013,112.0,16.96,21.59,14.9,52.77
Italy,ITA,2014,120.68,18.517,22.31,15.18,58.55
Italy,ITA,2015,108.89,16.66,22.94,14.84,45.54
Italy,ITA,2016,108.01,16.412,22.1,17.69,42.43
Italy,ITA,2017,103.89,15.675,24.38,17.74,36.2
Italy,ITA,2018,114.41,17.059,22.65,17.72,48.79
Italy,ITA,2019,115.83,17.412,23.69,20.2,46.32
Italy,ITA,2020,116.9,19.399,24.94,18.76,47.55
Italy,ITA,2021,116.33,18.014,25.04,20.93,45.39
Italy,ITA,2022,100.46,15.951,28.12,20.49,28.4
Italy,ITA,2023,116.52,18.854,30.71,23.59,40.52
Italy,ITA,2024,134.24,20.931,35.99,22.22,53.13
Italy,ITA,2025,129.11,20.931,44.63,21.48,41.7
Jamaica,JAM,2000,0.31,,0.0,0.0,0.11
Jamaica,JAM,2001,0.23,,0.0,0.0,0.06
Jamaica,JAM,2002,0.15,,0.0,0.0,0.09
Jamaica,JAM,2003,0.18,,0.0,0.0,0.12
Jamaica,JAM,2004,0.23,,0.0,0.03,0.13
Jamaica,JAM,2005,0.27,,0.0,0.05,0.15
Jamaica,JAM,2006,0.28,,0.0,0.05,0.16
Jamaica,JAM,2007,0.3,,0.0,0.05,0.16
Jamaica,JAM,2008,0.26,,0.0,0.05,0.16
Jamaica,JAM,2009,0.33,,0.0,0.06,0.14
Jamaica,JAM,2010,0.33,,0.0,0.05,0.15
Jamaica,JAM,2011,0.38,,0.0,0.09,0.15
Jamaica,JAM,2012,0.44,,0.0,0.11,0.15
Jamaica,JAM,2013,0.4,,0.0,0.12,0.12
Jamaica,JAM,2014,0.42,,0.01,0.12,0.14
Jamaica,JAM,2015,0.44,,0.01,0.13,0.13
Jamaica,JAM,2016,0.55,,0.01,0.21,0.12
Jamaica,JAM,2017,0.51,,0.04,0.25,0.15
Jamaica,JAM,2018,0.58,,0.05,0.3,0.18
Jamaica,JAM,2019,0.59,,0.09,0.27,0.16
Jamaica,JAM,2020,0.59,,0.12,0.28,0.14
Jamaica,JAM,2021,0.58,,0.13,0.26,0.14
Jamaica,JAM,2022,0.58,,0.13,0.27,0.12
Jamaica,JAM,2023,0.58,,0.13,0.27,0.12
Jamaica,JAM,2024,0.62,,0.15,0.29,0.12
Japan,JPN,1965,76.07,11.622,0.0,0.0,76.07
Japan,JPN,1966,79.35,10.676,0.0,0.0,79.35
Japan,JPN,1967,68.55,8.208,0.0,0.0,68.55
Japan,JPN,1968,73.45,7.982,0.0,0.0,73.45
Japan,JPN,1969,75.35,7.019,0.0,0.0,75.35
Japan,JPN,1970,75.643,6.173,0.0,0.0,75.4
Japan,JPN,1971,84.436,6.579,0.0,0.0,84.2
Japan,JPN,1972,85.349,6.21,0.0,0.0,85.1
Japan,JPN,1973,67.032,4.439,0.0,0.0,66.778
Japan,JPN,1974,82.988,5.551,0.0,0.0,82.68
Japan,JPN,1975,83.785,5.661,0.0,0.0,83.406
Japan,JPN,1976,83.958,5.443,0.0,0.0,83.59
Japan,JPN,1977,73.502,4.786,0.0,0.0,72.968
Japan,JPN,1978,70.875,4.52,0.0,0.0,70.047
Japan,JPN,1979,81.843,5.129,0.0,0.0,80.743
Japan,JPN,1980,89.383,5.813,0.0,0.0,88.292
Japan,JPN,1981,88.731,5.864,0.0,0.0,87.594
Japan,JPN,1982,91.477,6.312,0.0,0.0,81.606
Japan,JPN,1983,95.303,6.397,0.0,0.0,84.273
Japan,JPN,1984,83.736,5.444,0.0,0.0,71.617
Japan,JPN,1985,95.573,6.056,0.0,0.0,82.874
Japan,JPN,1986,94.619,6.014,0.0,0.0,80.816
Japan,JPN,1987,89.579,5.468,0.0,0.0,74.787
Japan,JPN,1988,106.278,6.138,0.0,0.0,90.291
Japan,JPN,1989,108.788,6.123,0.0,0.0,91.741
Japan,JPN,1990,98.236,5.368,0.001,0.0,86.895
Japan,JPN,1991,106.068,5.6,0.001,0.0,94.416
Japan,JPN,1992,91.907,4.805,0.01,0.0,80.046
Japan,JPN,1993,104.163,5.348,0.023,0.001,92.58
Japan,JPN,1994,77.964,3.887,0.029,0.001,64.462
Japan,JPN,1995,93.129,4.483,0.04,0.001,78.793
Japan,JPN,1996,92.477,4.371,0.054,0.002,77.173
Japan,JPN,1997,102.975,4.773,0.096,0.001,86.44
Japan,JPN,1998,105.402,4.961,0.143,0.007,89.079
Japan,JPN,1999,100.533,4.664,0.218,0.036,83.792
Japan,JPN,2000,101.03,4.603,0.34,0.11,84.47
Japan,JPN,2001,98.32,4.508,0.5,0.25,81.54
Japan,JPN,2002,98.64,4.514,0.69,0.41,80.6
Japan,JPN,2003,112.13,5.098,0.95,0.83,92.47
Japan,JPN,2004,112.43,5.023,1.27,1.44,91.67
Japan,JPN,2005,102.79,4.52,1.63,1.91,77.56
Japan,JPN,2006,114.47,5.011,2.0,2.13,88.81
Japan,JPN,2007,101.76,4.499,2.31,2.74,74.51
Japan,JPN,2008,101.98,4.561,2.59,2.94,75.16
Japan,JPN,2009,97.28,4.756,3.05,3.43,70.47
Japan,JPN,2010,118.24,5.404,3.98,3.93,88.5
Japan,JPN,2011,113.5,5.447,5.44,4.46,82.49
Japan,JPN,2012,111.33,5.379,7.37,4.73,77.1
Japan,JPN,2013,120.55,5.829,12.91,5.13,79.33
Japan,JPN,2014,133.9,6.604,23.55,5.01,81.71
Japan,JPN,2015,154.02,7.685,34.54,5.22,85.77
Japan,JPN,2016,151.77,7.593,43.33,5.34,79.43
Japan,JPN,2017,163.3,8.029,54.04,6.22,79.24
Japan,JPN,2018,175.34,8.65,61.22,7.37,81.0
Japan,JPN,2019,176.41,8.871,67.43,7.46,73.92
Japan,JPN,2020,193.03,10.457,75.92,8.41,78.33
Japan,JPN,2021,208.14,10.814,84.18,9.54,79.63
Japan,JPN,2022,213.19,11.154,91.07,9.42,74.87
Japan,JPN,2023,222.86,11.965,96.36,9.96,74.53
Japan,JPN,2024,233.11,12.697,96.7,11.54,79.45
Japan,JPN,2025,242.73,12.697,101.06,12.85,73.9
Jordan,JOR,2000,0.04,,0.0,0.0,0.04
Jordan,JOR,2001,0.04,,0.0,0.0,0.04
Jordan,JOR,2002,0.05,,0.0,0.0,0.05
Jordan,JOR,2003,0.05,,0.0,0.0,0.04
Jordan,JOR,2004,0.06,,0.0,0.0,0.05
Jordan,JOR,2005,0.06,,0.0,0.0,0.06
Jordan,JOR,2006,0.06,,0.0,0.0,0.05
Jordan,JOR,2007,0.07,,0.0,0.0,0.06
Jordan,JOR,2008,0.07,,0.0,0.0,0.06
Jordan,JOR,2009,0.07,,0.0,0.0,0.06
Jordan,JOR,2010,0.07,,0.0,0.0,0.06
Jordan,JOR,2011,0.06,,0.0,0.0,0.05
Jordan,JOR,2012,0.07,,0.0,0.0,0.06
Jordan,JOR,2013,0.06,,0.0,0.0,0.05
Jordan,JOR,2014,0.07,,0.0,0.0,0.06
Jordan,JOR,2015,0.23,,0.05,0.12,0.05
Jordan,JOR,2016,0.86,,0.43,0.39,0.04
Jordan,JOR,2017,1.4,,0.91,0.45,0.04
Jordan,JOR,2018,2.16,,1.43,0.71,0.02
Jordan,JOR,2019,2.96,,2.06,0.88,0.02
Jordan,JOR,2020,3.92,,2.52,1.38,0.02
Jordan,JOR,2021,4.91,,3.29,1.6,0.02
Jordan,JOR,2022,5.22,,3.45,1.75,0.02
Jordan,JOR,2023,5.22,,3.45,1.75,0.02
Jordan,JOR,2024,5.7,,3.93,1.75,0.02
Kazakhstan,KAZ,1985,5.21,1.82,0.0,0.0,5.21
Kazakhstan,KAZ,1986,4.782,1.633,0.0,0.0,4.782
Kazakhstan,KAZ,1987,5.732,1.915,0.0,0.0,5.732
Kazakhstan,KAZ,1988,6.991,2.254,0.0,0.0,6.991
Kazakhstan,KAZ,1989,7.292,2.388,0.0,0.0,7.292
Kazakhstan,KAZ,1990,7.366,2.384,0.0,0.0,7.366
Kazakhstan,KAZ,1991,7.2,2.333,0.0,0.0,7.2
Kazakhstan,KAZ,1992,6.866,2.254,0.0,0.0,6.866
Kazakhstan,KAZ,1993,7.629,2.838,0.0,0.0,7.629
Kazakhstan,KAZ,1994,9.179,3.836,0.0,0.0,9.179
Kazakhstan,KAZ,1995,8.331,3.875,0.0,0.0,8.331
Kazakhstan,KAZ,1996,7.331,3.917,0.0,0.0,7.331
Kazakhstan,KAZ,1997,6.499,3.938,0.0,0.0,6.499
Kazakhstan,KAZ,1998,6.141,3.95,0.0,0.0,6.141
Kazakhstan,KAZ,1999,6.132,4.197,0.0,0.0,6.132
Kazakhstan,KAZ,2000,7.53,5.679,0.0,0.0,7.53
Kazakhstan,KAZ,2001,8.08,5.382,0.0,0.0,8.08
Kazakhstan,KAZ,2002,8.89,5.767,0.0,0.0,8.89
Kazakhstan,KAZ,2003,8.62,5.074,0.0,0.0,8.62
Kazakhstan,KAZ,2004,8.06,4.463,0.0,0.0,8.06
Kazakhstan,KAZ,2005,7.86,4.196,0.0,0.0,7.86
Kazakhstan,KAZ,2006,7.77,3.832,0.0,0.0,7.77
Kazakhstan,KAZ,2007,8.17,3.613,0.0,0.0,8.17
Kazakhstan,KAZ,2008,7.46,3.104,0.0,0.0,7.46
Kazakhstan,KAZ,2009,6.88,3.18,0.0,0.0,6.88
Kazakhstan,KAZ,2010,8.02,3.426,0.0,0.0,8.02
Kazakhstan,KAZ,2011,7.88,2.948,0.0,0.0,7.88
Kazakhstan,KAZ,2012,7.64,2.703,0.0,0.0,7.64
Kazakhstan,KAZ,2013,7.73,2.709,0.0,0.0,7.73
Kazakhstan,KAZ,2014,8.27,2.743,0.0,0.01,8.26
Kazakhstan,KAZ,2015,9.45,3.77,0.05,0.13,9.27
Kazakhstan,KAZ,2016,11.98,4.246,0.09,0.27,11.62
Kazakhstan,KAZ,2017,11.64,3.815,0.09,0.34,11.21
Kazakhstan,KAZ,2018,10.91,3.445,0.14,0.39,10.38
Kazakhstan,KAZ,2019,11.09,3.447,0.39,0.71,9.99
Kazakhstan,KAZ,2020,11.94,4.014,1.24,1.03,9.66
Kazakhstan,KAZ,2021,12.59,3.78,1.63,1.75,9.21
Kazakhstan,KAZ,2022,13.28,3.995,1.77,2.31,9.2
Kazakhstan,KAZ,2023,14.46,4.179,1.87,3.78,8.8
Kazakhstan,KAZ,2024,18.03,5.12,1.87,4.91,11.25
Kazakhstan,KAZ,2025,18.38,5.12,2.04,5.83,10.51
Kenya,KEN,2000,1.74,,0.0,0.0,1.31
Kenya,KEN,2001,2.86,,0.0,0.0,2.38
Kenya,KEN,2002,3.95,,0.0,0.0,3.09
Kenya,KEN,2003,4.49,,0.0,0.0,3.23
Kenya,KEN,2004,4.34,,0.0,0.0,2.84
Kenya,KEN,2005,4.47,,0.0,0.0,3.0
Kenya,KEN,2006,4.72,,0.0,0.0,3.24
Kenya,KEN,2007,4.94,,0.0,0.0,3.45
Kenya,KEN,2008,4.47,,0.0,0.0,2.82
Kenya,KEN,2009,3.97,,0.0,0.01,2.15
Kenya,KEN,2010,5.33,,0.0,0.02,3.39
Kenya,KEN,2011,5.42,,0.01,0.02,3.42
Kenya,KEN,2012,6.33,,0.01,0.01,4.26
Kenya,KEN,2013,6.33,,0.03,0.01,3.91
Kenya,KEN,2014,7.03,,0.05,0.02,3.28
Kenya,KEN,2015,8.81,,0.05,0.06,3.75
Kenya,KEN,2016,8.64,,0.06,0.06,3.31
Kenya,KEN,2017,8.76,,0.07,0.06,3.17
Kenya,KEN,2018,9.75,,0.09,0.38,3.99
Kenya,KEN,2019,10.25,,0.09,1.56,3.21
Kenya,KEN,2020,10.93,,0.09,1.33,4.23
Kenya,KEN,2021,11.12,,0.17,1.99,3.67
Kenya,KEN,2022,11.38,,0.42,2.14,3.04
Kenya,KEN,2023,11.49,,0.58,2.01,2.67
Kenya,KEN,2024,12.13,,0.66,2.17,3.1
Kenya,KEN,2025,12.64,,0.65,2.3,2.94
Kiribati,KIR,2000,0.0,,0.0,0.0,0.0
Kiribati,KIR,2001,0.0,,0.0,0.0,0.0
Kiribati,KIR,2002,0.0,,0.0,0.0,0.0
Kiribati,KIR,2003,0.0,,0.0,0.0,0.0
Kiribati,KIR,2004,0.0,,0.0,0.0,0.0
Kiribati,KIR,2005,0.0,,0.0,0.0,0.0
Kiribati,KIR,2006,0.0,,0.0,0.0,0.0
Kiribati,KIR,2007,0.0,,0.0,0.0,0.0
Kiribati,KIR,2008,0.0,,0.0,0.0,0.0
Kiribati,KIR,2009,0.0,,0.0,0.0,0.0
Kiribati,KIR,2010,0.0,,0.0,0.0,0.0
Kiribati,KIR,2011,0.0,,0.0,0.0,0.0
Kiribati,KIR,2012,0.0,,0.0,0.0,0.0
Kiribati,KIR,2013,0.0,,0.0,0.0,0.0
Kiribati,KIR,2014,0.0,,0.0,0.0,0.0
Kiribati,KIR,2015,0.0,,0.0,0.0,0.0
Kiribati,KIR,2016,0.0,,0.0,0.0,0.0
Kiribati,KIR,2017,0.0,,0.0,0.0,0.0
Kiribati,KIR,2018,0.0,,0.0,0.0,0.0
Kiribati,KIR,2019,0.01,,0.01,0.0,0.0
Kiribati,KIR,2020,0.01,,0.01,0.0,0.0
Kiribati,KIR,2021,0.01,,0.01,0.0,0.0
Kiribati,KIR,2022,0.01,,0.01,0.0,0.0
Kiribati,KIR,2023,0.01,,0.01,0.0,0.0
Kiribati,KIR,2024,0.01,,0.01,0.0,0.0
Kosovo,,2000,0.05,,0.0,,0.05
Kosovo,,2001,0.05,,0.0,,0.05
Kosovo,,2002,0.05,,0.0,,0.05
Kosovo,,2003,0.05,,0.0,,0.05
Kosovo,,2004,0.11,,0.0,,0.11
Kosovo,,2005,0.11,,0.0,,0.11
Kosovo,,2006,0.1,,0.0,,0.1
Kosovo,,2007,0.09,,0.0,,0.09
Kosovo,,2008,0.08,,0.0,,0.08
Kosovo,,2009,0.12,,0.0,,0.12
Kosovo,,2010,0.16,,0.0,0.0,0.16
Kosovo,,2011,0.1,,0.0,0.0,0.1
Kosovo,,2012,0.1,,0.0,0.0,0.1
Kosovo,,2013,0.14,,0.0,0.0,0.14
Kosovo,,2014,0.15,,0.0,0.0,0.15
Kosovo,,2015,0.14,,0.0,0.0,0.14
Kosovo,,2016,0.25,,0.0,0.0,0.25
Kosovo,,2017,0.18,,0.0,0.0,0.18
Kosovo,,2018,0.3,,0.0,0.03,0.27
Kosovo,,2019,0.31,,0.01,0.09,0.21
Kosovo,,2020,0.36,,0.01,0.09,0.26
Kosovo,,2021,0.45,,0.02,0.13,0.3
Kosovo,,2022,0.45,,0.02,0.13,0.3
Kosovo,,2023,0.8,,0.01,0.4,0.39
Kosovo,,2024,0.58,,0.01,0.36,0.21
Kosovo,,2025,0.59,,0.01,0.35,0.23
Kuwait,KWT,1965,0.0,0.0,0.0,0.0,0.0
Kuwait,KWT,1966,0.0,0.0,0.0,0.0,0.0
Kuwait,KWT,1967,0.0,0.0,0.0,0.0,0.0
Kuwait,KWT,1968,0.0,0.0,0.0,0.0,0.0
Kuwait,KWT,1969,0.0,0.0,0.0,0.0,0.0
Kuwait,KWT,1970,0.0,0.0,0.0,0.0,0.0
Kuwait,KWT,1971,0.0,0.0,0.0,0.0,0.0
Kuwait,KWT,1972,0.0,0.0,0.0,0.0,0.0
Kuwait,KWT,1973,0.0,0.0,0.0,0.0,0.0
Kuwait,KWT,1974,0.0,0.0,0.0,0.0,0.0
Kuwait,KWT,1975,0.0,0.0,0.0,0.0,0.0
Kuwait,KWT,1976,0.0,0.0,0.0,0.0,0.0
Kuwait,KWT,1977,0.0,0.0,0.0,0.0,0.0
Kuwait,KWT,1978,0.0,0.0,0.0,0.0,0.0
Kuwait,KWT,1979,0.0,0.0,0.0,0.0,0.0
Kuwait,KWT,1980,0.0,0.0,0.0,0.0,0.0
Kuwait,KWT,1981,0.0,0.0,0.0,0.0,0.0
Kuwait,KWT,1982,0.0,0.0,0.0,0.0,0.0
Kuwait,KWT,1983,0.0,0.0,0.0,0.0,0.0
Kuwait,KWT,1984,0.0,0.0,0.0,0.0,0.0
Kuwait,KWT,1985,0.0,0.0,0.0,0.0,0.0
Kuwait,KWT,1986,0.0,0.0,0.0,0.0,0.0
Kuwait,KWT,1987,0.0,0.0,0.0,0.0,0.0
Kuwait,KWT,1988,0.0,0.0,0.0,0.0,0.0
Kuwait,KWT,1989,0.0,0.0,0.0,0.0,0.0
Kuwait,KWT,1990,0.0,0.0,0.0,0.0,0.0
Kuwait,KWT,1991,0.0,0.0,0.0,0.0,0.0
Kuwait,KWT,1992,0.0,0.0,0.0,0.0,0.0
Kuwait,KWT,1993,0.0,0.0,0.0,0.0,0.0
Kuwait,KWT,1994,0.0,0.0,0.0,0.0,0.0
Kuwait,KWT,1995,0.0,0.0,0.0,0.0,0.0
Kuwait,KWT,1996,0.0,0.0,0.0,0.0,0.0
Kuwait,KWT,1997,0.0,0.0,0.0,0.0,0.0
Kuwait,KWT,1998,0.0,0.0,0.0,0.0,0.0
Kuwait,KWT,1999,0.0,0.0,0.0,0.0,0.0
Kuwait,KWT,2000,0.0,0.0,0.0,0.0,0.0
Kuwait,KWT,2001,0.0,0.0,0.0,0.0,0.0
Kuwait,KWT,2002,0.0,0.0,0.0,0.0,0.0
Kuwait,KWT,2003,0.0,0.0,0.0,0.0,0.0
Kuwait,KWT,2004,0.0,0.0,0.0,0.0,0.0
Kuwait,KWT,2005,0.0,0.0,0.0,0.0,0.0
Kuwait,KWT,2006,0.0,0.0,0.0,0.0,0.0
Kuwait,KWT,2007,0.0,0.0,0.0,0.0,0.0
Kuwait,KWT,2008,0.0,0.0,0.0,0.0,0.0
Kuwait,KWT,2009,0.0,0.0,0.0,0.0,0.0
Kuwait,KWT,2010,0.0,0.0,0.0,0.0,0.0
Kuwait,KWT,2011,0.0,0.0,0.0,0.0,0.0
Kuwait,KWT,2012,0.0,0.0,0.0,0.0,0.0
Kuwait,KWT,2013,0.01,0.0,0.0,0.01,0.0
Kuwait,KWT,2014,0.01,0.002,0.0,0.01,0.0
Kuwait,KWT,2015,0.01,0.003,0.0,0.01,0.0
Kuwait,KWT,2016,0.02,0.026,0.01,0.01,0.0
Kuwait,KWT,2017,0.04,0.028,0.01,0.03,0.0
Kuwait,KWT,2018,0.09,0.028,0.05,0.04,0.0
Kuwait,KWT,2019,0.1,0.035,0.06,0.04,0.0
Kuwait,KWT,2020,0.09,0.037,0.06,0.03,0.0
Kuwait,KWT,2021,0.21,0.111,0.14,0.07,0.0
Kuwait,KWT,2022,1.9,0.093,0.18,1.72,0.0
Kuwait,KWT,2023,1.91,0.084,0.19,1.72,0.0
Kuwait,KWT,2024,2.07,0.076,0.21,1.86,0.0
Kuwait,KWT,2025,2.07,0.076,0.21,1.86,0.0
Kyrgyzstan,KGZ,2000,13.55,,0.0,0.0,13.55
Kyrgyzstan,KGZ,2001,12.31,,0.0,0.0,12.31
Kyrgyzstan,KGZ,2002,10.68,,0.0,0.0,10.68
Kyrgyzstan,KGZ,2003,13.38,,0.0,0.0,13.38
Kyrgyzstan,KGZ,2004,13.95,,0.0,0.0,13.95
Kyrgyzstan,KGZ,2005,12.66,,0.0,0.0,12.66
Kyrgyzstan,KGZ,2006,12.35,,0.0,0.0,12.35
Kyrgyzstan,KGZ,2007,12.61,,0.0,0.0,12.61
Kyrgyzstan,KGZ,2008,10.02,,0.0,0.0,10.02
Kyrgyzstan,KGZ,2009,10.11,,0.0,0.0,10.11
Kyrgyzstan,KGZ,2010,11.0,,0.0,0.0,11.0
Kyrgyzstan,KGZ,2011,14.0,,0.0,0.0,14.0
Kyrgyzstan,KGZ,2012,14.04,,0.0,0.0,14.04
Kyrgyzstan,KGZ,2013,13.0,,0.0,0.0,13.0
Kyrgyzstan,KGZ,2014,13.16,,0.0,0.0,13.16
Kyrgyzstan,KGZ,2015,10.99,,0.0,0.0,10.99
Kyrgyzstan,KGZ,2016,11.38,,0.0,0.0,11.38
Kyrgyzstan,KGZ,2017,14.06,,0.0,0.0,14.06
Kyrgyzstan,KGZ,2018,14.17,,0.0,0.0,14.17
Kyrgyzstan,KGZ,2019,13.71,,0.0,0.0,13.71
Kyrgyzstan,KGZ,2020,13.98,,0.0,0.0,13.98
Kyrgyzstan,KGZ,2021,12.96,,0.0,0.0,12.96
Kyrgyzstan,KGZ,2022,11.9,,0.0,0.0,11.9
Kyrgyzstan,KGZ,2023,11.76,,0.0,0.0,11.76
Kyrgyzstan,KGZ,2024,14.0,,0.0,0.0,14.0
Kyrgyzstan,KGZ,2025,13.37,,0.0,0.0,13.37
Laos,LAO,2000,3.28,,0.0,0.0,3.28
Laos,LAO,2001,3.3,,0.0,0.0,3.3
Laos,LAO,2002,3.21,,0.0,0.0,3.21
Laos,LAO,2003,2.83,,0.0,0.0,2.83
Laos,LAO,2004,3.0,,0.0,0.0,3.0
Laos,LAO,2005,3.51,,0.0,0.0,3.51
Laos,LAO,2006,3.6,,0.0,0.0,3.6
Laos,LAO,2007,3.37,,0.0,0.0,3.37
Laos,LAO,2008,3.72,,0.0,0.0,3.72
Laos,LAO,2009,3.37,,0.0,0.0,3.37
Laos,LAO,2010,8.36,,0.0,0.0,8.36
Laos,LAO,2011,12.84,,0.0,0.0,12.84
Laos,LAO,2012,12.93,,0.0,0.0,12.93
Laos,LAO,2013,15.36,,0.0,0.0,15.35
Laos,LAO,2014,15.12,,0.0,0.0,15.12
Laos,LAO,2015,13.9,,0.0,0.0,13.9
Laos,LAO,2016,17.53,,0.0,0.0,17.53
Laos,LAO,2017,20.14,,0.01,0.0,20.1
Laos,LAO,2018,22.4,,0.02,0.0,22.33
Laos,LAO,2019,19.83,,0.04,0.0,19.74
Laos,LAO,2020,28.61,,0.04,0.0,28.51
Laos,LAO,2021,33.02,,0.07,0.0,32.9
Laos,LAO,2022,38.86,,0.08,0.0,38.74
Laos,LAO,2023,40.12,,0.08,0.0,40.0
Laos,LAO,2024,40.13,,0.09,0.0,40.0
Latvia,LVA,1985,2.979,7.824,0.0,0.0,2.979
Latvia,LVA,1986,3.001,8.486,0.0,0.0,3.001
Latvia,LVA,1987,3.699,11.486,0.0,0.0,3.699
Latvia,LVA,1988,3.001,9.862,0.0,0.0,3.001
Latvia,LVA,1989,3.606,11.87,0.0,0.0,3.606
Latvia,LVA,1990,4.5,14.555,0.0,0.0,4.5
Latvia,LVA,1991,3.28,11.502,0.0,0.0,3.28
Latvia,LVA,1992,2.52,12.318,0.0,0.0,2.52
Latvia,LVA,1993,2.88,16.32,0.0,0.0,2.88
Latvia,LVA,1994,3.31,19.401,0.0,0.0,3.31
Latvia,LVA,1995,2.94,18.407,0.0,0.0,2.94
Latvia,LVA,1996,1.86,12.483,0.0,0.0,1.86
Latvia,LVA,1997,2.95,19.779,0.0,0.0,2.95
Latvia,LVA,1998,4.32,26.66,0.0,0.0,4.32
Latvia,LVA,1999,2.76,19.963,0.0,0.0,2.76
Latvia,LVA,2000,2.82,20.891,0.0,0.0,2.82
Latvia,LVA,2001,2.83,19.382,0.0,0.0,2.83
Latvia,LVA,2002,2.48,16.668,0.0,0.01,2.46
Latvia,LVA,2003,2.34,15.783,0.0,0.05,2.27
Latvia,LVA,2004,3.2,19.121,0.0,0.05,3.11
Latvia,LVA,2005,3.42,19.73,0.0,0.05,3.33
Latvia,LVA,2006,2.79,16.884,0.0,0.05,2.7
Latvia,LVA,2007,2.82,16.497,0.0,0.05,2.73
Latvia,LVA,2008,3.21,18.494,0.0,0.06,3.11
Latvia,LVA,2009,3.56,21.616,0.0,0.05,3.46
Latvia,LVA,2010,3.64,19.887,0.0,0.05,3.52
Latvia,LVA,2011,3.08,18.86,0.0,0.07,2.89
Latvia,LVA,2012,4.11,24.023,0.0,0.11,3.71
Latvia,LVA,2013,3.53,21.731,0.0,0.12,2.91
Latvia,LVA,2014,2.8,18.958,0.0,0.14,1.99
Latvia,LVA,2015,2.78,18.663,0.0,0.15,1.86
Latvia,LVA,2016,3.48,21.134,0.0,0.13,2.53
Latvia,LVA,2017,5.46,29.607,0.0,0.15,4.38
Latvia,LVA,2018,3.49,22.387,0.0,0.12,2.43
Latvia,LVA,2019,3.19,19.894,0.0,0.15,2.11
Latvia,LVA,2020,3.64,24.894,0.0,0.18,2.6
Latvia,LVA,2021,3.72,24.165,0.01,0.14,2.71
Latvia,LVA,2022,3.82,26.646,0.08,0.19,2.75
Latvia,LVA,2023,4.96,31.776,0.24,0.27,3.79
Latvia,LVA,2024,4.65,29.669,0.54,0.28,3.21
Latvia,LVA,2025,4.58,29.669,0.82,0.22,2.93
Lebanon,LBN,2000,0.44,,0.0,0.0,0.44
Lebanon,LBN,2001,0.33,,0.0,0.0,0.33
Lebanon,LBN,2002,0.67,,0.0,0.0,0.67
Lebanon,LBN,2003,1.35,,0.0,0.0,1.35
Lebanon,LBN,2004,1.11,,0.0,0.0,1.11
Lebanon,LBN,2005,1.04,,0.0,0.0,1.04
Lebanon,LBN,2006,0.69,,0.0,0.0,0.69
Lebanon,LBN,2007,0.58,,0.0,0.0,0.58
Lebanon,LBN,2008,0.37,,0.0,0.0,0.37
Lebanon,LBN,2009,0.62,,0.0,0.0,0.62
Lebanon,LBN,2010,0.83,,0.0,0.0,0.83
Lebanon,LBN,2011,0.8,,0.0,0.0,0.8
Lebanon,LBN,2012,1.0,,0.0,0.0,1.0
Lebanon,LBN,2013,1.26,,0.0,0.0,1.26
Lebanon,LBN,2014,0.21,,0.01,0.01,0.19
Lebanon,LBN,2015,0.5,,0.02,0.01,0.47
Lebanon,LBN,2016,0.43,,0.04,0.01,0.38
Lebanon,LBN,2017,0.48,,0.06,0.01,0.41
Lebanon,LBN,2018,0.47,,0.09,0.01,0.34
Lebanon,LBN,2019,1.12,,0.12,0.01,0.96
Lebanon,LBN,2020,1.23,,0.14,0.01,1.05
Lebanon,LBN,2021,0.96,,0.31,0.01,0.61
Lebanon,LBN,2022,1.99,,1.26,0.01,0.69
Lebanon,LBN,2023,2.14,,1.4,0.01,0.7
Lebanon,LBN,2024,2.34,,1.6,0.01,0.7
Lesotho,LSO,2000,0.29,,0.0,0.0,0.29
Lesotho,LSO,2001,0.28,,0.0,0.0,0.28
Lesotho,LSO,2002,0.31,,0.0,0.0,0.31
Lesotho,LSO,2003,0.32,,0.0,0.0,0.32
Lesotho,LSO,2004,0.3,,0.0,0.0,0.3
Lesotho,LSO,2005,0.46,,0.0,0.0,0.46
Lesotho,LSO,2006,0.52,,0.0,0.0,0.52
Lesotho,LSO,2007,0.55,,0.0,0.0,0.55
Lesotho,LSO,2008,0.58,,0.0,0.0,0.58
Lesotho,LSO,2009,0.65,,0.0,0.0,0.65
Lesotho,LSO,2010,0.69,,0.0,0.0,0.69
Lesotho,LSO,2011,0.49,,0.0,0.0,0.49
Lesotho,LSO,2012,0.49,,0.0,0.0,0.49
Lesotho,LSO,2013,0.51,,0.0,0.0,0.51
Lesotho,LSO,2014,0.52,,0.0,0.0,0.52
Lesotho,LSO,2015,0.53,,0.0,0.0,0.53
Lesotho,LSO,2016,0.52,,0.0,0.0,0.52
Lesotho,LSO,2017,0.54,,0.0,0.0,0.54
Lesotho,LSO,2018,0.52,,0.0,0.0,0.52
Lesotho,LSO,2019,0.39,,0.0,0.0,0.39
Lesotho,LSO,2020,0.43,,0.0,0.0,0.43
Lesotho,LSO,2021,0.53,,0.0,0.0,0.53
Lesotho,LSO,2022,0.48,,0.0,0.0,0.48
Lesotho,LSO,2023,0.0,,0.0,0.0,0.0
Lesotho,LSO,2024,0.0,,0.0,0.0,0.0
Liberia,LBR,2000,0.0,,0.0,0.0,0.0
Liberia,LBR,2001,0.0,,0.0,0.0,0.0
Liberia,LBR,2002,0.0,,0.0,0.0,0.0
Liberia,LBR,2003,0.0,,0.0,0.0,0.0
Liberia,LBR,2004,0.0,,0.0,0.0,0.0
Liberia,LBR,2005,0.0,,0.0,0.0,0.0
Liberia,LBR,2006,0.0,,0.0,0.0,0.0
Liberia,LBR,2007,0.0,,0.0,0.0,0.0
Liberia,LBR,2008,0.0,,0.0,0.0,0.0
Liberia,LBR,2009,0.0,,0.0,0.0,0.0
Liberia,LBR,2010,0.0,,0.0,0.0,0.0
Liberia,LBR,2011,0.0,,0.0,0.0,0.0
Liberia,LBR,2012,0.0,,0.0,0.0,0.0
Liberia,LBR,2013,0.0,,0.0,0.0,0.0
Liberia,LBR,2014,0.0,,0.0,0.0,0.0
Liberia,LBR,2015,0.0,,0.0,0.0,0.0
Liberia,LBR,2016,0.0,,0.0,0.0,0.0
Liberia,LBR,2017,0.0,,0.0,0.0,0.0
Liberia,LBR,2018,0.13,,0.0,0.0,0.13
Liberia,LBR,2019,0.13,,0.0,0.0,0.13
Liberia,LBR,2020,0.13,,0.0,0.0,0.13
Liberia,LBR,2021,0.13,,0.0,0.0,0.13
Liberia,LBR,2022,0.13,,0.0,0.0,0.13
Liberia,LBR,2023,0.35,,0.0,0.0,0.35
Liberia,LBR,2024,0.31,,0.01,0.0,0.3
Libya,LBY,2000,0.0,,0.0,0.0,0.0
Libya,LBY,2001,0.0,,0.0,0.0,0.0
Libya,LBY,2002,0.0,,0.0,0.0,0.0
Libya,LBY,2003,0.0,,0.0,0.0,0.0
Libya,LBY,2004,0.0,,0.0,0.0,0.0
Libya,LBY,2005,0.0,,0.0,0.0,0.0
Libya,LBY,2006,0.0,,0.0,0.0,0.0
Libya,LBY,2007,0.0,,0.0,0.0,0.0
Libya,LBY,2008,0.0,,0.0,0.0,0.0
Libya,LBY,2009,0.0,,0.0,0.0,0.0
Libya,LBY,2010,0.01,,0.01,0.0,0.0
Libya,LBY,2011,0.01,,0.01,0.0,0.0
Libya,LBY,2012,0.01,,0.01,0.0,0.0
Libya,LBY,2013,0.01,,0.01,0.0,0.0
Libya,LBY,2014,0.01,,0.01,0.0,0.0
Libya,LBY,2015,0.01,,0.01,0.0,0.0
Libya,LBY,2016,0.01,,0.01,0.0,0.0
Libya,LBY,2017,0.01,,0.01,0.0,0.0
Libya,LBY,2018,0.01,,0.01,0.0,0.0
Libya,LBY,2019,0.01,,0.01,0.0,0.0
Libya,LBY,2020,0.01,,0.01,0.0,0.0
Libya,LBY,2021,0.01,,0.01,0.0,0.0
Libya,LBY,2022,0.01,,0.01,0.0,0.0
Libya,LBY,2023,0.01,,0.01,0.0,0.0
Libya,LBY,2024,0.01,,0.01,0.0,0.0
Lithuania,LTU,1985,0.393,0.607,0.0,0.0,0.393
Lithuania,LTU,1986,0.384,0.643,0.0,0.0,0.384
Lithuania,LTU,1987,0.362,0.578,0.0,0.0,0.362
Lithuania,LTU,1988,0.384,0.585,0.0,0.0,0.384
Lithuania,LTU,1989,0.384,0.541,0.0,0.0,0.384
Lithuania,LTU,1990,0.41,0.59,0.0,0.0,0.41
Lithuania,LTU,1991,0.34,0.457,0.0,0.0,0.34
Lithuania,LTU,1992,0.31,0.662,0.0,0.0,0.31
Lithuania,LTU,1993,0.39,1.064,0.0,0.0,0.39
Lithuania,LTU,1994,0.45,1.418,0.0,0.0,0.45
Lithuania,LTU,1995,0.37,1.051,0.0,0.0,0.37
Lithuania,LTU,1996,0.33,0.843,0.0,0.0,0.33
Lithuania,LTU,1997,0.3,0.822,0.0,0.0,0.3
Lithuania,LTU,1998,0.42,1.083,0.0,0.0,0.42
Lithuania,LTU,1999,0.41,1.314,0.0,0.0,0.41
Lithuania,LTU,2000,0.34,1.209,0.0,0.0,0.34
Lithuania,LTU,2001,0.33,1.01,0.0,0.0,0.33
Lithuania,LTU,2002,0.35,1.01,0.0,0.0,0.35
Lithuania,LTU,2003,0.33,0.896,0.0,0.0,0.32
Lithuania,LTU,2004,0.43,1.144,0.0,0.0,0.42
Lithuania,LTU,2005,0.46,1.363,0.0,0.0,0.45
Lithuania,LTU,2006,0.43,1.571,0.0,0.01,0.4
Lithuania,LTU,2007,0.58,2.221,0.0,0.11,0.42
Lithuania,LTU,2008,0.6,2.403,0.0,0.13,0.4
Lithuania,LTU,2009,0.68,2.737,0.0,0.16,0.42
Lithuania,LTU,2010,0.91,4.494,0.0,0.22,0.54
Lithuania,LTU,2011,1.11,5.089,0.0,0.47,0.48
Lithuania,LTU,2012,1.18,5.654,0.0,0.54,0.42
Lithuania,LTU,2013,1.53,7.556,0.05,0.6,0.52
Lithuania,LTU,2014,1.51,7.885,0.07,0.64,0.4
Lithuania,LTU,2015,1.68,8.308,0.07,0.81,0.35
Lithuania,LTU,2016,2.1,9.468,0.07,1.14,0.45
Lithuania,LTU,2017,2.53,10.892,0.07,1.36,0.6
Lithuania,LTU,2018,2.2,9.533,0.09,1.14,0.43
Lithuania,LTU,2019,2.47,10.436,0.09,1.5,0.35
Lithuania,LTU,2020,2.57,11.356,0.13,1.55,0.3
Lithuania,LTU,2021,2.62,12.011,0.19,1.36,0.38
Lithuania,LTU,2022,3.02,14.382,0.34,1.51,0.46
Lithuania,LTU,2023,4.44,18.719,0.69,2.54,0.45
Lithuania,LTU,2024,6.23,23.414,1.4,3.41,0.44
Lithuania,LTU,2025,6.9,23.414,1.67,3.99,0.35
Luxembourg,LUX,1965,0.086,0.574,0.0,0.0,0.086
Luxembourg,LUX,1966,0.078,0.539,0.0,0.0,0.078
Luxembourg,LUX,1967,0.088,0.618,0.0,0.0,0.088
Luxembourg,LUX,1968,0.09,0.584,0.0,0.0,0.09
Luxembourg,LUX,1969,0.078,0.472,0.0,0.0,0.078
Luxembourg,LUX,1970,0.086,0.502,0.0,0.0,0.086
Luxembourg,LUX,1971,0.049,0.295,0.0,0.0,0.049
Luxembourg,LUX,1972,0.057,0.338,0.0,0.0,0.057
Luxembourg,LUX,1973,0.051,0.281,0.0,0.0,0.051
Luxembourg,LUX,1974,0.075,0.409,0.0,0.0,0.075
Luxembourg,LUX,1975,0.065,0.426,0.0,0.0,0.065
Luxembourg,LUX,1976,0.041,0.268,0.0,0.0,0.041
Luxembourg,LUX,1977,0.092,0.656,0.0,0.0,0.079
Luxembourg,LUX,1978,0.09,0.62,0.0,0.0,0.075
Luxembourg,LUX,1979,0.098,0.655,0.0,0.0,0.082
Luxembourg,LUX,1980,0.101,0.735,0.0,0.0,0.086
Luxembourg,LUX,1981,0.11,0.938,0.0,0.0,0.092
Luxembourg,LUX,1982,0.1,0.909,0.0,0.0,0.082
Luxembourg,LUX,1983,0.098,0.951,0.0,0.0,0.081
Luxembourg,LUX,1984,0.105,0.948,0.0,0.0,0.086
Luxembourg,LUX,1985,0.088,0.773,0.0,0.0,0.07
Luxembourg,LUX,1986,0.103,0.926,0.0,0.0,0.086
Luxembourg,LUX,1987,0.122,1.163,0.0,0.0,0.1
Luxembourg,LUX,1988,0.115,1.071,0.0,0.0,0.092
Luxembourg,LUX,1989,0.089,0.724,0.0,0.0,0.07
Luxembourg,LUX,1990,0.08,0.629,0.0,0.0,0.07
Luxembourg,LUX,1991,0.09,0.694,0.0,0.0,0.08
Luxembourg,LUX,1992,0.08,0.578,0.0,0.0,0.07
Luxembourg,LUX,1993,0.08,0.572,0.0,0.0,0.07
Luxembourg,LUX,1994,0.11,0.733,0.0,0.0,0.09
Luxembourg,LUX,1995,0.11,0.9,0.0,0.0,0.09
Luxembourg,LUX,1996,0.08,0.616,0.0,0.0,0.06
Luxembourg,LUX,1997,0.1,0.855,0.0,0.0,0.08
Luxembourg,LUX,1998,0.15,1.224,0.0,0.01,0.12
Luxembourg,LUX,1999,0.13,0.99,0.0,0.02,0.09
Luxembourg,LUX,2000,0.16,1.296,0.0,0.02,0.12
Luxembourg,LUX,2001,0.17,1.186,0.0,0.02,0.12
Luxembourg,LUX,2002,0.15,0.975,0.0,0.02,0.1
Luxembourg,LUX,2003,0.14,0.872,0.0,0.03,0.08
Luxembourg,LUX,2004,0.19,1.057,0.01,0.04,0.1
Luxembourg,LUX,2005,0.21,1.108,0.02,0.05,0.09
Luxembourg,LUX,2006,0.25,1.321,0.02,0.06,0.11
Luxembourg,LUX,2007,0.26,2.484,0.02,0.06,0.12
Luxembourg,LUX,2008,0.28,2.585,0.02,0.06,0.13
Luxembourg,LUX,2009,0.27,2.554,0.02,0.06,0.11
Luxembourg,LUX,2010,0.27,2.428,0.02,0.06,0.11
Luxembourg,LUX,2011,0.24,2.491,0.03,0.06,0.06
Luxembourg,LUX,2012,0.31,2.902,0.04,0.08,0.1
Luxembourg,LUX,2013,0.36,3.551,0.07,0.08,0.12
Luxembourg,LUX,2014,0.4,4.242,0.09,0.08,0.11
Luxembourg,LUX,2015,0.43,4.903,0.1,0.1,0.1
Luxembourg,LUX,2016,0.46,5.297,0.1,0.1,0.12
Luxembourg,LUX,2017,0.6,6.526,0.11,0.23,0.09
Luxembourg,LUX,2018,0.68,6.964,0.12,0.25,0.09
Luxembourg,LUX,2019,0.8,7.718,0.13,0.28,0.11
Luxembourg,LUX,2020,0.97,10.605,0.16,0.35,0.09
Luxembourg,LUX,2021,0.99,9.928,0.18,0.31,0.11
Luxembourg,LUX,2022,1.04,11.035,0.28,0.31,0.06
Luxembourg,LUX,2023,1.26,12.572,0.29,0.5,0.09
Luxembourg,LUX,2024,1.37,14.278,0.36,0.46,0.11
Luxembourg,LUX,2025,1.41,14.278,0.47,0.47,0.05
Macao,MAC,2000,0.0,,0.0,0.0,0.0
Macao,MAC,2001,0.06,,0.0,0.0,0.0
Macao,MAC,2002,0.07,,0.0,0.0,0.0
Macao,MAC,2003,0.15,,0.0,0.0,0.0
Macao,MAC,2004,0.15,,0.0,0.0,0.0
Macao,MAC,2005,0.16,,0.0,0.0,0.0
Macao,MAC,2006,0.17,,0.0,0.0,0.0
Macao,MAC,2007,0.17,,0.0,0.0,0.0
Macao,MAC,2008,0.18,,0.0,0.0,0.0
Macao,MAC,2009,0.18,,0.0,0.0,0.0
Macao,MAC,2010,0.2,,0.0,0.0,0.0
Macao,MAC,2011,0.21,,0.0,0.0,0.0
Macao,MAC,2012,0.23,,0.0,0.0,0.0
Macao,MAC,2013,0.24,,0.0,0.0,0.0
Macao,MAC,2014,0.26,,0.0,0.0,0.0
Macao,MAC,2015,0.2,,0.0,0.0,0.0
Macao,MAC,2016,0.2,,0.0,0.0,0.0
Macao,MAC,2017,0.21,,0.0,0.0,0.0
Macao,MAC,2018,0.18,,0.0,0.0,0.0
Macao,MAC,2019,0.22,,0.0,0.0,0.0
Macao,MAC,2020,0.19,,0.0,0.0,0.0
Macao,MAC,2021,0.21,,0.0,0.0,0.0
Macao,MAC,2022,0.2,,0.0,0.0,0.0
Macao,MAC,2023,0.22,,0.0,0.0,0.0
Macao,MAC,2024,0.24,,0.0,0.0,0.0
Madagascar,MDG,2000,0.55,,0.0,0.0,0.54
Madagascar,MDG,2001,0.54,,0.0,0.0,0.53
Madagascar,MDG,2002,0.55,,0.0,0.0,0.54
Madagascar,MDG,2003,0.61,,0.0,0.0,0.6
Madagascar,MDG,2004,0.64,,0.0,0.0,0.63
Madagascar,MDG,2005,0.65,,0.0,0.0,0.64
Madagascar,MDG,2006,0.64,,0.0,0.0,0.63
Madagascar,MDG,2007,0.72,,0.0,0.0,0.71
Madagascar,MDG,2008,0.7,,0.0,0.0,0.69
Madagascar,MDG,2009,0.74,,0.0,0.0,0.73
Madagascar,MDG,2010,0.71,,0.0,0.0,0.7
Madagascar,MDG,2011,0.7,,0.0,0.0,0.68
Madagascar,MDG,2012,0.77,,0.0,0.0,0.75
Madagascar,MDG,2013,0.83,,0.01,0.0,0.8
Madagascar,MDG,2014,0.91,,0.01,0.0,0.88
Madagascar,MDG,2015,0.97,,0.02,0.0,0.93
Madagascar,MDG,2016,0.92,,0.02,0.0,0.88
Madagascar,MDG,2017,0.83,,0.02,0.0,0.78
Madagascar,MDG,2018,1.03,,0.04,0.0,0.96
Madagascar,MDG,2019,0.95,,0.04,0.0,0.89
Madagascar,MDG,2020,0.88,,0.04,0.0,0.82
Madagascar,MDG,2021,0.84,,0.04,0.0,0.77
Madagascar,MDG,2022,0.93,,0.08,0.0,0.82
Madagascar,MDG,2023,1.09,,0.08,0.0,0.98
Madagascar,MDG,2024,1.03,,0.1,0.0,0.9
Malawi,MWI,2000,1.09,,0.0,0.0,1.02
Malawi,MWI,2001,1.11,,0.0,0.0,1.04
Malawi,MWI,2002,1.16,,0.0,0.0,1.09
Malawi,MWI,2003,1.21,,0.0,0.0,1.14
Malawi,MWI,2004,1.33,,0.0,0.0,1.26
Malawi,MWI,2005,1.37,,0.0,0.0,1.31
Malawi,MWI,2006,1.4,,0.0,0.0,1.34
Malawi,MWI,2007,1.43,,0.0,0.0,1.37
Malawi,MWI,2008,1.58,,0.0,0.0,1.52
Malawi,MWI,2009,1.55,,0.0,0.0,1.49
Malawi,MWI,2010,1.8,,0.0,0.0,1.74
Malawi,MWI,2011,1.85,,0.0,0.0,1.79
Malawi,MWI,2012,1.92,,0.01,0.0,1.86
Malawi,MWI,2013,1.92,,0.01,0.0,1.86
Malawi,MWI,2014,2.05,,0.02,0.0,1.97
Malawi,MWI,2015,2.04,,0.03,0.0,1.96
Malawi,MWI,2016,2.02,,0.03,0.0,1.94
Malawi,MWI,2017,1.91,,0.04,0.0,1.82
Malawi,MWI,2018,1.48,,0.01,0.0,1.42
Malawi,MWI,2019,1.73,,0.01,0.0,1.67
Malawi,MWI,2020,1.74,,0.01,0.0,1.68
Malawi,MWI,2021,1.75,,0.01,0.0,1.69
Malawi,MWI,2022,1.75,,0.01,0.0,1.69
Malawi,MWI,2023,1.75,,0.01,0.0,1.69
Malawi,MWI,2024,1.75,,0.01,0.0,1.69
Malaysia,MYS,1965,0.587,4.944,0.0,0.0,0.587
Malaysia,MYS,1966,0.692,5.039,0.0,0.0,0.692
Malaysia,MYS,1967,0.725,4.915,0.0,0.0,0.725
Malaysia,MYS,1968,0.804,5.272,0.0,0.0,0.804
Malaysia,MYS,1969,1.014,6.063,0.0,0.0,1.014
Malaysia,MYS,1970,1.202,7.58,0.0,0.0,1.202
Malaysia,MYS,1971,1.046,5.899,0.0,0.0,1.046
Malaysia,MYS,1972,1.154,5.843,0.0,0.0,1.154
Malaysia,MYS,1973,1.108,5.322,0.0,0.0,1.108
Malaysia,MYS,1974,1.006,4.765,0.0,0.0,1.006
Malaysia,MYS,1975,1.005,4.615,0.0,0.0,1.005
Malaysia,MYS,1976,0.948,3.897,0.0,0.0,0.948
Malaysia,MYS,1977,0.769,2.7,0.0,0.0,0.769
Malaysia,MYS,1978,0.904,2.381,0.0,0.0,0.904
Malaysia,MYS,1979,1.104,2.529,0.0,0.0,1.104
Malaysia,MYS,1980,1.409,3.088,0.0,0.0,1.409
Malaysia,MYS,1981,1.561,3.311,0.0,0.0,1.561
Malaysia,MYS,1982,1.503,2.975,0.0,0.0,1.503
Malaysia,MYS,1983,1.749,3.017,0.0,0.0,1.749
Malaysia,MYS,1984,3.451,5.532,0.0,0.0,3.451
Malaysia,MYS,1985,3.768,6.097,0.0,0.0,3.768
Malaysia,MYS,1986,4.121,6.075,0.0,0.0,4.121
Malaysia,MYS,1987,4.966,7.105,0.0,0.0,4.966
Malaysia,MYS,1988,5.729,7.796,0.0,0.0,5.729
Malaysia,MYS,1989,5.295,6.433,0.0,0.0,5.295
Malaysia,MYS,1990,4.027,4.645,0.0,0.0,4.027
Malaysia,MYS,1991,4.449,4.096,0.0,0.0,4.449
Malaysia,MYS,1992,4.286,3.497,0.0,0.0,4.286
Malaysia,MYS,1993,4.853,3.937,0.0,0.0,4.853
Malaysia,MYS,1994,6.483,4.956,0.0,0.0,6.483
Malaysia,MYS,1995,6.218,4.343,0.0,0.0,6.218
Malaysia,MYS,1996,5.184,3.241,0.0,0.0,5.184
Malaysia,MYS,1997,4.173,2.248,0.0,0.0,4.173
Malaysia,MYS,1998,4.457,2.498,0.0,0.0,4.457
Malaysia,MYS,1999,7.552,3.965,0.0,0.0,7.552
Malaysia,MYS,2000,7.56,3.472,0.0,0.0,6.99
Malaysia,MYS,2001,6.64,2.964,0.0,0.0,6.07
Malaysia,MYS,2002,5.81,2.442,0.0,0.0,5.41
Malaysia,MYS,2003,5.51,2.124,0.0,0.0,5.09
Malaysia,MYS,2004,6.15,2.19,0.0,0.0,5.57
Malaysia,MYS,2005,6.6,2.155,0.0,0.0,6.01
Malaysia,MYS,2006,6.94,2.242,0.0,0.0,6.32
Malaysia,MYS,2007,6.72,2.063,0.0,0.0,5.96
Malaysia,MYS,2008,8.61,2.527,0.0,0.0,7.81
Malaysia,MYS,2009,8.28,2.488,0.0,0.0,6.89
Malaysia,MYS,2010,7.62,2.202,0.0,0.0,6.36
Malaysia,MYS,2011,9.6,2.703,0.0,0.0,8.06
Malaysia,MYS,2012,10.76,2.877,0.01,0.0,9.25
Malaysia,MYS,2013,13.04,3.328,0.14,0.0,11.8
Malaysia,MYS,2014,14.31,3.679,0.23,0.0,13.39
Malaysia,MYS,2015,14.94,3.849,0.27,0.0,13.92
Malaysia,MYS,2016,21.09,4.961,0.31,0.0,20.02
Malaysia,MYS,2017,27.94,6.312,0.33,0.0,26.85
Malaysia,MYS,2018,28.31,6.332,0.63,0.0,26.33
Malaysia,MYS,2019,28.8,6.431,1.46,0.0,26.2
Malaysia,MYS,2020,30.59,7.175,2.06,0.0,27.3
Malaysia,MYS,2021,33.73,7.646,2.3,0.0,30.2
Malaysia,MYS,2022,35.76,7.833,2.75,0.0,31.78
Malaysia,MYS,2023,35.98,8.117,3.24,0.0,31.51
Malaysia,MYS,2024,40.35,8.282,4.12,0.0,34.52
Malaysia,MYS,2025,41.53,8.282,4.51,0.0,35.24
Maldives,MDV,2000,0.0,,0.0,0.0,0.0
Maldives,MDV,2001,0.0,,0.0,0.0,0.0
Maldives,MDV,2002,0.0,,0.0,0.0,0.0
Maldives,MDV,2003,0.0,,0.0,0.0,0.0
Maldives,MDV,2004,0.0,,0.0,0.0,0.0
Maldives,MDV,2005,0.0,,0.0,0.0,0.0
Maldives,MDV,2006,0.0,,0.0,0.0,0.0
Maldives,MDV,2007,0.0,,0.0,0.0,0.0
Maldives,MDV,2008,0.0,,0.0,0.0,0.0
Maldives,MDV,2009,0.0,,0.0,0.0,0.0
Maldives,MDV,2010,0.0,,0.0,0.0,0.0
Maldives,MDV,2011,0.0,,0.0,0.0,0.0
Maldives,MDV,2012,0.0,,0.0,0.0,0.0
Maldives,MDV,2013,0.0,,0.0,0.0,0.0
Maldives,MDV,2014,0.01,,0.01,0.0,0.0
Maldives,MDV,2015,0.01,,0.01,0.0,0.0
Maldives,MDV,2016,0.01,,0.01,0.0,0.0
Maldives,MDV,2017,0.02,,0.02,0.0,0.0
Maldives,MDV,2018,0.03,,0.03,0.0,0.0
Maldives,MDV,2019,0.03,,0.03,0.0,0.0
Maldives,MDV,2020,0.04,,0.04,0.0,0.0
Maldives,MDV,2021,0.05,,0.05,0.0,0.0
Maldives,MDV,2022,0.06,,0.06,0.0,0.0
Maldives,MDV,2023,0.06,,0.06,0.0,0.0
Maldives,MDV,2024,0.06,,0.06,0.0,0.0
Mali,MLI,2000,0.28,,0.0,0.0,0.23
Mali,MLI,2001,0.28,,0.0,0.0,0.23
Mali,MLI,2002,0.29,,0.0,0.0,0.24
Mali,MLI,2003,0.28,,0.0,0.0,0.23
Mali,MLI,2004,0.3,,0.0,0.0,0.25
Mali,MLI,2005,0.5,,0.0,0.0,0.45
Mali,MLI,2006,0.53,,0.0,0.0,0.48
Mali,MLI,2007,0.52,,0.0,0.0,0.47
Mali,MLI,2008,0.62,,0.0,0.0,0.57
Mali,MLI,2009,0.72,,0.0,0.0,0.67
Mali,MLI,2010,1.16,,0.01,0.0,1.1
Mali,MLI,2011,1.22,,0.02,0.0,1.15
Mali,MLI,2012,1.32,,0.03,0.0,1.24
Mali,MLI,2013,1.19,,0.03,0.0,1.11
Mali,MLI,2014,1.46,,0.03,0.0,1.38
Mali,MLI,2015,1.21,,0.03,0.0,1.12
Mali,MLI,2016,1.57,,0.03,0.0,1.48
Mali,MLI,2017,1.57,,0.03,0.0,1.48
Mali,MLI,2018,1.45,,0.03,0.0,1.36
Mali,MLI,2019,1.46,,0.03,0.0,1.37
Mali,MLI,2020,1.61,,0.1,0.0,1.44
Mali,MLI,2021,1.54,,0.14,0.0,1.33
Mali,MLI,2022,1.86,,0.15,0.0,1.64
Mali,MLI,2023,1.19,,0.15,0.0,0.97
Mali,MLI,2024,1.16,,0.17,0.0,0.92
Malta,MLT,1990,0.0,,0.0,0.0,0.0
Malta,MLT,1991,0.0,,0.0,0.0,0.0
Malta,MLT,1992,0.0,,0.0,0.0,0.0
Malta,MLT,1993,0.0,,0.0,0.0,0.0
Malta,MLT,1994,0.0,,0.0,0.0,0.0
Malta,MLT,1995,0.0,,0.0,0.0,0.0
Malta,MLT,1996,0.0,,0.0,0.0,0.0
Malta,MLT,1997,0.0,,0.0,0.0,0.0
Malta,MLT,1998,0.0,,0.0,0.0,0.0
Malta,MLT,1999,0.0,,0.0,0.0,0.0
Malta,MLT,2000,0.0,,0.0,0.0,0.0
Malta,MLT,2001,0.0,,0.0,0.0,0.0
Malta,MLT,2002,0.0,,0.0,0.0,0.0
Malta,MLT,2003,0.0,,0.0,0.0,0.0
Malta,MLT,2004,0.0,,0.0,0.0,0.0
Malta,MLT,2005,0.0,,0.0,0.0,0.0
Malta,MLT,2006,0.0,,0.0,0.0,0.0
Malta,MLT,2007,0.0,,0.0,0.0,0.0
Malta,MLT,2008,0.0,,0.0,0.0,0.0
Malta,MLT,2009,0.0,,0.0,0.0,0.0
Malta,MLT,2010,0.0,,0.0,0.0,0.0
Malta,MLT,2011,0.0,,0.0,0.0,0.0
Malta,MLT,2012,0.03,,0.02,0.0,0.0
Malta,MLT,2013,0.04,,0.03,0.0,0.0
Malta,MLT,2014,0.08,,0.07,0.0,0.0
Malta,MLT,2015,0.1,,0.09,0.0,0.0
Malta,MLT,2016,0.14,,0.13,0.0,0.0
Malta,MLT,2017,0.17,,0.16,0.0,0.0
Malta,MLT,2018,0.2,,0.19,0.0,0.0
Malta,MLT,2019,0.21,,0.2,0.0,0.0
Malta,MLT,2020,0.25,,0.24,0.0,0.0
Malta,MLT,2021,0.27,,0.26,0.0,0.0
Malta,MLT,2022,0.3,,0.29,0.0,0.0
Malta,MLT,2023,0.32,,0.31,0.0,0.0
Malta,MLT,2024,0.34,,0.33,0.0,0.0
Malta,MLT,2025,0.35,,0.34,0.0,0.0
Martinique,MTQ,2000,0.0,,,,
Martinique,MTQ,2001,0.0,,,,
Martinique,MTQ,2002,0.01,,,,
Martinique,MTQ,2003,0.01,,,,
Martinique,MTQ,2004,0.01,,,0.0,
Martinique,MTQ,2005,0.01,,,0.0,
Martinique,MTQ,2006,0.01,,0.0,0.0,
Martinique,MTQ,2007,0.02,,0.0,0.0,
Martinique,MTQ,2008,0.03,,0.01,0.0,
Martinique,MTQ,2009,0.03,,0.01,0.0,
Martinique,MTQ,2010,0.03,,0.02,0.0,
Martinique,MTQ,2011,0.05,,0.04,0.0,
Martinique,MTQ,2012,0.09,,0.08,0.0,
Martinique,MTQ,2013,0.09,,0.08,0.0,
Martinique,MTQ,2014,0.09,,0.08,0.0,
Martinique,MTQ,2015,0.09,,0.08,0.0,
Martinique,MTQ,2016,0.09,,0.08,0.0,
Martinique,MTQ,2017,0.09,,0.08,0.0,
Martinique,MTQ,2018,0.18,,0.08,0.01,
Martinique,MTQ,2019,0.39,,0.09,0.05,0.0
Martinique,MTQ,2020,0.34,,0.08,0.04,0.0
Martinique,MTQ,2021,0.38,,0.09,0.05,0.0
Martinique,MTQ,2022,0.39,,0.09,0.04,0.0
Martinique,MTQ,2023,0.39,,0.11,0.03,0.0
Mauritania,MRT,2000,0.03,,0.0,0.0,0.03
Mauritania,MRT,2001,0.03,,0.0,0.0,0.03
Mauritania,MRT,2002,0.03,,0.0,0.0,0.03
Mauritania,MRT,2003,0.04,,0.0,0.0,0.04
Mauritania,MRT,2004,0.04,,0.0,0.0,0.04
Mauritania,MRT,2005,0.05,,0.0,0.0,0.05
Mauritania,MRT,2006,0.05,,0.0,0.0,0.05
Mauritania,MRT,2007,0.05,,0.0,0.0,0.05
Mauritania,MRT,2008,0.06,,0.0,0.0,0.06
Mauritania,MRT,2009,0.11,,0.0,0.0,0.11
Mauritania,MRT,2010,0.12,,0.0,0.0,0.12
Mauritania,MRT,2011,0.13,,0.0,0.0,0.13
Mauritania,MRT,2012,0.14,,0.0,0.0,0.14
Mauritania,MRT,2013,0.21,,0.03,0.01,0.17
Mauritania,MRT,2014,0.22,,0.03,0.01,0.18
Mauritania,MRT,2015,0.32,,0.03,0.1,0.19
Mauritania,MRT,2016,0.29,,0.06,0.1,0.13
Mauritania,MRT,2017,0.33,,0.06,0.1,0.17
Mauritania,MRT,2018,0.44,,0.15,0.1,0.19
Mauritania,MRT,2019,0.47,,0.15,0.12,0.2
Mauritania,MRT,2020,0.47,,0.14,0.12,0.21
Mauritania,MRT,2021,0.45,,0.14,0.1,0.21
Mauritania,MRT,2022,0.45,,0.14,0.1,0.21
Mauritania,MRT,2023,0.45,,0.14,0.1,0.21
Mauritania,MRT,2024,0.47,,0.16,0.1,0.21
Mauritius,MUS,2000,0.52,,0.0,0.0,0.09
Mauritius,MUS,2001,0.55,,0.0,0.0,0.07
Mauritius,MUS,2002,0.54,,0.0,0.0,0.09
Mauritius,MUS,2003,0.57,,0.0,0.0,0.12
Mauritius,MUS,2004,0.59,,0.0,0.0,0.12
Mauritius,MUS,2005,0.56,,0.0,0.0,0.11
Mauritius,MUS,2006,0.53,,0.0,0.0,0.08
Mauritius,MUS,2007,0.55,,0.0,0.0,0.08
Mauritius,MUS,2008,0.6,,0.0,0.0,0.11
Mauritius,MUS,2009,0.61,,0.0,0.0,0.12
Mauritius,MUS,2010,0.65,,0.0,0.0,0.1
Mauritius,MUS,2011,0.54,,0.0,0.0,0.05
Mauritius,MUS,2012,0.57,,0.0,0.0,0.07
Mauritius,MUS,2013,0.58,,0.0,0.0,0.09
Mauritius,MUS,2014,0.6,,0.03,0.0,0.09
Mauritius,MUS,2015,0.68,,0.03,0.0,0.12
Mauritius,MUS,2016,0.67,,0.03,0.02,0.1
Mauritius,MUS,2017,0.62,,0.04,0.01,0.09
Mauritius,MUS,2018,0.64,,0.05,0.01,0.12
Mauritius,MUS,2019,0.7,,0.13,0.01,0.1
Mauritius,MUS,2020,0.7,,0.15,0.02,0.12
Mauritius,MUS,2021,0.64,,0.15,0.01,0.11
Mauritius,MUS,2022,0.61,,0.16,0.02,0.13
Mauritius,MUS,2023,0.57,,0.15,0.01,0.09
Mauritius,MUS,2024,0.61,,0.17,0.01,0.11
Mexico,MEX,1965,8.863,8.439,0.0,0.0,8.863
Mexico,MEX,1966,10.118,9.102,0.0,0.0,10.118
Mexico,MEX,1967,11.017,9.728,0.0,0.0,11.017
Mexico,MEX,1968,12.642,10.253,0.0,0.0,12.642
Mexico,MEX,1969,13.406,9.903,0.0,0.0,13.406
Mexico,MEX,1970,15.005,10.385,0.0,0.0,15.005
Mexico,MEX,1971,14.572,9.587,0.0,0.0,14.572
Mexico,MEX,1972,15.531,9.242,0.0,0.0,15.531
Mexico,MEX,1973,16.532,9.13,0.0,0.0,16.371
Mexico,MEX,1974,17.171,8.626,0.0,0.0,16.708
Mexico,MEX,1975,15.7,7.385,0.0,0.0,15.182
Mexico,MEX,1976,17.834,7.883,0.0,0.0,17.255
Mexico,MEX,1977,19.785,8.29,0.0,0.0,19.193
Mexico,MEX,1978,16.815,6.257,0.0,0.0,16.217
Mexico,MEX,1979,19.027,6.417,0.0,0.0,18.008
Mexico,MEX,1980,17.825,5.515,0.0,0.0,16.91
Mexico,MEX,1981,25.582,7.154,0.0,0.0,24.618
Mexico,MEX,1982,24.22,6.509,0.0,0.0,22.924
Mexico,MEX,1983,22.086,6.006,0.0,0.0,20.733
Mexico,MEX,1984,25.027,6.501,0.0,0.0,23.603
Mexico,MEX,1985,30.068,7.443,0.0,0.0,28.427
Mexico,MEX,1986,24.692,6.355,0.0,0.0,21.298
Mexico,MEX,1987,23.703,5.938,0.0,0.0,19.285
Mexico,MEX,1988,26.469,6.574,0.0,0.0,21.836
Mexico,MEX,1989,30.029,7.048,0.0,0.0,25.354
Mexico,MEX,1990,29.607,6.385,0.001,0.001,24.481
Mexico,MEX,1991,28.461,5.984,0.002,0.001,22.625
Mexico,MEX,1992,33.183,6.836,0.003,0.001,26.814
Mexico,MEX,1993,33.16,6.828,0.004,0.001,26.655
Mexico,MEX,1994,26.5,5.181,0.005,0.005,20.271
Mexico,MEX,1995,34.025,6.739,0.005,0.007,27.599
Mexico,MEX,1996,37.533,7.227,0.006,0.006,31.336
Mexico,MEX,1997,32.263,6.075,0.006,0.012,26.362
Mexico,MEX,1998,30.754,5.574,0.007,0.015,24.593
Mexico,MEX,1999,38.796,6.9,0.007,0.017,32.712
Mexico,MEX,2000,39.46,6.665,0.01,0.02,33.07
Mexico,MEX,2001,34.72,5.91,0.01,0.02,28.44
Mexico,MEX,2002,30.96,5.125,0.01,0.02,24.86
Mexico,MEX,2003,26.83,4.41,0.01,0.02,19.85
Mexico,MEX,2004,32.47,4.989,0.01,0.02,25.18
Mexico,MEX,2005,35.88,5.005,0.01,0.02,27.71
Mexico,MEX,2006,38.0,5.178,0.01,0.05,30.45
Mexico,MEX,2007,35.85,4.846,0.01,0.25,27.34
Mexico,MEX,2008,47.39,6.043,0.02,0.25,39.22
Mexico,MEX,2009,34.9,4.559,0.03,0.6,26.72
Mexico,MEX,2010,46.47,5.953,0.03,1.24,37.2
Mexico,MEX,2011,45.93,5.602,0.04,1.65,36.27
Mexico,MEX,2012,43.06,5.194,0.07,3.69,31.85
Mexico,MEX,2013,40.12,4.834,0.11,4.18,27.96
Mexico,MEX,2014,53.64,6.426,0.22,6.43,38.89
Mexico,MEX,2015,48.24,5.862,0.2,8.75,30.89
Mexico,MEX,2016,48.98,5.731,0.25,10.38,30.03
Mexico,MEX,2017,50.78,5.77,1.19,10.62,30.88
Mexico,MEX,2018,55.24,6.343,3.21,12.44,32.23
Mexico,MEX,2019,57.5,6.641,9.96,16.73,23.6
Mexico,MEX,2020,69.37,8.668,15.84,19.7,26.82
Mexico,MEX,2021,82.09,9.538,20.19,21.07,34.72
Mexico,MEX,2022,83.13,9.243,20.34,20.53,35.56
Mexico,MEX,2023,71.28,7.928,23.34,20.7,20.61
Mexico,MEX,2024,75.0,8.251,25.72,19.75,23.54
Mexico,MEX,2025,82.43,8.251,26.34,21.38,28.75
Moldova,MDA,2000,0.39,,0.0,0.0,0.39
Moldova,MDA,2001,0.36,,0.0,0.0,0.36
Moldova,MDA,2002,0.35,,0.0,0.0,0.35
Moldova,MDA,2003,0.36,,0.0,0.0,0.36
Moldova,MDA,2004,0.35,,0.0,0.0,0.35
Moldova,MDA,2005,0.36,,0.0,0.0,0.36
Moldova,MDA,2006,0.37,,0.0,0.0,0.37
Moldova,MDA,2007,0.35,,0.0,0.0,0.35
Moldova,MDA,2008,0.38,,0.0,0.0,0.38
Moldova,MDA,2009,0.35,,0.0,0.0,0.35
Moldova,MDA,2010,0.4,,0.0,0.0,0.4
Moldova,MDA,2011,0.35,,0.0,0.0,0.35
Moldova,MDA,2012,0.27,,0.0,0.0,0.27
Moldova,MDA,2013,0.31,,0.0,0.0,0.31
Moldova,MDA,2014,0.33,,0.0,0.0,0.32
Moldova,MDA,2015,0.27,,0.0,0.0,0.26
Moldova,MDA,2016,0.24,,0.0,0.0,0.23
Moldova,MDA,2017,0.31,,0.0,0.01,0.28
Moldova,MDA,2018,0.32,,0.0,0.02,0.27
Moldova,MDA,2019,0.37,,0.0,0.04,0.3
Moldova,MDA,2020,0.36,,0.0,0.05,0.28
Moldova,MDA,2021,0.44,,0.01,0.08,0.32
Moldova,MDA,2022,0.51,,0.05,0.14,0.29
Moldova,MDA,2023,0.61,,0.09,0.19,0.32
Moldova,MDA,2024,0.65,,0.1,0.21,0.32
Moldova,MDA,2025,0.69,,0.16,0.16,0.35
Mongolia,MNG,2000,0.0,,0.0,0.0,0.0
Mongolia,MNG,2001,0.0,,0.0,0.0,0.0
Mongolia,MNG,2002,0.0,,0.0,0.0,0.0
Mongolia,MNG,2003,0.0,,0.0,0.0,0.0
Mongolia,MNG,2004,0.0,,0.0,0.0,0.0
Mongolia,MNG,2005,0.0,,0.0,0.0,0.0
Mongolia,MNG,2006,0.0,,0.0,0.0,0.0
Mongolia,MNG,2007,0.0,,0.0,0.0,0.0
Mongolia,MNG,2008,0.01,,0.01,0.0,0.0
Mongolia,MNG,2009,0.03,,0.01,0.0,0.02
Mongolia,MNG,2010,0.05,,0.01,0.0,0.04
Mongolia,MNG,2011,0.06,,0.01,0.0,0.05
Mongolia,MNG,2012,0.06,,0.01,0.0,0.05
Mongolia,MNG,2013,0.12,,0.01,0.05,0.06
Mongolia,MNG,2014,0.21,,0.01,0.13,0.07
Mongolia,MNG,2015,0.22,,0.01,0.15,0.06
Mongolia,MNG,2016,0.25,,0.01,0.15,0.09
Mongolia,MNG,2017,0.25,,0.03,0.14,0.08
Mongolia,MNG,2018,0.44,,0.06,0.3,0.08
Mongolia,MNG,2019,0.69,,0.12,0.48,0.09
Mongolia,MNG,2020,0.68,,0.12,0.48,0.08
Mongolia,MNG,2021,0.83,,0.17,0.58,0.08
Mongolia,MNG,2022,0.76,,0.19,0.51,0.06
Mongolia,MNG,2023,0.76,,0.19,0.51,0.06
Mongolia,MNG,2024,0.78,,0.21,0.51,0.06
Mongolia,MNG,2025,0.81,,0.21,0.54,0.06
Montenegro,MNE,2005,1.87,,0.0,,1.87
Montenegro,MNE,2006,1.75,,0.0,,1.75
Montenegro,MNE,2007,1.28,,0.0,,1.28
Montenegro,MNE,2008,1.54,,0.0,,1.54
Montenegro,MNE,2009,2.07,,0.0,,2.07
Montenegro,MNE,2010,2.75,,0.0,,2.75
Montenegro,MNE,2011,1.2,,0.0,,1.2
Montenegro,MNE,2012,1.48,,0.0,,1.48
Montenegro,MNE,2013,2.5,,0.0,,2.5
Montenegro,MNE,2014,1.75,,0.0,,1.75
Montenegro,MNE,2015,1.49,,0.0,,1.49
Montenegro,MNE,2016,1.84,,0.0,,1.84
Montenegro,MNE,2017,1.12,,0.0,0.1,1.02
Montenegro,MNE,2018,2.25,,0.0,0.14,2.11
Montenegro,MNE,2019,1.93,,0.0,0.3,1.63
Montenegro,MNE,2020,1.77,,0.0,0.32,1.45
Montenegro,MNE,2021,2.33,,0.0,0.32,2.01
Montenegro,MNE,2022,1.76,,0.0,0.32,1.44
Montenegro,MNE,2023,2.55,,0.02,0.31,2.22
Montenegro,MNE,2024,2.1,,0.06,0.27,1.77
Montenegro,MNE,2025,1.86,,0.14,0.28,1.44
Montserrat,MSR,2000,0.0,,0.0,0.0,0.0
Montserrat,MSR,2001,0.0,,0.0,0.0,0.0
Montserrat,MSR,2002,0.0,,0.0,0.0,0.0
Montserrat,MSR,2003,0.0,,0.0,0.0,0.0
Montserrat,MSR,2004,0.0,,0.0,0.0,0.0
Montserrat,MSR,2005,0.0,,0.0,0.0,0.0
Montserrat,MSR,2006,0.0,,0.0,0.0,0.0
Montserrat,MSR,2007,0.0,,0.0,0.0,0.0
Montserrat,MSR,2008,0.0,,0.0,0.0,0.0
Montserrat,MSR,2009,0.0,,0.0,0.0,0.0
Montserrat,MSR,2010,0.0,,0.0,0.0,0.0
Montserrat,MSR,2011,0.0,,0.0,0.0,0.0
Montserrat,MSR,2012,0.0,,0.0,0.0,0.0
Montserrat,MSR,2013,0.0,,0.0,0.0,0.0
Montserrat,MSR,2014,0.0,,0.0,0.0,0.0
Montserrat,MSR,2015,0.0,,0.0,0.0,0.0
Montserrat,MSR,2016,0.0,,0.0,0.0,0.0
Montserrat,MSR,2017,0.0,,0.0,0.0,0.0
Montserrat,MSR,2018,0.0,,0.0,0.0,0.0
Montserrat,MSR,2019,0.0,,0.0,0.0,0.0
Montserrat,MSR,2020,0.0,,0.0,0.0,0.0
Montserrat,MSR,2021,0.0,,0.0,0.0,0.0
Montserrat,MSR,2022,0.0,,0.0,0.0,0.0
Montserrat,MSR,2023,0.0,,0.0,0.0,0.0
Montserrat,MSR,2024,0.0,,0.0,0.0,0.0
Morocco,MAR,1965,1.213,19.206,0.0,0.0,1.213
Morocco,MAR,1966,1.054,12.622,0.0,0.0,1.054
Morocco,MAR,1967,0.932,10.579,0.0,0.0,0.932
Morocco,MAR,1968,1.058,11.19,0.0,0.0,1.058
Morocco,MAR,1969,1.368,13.211,0.0,0.0,1.368
Morocco,MAR,1970,1.346,12.408,0.0,0.0,1.346
Morocco,MAR,1971,1.52,13.191,0.0,0.0,1.52
Morocco,MAR,1972,1.596,12.812,0.0,0.0,1.596
Morocco,MAR,1973,1.192,8.591,0.0,0.0,1.192
Morocco,MAR,1974,1.337,9.016,0.0,0.0,1.337
Morocco,MAR,1975,1.016,6.731,0.0,0.0,1.016
Morocco,MAR,1976,0.998,6.098,0.0,0.0,0.998
Morocco,MAR,1977,1.365,7.443,0.0,0.0,1.365
Morocco,MAR,1978,1.416,7.273,0.0,0.0,1.416
Morocco,MAR,1979,1.582,7.285,0.0,0.0,1.582
Morocco,MAR,1980,1.515,6.955,0.0,0.0,1.515
Morocco,MAR,1981,1.024,4.84,0.0,0.0,1.024
Morocco,MAR,1982,0.572,2.62,0.0,0.0,0.572
Morocco,MAR,1983,0.481,2.145,0.0,0.0,0.481
Morocco,MAR,1984,0.366,1.61,0.0,0.0,0.366
Morocco,MAR,1985,0.486,2.07,0.0,0.0,0.486
Morocco,MAR,1986,0.643,2.649,0.0,0.0,0.643
Morocco,MAR,1987,0.825,3.301,0.0,0.0,0.825
Morocco,MAR,1988,0.936,3.546,0.0,0.0,0.936
Morocco,MAR,1989,1.157,3.985,0.0,0.0,1.157
Morocco,MAR,1990,1.22,4.106,0.0,0.0,1.22
Morocco,MAR,1991,1.226,4.074,0.0,0.0,1.226
Morocco,MAR,1992,0.964,2.861,0.0,0.0,0.964
Morocco,MAR,1993,0.443,1.3,0.0,0.0,0.443
Morocco,MAR,1994,0.84,2.237,0.0,0.0,0.84
Morocco,MAR,1995,0.611,1.658,0.0,0.0,0.611
Morocco,MAR,1996,1.957,5.092,0.0,0.0,1.957
Morocco,MAR,1997,2.083,5.214,0.0,0.0,2.083
Morocco,MAR,1998,1.777,4.334,0.0,0.0,1.777
Morocco,MAR,1999,0.825,1.936,0.0,0.0,0.825
Morocco,MAR,2000,0.77,1.851,0.0,0.06,0.71
Morocco,MAR,2001,1.07,2.328,0.0,0.21,0.86
Morocco,MAR,2002,1.03,2.185,0.0,0.19,0.84
Morocco,MAR,2003,1.64,3.443,0.0,0.2,1.44
Morocco,MAR,2004,1.79,3.273,0.0,0.2,1.59
Morocco,MAR,2005,1.64,1.954,0.0,0.21,1.43
Morocco,MAR,2006,1.78,1.895,0.0,0.18,1.6
Morocco,MAR,2007,1.61,1.927,0.0,0.28,1.33
Morocco,MAR,2008,1.67,1.78,0.0,0.3,1.37
Morocco,MAR,2009,3.34,4.431,0.0,0.39,2.95
Morocco,MAR,2010,4.29,5.532,0.0,0.66,3.63
Morocco,MAR,2011,2.83,3.421,0.0,0.69,2.14
Morocco,MAR,2012,2.55,2.923,0.0,0.73,1.82
Morocco,MAR,2013,4.35,4.796,0.0,1.36,2.99
Morocco,MAR,2014,3.96,4.187,0.0,1.92,2.03
Morocco,MAR,2015,4.81,5.072,0.0,2.52,2.28
Morocco,MAR,2016,5.09,5.258,0.4,3.02,1.66
Morocco,MAR,2017,5.06,4.972,0.41,3.04,1.57
Morocco,MAR,2018,6.85,6.699,0.95,3.86,2.0
Morocco,MAR,2019,7.99,7.11,1.58,4.72,1.65
Morocco,MAR,2020,7.44,7.142,1.52,4.59,1.29
Morocco,MAR,2021,8.18,7.126,1.82,5.11,1.21
Morocco,MAR,2022,7.53,6.616,1.45,5.36,0.68
Morocco,MAR,2023,9.22,7.974,2.11,6.55,0.52
Morocco,MAR,2024,10.35,8.673,2.41,7.09,0.81
Morocco,MAR,2025,10.66,8.673,2.57,7.14,0.91
Mozambique,MOZ,2000,9.56,,0.0,0.0,9.56
Mozambique,MOZ,2001,11.72,,0.0,0.0,11.72
Mozambique,MOZ,2002,12.55,,0.0,0.0,12.55
Mozambique,MOZ,2003,10.76,,0.0,0.0,10.76
Mozambique,MOZ,2004,11.55,,0.0,0.0,11.55
Mozambique,MOZ,2005,13.13,,0.0,0.0,13.13
Mozambique,MOZ,2006,14.57,,0.0,0.0,14.57
Mozambique,MOZ,2007,15.9,,0.0,0.0,15.9
Mozambique,MOZ,2008,14.96,,0.0,0.0,14.96
Mozambique,MOZ,2009,16.78,,0.0,0.0,16.78
Mozambique,MOZ,2010,16.65,,0.0,0.0,16.65
Mozambique,MOZ,2011,16.48,,0.0,0.0,16.48
Mozambique,MOZ,2012,14.86,,0.0,0.0,14.86
Mozambique,MOZ,2013,14.66,,0.0,0.0,14.66
Mozambique,MOZ,2014,16.18,,0.0,0.0,16.18
Mozambique,MOZ,2015,17.09,,0.0,0.0,17.09
Mozambique,MOZ,2016,15.6,,0.0,0.0,15.6
Mozambique,MOZ,2017,14.2,,0.0,0.0,14.06
Mozambique,MOZ,2018,14.02,,0.0,0.0,13.9
Mozambique,MOZ,2019,15.07,,0.03,0.0,14.93
Mozambique,MOZ,2020,15.88,,0.07,0.0,15.7
Mozambique,MOZ,2021,15.65,,0.07,0.0,15.47
Mozambique,MOZ,2022,16.37,,0.07,0.0,16.17
Mozambique,MOZ,2023,16.68,,0.07,0.0,16.48
Mozambique,MOZ,2024,16.51,,0.08,0.0,16.3
Myanmar,MMR,2000,1.87,,0.0,0.0,1.87
Myanmar,MMR,2001,1.8,,0.0,0.0,1.8
Myanmar,MMR,2002,2.11,,0.0,0.0,2.11
Myanmar,MMR,2003,2.08,,0.0,0.0,2.08
Myanmar,MMR,2004,2.41,,0.0,0.0,2.41
Myanmar,MMR,2005,3.0,,0.0,0.0,3.0
Myanmar,MMR,2006,3.33,,0.0,0.0,3.33
Myanmar,MMR,2007,3.62,,0.0,0.0,3.62
Myanmar,MMR,2008,4.07,,0.0,0.0,4.07
Myanmar,MMR,2009,5.26,,0.0,0.0,5.26
Myanmar,MMR,2010,6.19,,0.0,0.0,6.19
Myanmar,MMR,2011,7.52,,0.0,0.0,7.52
Myanmar,MMR,2012,7.96,,0.0,0.0,7.77
Myanmar,MMR,2013,9.04,,0.01,0.0,8.82
Myanmar,MMR,2014,9.06,,0.01,0.0,8.83
Myanmar,MMR,2015,9.64,,0.03,0.0,9.4
Myanmar,MMR,2016,10.0,,0.05,0.0,9.74
Myanmar,MMR,2017,11.22,,0.06,0.0,10.93
Myanmar,MMR,2018,12.59,,0.07,0.0,12.27
Myanmar,MMR,2019,10.87,,0.09,0.0,10.52
Myanmar,MMR,2020,9.14,,0.08,0.0,8.8
Myanmar,MMR,2021,9.86,,0.09,0.0,9.51
Myanmar,MMR,2022,9.5,,0.16,0.0,9.07
Myanmar,MMR,2023,9.81,,0.11,0.0,9.43
Myanmar,MMR,2024,10.39,,0.12,0.0,10.0
Namibia,NAM,2000,1.4,,0.0,0.0,1.4
Namibia,NAM,2001,1.21,,0.0,0.0,1.21
Namibia,NAM,2002,1.42,,0.0,0.0,1.42
Namibia,NAM,2003,1.42,,0.0,0.0,1.42
Namibia,NAM,2004,1.37,,0.0,0.0,1.37
Namibia,NAM,2005,1.66,,0.0,0.0,1.66
Namibia,NAM,2006,1.51,,0.0,0.0,1.51
Namibia,NAM,2007,1.54,,0.0,0.0,1.54
Namibia,NAM,2008,1.39,,0.0,0.0,1.39
Namibia,NAM,2009,1.42,,0.01,0.0,1.41
Namibia,NAM,2010,1.26,,0.01,0.0,1.25
Namibia,NAM,2011,1.41,,0.01,0.0,1.4
Namibia,NAM,2012,1.62,,0.01,0.0,1.61
Namibia,NAM,2013,1.29,,0.02,0.0,1.27
Namibia,NAM,2014,1.52,,0.03,0.0,1.49
Namibia,NAM,2015,1.54,,0.04,0.0,1.5
Namibia,NAM,2016,1.42,,0.06,0.0,1.36
Namibia,NAM,2017,1.7,,0.11,0.0,1.59
Namibia,NAM,2018,1.39,,0.23,0.02,1.14
Namibia,NAM,2019,1.33,,0.36,0.02,0.95
Namibia,NAM,2020,1.93,,0.41,0.02,1.5
Namibia,NAM,2021,1.47,,0.48,0.02,0.97
Namibia,NAM,2022,1.3,,0.5,0.02,0.78
Namibia,NAM,2023,1.85,,0.51,0.02,1.32
Namibia,NAM,2024,1.6,,0.58,0.02,1.0
Nauru,NRU,2000,0.0,,0.0,0.0,0.0
Nauru,NRU,2001,0.0,,0.0,0.0,0.0
Nauru,NRU,2002,0.0,,0.0,0.0,0.0
Nauru,NRU,2003,0.0,,0.0,0.0,0.0
Nauru,NRU,2004,0.0,,0.0,0.0,0.0
Nauru,NRU,2005,0.0,,0.0,0.0,0.0
Nauru,NRU,2006,0.0,,0.0,0.0,0.0
Nauru,NRU,2007,0.0,,0.0,0.0,0.0
Nauru,NRU,2008,0.0,,0.0,0.0,0.0
Nauru,NRU,2009,0.0,,0.0,0.0,0.0
Nauru,NRU,2010,0.0,,0.0,0.0,0.0
Nauru,NRU,2011,0.0,,0.0,0.0,0.0
Nauru,NRU,2012,0.0,,0.0,0.0,0.0
Nauru,NRU,2013,0.0,,0.0,0.0,0.0
Nauru,NRU,2014,0.0,,0.0,0.0,0.0
Nauru,NRU,2015,0.0,,0.0,0.0,0.0
Nauru,NRU,2016,0.0,,0.0,0.0,0.0
Nauru,NRU,2017,0.0,,0.0,0.0,0.0
Nauru,NRU,2018,0.0,,0.0,0.0,0.0
Nauru,NRU,2019,0.0,,0.0,0.0,0.0
Nauru,NRU,2020,0.0,,0.0,0.0,0.0
Nauru,NRU,2021,0.0,,0.0,0.0,0.0
Nauru,NRU,2022,0.0,,0.0,0.0,0.0
Nauru,NRU,2023,0.0,,0.0,0.0,0.0
Nauru,NRU,2024,0.01,,0.01,0.0,0.0
Nepal,NPL,2000,1.62,,0.0,0.0,1.62
Nepal,NPL,2001,1.83,,0.0,0.0,1.83
Nepal,NPL,2002,2.1,,0.0,0.0,2.1
Nepal,NPL,2003,2.26,,0.0,0.0,2.26
Nepal,NPL,2004,2.38,,0.0,0.0,2.38
Nepal,NPL,2005,2.49,,0.0,0.0,2.49
Nepal,NPL,2006,2.71,,0.0,0.0,2.71
Nepal,NPL,2007,2.76,,0.0,0.0,2.76
Nepal,NPL,2008,2.78,,0.0,0.0,2.78
Nepal,NPL,2009,3.07,,0.0,0.0,3.07
Nepal,NPL,2010,3.18,,0.01,0.0,3.17
Nepal,NPL,2011,3.46,,0.01,0.0,3.45
Nepal,NPL,2012,3.51,,0.01,0.0,3.5
Nepal,NPL,2013,3.49,,0.02,0.0,3.47
Nepal,NPL,2014,3.8,,0.02,0.01,3.77
Nepal,NPL,2015,3.46,,0.02,0.01,3.43
Nepal,NPL,2016,4.18,,0.02,0.01,4.15
Nepal,NPL,2017,4.58,,0.08,0.01,4.49
Nepal,NPL,2018,4.84,,0.08,0.01,4.75
Nepal,NPL,2019,6.15,,0.08,0.01,6.06
Nepal,NPL,2020,6.18,,0.08,0.01,6.09
Nepal,NPL,2021,9.63,,0.09,0.01,9.53
Nepal,NPL,2022,10.7,,0.1,0.01,10.59
Nepal,NPL,2023,10.7,,0.1,0.01,10.59
Nepal,NPL,2024,11.13,,0.12,0.01,11.0
Netherlands,NLD,1965,0.0,0.0,0.0,0.0,0.0
Netherlands,NLD,1966,0.0,0.0,0.0,0.0,0.0
Netherlands,NLD,1967,0.0,0.0,0.0,0.0,0.0
Netherlands,NLD,1968,0.0,0.0,0.0,0.0,0.0
Netherlands,NLD,1969,0.0,0.0,0.0,0.0,0.0
Netherlands,NLD,1970,0.0,0.0,0.0,0.0,0.0
Netherlands,NLD,1971,0.0,0.0,0.0,0.0,0.0
Netherlands,NLD,1972,0.0,0.0,0.0,0.0,0.0
Netherlands,NLD,1973,0.0,0.0,0.0,0.0,0.0
Netherlands,NLD,1974,0.0,0.0,0.0,0.0,0.0
Netherlands,NLD,1975,0.803,0.305,0.0,0.0,0.0
Netherlands,NLD,1976,0.872,0.304,0.0,0.0,0.0
Netherlands,NLD,1977,0.867,0.308,0.0,0.0,0.0
Netherlands,NLD,1978,1.211,0.421,0.0,0.0,0.0
Netherlands,NLD,1979,1.106,0.372,0.0,0.0,0.0
Netherlands,NLD,1980,1.024,0.367,0.0,0.0,0.0
Netherlands,NLD,1981,1.085,0.41,0.0,0.0,0.0
Netherlands,NLD,1982,0.265,0.108,0.0,0.0,0.0
Netherlands,NLD,1983,0.231,0.094,0.0,0.0,0.0
Netherlands,NLD,1984,0.017,0.007,0.0,0.0,0.0
Netherlands,NLD,1985,0.444,0.169,0.0,0.0,0.003
Netherlands,NLD,1986,0.557,0.201,0.0,0.001,0.003
Netherlands,NLD,1987,0.705,0.25,0.0,0.002,0.001
Netherlands,NLD,1988,0.853,0.301,0.0,0.016,0.002
Netherlands,NLD,1989,0.96,0.335,0.0,0.023,0.037
Netherlands,NLD,1990,0.82,0.273,0.0,0.06,0.09
Netherlands,NLD,1991,0.93,0.31,0.0,0.09,0.1
Netherlands,NLD,1992,1.0,0.33,0.0,0.15,0.12
Netherlands,NLD,1993,1.1,0.363,0.0,0.17,0.09
Netherlands,NLD,1994,1.26,0.414,0.0,0.24,0.1
Netherlands,NLD,1995,1.41,0.442,0.0,0.32,0.09
Netherlands,NLD,1996,1.82,0.546,0.0,0.44,0.08
Netherlands,NLD,1997,2.01,0.616,0.0,0.47,0.09
Netherlands,NLD,1998,2.32,0.703,0.0,0.64,0.11
Netherlands,NLD,1999,2.51,0.77,0.01,0.64,0.09
Netherlands,NLD,2000,2.97,0.895,0.01,0.83,0.14
Netherlands,NLD,2001,3.31,0.958,0.01,0.83,0.12
Netherlands,NLD,2002,3.98,1.15,0.02,0.95,0.11
Netherlands,NLD,2003,3.96,1.124,0.03,1.32,0.07
Netherlands,NLD,2004,5.3,1.452,0.03,1.87,0.09
Netherlands,NLD,2005,7.46,2.013,0.04,2.07,0.09
Netherlands,NLD,2006,8.06,2.24,0.04,2.74,0.11
Netherlands,NLD,2007,7.59,2.341,0.04,3.44,0.11
Netherlands,NLD,2008,9.53,2.817,0.04,4.26,0.1
Netherlands,NLD,2009,10.83,3.323,0.04,4.58,0.1
Netherlands,NLD,2010,11.19,3.039,0.06,3.99,0.1
Netherlands,NLD,2011,12.32,3.546,0.1,5.1,0.06
Netherlands,NLD,2012,12.47,3.67,0.19,4.98,0.1
Netherlands,NLD,2013,12.1,3.61,0.41,5.63,0.11
Netherlands,NLD,2014,11.65,3.651,0.73,5.8,0.11
Netherlands,NLD,2015,13.69,4.031,1.11,7.55,0.09
Netherlands,NLD,2016,14.78,4.139,1.6,8.17,0.1
Netherlands,NLD,2017,17.43,4.795,2.2,10.57,0.06
Netherlands,NLD,2018,18.88,5.505,3.71,10.55,0.07
Netherlands,NLD,2019,22.8,6.709,5.4,11.51,0.07
Netherlands,NLD,2020,32.73,9.735,8.57,15.27,0.05
Netherlands,NLD,2021,40.44,11.483,11.3,18.13,0.09
Netherlands,NLD,2022,48.1,14.417,16.66,21.57,0.05
Netherlands,NLD,2023,56.84,16.63,19.61,29.52,0.07
Netherlands,NLD,2024,62.07,18.119,21.82,33.48,0.09
Netherlands,NLD,2025,69.1,18.119,28.5,33.7,0.05
New Caledonia,NCL,2000,0.45,,0.0,0.01,0.44
New Caledonia,NCL,2001,0.37,,0.0,0.01,0.36
New Caledonia,NCL,2002,0.33,,0.0,0.01,0.32
New Caledonia,NCL,2003,0.32,,0.0,0.0,0.32
New Caledonia,NCL,2004,0.33,,0.0,0.01,0.32
New Caledonia,NCL,2005,0.36,,0.0,0.02,0.34
New Caledonia,NCL,2006,0.31,,0.0,0.03,0.28
New Caledonia,NCL,2007,0.43,,0.0,0.04,0.39
New Caledonia,NCL,2008,0.48,,0.0,0.03,0.45
New Caledonia,NCL,2009,0.43,,0.0,0.03,0.4
New Caledonia,NCL,2010,0.31,,0.0,0.05,0.26
New Caledonia,NCL,2011,0.42,,0.0,0.05,0.37
New Caledonia,NCL,2012,0.46,,0.0,0.06,0.4
New Caledonia,NCL,2013,0.51,,0.0,0.05,0.46
New Caledonia,NCL,2014,0.35,,0.0,0.06,0.29
New Caledonia,NCL,2015,0.41,,0.01,0.06,0.34
New Caledonia,NCL,2016,0.29,,0.01,0.05,0.23
New Caledonia,NCL,2017,0.44,,0.03,0.05,0.36
New Caledonia,NCL,2018,0.42,,0.05,0.05,0.32
New Caledonia,NCL,2019,0.46,,0.12,0.06,0.28
New Caledonia,NCL,2020,0.51,,0.15,0.05,0.31
New Caledonia,NCL,2021,0.65,,0.18,0.04,0.43
New Caledonia,NCL,2022,0.81,,0.23,0.04,0.54
New Caledonia,NCL,2023,0.81,,0.23,0.04,0.54
New Caledonia,NCL,2024,0.84,,0.26,0.04,0.54
New Zealand,NZL,1965,11.367,38.232,0.0,0.0,10.019
New Zealand,NZL,1966,12.164,38.495,0.0,0.0,10.805
New Zealand,NZL,1967,12.355,38.718,0.0,0.0,11.221
New Zealand,NZL,1968,13.068,40.06,0.0,0.0,11.773
New Zealand,NZL,1969,12.963,39.058,0.0,0.0,11.636
New Zealand,NZL,1970,13.943,37.702,0.0,0.0,12.67
New Zealand,NZL,1971,15.65,40.438,0.0,0.0,14.394
New Zealand,NZL,1972,16.522,39.986,0.0,0.0,15.265
New Zealand,NZL,1973,16.34,37.984,0.0,0.0,15.097
New Zealand,NZL,1974,17.268,39.815,0.0,0.0,15.189
New Zealand,NZL,1975,18.77,42.64,0.0,0.0,16.664
New Zealand,NZL,1976,17.554,38.524,0.0,0.0,15.499
New Zealand,NZL,1977,16.698,35.864,0.0,0.0,14.72
New Zealand,NZL,1978,17.661,38.342,0.0,0.0,15.66
New Zealand,NZL,1979,20.321,43.582,0.0,0.0,18.443
New Zealand,NZL,1980,21.336,45.717,0.0,0.0,19.365
New Zealand,NZL,1981,21.618,46.194,0.0,0.0,19.68
New Zealand,NZL,1982,20.272,41.855,0.0,0.0,18.304
New Zealand,NZL,1983,21.738,43.192,0.0,0.0,19.752
New Zealand,NZL,1984,22.515,42.204,0.0,0.0,20.377
New Zealand,NZL,1985,21.718,40.366,0.0,0.0,19.708
New Zealand,NZL,1986,24.181,41.711,0.0,0.0,22.098
New Zealand,NZL,1987,24.006,40.944,0.0,0.0,21.929
New Zealand,NZL,1988,25.05,41.01,0.0,0.0,22.963
New Zealand,NZL,1989,25.137,40.259,0.0,0.0,22.559
New Zealand,NZL,1990,26.138,40.273,0.0,0.0,23.185
New Zealand,NZL,1991,26.016,39.293,0.0,0.0,22.894
New Zealand,NZL,1992,24.163,36.402,0.0,0.001,21.093
New Zealand,NZL,1993,26.712,39.094,0.0,0.001,23.493
New Zealand,NZL,1994,28.913,40.072,0.0,0.001,25.837
New Zealand,NZL,1995,30.56,40.821,0.0,0.001,27.535
New Zealand,NZL,1996,29.143,38.333,0.0,0.008,26.183
New Zealand,NZL,1997,26.318,34.585,0.0,0.014,23.258
New Zealand,NZL,1998,28.649,37.698,0.0,0.022,25.319
New Zealand,NZL,1999,26.515,34.58,0.0,0.039,22.92
New Zealand,NZL,2000,27.92,35.364,0.0,0.12,24.19
New Zealand,NZL,2001,25.0,31.767,0.0,0.14,21.46
New Zealand,NZL,2002,28.0,34.139,0.0,0.15,24.62
New Zealand,NZL,2003,26.68,33.366,0.0,0.15,23.39
New Zealand,NZL,2004,30.6,36.99,0.0,0.36,26.97
New Zealand,NZL,2005,27.36,33.787,0.0,0.61,23.09
New Zealand,NZL,2006,27.88,34.047,0.0,0.62,23.34
New Zealand,NZL,2007,28.41,34.701,0.0,0.92,23.4
New Zealand,NZL,2008,27.87,33.836,0.0,1.05,22.12
New Zealand,NZL,2009,30.79,37.362,0.0,1.46,23.98
New Zealand,NZL,2010,32.4,38.311,0.0,1.62,24.48
New Zealand,NZL,2011,33.33,39.187,0.0,1.94,24.86
New Zealand,NZL,2012,31.38,36.696,0.0,2.06,22.67
New Zealand,NZL,2013,31.68,36.769,0.01,2.0,22.8
New Zealand,NZL,2014,33.95,37.452,0.02,2.19,24.07
New Zealand,NZL,2015,34.89,38.143,0.04,2.34,24.28
New Zealand,NZL,2016,36.39,38.817,0.06,2.32,25.66
New Zealand,NZL,2017,35.46,37.085,0.08,2.07,24.93
New Zealand,NZL,2018,36.47,38.098,0.1,2.05,26.03
New Zealand,NZL,2019,36.06,36.9,0.13,2.23,25.32
New Zealand,NZL,2020,35.08,39.275,0.16,2.28,24.03
New Zealand,NZL,2021,35.59,40.316,0.21,2.62,23.99
New Zealand,NZL,2022,37.6,43.295,0.28,2.89,25.86
New Zealand,NZL,2023,38.44,42.265,0.37,3.51,26.17
New Zealand,NZL,2024,37.84,42.554,0.37,4.31,23.45
New Zealand,NZL,2025,38.37,42.554,0.37,4.22,23.77
Nicaragua,NIC,2000,0.49,,0.0,0.0,0.21
Nicaragua,NIC,2001,0.49,,0.0,0.0,0.19
Nicaragua,NIC,2002,0.64,,0.0,0.0,0.3
Nicaragua,NIC,2003,0.74,,0.0,0.0,0.29
Nicaragua,NIC,2004,0.79,,0.0,0.0,0.32
Nicaragua,NIC,2005,1.02,,0.0,0.0,0.43
Nicaragua,NIC,2006,0.94,,0.0,0.0,0.31
Nicaragua,NIC,2007,0.92,,0.0,0.0,0.3
Nicaragua,NIC,2008,1.19,,0.0,0.0,0.53
Nicaragua,NIC,2009,1.06,,0.0,0.11,0.29
Nicaragua,NIC,2010,1.34,,0.0,0.16,0.5
Nicaragua,NIC,2011,1.29,,0.0,0.21,0.44
Nicaragua,NIC,2012,1.72,,0.0,0.33,0.42
Nicaragua,NIC,2013,2.18,,0.0,0.56,0.46
Nicaragua,NIC,2014,2.4,,0.0,0.85,0.4
Nicaragua,NIC,2015,2.3,,0.0,0.87,0.29
Nicaragua,NIC,2016,2.4,,0.0,0.73,0.43
Nicaragua,NIC,2017,2.53,,0.01,0.63,0.47
Nicaragua,NIC,2018,2.73,,0.02,0.8,0.41
Nicaragua,NIC,2019,2.61,,0.03,0.73,0.23
Nicaragua,NIC,2020,2.65,,0.03,0.55,0.57
Nicaragua,NIC,2021,2.91,,0.03,0.66,0.6
Nicaragua,NIC,2022,2.77,,0.03,0.56,0.6
Nicaragua,NIC,2023,2.82,,0.03,0.56,0.65
Nicaragua,NIC,2024,2.82,,0.03,0.56,0.65
Niger,NER,2000,0.0,,0.0,0.0,0.0
Niger,NER,2001,0.0,,0.0,0.0,0.0
Niger,NER,2002,0.0,,0.0,0.0,0.0
Niger,NER,2003,0.0,,0.0,0.0,0.0
Niger,NER,2004,0.0,,0.0,0.0,0.0
Niger,NER,2005,0.0,,0.0,0.0,0.0
Niger,NER,2006,0.0,,0.0,0.0,0.0
Niger,NER,2007,0.0,,0.0,0.0,0.0
Niger,NER,2008,0.0,,0.0,0.0,0.0
Niger,NER,2009,0.0,,0.0,0.0,0.0
Niger,NER,2010,0.0,,0.0,0.0,0.0
Niger,NER,2011,0.0,,0.0,0.0,0.0
Niger,NER,2012,0.0,,0.0,0.0,0.0
Niger,NER,2013,0.0,,0.0,0.0,0.0
Niger,NER,2014,0.01,,0.01,0.0,0.0
Niger,NER,2015,0.01,,0.01,0.0,0.0
Niger,NER,2016,0.01,,0.01,0.0,0.0
Niger,NER,2017,0.01,,0.01,0.0,0.0
Niger,NER,2018,0.01,,0.01,0.0,0.0
Niger,NER,2019,0.02,,0.02,0.0,0.0
Niger,NER,2020,0.02,,0.02,0.0,0.0
Niger,NER,2021,0.02,,0.02,0.0,0.0
Niger,NER,2022,0.02,,0.02,0.0,0.0
Niger,NER,2023,0.02,,0.02,0.0,0.0
Niger,NER,2024,0.03,,0.03,0.0,0.0
Nigeria,NGA,2000,5.64,,0.0,0.0,5.63
Nigeria,NGA,2001,5.92,,0.0,0.0,5.91
Nigeria,NGA,2002,8.24,,0.0,0.0,8.23
Nigeria,NGA,2003,7.46,,0.0,0.0,7.45
Nigeria,NGA,2004,8.12,,0.0,0.0,8.11
Nigeria,NGA,2005,7.78,,0.0,0.0,7.77
Nigeria,NGA,2006,6.27,,0.0,0.0,6.26
Nigeria,NGA,2007,6.24,,0.0,0.0,6.23
Nigeria,NGA,2008,5.73,,0.0,0.0,5.72
Nigeria,NGA,2009,4.54,,0.0,0.0,4.53
Nigeria,NGA,2010,6.38,,0.0,0.0,6.37
Nigeria,NGA,2011,5.89,,0.0,0.0,5.88
Nigeria,NGA,2012,5.69,,0.02,0.0,5.66
Nigeria,NGA,2013,5.37,,0.02,0.0,5.33
Nigeria,NGA,2014,5.39,,0.02,0.0,5.35
Nigeria,NGA,2015,6.47,,0.03,0.0,6.42
Nigeria,NGA,2016,8.21,,0.03,0.0,8.15
Nigeria,NGA,2017,7.8,,0.03,0.0,7.75
Nigeria,NGA,2018,7.77,,0.04,0.0,7.7
Nigeria,NGA,2019,8.51,,0.05,0.0,8.43
Nigeria,NGA,2020,7.81,,0.08,0.0,7.69
Nigeria,NGA,2021,8.1,,0.1,0.0,7.94
Nigeria,NGA,2022,9.39,,0.1,0.0,9.23
Nigeria,NGA,2023,9.28,,0.11,0.0,9.11
Nigeria,NGA,2024,9.39,,0.13,0.0,9.2
Nigeria,NGA,2025,13.01,,0.13,0.0,12.82
Niue,NIU,2000,0.0,,0.0,0.0,0.0
Niue,NIU,2001,0.0,,0.0,0.0,0.0
Niue,NIU,2002,0.0,,0.0,0.0,0.0
Niue,NIU,2003,0.0,,0.0,0.0,0.0
Niue,NIU,2004,0.0,,0.0,0.0,0.0
Niue,NIU,2005,0.0,,0.0,0.0,0.0
Niue,NIU,2006,0.0,,0.0,0.0,0.0
Niue,NIU,2007,0.0,,0.0,0.0,0.0
Niue,NIU,2008,0.0,,0.0,0.0,0.0
Niue,NIU,2009,0.0,,0.0,0.0,0.0
Niue,NIU,2010,0.0,,0.0,0.0,0.0
Niue,NIU,2011,0.0,,0.0,0.0,0.0
Niue,NIU,2012,0.0,,0.0,0.0,0.0
Niue,NIU,2013,0.0,,0.0,0.0,0.0
Niue,NIU,2014,0.0,,0.0,0.0,0.0
Niue,NIU,2015,0.0,,0.0,0.0,0.0
Niue,NIU,2016,0.0,,0.0,0.0,0.0
Niue,NIU,2017,0.0,,0.0,0.0,0.0
Niue,NIU,2018,0.0,,0.0,0.0,0.0
Niue,NIU,2019,0.0,,0.0,0.0,0.0
Niue,NIU,2020,0.0,,0.0,0.0,0.0
Niue,NIU,2021,0.0,,0.0,0.0,0.0
Niue,NIU,2022,0.0,,0.0,0.0,0.0
Niue,NIU,2023,0.0,,0.0,0.0,0.0
North Korea,PRK,2000,10.1,,0.0,0.0,10.1
North Korea,PRK,2001,10.49,,0.0,0.0,10.49
North Korea,PRK,2002,10.51,,0.0,0.0,10.51
North Korea,PRK,2003,11.6,,0.0,0.0,11.6
North Korea,PRK,2004,12.38,,0.0,0.0,12.38
North Korea,PRK,2005,13.0,,0.0,0.0,13.0
North Korea,PRK,2006,12.49,,0.0,0.0,12.49
North Korea,PRK,2007,13.15,,0.0,0.0,13.15
North Korea,PRK,2008,13.93,,0.0,0.0,13.93
North Korea,PRK,2009,12.38,,0.0,0.0,12.38
North Korea,PRK,2010,13.27,,0.0,0.0,13.27
North Korea,PRK,2011,13.07,,0.0,0.0,13.07
North Korea,PRK,2012,13.36,,0.0,0.0,13.36
North Korea,PRK,2013,13.77,,0.01,0.0,13.76
North Korea,PRK,2014,12.88,,0.01,0.0,12.87
North Korea,PRK,2015,9.93,,0.03,0.0,9.9
North Korea,PRK,2016,12.71,,0.04,0.0,12.67
North Korea,PRK,2017,11.83,,0.05,0.0,11.78
North Korea,PRK,2018,12.73,,0.06,0.0,12.67
North Korea,PRK,2019,11.08,,0.08,0.0,11.0
North Korea,PRK,2020,12.9,,0.1,0.0,12.8
North Korea,PRK,2021,16.23,,0.13,0.0,16.1
North Korea,PRK,2022,16.75,,0.15,0.0,16.6
North Korea,PRK,2023,16.75,,0.15,0.0,16.6
North Korea,PRK,2024,17.17,,0.17,0.0,17.0
North Macedonia,MKD,1990,0.49,4.612,0.0,0.0,0.49
North Macedonia,MKD,1991,0.85,8.041,0.0,0.0,0.85
North Macedonia,MKD,1992,0.85,7.83,0.0,0.0,0.85
North Macedonia,MKD,1993,0.52,4.804,0.0,0.0,0.52
North Macedonia,MKD,1994,0.69,6.818,0.0,0.0,0.69
North Macedonia,MKD,1995,0.8,7.805,0.0,0.0,0.8
North Macedonia,MKD,1996,0.85,7.127,0.0,0.0,0.85
North Macedonia,MKD,1997,0.9,8.375,0.0,0.0,0.9
North Macedonia,MKD,1998,1.08,8.919,0.0,0.0,1.08
North Macedonia,MKD,1999,1.39,11.962,0.0,0.0,1.39
North Macedonia,MKD,2000,1.17,10.608,0.0,0.0,1.17
North Macedonia,MKD,2001,0.63,5.981,0.0,0.0,0.63
North Macedonia,MKD,2002,0.76,7.348,0.0,0.0,0.76
North Macedonia,MKD,2003,1.37,11.797,0.0,0.0,1.37
North Macedonia,MKD,2004,1.48,12.822,0.0,0.0,1.48
North Macedonia,MKD,2005,1.49,12.409,0.0,0.0,1.49
North Macedonia,MKD,2006,1.65,13.409,0.0,0.0,1.65
North Macedonia,MKD,2007,1.01,8.212,0.0,0.0,1.01
North Macedonia,MKD,2008,0.84,7.049,0.0,0.0,0.84
North Macedonia,MKD,2009,1.27,10.849,0.0,0.0,1.27
North Macedonia,MKD,2010,2.43,18.923,0.0,0.0,2.43
North Macedonia,MKD,2011,1.43,11.084,0.0,0.0,1.43
North Macedonia,MKD,2012,1.04,8.636,0.0,0.0,1.04
North Macedonia,MKD,2013,1.59,13.683,0.01,0.0,1.58
North Macedonia,MKD,2014,1.29,11.857,0.01,0.07,1.21
North Macedonia,MKD,2015,2.03,17.673,0.02,0.12,1.87
North Macedonia,MKD,2016,2.07,17.241,0.02,0.11,1.9
North Macedonia,MKD,2017,1.29,11.201,0.02,0.11,1.11
North Macedonia,MKD,2018,1.96,16.351,0.02,0.1,1.79
North Macedonia,MKD,2019,1.34,10.903,0.02,0.1,1.16
North Macedonia,MKD,2020,1.48,13.396,0.02,0.12,1.28
North Macedonia,MKD,2021,1.65,14.348,0.05,0.1,1.45
North Macedonia,MKD,2022,1.61,13.053,0.1,0.11,1.35
North Macedonia,MKD,2023,2.21,16.833,0.36,0.16,1.62
North Macedonia,MKD,2024,2.49,16.037,0.89,0.17,1.37
North Macedonia,MKD,2025,3.22,16.037,1.62,0.2,1.36
Norway,NOR,1965,49.452,66.502,0.0,0.0,49.452
Norway,NOR,1966,48.744,63.971,0.0,0.0,48.744
Norway,NOR,1967,53.301,65.187,0.0,0.0,53.301
Norway,NOR,1968,60.205,65.743,0.0,0.0,60.205
Norway,NOR,1969,57.371,62.426,0.0,0.0,57.371
Norway,NOR,1970,57.808,60.02,0.0,0.0,57.808
Norway,NOR,1971,63.245,62.513,0.0,0.0,63.245
Norway,NOR,1972,67.417,62.848,0.0,0.0,67.417
Norway,NOR,1973,72.867,64.158,0.0,0.0,72.867
Norway,NOR,1974,76.597,66.946,0.0,0.0,76.597
Norway,NOR,1975,77.33,66.598,0.0,0.0,77.33
Norway,NOR,1976,81.933,65.944,0.0,0.0,81.933
Norway,NOR,1977,72.022,62.82,0.0,0.0,72.022
Norway,NOR,1978,80.706,62.729,0.0,0.0,80.706
Norway,NOR,1979,88.698,64.445,0.0,0.0,88.698
Norway,NOR,1980,83.613,63.822,0.0,0.0,83.613
Norway,NOR,1981,92.834,67.236,0.0,0.0,92.834
Norway,NOR,1982,92.499,67.812,0.0,0.0,92.499
Norway,NOR,1983,105.688,70.602,0.0,0.0,105.688
Norway,NOR,1984,105.903,69.836,0.0,0.0,105.903
Norway,NOR,1985,102.388,68.189,0.0,0.0,102.383
Norway,NOR,1986,96.227,65.58,0.0,0.0,96.201
Norway,NOR,1987,103.294,67.066,0.0,0.0,103.273
Norway,NOR,1988,108.884,68.65,0.0,0.0,108.857
Norway,NOR,1989,118.429,70.15,0.0,0.0,118.4
Norway,NOR,1990,121.35,71.558,0.0,0.0,121.14
Norway,NOR,1991,110.34,70.179,0.0,0.0,110.13
Norway,NOR,1992,116.9,71.026,0.0,0.0,116.67
Norway,NOR,1993,119.48,70.755,0.0,0.01,119.23
Norway,NOR,1994,111.92,68.297,0.0,0.01,111.64
Norway,NOR,1995,121.83,69.429,0.0,0.01,121.53
Norway,NOR,1996,104.17,64.532,0.0,0.01,103.86
Norway,NOR,1997,110.03,65.003,0.0,0.01,109.78
Norway,NOR,1998,115.98,65.899,0.0,0.01,115.7
Norway,NOR,1999,121.75,67.145,0.0,0.03,121.45
Norway,NOR,2000,142.11,70.793,0.0,0.03,141.82
Norway,NOR,2001,120.74,66.998,0.0,0.03,120.46
Norway,NOR,2002,129.7,68.324,0.0,0.08,129.37
Norway,NOR,2003,106.03,62.65,0.0,0.22,105.48
Norway,NOR,2004,109.39,63.413,0.0,0.25,108.78
Norway,NOR,2005,136.52,68.685,0.0,0.5,135.69
Norway,NOR,2006,120.4,65.662,0.0,0.64,119.37
Norway,NOR,2007,134.94,67.798,0.0,0.89,133.66
Norway,NOR,2008,140.35,69.317,0.0,0.91,139.04
Norway,NOR,2009,126.48,67.628,0.0,0.97,125.28
Norway,NOR,2010,117.96,64.629,0.0,0.87,116.74
Norway,NOR,2011,121.91,65.624,0.0,1.29,120.28
Norway,NOR,2012,143.59,69.202,0.0,1.54,141.72
Norway,NOR,2013,130.42,66.873,0.0,1.88,128.14
Norway,NOR,2014,137.94,67.914,0.0,2.22,135.47
Norway,NOR,2015,140.07,67.676,0.0,2.52,137.3
Norway,NOR,2016,145.15,69.046,0.0,2.11,142.81
Norway,NOR,2017,145.48,68.894,0.0,2.85,142.37
Norway,NOR,2018,143.05,68.132,0.0,3.87,138.98
Norway,NOR,2019,131.07,66.741,0.01,5.52,125.29
Norway,NOR,2020,152.03,70.963,0.08,9.91,141.8
Norway,NOR,2021,156.06,71.305,0.11,11.76,143.97
Norway,NOR,2022,143.45,69.648,0.17,14.8,128.24
Norway,NOR,2023,151.28,70.758,0.36,13.96,136.71
Norway,NOR,2024,154.92,71.812,0.53,14.6,139.55
Norway,NOR,2025,159.2,71.812,0.53,13.56,144.77
Oman,OMN,1965,0.0,0.0,0.0,0.0,0.0
Oman,OMN,1966,0.0,0.0,0.0,0.0,0.0
Oman,OMN,1967,0.0,0.0,0.0,0.0,0.0
Oman,OMN,1968,0.0,0.0,0.0,0.0,0.0
Oman,OMN,1969,0.0,0.0,0.0,0.0,0.0
Oman,OMN,1970,0.0,0.0,0.0,0.0,0.0
Oman,OMN,1971,0.0,0.0,0.0,0.0,0.0
Oman,OMN,1972,0.0,0.0,0.0,0.0,0.0
Oman,OMN,1973,0.0,0.0,0.0,0.0,0.0
Oman,OMN,1974,0.0,0.0,0.0,0.0,0.0
Oman,OMN,1975,0.0,0.0,0.0,0.0,0.0
Oman,OMN,1976,0.0,0.0,0.0,0.0,0.0
Oman,OMN,1977,0.0,0.0,0.0,0.0,0.0
Oman,OMN,1978,0.0,0.0,0.0,0.0,0.0
Oman,OMN,1979,0.0,0.0,0.0,0.0,0.0
Oman,OMN,1980,0.0,0.0,0.0,0.0,0.0
Oman,OMN,1981,0.0,0.0,0.0,0.0,0.0
Oman,OMN,1982,0.0,0.0,0.0,0.0,0.0
Oman,OMN,1983,0.0,0.0,0.0,0.0,0.0
Oman,OMN,1984,0.0,0.0,0.0,0.0,0.0
Oman,OMN,1985,0.0,0.0,0.0,0.0,0.0
Oman,OMN,1986,0.0,0.0,0.0,0.0,0.0
Oman,OMN,1987,0.0,0.0,0.0,0.0,0.0
Oman,OMN,1988,0.0,0.0,0.0,0.0,0.0
Oman,OMN,1989,0.0,0.0,0.0,0.0,0.0
Oman,OMN,1990,0.0,0.0,0.0,0.0,0.0
Oman,OMN,1991,0.0,0.0,0.0,0.0,0.0
Oman,OMN,1992,0.0,0.0,0.0,0.0,0.0
Oman,OMN,1993,0.0,0.0,0.0,0.0,0.0
Oman,OMN,1994,0.0,0.0,0.0,0.0,0.0
Oman,OMN,1995,0.0,0.0,0.0,0.0,0.0
Oman,OMN,1996,0.0,0.0,0.0,0.0,0.0
Oman,OMN,1997,0.0,0.0,0.0,0.0,0.0
Oman,OMN,1998,0.0,0.0,0.0,0.0,0.0
Oman,OMN,1999,0.0,0.0,0.0,0.0,0.0
Oman,OMN,2000,0.0,0.0,0.0,0.0,0.0
Oman,OMN,2001,0.0,0.0,0.0,0.0,0.0
Oman,OMN,2002,0.0,0.0,0.0,0.0,0.0
Oman,OMN,2003,0.0,0.0,0.0,0.0,0.0
Oman,OMN,2004,0.0,0.0,0.0,0.0,0.0
Oman,OMN,2005,0.0,0.0,0.0,0.0,0.0
Oman,OMN,2006,0.0,0.0,0.0,0.0,0.0
Oman,OMN,2007,0.0,0.0,0.0,0.0,0.0
Oman,OMN,2008,0.0,0.0,0.0,0.0,0.0
Oman,OMN,2009,0.0,0.0,0.0,0.0,0.0
Oman,OMN,2010,0.0,0.0,0.0,0.0,0.0
Oman,OMN,2011,0.0,0.0,0.0,0.0,0.0
Oman,OMN,2012,0.0,0.0,0.0,0.0,0.0
Oman,OMN,2013,0.0,0.001,0.0,0.0,0.0
Oman,OMN,2014,0.0,0.001,0.0,0.0,0.0
Oman,OMN,2015,0.0,0.003,0.0,0.0,0.0
Oman,OMN,2016,0.0,0.003,0.0,0.0,0.0
Oman,OMN,2017,0.02,0.011,0.02,0.0,0.0
Oman,OMN,2018,0.05,0.01,0.05,0.0,0.0
Oman,OMN,2019,0.06,0.017,0.05,0.01,0.0
Oman,OMN,2020,0.1,0.109,0.1,0.0,0.0
Oman,OMN,2021,0.7,0.496,0.6,0.1,0.0
Oman,OMN,2022,1.9,1.136,1.8,0.1,0.0
Oman,OMN,2023,2.2,1.142,2.1,0.1,0.0
Oman,OMN,2024,2.4,1.115,2.3,0.1,0.0
Oman,OMN,2025,2.4,1.115,2.3,0.1,0.0
Pakistan,PAK,1965,2.196,7.456,0.0,0.0,2.196
Pakistan,PAK,1966,2.196,7.4,0.0,0.0,2.196
Pakistan,PAK,1967,2.603,7.924,0.0,0.0,2.603
Pakistan,PAK,1968,3.129,8.392,0.0,0.0,3.129
Pakistan,PAK,1969,3.301,8.814,0.0,0.0,3.301
Pakistan,PAK,1970,2.921,7.922,0.0,0.0,2.921
Pakistan,PAK,1971,3.814,10.942,0.0,0.0,3.814
Pakistan,PAK,1972,4.013,12.553,0.0,0.0,4.013
Pakistan,PAK,1973,4.234,12.396,0.0,0.0,4.234
Pakistan,PAK,1974,4.256,11.496,0.0,0.0,4.256
Pakistan,PAK,1975,4.897,12.61,0.0,0.0,4.897
Pakistan,PAK,1976,5.317,13.489,0.0,0.0,5.317
Pakistan,PAK,1977,6.315,14.816,0.0,0.0,6.315
Pakistan,PAK,1978,7.84,17.203,0.0,0.0,7.84
Pakistan,PAK,1979,8.476,17.059,0.0,0.0,8.476
Pakistan,PAK,1980,8.887,16.12,0.0,0.0,8.887
Pakistan,PAK,1981,9.281,15.652,0.0,0.0,9.281
Pakistan,PAK,1982,10.443,15.973,0.0,0.0,10.443
Pakistan,PAK,1983,12.096,17.322,0.0,0.0,12.096
Pakistan,PAK,1984,12.538,16.962,0.0,0.0,12.538
Pakistan,PAK,1985,13.024,16.764,0.0,0.0,13.024
Pakistan,PAK,1986,12.454,15.108,0.0,0.0,12.454
Pakistan,PAK,1987,16.374,17.737,0.0,0.0,16.374
Pakistan,PAK,1988,17.165,17.499,0.0,0.0,17.165
Pakistan,PAK,1989,17.443,16.76,0.0,0.0,17.443
Pakistan,PAK,1990,17.085,15.694,0.0,0.0,17.085
Pakistan,PAK,1991,18.283,15.851,0.0,0.0,18.283
Pakistan,PAK,1992,19.945,16.468,0.0,0.0,19.945
Pakistan,PAK,1993,21.933,16.362,0.0,0.0,21.933
Pakistan,PAK,1994,21.527,15.512,0.0,0.0,21.527
Pakistan,PAK,1995,22.747,15.541,0.0,0.0,22.747
Pakistan,PAK,1996,24.797,15.909,0.0,0.0,24.797
Pakistan,PAK,1997,18.447,12.213,0.0,0.0,18.447
Pakistan,PAK,1998,24.108,14.898,0.0,0.0,24.108
Pakistan,PAK,1999,21.505,12.713,0.0,0.0,21.505
Pakistan,PAK,2000,17.19,10.753,0.0,0.0,17.19
Pakistan,PAK,2001,18.94,10.829,0.0,0.0,18.94
Pakistan,PAK,2002,22.35,11.551,0.0,0.0,22.35
Pakistan,PAK,2003,28.14,12.784,0.0,0.0,26.94
Pakistan,PAK,2004,26.87,12.115,0.0,0.0,25.67
Pakistan,PAK,2005,31.86,12.98,0.0,0.0,30.86
Pakistan,PAK,2006,33.01,11.995,0.0,0.0,31.95
Pakistan,PAK,2007,29.96,11.84,0.0,0.0,28.71
Pakistan,PAK,2008,29.06,10.105,0.0,0.0,27.78
Pakistan,PAK,2009,29.1,10.194,0.0,0.01,28.09
Pakistan,PAK,2010,32.82,10.436,0.01,0.01,31.81
Pakistan,PAK,2011,29.68,10.606,0.03,0.02,28.52
Pakistan,PAK,2012,31.11,3.989,0.07,0.01,29.86
Pakistan,PAK,2013,33.76,10.559,0.14,0.4,31.87
Pakistan,PAK,2014,35.43,10.733,0.24,0.8,32.47
Pakistan,PAK,2015,37.95,10.407,0.38,0.79,34.63
Pakistan,PAK,2016,35.85,10.286,0.68,1.33,32.18
Pakistan,PAK,2017,32.64,8.975,0.92,2.1,27.92
Pakistan,PAK,2018,33.13,8.879,0.92,3.16,27.34
Pakistan,PAK,2019,40.78,10.438,2.61,2.88,33.58
Pakistan,PAK,2020,42.3,11.468,4.1,2.9,33.55
Pakistan,PAK,2021,45.77,9.927,5.79,4.58,33.55
Pakistan,PAK,2022,50.55,10.571,7.72,6.34,34.58
Pakistan,PAK,2023,57.07,12.266,11.35,6.05,37.9
Pakistan,PAK,2024,65.08,12.507,19.83,5.16,38.27
Pakistan,PAK,2025,83.37,12.507,36.61,5.74,39.35
Palestine,PSE,2000,0.0,,0.0,0.0,0.0
Palestine,PSE,2001,0.0,,0.0,0.0,0.0
Palestine,PSE,2002,0.0,,0.0,0.0,0.0
Palestine,PSE,2003,0.0,,0.0,0.0,0.0
Palestine,PSE,2004,0.0,,0.0,0.0,0.0
Palestine,PSE,2005,0.0,,0.0,0.0,0.0
Palestine,PSE,2006,0.0,,0.0,0.0,0.0
Palestine,PSE,2007,0.0,,0.0,0.0,0.0
Palestine,PSE,2008,0.0,,0.0,0.0,0.0
Palestine,PSE,2009,0.0,,0.0,0.0,0.0
Palestine,PSE,2010,0.0,,0.0,0.0,0.0
Palestine,PSE,2011,0.0,,0.0,0.0,0.0
Palestine,PSE,2012,0.0,,0.0,0.0,0.0
Palestine,PSE,2013,0.0,,0.0,0.0,0.0
Palestine,PSE,2014,0.0,,0.0,0.0,0.0
Palestine,PSE,2015,0.01,,0.01,0.0,0.0
Palestine,PSE,2016,0.04,,0.04,0.0,0.0
Palestine,PSE,2017,0.05,,0.05,0.0,0.0
Palestine,PSE,2018,0.06,,0.06,0.0,0.0
Palestine,PSE,2019,0.12,,0.12,0.0,0.0
Palestine,PSE,2020,0.18,,0.18,0.0,0.0
Palestine,PSE,2021,0.22,,0.22,0.0,0.0
Palestine,PSE,2022,0.34,,0.34,0.0,0.0
Palestine,PSE,2023,0.34,,0.34,0.0,0.0
Palestine,PSE,2024,0.39,,0.39,0.0,0.0
Panama,PAN,2000,3.44,,0.0,0.0,3.42
Panama,PAN,2001,2.52,,0.0,0.0,2.5
Panama,PAN,2002,3.42,,0.0,0.0,3.4
Panama,PAN,2003,2.84,,0.0,0.0,2.82
Panama,PAN,2004,3.8,,0.0,0.0,3.78
Panama,PAN,2005,3.74,,0.0,0.0,3.72
Panama,PAN,2006,3.6,,0.0,0.0,3.58
Panama,PAN,2007,3.73,,0.0,0.0,3.71
Panama,PAN,2008,3.99,,0.0,0.0,3.97
Panama,PAN,2009,3.92,,0.0,0.0,3.9
Panama,PAN,2010,4.21,,0.0,0.0,4.19
Panama,PAN,2011,4.12,,0.0,0.0,4.1
Panama,PAN,2012,5.42,,0.0,0.0,5.39
Panama,PAN,2013,5.18,,0.0,0.0,5.15
Panama,PAN,2014,5.19,,0.01,0.12,5.03
Panama,PAN,2015,6.73,,0.02,0.42,6.26
Panama,PAN,2016,7.25,,0.07,0.63,6.52
Panama,PAN,2017,7.93,,0.16,0.49,7.25
Panama,PAN,2018,8.71,,0.23,0.59,7.86
Panama,PAN,2019,6.14,,0.29,0.72,5.1
Panama,PAN,2020,8.28,,0.32,0.58,7.35
Panama,PAN,2021,9.49,,0.59,0.53,8.34
Panama,PAN,2022,9.46,,0.7,0.58,8.12
Panama,PAN,2023,7.95,,0.87,0.89,6.15
Panama,PAN,2024,9.13,,0.99,0.96,7.13
Papua New Guinea,PNG,2000,0.92,,0.0,0.0,0.92
Papua New Guinea,PNG,2001,0.92,,0.0,0.0,0.92
Papua New Guinea,PNG,2002,0.92,,0.0,0.0,0.92
Papua New Guinea,PNG,2003,0.97,,0.0,0.0,0.92
Papua New Guinea,PNG,2004,0.94,,0.0,0.0,0.89
Papua New Guinea,PNG,2005,1.18,,0.0,0.0,0.88
Papua New Guinea,PNG,2006,1.15,,0.0,0.0,0.85
Papua New Guinea,PNG,2007,1.25,,0.0,0.0,0.85
Papua New Guinea,PNG,2008,1.25,,0.0,0.0,0.85
Papua New Guinea,PNG,2009,1.25,,0.0,0.0,0.85
Papua New Guinea,PNG,2010,1.25,,0.0,0.0,0.85
Papua New Guinea,PNG,2011,1.36,,0.0,0.0,0.96
Papua New Guinea,PNG,2012,1.37,,0.0,0.0,0.97
Papua New Guinea,PNG,2013,1.41,,0.0,0.0,0.99
Papua New Guinea,PNG,2014,1.43,,0.0,0.0,1.01
Papua New Guinea,PNG,2015,1.42,,0.0,0.0,1.0
Papua New Guinea,PNG,2016,1.42,,0.0,0.0,1.0
Papua New Guinea,PNG,2017,1.21,,0.0,0.0,0.79
Papua New Guinea,PNG,2018,1.0,,0.0,0.0,0.85
Papua New Guinea,PNG,2019,1.13,,0.0,0.0,1.01
Papua New Guinea,PNG,2020,1.12,,0.0,0.0,1.01
Papua New Guinea,PNG,2021,1.12,,0.0,0.0,1.01
Papua New Guinea,PNG,2022,0.97,,0.01,0.0,0.85
Papua New Guinea,PNG,2023,1.12,,0.01,0.0,1.0
Papua New Guinea,PNG,2024,1.12,,0.01,0.0,1.0
Paraguay,PRY,2000,53.49,,0.0,0.0,53.49
Paraguay,PRY,2001,45.32,,0.0,0.0,45.32
Paraguay,PRY,2002,48.21,,0.0,0.0,48.21
Paraguay,PRY,2003,51.77,,0.0,0.0,51.77
Paraguay,PRY,2004,51.93,,0.0,0.0,51.93
Paraguay,PRY,2005,51.17,,0.0,0.0,51.17
Paraguay,PRY,2006,53.77,,0.0,0.0,53.77
Paraguay,PRY,2007,53.71,,0.0,0.0,53.71
Paraguay,PRY,2008,55.46,,0.0,0.0,55.46
Paraguay,PRY,2009,54.94,,0.0,0.0,54.94
Paraguay,PRY,2010,54.06,,0.0,0.0,54.06
Paraguay,PRY,2011,57.62,,0.0,0.0,57.62
Paraguay,PRY,2012,60.23,,0.0,0.0,60.23
Paraguay,PRY,2013,60.51,,0.0,0.0,60.38
Paraguay,PRY,2014,55.42,,0.0,0.0,55.28
Paraguay,PRY,2015,55.89,,0.0,0.0,55.74
Paraguay,PRY,2016,63.94,,0.0,0.0,63.77
Paraguay,PRY,2017,59.82,,0.0,0.0,59.68
Paraguay,PRY,2018,59.34,,0.0,0.0,59.21
Paraguay,PRY,2019,49.59,,0.0,0.0,49.45
Paraguay,PRY,2020,46.63,,0.0,0.0,46.37
Paraguay,PRY,2021,40.84,,0.0,0.0,40.57
Paraguay,PRY,2022,44.11,,0.0,0.0,43.87
Paraguay,PRY,2023,53.04,,0.0,0.0,52.8
Paraguay,PRY,2024,42.41,,0.0,0.0,42.17
Paraguay,PRY,2025,45.35,,0.0,0.0,45.11
Peru,PER,1965,2.625,13.37,0.0,0.0,2.625
Peru,PER,1966,2.827,11.784,0.0,0.0,2.827
Peru,PER,1967,3.168,12.979,0.0,0.0,3.168
Peru,PER,1968,3.4,13.683,0.0,0.0,3.4
Peru,PER,1969,3.701,14.797,0.0,0.0,3.701
Peru,PER,1970,3.536,13.698,0.0,0.0,3.536
Peru,PER,1971,4.513,16.812,0.0,0.0,4.286
Peru,PER,1972,4.662,19.407,0.0,0.0,4.435
Peru,PER,1973,4.999,18.347,0.0,0.0,4.769
Peru,PER,1974,5.482,17.471,0.0,0.0,5.216
Peru,PER,1975,5.733,17.284,0.0,0.0,5.467
Peru,PER,1976,6.038,17.841,0.0,0.0,5.793
Peru,PER,1977,6.267,18.371,0.0,0.0,6.025
Peru,PER,1978,6.407,18.813,0.0,0.0,6.192
Peru,PER,1979,6.866,19.402,0.0,0.0,6.703
Peru,PER,1980,7.095,18.693,0.0,0.0,7.01
Peru,PER,1981,8.072,20.246,0.0,0.0,7.996
Peru,PER,1982,8.547,21.326,0.0,0.0,8.396
Peru,PER,1983,8.252,23.572,0.0,0.0,8.107
Peru,PER,1984,8.845,23.966,0.0,0.0,8.703
Peru,PER,1985,9.551,26.356,0.0,0.0,9.382
Peru,PER,1986,10.214,26.158,0.0,0.0,10.06
Peru,PER,1987,11.014,25.82,0.0,0.0,10.878
Peru,PER,1988,10.559,25.476,0.0,0.0,10.423
Peru,PER,1989,10.652,27.945,0.0,0.0,10.507
Peru,PER,1990,10.605,28.065,0.0,0.0,10.469
Peru,PER,1991,11.625,31.07,0.0,0.0,11.492
Peru,PER,1992,9.822,26.897,0.0,0.0,9.689
Peru,PER,1993,11.908,29.879,0.0,0.0,11.799
Peru,PER,1994,12.866,29.688,0.0,0.0,12.747
Peru,PER,1995,13.08,27.773,0.0,0.0,12.938
Peru,PER,1996,13.461,27.724,0.0,0.0,13.324
Peru,PER,1997,13.369,28.091,0.0,0.001,13.215
Peru,PER,1998,13.935,28.377,0.0,0.001,13.808
Peru,PER,1999,14.68,29.158,0.0,0.001,14.541
Peru,PER,2000,16.33,31.45,0.0,0.0,16.17
Peru,PER,2001,17.77,34.392,0.0,0.0,17.61
Peru,PER,2002,18.23,34.293,0.0,0.0,18.04
Peru,PER,2003,18.73,35.519,0.0,0.0,18.53
Peru,PER,2004,17.67,31.152,0.0,0.0,17.52
Peru,PER,2005,18.43,30.827,0.0,0.0,18.08
Peru,PER,2006,20.05,33.532,0.0,0.0,19.7
Peru,PER,2007,19.97,30.645,0.0,0.0,19.55
Peru,PER,2008,19.5,27.606,0.0,0.0,19.04
Peru,PER,2009,19.95,28.469,0.0,0.0,19.49
Peru,PER,2010,20.71,25.513,0.0,0.0,20.04
Peru,PER,2011,22.27,24.656,0.0,0.0,21.59
Peru,PER,2012,22.08,24.827,0.06,0.0,21.35
Peru,PER,2013,23.47,24.991,0.2,0.0,22.31
Peru,PER,2014,23.95,24.772,0.2,0.26,22.2
Peru,PER,2015,25.45,24.89,0.23,0.6,23.71
Peru,PER,2016,26.02,23.56,0.24,1.06,24.16
Peru,PER,2017,30.89,27.624,0.29,1.07,29.06
Peru,PER,2018,33.39,28.247,0.75,1.5,30.72
Peru,PER,2019,34.43,28.051,0.78,1.65,31.45
Peru,PER,2020,33.64,31.113,0.79,1.81,30.5
Peru,PER,2021,35.09,28.608,0.8,1.82,31.89
Peru,PER,2022,33.09,26.155,0.84,1.93,29.73
Peru,PER,2023,33.1,25.562,0.84,1.93,29.73
Peru,PER,2024,35.64,26.656,0.95,2.09,32.0
Peru,PER,2025,38.47,26.656,1.83,2.11,33.88
Philippines,PHL,1965,1.55,6.92,0.0,0.0,1.55
Philippines,PHL,1966,1.52,6.15,0.0,0.0,1.52
Philippines,PHL,1967,1.68,6.253,0.0,0.0,1.68
Philippines,PHL,1968,1.72,5.47,0.0,0.0,1.72
Philippines,PHL,1969,1.815,5.357,0.0,0.0,1.815
Philippines,PHL,1970,2.097,6.064,0.0,0.0,2.097
Philippines,PHL,1971,1.933,5.21,0.0,0.0,1.933
Philippines,PHL,1972,2.207,5.612,0.0,0.0,2.207
Philippines,PHL,1973,2.374,5.42,0.0,0.0,2.374
Philippines,PHL,1974,2.051,5.016,0.0,0.0,2.051
Philippines,PHL,1975,2.272,5.107,0.0,0.0,2.272
Philippines,PHL,1976,2.795,6.055,0.0,0.0,2.795
Philippines,PHL,1977,2.115,4.266,0.0,0.0,2.114
Philippines,PHL,1978,2.814,5.425,0.0,0.0,2.811
Philippines,PHL,1979,3.518,6.633,0.0,0.0,2.881
Philippines,PHL,1980,5.567,10.906,0.0,0.0,3.522
Philippines,PHL,1981,7.637,15.241,0.0,0.0,3.725
Philippines,PHL,1982,7.681,15.349,0.0,0.0,3.773
Philippines,PHL,1983,8.903,17.136,0.0,0.0,3.968
Philippines,PHL,1984,10.636,22.343,0.0,0.0,5.278
Philippines,PHL,1985,11.495,25.027,0.0,0.0,5.553
Philippines,PHL,1986,11.59,24.82,0.0,0.0,6.017
Philippines,PHL,1987,10.143,20.009,0.0,0.0,5.247
Philippines,PHL,1988,11.487,20.495,0.0,0.0,6.264
Philippines,PHL,1989,12.187,19.718,0.0,0.0,6.485
Philippines,PHL,1990,11.958,18.763,0.0,0.0,6.062
Philippines,PHL,1991,10.903,17.445,0.0,0.0,5.145
Philippines,PHL,1992,10.14,15.153,0.0,0.0,4.44
Philippines,PHL,1993,10.697,14.536,0.0,0.0,5.03
Philippines,PHL,1994,12.182,15.869,0.0,0.0,5.862
Philippines,PHL,1995,12.367,14.08,0.0,0.0,6.232
Philippines,PHL,1996,13.564,14.387,0.0,0.0,7.03
Philippines,PHL,1997,13.306,13.018,0.0,0.0,6.069
Philippines,PHL,1998,13.98,13.896,0.0,0.0,5.066
Philippines,PHL,1999,18.434,17.887,0.0,0.0,7.84
Philippines,PHL,2000,19.43,18.729,0.0,0.0,7.8
Philippines,PHL,2001,17.54,17.257,0.0,0.0,7.1
Philippines,PHL,2002,17.27,16.848,0.0,0.0,7.03
Philippines,PHL,2003,17.69,16.612,0.0,0.0,7.87
Philippines,PHL,2004,18.87,17.238,0.0,0.0,8.59
Philippines,PHL,2005,18.31,16.653,0.0,0.02,8.39
Philippines,PHL,2006,20.46,19.318,0.0,0.05,9.94
Philippines,PHL,2007,18.84,17.341,0.0,0.06,8.56
Philippines,PHL,2008,20.62,18.352,0.0,0.06,9.84
Philippines,PHL,2009,20.17,17.917,0.0,0.06,9.79
Philippines,PHL,2010,17.81,15.667,0.0,0.06,7.8
Philippines,PHL,2011,19.82,16.874,0.0,0.09,9.7
Philippines,PHL,2012,20.74,17.177,0.0,0.08,10.25
Philippines,PHL,2013,19.87,15.493,0.0,0.07,10.02
Philippines,PHL,2014,19.78,14.804,0.02,0.15,9.14
Philippines,PHL,2015,20.94,14.375,0.14,0.75,8.66
Philippines,PHL,2016,21.98,13.798,1.1,0.98,8.11
Philippines,PHL,2017,23.17,13.161,1.2,1.09,9.61
Philippines,PHL,2018,23.31,12.831,1.25,1.15,9.38
Philippines,PHL,2019,22.04,11.974,1.25,1.04,8.03
Philippines,PHL,2020,21.6,12.827,1.37,1.03,7.19
Philippines,PHL,2021,23.41,12.948,1.47,1.28,9.19
Philippines,PHL,2022,24.72,13.032,1.82,1.06,10.09
Philippines,PHL,2023,25.01,12.922,1.82,1.35,10.09
Philippines,PHL,2024,25.42,12.818,2.08,1.5,10.09
Philippines,PHL,2025,28.7,12.818,3.0,1.46,12.7
Poland,POL,1965,0.922,0.331,0.0,0.0,0.896
Poland,POL,1966,0.934,0.33,0.0,0.0,0.896
Poland,POL,1967,1.001,0.343,0.0,0.0,0.957
Poland,POL,1968,1.052,0.335,0.0,0.0,1.005
Poland,POL,1969,0.894,0.268,0.0,0.0,0.81
Poland,POL,1970,1.83,0.517,0.0,0.0,1.771
Poland,POL,1971,1.67,0.459,0.0,0.0,1.569
Poland,POL,1972,1.688,0.442,0.0,0.0,1.503
Poland,POL,1973,1.679,0.433,0.0,0.0,1.456
Poland,POL,1974,2.357,0.586,0.0,0.0,2.122
Poland,POL,1975,2.201,0.507,0.0,0.0,1.99
Poland,POL,1976,1.828,0.4,0.0,0.0,1.645
Poland,POL,1977,2.222,0.467,0.0,0.0,1.957
Poland,POL,1978,2.213,0.443,0.0,0.0,1.951
Poland,POL,1979,2.047,0.404,0.0,0.0,1.807
Poland,POL,1980,2.597,0.488,0.0,0.0,2.349
Poland,POL,1981,2.406,0.503,0.0,0.0,2.137
Poland,POL,1982,1.812,0.373,0.0,0.0,1.543
Poland,POL,1983,2.037,0.419,0.0,0.0,1.675
Poland,POL,1984,1.753,0.348,0.0,0.0,1.408
Poland,POL,1985,2.249,0.436,0.0,0.0,1.852
Poland,POL,1986,1.917,0.362,0.0,0.0,1.549
Poland,POL,1987,1.854,0.335,0.0,0.0,1.661
Poland,POL,1988,1.887,0.345,0.0,0.0,1.793
Poland,POL,1989,1.712,0.326,0.0,0.0,1.609
Poland,POL,1990,1.49,0.339,0.0,0.0,1.44
Poland,POL,1991,1.5,0.356,0.0,0.0,1.42
Poland,POL,1992,1.62,0.4,0.0,0.0,1.51
Poland,POL,1993,1.55,0.382,0.0,0.0,1.49
Poland,POL,1994,1.78,0.459,0.0,0.0,1.73
Poland,POL,1995,1.96,0.492,0.0,0.0,1.89
Poland,POL,1996,2.06,0.497,0.0,0.0,1.93
Poland,POL,1997,2.13,0.519,0.0,0.0,1.96
Poland,POL,1998,2.53,0.644,0.0,0.0,2.31
Poland,POL,1999,2.34,0.61,0.0,0.0,2.15
Poland,POL,2000,2.33,0.644,0.0,0.0,2.11
Poland,POL,2001,2.78,0.777,0.0,0.01,2.33
Poland,POL,2002,2.77,0.775,0.0,0.06,2.28
Poland,POL,2003,2.25,0.642,0.0,0.12,1.67
Poland,POL,2004,3.2,0.849,0.0,0.14,2.08
Poland,POL,2005,3.85,1.088,0.0,0.14,2.2
Poland,POL,2006,4.29,1.203,0.0,0.26,2.04
Poland,POL,2007,5.43,1.515,0.0,0.52,2.35
Poland,POL,2008,6.61,2.154,0.0,0.84,2.15
Poland,POL,2009,8.69,2.923,0.0,1.08,2.38
Poland,POL,2010,10.88,3.379,0.0,1.66,2.92
Poland,POL,2011,13.13,3.959,0.0,3.2,2.33
Poland,POL,2012,16.88,5.13,0.0,4.75,2.04
Poland,POL,2013,17.06,5.052,0.0,6.0,2.44
Poland,POL,2014,19.85,5.922,0.01,7.68,2.18
Poland,POL,2015,22.69,6.387,0.06,10.86,1.83
Poland,POL,2016,22.81,5.878,0.12,12.59,2.14
Poland,POL,2017,24.13,5.924,0.17,14.91,2.56
Poland,POL,2018,21.62,5.621,0.3,12.8,1.97
Poland,POL,2019,25.46,6.71,0.71,15.11,1.96
Poland,POL,2020,28.23,7.663,1.96,15.8,2.12
Poland,POL,2021,30.56,7.599,3.93,16.23,2.34
Poland,POL,2022,37.69,9.37,8.31,19.78,1.97
Poland,POL,2023,45.86,11.752,11.11,24.18,2.41
Poland,POL,2024,53.61,13.045,17.66,25.89,2.11
Poland,POL,2025,54.59,13.045,19.55,24.62,1.7
Portugal,PRT,1965,4.182,23.804,0.0,0.0,3.975
Portugal,PRT,1966,5.476,28.51,0.0,0.0,5.276
Portugal,PRT,1967,5.673,27.599,0.0,0.0,5.481
Portugal,PRT,1968,5.416,25.873,0.0,0.0,5.188
Portugal,PRT,1969,6.591,29.12,0.0,0.0,6.311
Portugal,PRT,1970,5.99,22.028,0.0,0.0,5.804
Portugal,PRT,1971,6.313,21.052,0.0,0.0,6.17
Portugal,PRT,1972,7.199,22.079,0.0,0.0,7.086
Portugal,PRT,1973,7.525,20.889,0.0,0.0,7.325
Portugal,PRT,1974,8.008,21.231,0.0,0.0,7.828
Portugal,PRT,1975,6.646,17.717,0.0,0.0,6.41
Portugal,PRT,1976,5.017,13.495,0.0,0.0,4.787
Portugal,PRT,1977,10.2,24.302,0.0,0.0,9.966
Portugal,PRT,1978,11.043,24.987,0.0,0.0,10.811
Portugal,PRT,1979,11.471,24.47,0.0,0.0,11.213
Portugal,PRT,1980,8.335,18.268,0.0,0.0,8.015
Portugal,PRT,1981,5.33,11.879,0.0,0.0,5.019
Portugal,PRT,1982,7.274,14.992,0.0,0.0,6.921
Portugal,PRT,1983,8.431,16.798,0.0,0.0,8.026
Portugal,PRT,1984,10.138,19.397,0.0,0.0,9.765
Portugal,PRT,1985,11.241,21.129,0.0,0.0,10.693
Portugal,PRT,1986,9.12,16.18,0.0,0.0,8.514
Portugal,PRT,1987,9.767,16.933,0.0,0.0,9.153
Portugal,PRT,1988,12.886,20.145,0.0,0.0,12.233
Portugal,PRT,1989,6.482,9.381,0.001,0.001,5.819
Portugal,PRT,1990,9.83,13.736,0.0,0.0,9.14
Portugal,PRT,1991,9.84,13.248,0.0,0.0,9.03
Portugal,PRT,1992,5.49,7.339,0.0,0.0,4.61
Portugal,PRT,1993,9.43,12.161,0.0,0.01,8.52
Portugal,PRT,1994,11.63,14.334,0.0,0.02,10.65
Portugal,PRT,1995,9.38,10.868,0.0,0.02,8.33
Portugal,PRT,1996,15.78,17.71,0.0,0.02,14.75
Portugal,PRT,1997,14.23,15.714,0.0,0.04,13.1
Portugal,PRT,1998,14.15,14.322,0.0,0.09,12.98
Portugal,PRT,1999,8.62,8.619,0.0,0.12,7.26
Portugal,PRT,2000,12.87,12.409,0.0,0.17,11.32
Portugal,PRT,2001,15.74,14.858,0.0,0.26,14.03
Portugal,PRT,2002,9.73,9.233,0.0,0.36,7.8
Portugal,PRT,2003,17.7,16.157,0.0,0.5,15.72
Portugal,PRT,2004,12.31,11.475,0.0,0.82,9.87
Portugal,PRT,2005,8.25,7.701,0.0,1.77,4.73
Portugal,PRT,2006,15.72,14.808,0.0,2.93,11.0
Portugal,PRT,2007,16.21,15.435,0.02,4.04,10.09
Portugal,PRT,2008,14.64,14.553,0.04,5.76,6.8
Portugal,PRT,2009,18.29,18.133,0.16,7.58,8.28
Portugal,PRT,2010,28.35,26.402,0.21,9.18,16.15
Portugal,PRT,2011,24.11,23.66,0.28,9.16,11.54
Portugal,PRT,2012,19.37,20.965,0.39,10.26,5.62
Portugal,PRT,2013,29.47,28.202,0.48,12.01,13.73
Portugal,PRT,2014,31.57,29.761,0.63,12.11,15.57
Portugal,PRT,2015,24.36,23.685,0.8,11.6,8.66
Portugal,PRT,2016,32.3,28.268,0.87,12.47,15.72
Portugal,PRT,2017,22.58,20.606,0.99,12.25,5.9
Portugal,PRT,2018,29.41,26.2,1.01,12.62,12.39
Portugal,PRT,2019,27.41,25.366,1.34,13.67,8.82
Portugal,PRT,2020,30.11,30.635,1.72,12.3,12.08
Portugal,PRT,2021,31.54,32.197,2.24,13.21,11.91
Portugal,PRT,2022,27.61,28.753,3.52,13.25,6.54
Portugal,PRT,2023,34.36,34.67,5.16,13.15,12.04
Portugal,PRT,2024,40.27,39.741,7.09,14.34,14.89
Portugal,PRT,2025,41.39,39.741,8.86,13.67,15.18
Puerto Rico,PRI,2000,0.15,,0.0,0.0,0.15
Puerto Rico,PRI,2001,0.13,,0.0,0.0,0.13
Puerto Rico,PRI,2002,0.11,,0.0,0.0,0.11
Puerto Rico,PRI,2003,0.1,,0.0,0.0,0.1
Puerto Rico,PRI,2004,0.14,,0.0,0.0,0.14
Puerto Rico,PRI,2005,0.14,,0.0,0.0,0.14
Puerto Rico,PRI,2006,0.14,,0.0,0.0,0.14
Puerto Rico,PRI,2007,0.16,,0.0,0.0,0.16
Puerto Rico,PRI,2008,0.16,,0.0,0.0,0.16
Puerto Rico,PRI,2009,0.17,,0.0,0.0,0.17
Puerto Rico,PRI,2010,0.16,,0.0,0.0,0.16
Puerto Rico,PRI,2011,0.15,,0.0,0.0,0.15
Puerto Rico,PRI,2012,0.12,,0.02,0.01,0.09
Puerto Rico,PRI,2013,0.29,,0.04,0.17,0.08
Puerto Rico,PRI,2014,0.35,,0.05,0.22,0.08
Puerto Rico,PRI,2015,0.38,,0.09,0.24,0.05
Puerto Rico,PRI,2016,0.39,,0.12,0.19,0.07
Puerto Rico,PRI,2017,0.37,,0.16,0.15,0.05
Puerto Rico,PRI,2018,0.47,,0.31,0.11,0.04
Puerto Rico,PRI,2019,0.73,,0.5,0.16,0.05
Puerto Rico,PRI,2020,0.76,,0.56,0.14,0.05
Puerto Rico,PRI,2021,0.9,,0.68,0.16,0.05
Puerto Rico,PRI,2022,1.07,,0.85,0.16,0.05
Puerto Rico,PRI,2023,1.07,,0.85,0.16,0.05
Puerto Rico,PRI,2024,1.2,,0.96,0.18,0.05
Puerto Rico,PRI,2025,1.29,,1.0,0.23,0.05
Qatar,QAT,1965,0.0,0.0,0.0,0.0,0.0
Qatar,QAT,1966,0.0,0.0,0.0,0.0,0.0
Qatar,QAT,1967,0.0,0.0,0.0,0.0,0.0
Qatar,QAT,1968,0.0,0.0,0.0,0.0,0.0
Qatar,QAT,1969,0.0,0.0,0.0,0.0,0.0
Qatar,QAT,1970,0.0,0.0,0.0,0.0,0.0
Qatar,QAT,1971,0.0,0.0,0.0,0.0,0.0
Qatar,QAT,1972,0.0,0.0,0.0,0.0,0.0
Qatar,QAT,1973,0.0,0.0,0.0,0.0,0.0
Qatar,QAT,1974,0.0,0.0,0.0,0.0,0.0
Qatar,QAT,1975,0.0,0.0,0.0,0.0,0.0
Qatar,QAT,1976,0.0,0.0,0.0,0.0,0.0
Qatar,QAT,1977,0.0,0.0,0.0,0.0,0.0
Qatar,QAT,1978,0.0,0.0,0.0,0.0,0.0
Qatar,QAT,1979,0.0,0.0,0.0,0.0,0.0
Qatar,QAT,1980,0.0,0.0,0.0,0.0,0.0
Qatar,QAT,1981,0.0,0.0,0.0,0.0,0.0
Qatar,QAT,1982,0.0,0.0,0.0,0.0,0.0
Qatar,QAT,1983,0.0,0.0,0.0,0.0,0.0
Qatar,QAT,1984,0.0,0.0,0.0,0.0,0.0
Qatar,QAT,1985,0.0,0.0,0.0,0.0,0.0
Qatar,QAT,1986,0.0,0.0,0.0,0.0,0.0
Qatar,QAT,1987,0.0,0.0,0.0,0.0,0.0
Qatar,QAT,1988,0.0,0.0,0.0,0.0,0.0
Qatar,QAT,1989,0.0,0.0,0.0,0.0,0.0
Qatar,QAT,1990,0.0,0.0,0.0,0.0,0.0
Qatar,QAT,1991,0.0,0.0,0.0,0.0,0.0
Qatar,QAT,1992,0.0,0.0,0.0,0.0,0.0
Qatar,QAT,1993,0.0,0.0,0.0,0.0,0.0
Qatar,QAT,1994,0.0,0.0,0.0,0.0,0.0
Qatar,QAT,1995,0.0,0.0,0.0,0.0,0.0
Qatar,QAT,1996,0.0,0.0,0.0,0.0,0.0
Qatar,QAT,1997,0.0,0.0,0.0,0.0,0.0
Qatar,QAT,1998,0.0,0.0,0.0,0.0,0.0
Qatar,QAT,1999,0.0,0.0,0.0,0.0,0.0
Qatar,QAT,2000,0.0,0.0,0.0,0.0,0.0
Qatar,QAT,2001,0.0,0.0,0.0,0.0,0.0
Qatar,QAT,2002,0.0,0.0,0.0,0.0,0.0
Qatar,QAT,2003,0.0,0.0,0.0,0.0,0.0
Qatar,QAT,2004,0.0,0.0,0.0,0.0,0.0
Qatar,QAT,2005,0.0,0.0,0.0,0.0,0.0
Qatar,QAT,2006,0.0,0.0,0.0,0.0,0.0
Qatar,QAT,2007,0.0,0.0,0.0,0.0,0.0
Qatar,QAT,2008,0.0,0.0,0.0,0.0,0.0
Qatar,QAT,2009,0.0,0.0,0.0,0.0,0.0
Qatar,QAT,2010,0.0,0.0,0.0,0.0,0.0
Qatar,QAT,2011,0.0,0.008,0.0,0.0,0.0
Qatar,QAT,2012,0.01,0.007,0.0,0.0,0.0
Qatar,QAT,2013,0.08,0.051,0.0,0.0,0.0
Qatar,QAT,2014,0.11,0.065,0.01,0.0,0.0
Qatar,QAT,2015,0.13,0.065,0.01,0.0,0.0
Qatar,QAT,2016,0.13,0.069,0.01,0.0,0.0
Qatar,QAT,2017,0.14,0.075,0.01,0.0,0.0
Qatar,QAT,2018,0.15,0.077,0.01,0.0,0.0
Qatar,QAT,2019,0.13,0.066,0.01,0.0,0.0
Qatar,QAT,2020,0.14,0.086,0.01,0.0,0.0
Qatar,QAT,2021,0.15,0.081,0.01,0.0,0.0
Qatar,QAT,2022,0.72,0.192,0.59,0.0,0.0
Qatar,QAT,2023,2.01,0.816,1.88,0.0,0.0
Qatar,QAT,2024,2.28,0.811,2.15,0.0,0.0
Qatar,QAT,2025,2.28,0.811,2.15,0.0,0.0
Reunion,REU,2000,0.82,,,,0.56
Reunion,REU,2001,0.75,,,,0.5
Reunion,REU,2002,0.83,,,,0.59
Reunion,REU,2003,0.86,,,,0.63
Reunion,REU,2004,0.87,,0.0,0.0,0.58
Reunion,REU,2005,0.77,,0.0,0.0,0.51
Reunion,REU,2006,0.85,,0.0,0.0,0.58
Reunion,REU,2007,0.91,,0.0,0.01,0.66
Reunion,REU,2008,0.91,,0.0,0.01,0.63
Reunion,REU,2009,0.85,,0.02,0.02,0.53
Reunion,REU,2010,0.92,,0.08,0.02,0.54
Reunion,REU,2011,0.83,,0.14,0.01,0.4
Reunion,REU,2012,0.98,,0.19,0.02,0.49
Reunion,REU,2013,1.07,,0.22,0.02,0.56
Reunion,REU,2014,0.95,,0.24,0.02,0.43
Reunion,REU,2015,1.05,,0.24,0.02,0.5
Reunion,REU,2016,1.0,,0.26,0.02,0.46
Reunion,REU,2017,0.96,,0.26,0.01,0.42
Reunion,REU,2018,1.07,,0.25,0.01,0.6
Reunion,REU,2019,0.95,,0.26,0.01,0.42
Reunion,REU,2020,0.93,,0.26,0.01,0.42
Reunion,REU,2021,0.87,,0.27,0.0,0.36
Reunion,REU,2022,1.15,,0.27,0.0,0.63
Reunion,REU,2023,1.74,,0.29,0.02,0.39
Romania,ROU,1965,1.005,1.002,0.0,0.0,1.005
Romania,ROU,1966,1.035,0.968,0.0,0.0,1.035
Romania,ROU,1967,1.476,1.237,0.0,0.0,1.476
Romania,ROU,1968,1.562,1.23,0.0,0.0,1.562
Romania,ROU,1969,2.217,1.519,0.0,0.0,2.217
Romania,ROU,1970,2.773,1.785,0.0,0.0,2.773
Romania,ROU,1971,4.495,2.728,0.0,0.0,4.495
Romania,ROU,1972,7.343,4.232,0.0,0.0,7.343
Romania,ROU,1973,7.547,3.997,0.0,0.0,7.547
Romania,ROU,1974,8.476,4.459,0.0,0.0,8.476
Romania,ROU,1975,9.361,4.516,0.0,0.0,9.361
Romania,ROU,1976,8.107,3.627,0.0,0.0,8.107
Romania,ROU,1977,9.345,3.943,0.0,0.0,9.345
Romania,ROU,1978,10.614,4.159,0.0,0.0,10.614
Romania,ROU,1979,11.339,4.358,0.0,0.0,11.339
Romania,ROU,1980,12.637,4.811,0.0,0.0,12.637
Romania,ROU,1981,12.737,4.838,0.0,0.0,12.737
Romania,ROU,1982,11.854,4.541,0.0,0.0,11.854
Romania,ROU,1983,10.038,3.871,0.0,0.0,10.038
Romania,ROU,1984,11.326,4.4,0.0,0.0,11.326
Romania,ROU,1985,12.713,4.955,0.0,0.0,12.713
Romania,ROU,1986,10.81,4.124,0.0,0.0,10.81
Romania,ROU,1987,11.209,4.123,0.0,0.0,11.209
Romania,ROU,1988,14.776,5.341,0.0,0.0,14.776
Romania,ROU,1989,13.678,4.934,0.0,0.0,13.678
Romania,ROU,1990,11.41,4.324,0.0,0.0,11.41
Romania,ROU,1991,14.59,6.517,0.0,0.0,14.59
Romania,ROU,1992,11.7,5.926,0.0,0.0,11.7
Romania,ROU,1993,12.77,6.656,0.0,0.0,12.77
Romania,ROU,1994,13.05,7.212,0.0,0.0,13.05
Romania,ROU,1995,16.69,8.403,0.0,0.0,16.69
Romania,ROU,1996,15.76,7.979,0.0,0.0,15.76
Romania,ROU,1997,17.52,9.362,0.0,0.0,17.51
Romania,ROU,1998,18.89,11.044,0.0,0.0,18.88
Romania,ROU,1999,18.29,12.167,0.0,0.0,18.29
Romania,ROU,2000,14.78,9.836,0.0,0.0,14.78
Romania,ROU,2001,14.92,9.765,0.0,0.0,14.92
Romania,ROU,2002,16.05,10.037,0.0,0.0,16.05
Romania,ROU,2003,13.26,8.239,0.0,0.0,13.26
Romania,ROU,2004,16.51,9.814,0.0,0.0,16.51
Romania,ROU,2005,20.22,11.901,0.0,0.0,20.21
Romania,ROU,2006,18.36,10.578,0.0,0.0,18.36
Romania,ROU,2007,16.01,9.612,0.0,0.0,15.97
Romania,ROU,2008,17.22,10.317,0.0,0.0,17.2
Romania,ROU,2009,15.55,10.621,0.0,0.01,15.53
Romania,ROU,2010,20.3,13.83,0.0,0.31,19.88
Romania,ROU,2011,16.32,10.997,0.0,1.39,14.73
Romania,ROU,2012,14.93,10.404,0.01,2.64,12.07
Romania,ROU,2013,20.15,14.507,0.42,4.52,14.96
Romania,ROU,2014,27.12,17.513,1.62,6.2,18.8
Romania,ROU,2015,26.19,18.196,1.98,7.06,16.63
Romania,ROU,2016,26.97,18.867,1.82,6.59,18.03
Romania,ROU,2017,24.29,16.748,1.86,7.41,14.49
Romania,ROU,2018,26.19,17.773,1.77,6.32,17.66
Romania,ROU,2019,24.63,17.297,1.78,6.77,15.58
Romania,ROU,2020,24.61,18.117,1.73,6.95,15.38
Romania,ROU,2021,26.34,18.153,1.7,6.58,17.41
Romania,ROU,2022,23.62,17.783,1.99,7.0,13.98
Romania,ROU,2023,28.36,20.908,2.23,7.55,18.14
Romania,ROU,2024,24.52,19.112,3.42,6.43,14.19
Romania,ROU,2025,23.43,19.112,4.88,5.97,12.09
Russia,RUS,1985,159.726,4.66,0.0,0.0,159.726
Russia,RUS,1986,164.331,4.711,0.0,0.0,164.331
Russia,RUS,1987,162.528,4.512,0.0,0.0,162.528
Russia,RUS,1988,160.924,4.391,0.0,0.0,160.924
Russia,RUS,1989,159.726,4.342,0.0,0.0,159.726
Russia,RUS,1990,166.911,4.619,0.0,0.0,166.846
Russia,RUS,1991,168.159,4.718,0.0,0.0,168.094
Russia,RUS,1992,172.657,5.034,0.0,0.0,172.594
Russia,RUS,1993,174.349,5.454,0.0,0.0,174.289
Russia,RUS,1994,175.987,6.035,0.0,0.0,175.926
Russia,RUS,1995,176.314,6.39,0.0,0.0,176.255
Russia,RUS,1996,154.366,5.811,0.0,0.0,154.309
Russia,RUS,1997,157.491,6.271,0.0,0.0,157.434
Russia,RUS,1998,158.555,6.325,0.0,0.0,158.497
Russia,RUS,1999,160.55,6.326,0.0,0.0,160.492
Russia,RUS,2000,164.16,6.354,0.0,0.0,164.08
Russia,RUS,2001,174.01,6.595,0.0,0.0,173.9
Russia,RUS,2002,162.35,6.127,0.0,0.01,162.17
Russia,RUS,2003,156.05,5.738,0.0,0.01,155.67
Russia,RUS,2004,176.14,6.387,0.0,0.01,175.68
Russia,RUS,2005,173.07,6.235,0.0,0.01,172.61
Russia,RUS,2006,173.81,5.962,0.0,0.01,173.29
Russia,RUS,2007,177.53,6.025,0.0,0.01,177.04
Russia,RUS,2008,165.28,5.539,0.0,0.01,164.78
Russia,RUS,2009,174.7,6.13,0.0,0.0,174.2
Russia,RUS,2010,167.02,5.597,0.0,0.0,166.48
Russia,RUS,2011,163.62,5.274,0.0,0.01,163.05
Russia,RUS,2012,163.96,5.226,0.0,0.01,163.45
Russia,RUS,2013,181.64,5.816,0.01,0.0,181.15
Russia,RUS,2014,174.21,5.531,0.16,0.1,173.4
Russia,RUS,2015,168.96,5.423,0.34,0.15,167.99
Russia,RUS,2016,185.68,5.807,0.47,0.15,184.61
Russia,RUS,2017,186.36,5.769,0.54,0.14,185.16
Russia,RUS,2018,192.0,5.709,0.62,0.24,190.64
Russia,RUS,2019,196.22,5.855,0.99,0.31,194.38
Russia,RUS,2020,216.25,6.679,1.86,1.14,212.44
Russia,RUS,2021,220.24,6.586,2.31,2.58,214.53
Russia,RUS,2022,205.11,5.92,2.4,4.2,197.67
Russia,RUS,2023,209.1,5.913,2.63,4.75,200.87
Russia,RUS,2024,218.86,5.999,2.92,4.57,210.54
Russia,RUS,2025,206.98,5.999,2.84,3.64,199.73
Rwanda,RWA,2000,0.1,,0.0,0.0,0.1
Rwanda,RWA,2001,0.09,,0.0,0.0,0.09
Rwanda,RWA,2002,0.1,,0.0,0.0,0.1
Rwanda,RWA,2003,0.12,,0.0,0.0,0.12
Rwanda,RWA,2004,0.08,,0.0,0.0,0.08
Rwanda,RWA,2005,0.1,,0.0,0.0,0.1
Rwanda,RWA,2006,0.13,,0.0,0.0,0.13
Rwanda,RWA,2007,0.12,,0.0,0.0,0.12
Rwanda,RWA,2008,0.16,,0.0,0.0,0.16
Rwanda,RWA,2009,0.16,,0.0,0.0,0.16
Rwanda,RWA,2010,0.11,,0.0,0.0,0.11
Rwanda,RWA,2011,0.15,,0.0,0.0,0.15
Rwanda,RWA,2012,0.18,,0.0,0.0,0.18
Rwanda,RWA,2013,0.15,,0.0,0.0,0.15
Rwanda,RWA,2014,0.2,,0.0,0.0,0.2
Rwanda,RWA,2015,0.29,,0.01,0.0,0.28
Rwanda,RWA,2016,0.32,,0.02,0.0,0.3
Rwanda,RWA,2017,0.3,,0.02,0.0,0.28
Rwanda,RWA,2018,0.34,,0.03,0.0,0.31
Rwanda,RWA,2019,0.43,,0.03,0.0,0.4
Rwanda,RWA,2020,0.56,,0.03,0.0,0.53
Rwanda,RWA,2021,0.59,,0.04,0.0,0.55
Rwanda,RWA,2022,0.6,,0.04,0.0,0.56
Rwanda,RWA,2023,0.54,,0.04,0.0,0.5
Rwanda,RWA,2024,0.56,,0.04,0.0,0.52
Saint Helena,SHN,2000,0.0,,0.0,0.0,0.0
Saint Helena,SHN,2001,0.0,,0.0,0.0,0.0
Saint Helena,SHN,2002,0.0,,0.0,0.0,0.0
Saint Helena,SHN,2003,0.0,,0.0,0.0,0.0
Saint Helena,SHN,2004,0.0,,0.0,0.0,0.0
Saint Helena,SHN,2005,0.0,,0.0,0.0,0.0
Saint Helena,SHN,2006,0.0,,0.0,0.0,0.0
Saint Helena,SHN,2007,0.0,,0.0,0.0,0.0
Saint Helena,SHN,2008,0.0,,0.0,0.0,0.0
Saint Helena,SHN,2009,0.0,,0.0,0.0,0.0
Saint Helena,SHN,2010,0.0,,0.0,0.0,0.0
Saint Helena,SHN,2011,0.0,,0.0,0.0,0.0
Saint Helena,SHN,2012,0.0,,0.0,0.0,0.0
Saint Helena,SHN,2013,0.0,,0.0,0.0,0.0
Saint Helena,SHN,2014,0.0,,0.0,0.0,0.0
Saint Helena,SHN,2015,0.0,,0.0,0.0,0.0
Saint Helena,SHN,2016,0.0,,0.0,0.0,0.0
Saint Helena,SHN,2017,0.0,,0.0,0.0,0.0
Saint Helena,SHN,2018,0.0,,0.0,0.0,0.0
Saint Helena,SHN,2019,0.0,,0.0,0.0,0.0
Saint Helena,SHN,2020,0.0,,0.0,0.0,0.0
Saint Helena,SHN,2021,0.0,,0.0,0.0,0.0
Saint Helena,SHN,2022,0.0,,0.0,0.0,0.0
Saint Helena,SHN,2023,0.0,,0.0,0.0,0.0
Saint Kitts and Nevis,KNA,2000,0.0,,0.0,0.0,0.0
Saint Kitts and Nevis,KNA,2001,0.0,,0.0,0.0,0.0
Saint Kitts and Nevis,KNA,2002,0.0,,0.0,0.0,0.0
Saint Kitts and Nevis,KNA,2003,0.0,,0.0,0.0,0.0
Saint Kitts and Nevis,KNA,2004,0.0,,0.0,0.0,0.0
Saint Kitts and Nevis,KNA,2005,0.0,,0.0,0.0,0.0
Saint Kitts and Nevis,KNA,2006,0.0,,0.0,0.0,0.0
Saint Kitts and Nevis,KNA,2007,0.0,,0.0,0.0,0.0
Saint Kitts and Nevis,KNA,2008,0.0,,0.0,0.0,0.0
Saint Kitts and Nevis,KNA,2009,0.0,,0.0,0.0,0.0
Saint Kitts and Nevis,KNA,2010,0.0,,0.0,0.0,0.0
Saint Kitts and Nevis,KNA,2011,0.0,,0.0,0.0,0.0
Saint Kitts and Nevis,KNA,2012,0.01,,0.0,0.01,0.0
Saint Kitts and Nevis,KNA,2013,0.01,,0.0,0.01,0.0
Saint Kitts and Nevis,KNA,2014,0.01,,0.0,0.01,0.0
Saint Kitts and Nevis,KNA,2015,0.01,,0.0,0.01,0.0
Saint Kitts and Nevis,KNA,2016,0.01,,0.0,0.01,0.0
Saint Kitts and Nevis,KNA,2017,0.0,,0.0,0.0,0.0
Saint Kitts and Nevis,KNA,2018,0.01,,0.0,0.01,0.0
Saint Kitts and Nevis,KNA,2019,0.01,,0.0,0.01,0.0
Saint Kitts and Nevis,KNA,2020,0.01,,0.0,0.01,0.0
Saint Kitts and Nevis,KNA,2021,0.01,,0.0,0.01,0.0
Saint Kitts and Nevis,KNA,2022,0.01,,0.0,0.01,0.0
Saint Kitts and Nevis,KNA,2023,0.01,,0.0,0.01,0.0
Saint Kitts and Nevis,KNA,2024,0.02,,0.01,0.01,0.0
Saint Lucia,LCA,2000,0.0,,0.0,0.0,0.0
Saint Lucia,LCA,2001,0.0,,0.0,0.0,0.0
Saint Lucia,LCA,2002,0.0,,0.0,0.0,0.0
Saint Lucia,LCA,2003,0.0,,0.0,0.0,0.0
Saint Lucia,LCA,2004,0.0,,0.0,0.0,0.0
Saint Lucia,LCA,2005,0.0,,0.0,0.0,0.0
Saint Lucia,LCA,2006,0.0,,0.0,0.0,0.0
Saint Lucia,LCA,2007,0.0,,0.0,0.0,0.0
Saint Lucia,LCA,2008,0.0,,0.0,0.0,0.0
Saint Lucia,LCA,2009,0.0,,0.0,0.0,0.0
Saint Lucia,LCA,2010,0.0,,0.0,0.0,0.0
Saint Lucia,LCA,2011,0.0,,0.0,0.0,0.0
Saint Lucia,LCA,2012,0.0,,0.0,0.0,0.0
Saint Lucia,LCA,2013,0.0,,0.0,0.0,0.0
Saint Lucia,LCA,2014,0.0,,0.0,0.0,0.0
Saint Lucia,LCA,2015,0.0,,0.0,0.0,0.0
Saint Lucia,LCA,2016,0.0,,0.0,0.0,0.0
Saint Lucia,LCA,2017,0.0,,0.0,0.0,0.0
Saint Lucia,LCA,2018,0.01,,0.01,0.0,0.0
Saint Lucia,LCA,2019,0.01,,0.01,0.0,0.0
Saint Lucia,LCA,2020,0.01,,0.01,0.0,0.0
Saint Lucia,LCA,2021,0.01,,0.01,0.0,0.0
Saint Lucia,LCA,2022,0.01,,0.01,0.0,0.0
Saint Lucia,LCA,2023,0.01,,0.01,0.0,0.0
Saint Lucia,LCA,2024,0.01,,0.01,0.0,0.0
Saint Pierre and Miquelon,SPM,2000,0.0,,0.0,0.0,0.0
Saint Pierre and Miquelon,SPM,2001,0.0,,0.0,0.0,0.0
Saint Pierre and Miquelon,SPM,2002,0.0,,0.0,0.0,0.0
Saint Pierre and Miquelon,SPM,2003,0.0,,0.0,0.0,0.0
Saint Pierre and Miquelon,SPM,2004,0.0,,0.0,0.0,0.0
Saint Pierre and Miquelon,SPM,2005,0.0,,0.0,0.0,0.0
Saint Pierre and Miquelon,SPM,2006,0.0,,0.0,0.0,0.0
Saint Pierre and Miquelon,SPM,2007,0.0,,0.0,0.0,0.0
Saint Pierre and Miquelon,SPM,2008,0.0,,0.0,0.0,0.0
Saint Pierre and Miquelon,SPM,2009,0.0,,0.0,0.0,0.0
Saint Pierre and Miquelon,SPM,2010,0.0,,0.0,0.0,0.0
Saint Pierre and Miquelon,SPM,2011,0.0,,0.0,0.0,0.0
Saint Pierre and Miquelon,SPM,2012,0.0,,0.0,0.0,0.0
Saint Pierre and Miquelon,SPM,2013,0.0,,0.0,0.0,0.0
Saint Pierre and Miquelon,SPM,2014,0.0,,0.0,0.0,0.0
Saint Pierre and Miquelon,SPM,2015,0.0,,0.0,0.0,0.0
Saint Pierre and Miquelon,SPM,2016,0.0,,0.0,0.0,0.0
Saint Pierre and Miquelon,SPM,2017,0.0,,0.0,0.0,0.0
Saint Pierre and Miquelon,SPM,2018,0.0,,0.0,0.0,0.0
Saint Pierre and Miquelon,SPM,2019,0.0,,0.0,0.0,0.0
Saint Pierre and Miquelon,SPM,2020,0.0,,0.0,0.0,0.0
Saint Pierre and Miquelon,SPM,2021,0.0,,0.0,0.0,0.0
Saint Pierre and Miquelon,SPM,2022,0.0,,0.0,0.0,0.0
Saint Pierre and Miquelon,SPM,2023,0.0,,0.0,0.0,0.0
Saint Vincent and the Grenadines,VCT,2000,0.03,,0.0,0.0,0.03
Saint Vincent and the Grenadines,VCT,2001,0.02,,0.0,0.0,0.02
Saint Vincent and the Grenadines,VCT,2002,0.02,,0.0,0.0,0.02
Saint Vincent and the Grenadines,VCT,2003,0.02,,0.0,0.0,0.02
Saint Vincent and the Grenadines,VCT,2004,0.03,,0.0,0.0,0.03
Saint Vincent and the Grenadines,VCT,2005,0.03,,0.0,0.0,0.03
Saint Vincent and the Grenadines,VCT,2006,0.02,,0.0,0.0,0.02
Saint Vincent and the Grenadines,VCT,2007,0.02,,0.0,0.0,0.02
Saint Vincent and the Grenadines,VCT,2008,0.02,,0.0,0.0,0.02
Saint Vincent and the Grenadines,VCT,2009,0.02,,0.0,0.0,0.02
Saint Vincent and the Grenadines,VCT,2010,0.03,,0.0,0.0,0.03
Saint Vincent and the Grenadines,VCT,2011,0.03,,0.0,0.0,0.03
Saint Vincent and the Grenadines,VCT,2012,0.03,,0.0,0.0,0.03
Saint Vincent and the Grenadines,VCT,2013,0.02,,0.0,0.0,0.02
Saint Vincent and the Grenadines,VCT,2014,0.01,,0.0,0.0,0.01
Saint Vincent and the Grenadines,VCT,2015,0.02,,0.0,0.0,0.02
Saint Vincent and the Grenadines,VCT,2016,0.02,,0.0,0.0,0.02
Saint Vincent and the Grenadines,VCT,2017,0.02,,0.0,0.0,0.02
Saint Vincent and the Grenadines,VCT,2018,0.02,,0.0,0.0,0.02
Saint Vincent and the Grenadines,VCT,2019,0.02,,0.0,0.0,0.02
Saint Vincent and the Grenadines,VCT,2020,0.02,,0.0,0.0,0.02
Saint Vincent and the Grenadines,VCT,2021,0.02,,0.0,0.0,0.02
Saint Vincent and the Grenadines,VCT,2022,0.02,,0.0,0.0,0.02
Saint Vincent and the Grenadines,VCT,2023,0.02,,0.0,0.0,0.02
Saint Vincent and the Grenadines,VCT,2024,0.02,,0.0,0.0,0.02
Samoa,WSM,2000,0.04,,0.0,0.0,0.04
Samoa,WSM,2001,0.05,,0.0,0.0,0.05
Samoa,WSM,2002,0.06,,0.0,0.0,0.06
Samoa,WSM,2003,0.05,,0.0,0.0,0.05
Samoa,WSM,2004,0.05,,0.0,0.0,0.05
Samoa,WSM,2005,0.05,,0.0,0.0,0.05
Samoa,WSM,2006,0.05,,0.0,0.0,0.05
Samoa,WSM,2007,0.05,,0.0,0.0,0.05
Samoa,WSM,2008,0.05,,0.0,0.0,0.05
Samoa,WSM,2009,0.05,,0.0,0.0,0.05
Samoa,WSM,2010,0.05,,0.0,0.0,0.05
Samoa,WSM,2011,0.05,,0.0,0.0,0.05
Samoa,WSM,2012,0.04,,0.0,0.0,0.04
Samoa,WSM,2013,0.03,,0.0,0.0,0.03
Samoa,WSM,2014,0.03,,0.0,0.0,0.03
Samoa,WSM,2015,0.04,,0.01,0.0,0.03
Samoa,WSM,2016,0.05,,0.02,0.0,0.03
Samoa,WSM,2017,0.05,,0.02,0.0,0.03
Samoa,WSM,2018,0.06,,0.02,0.0,0.04
Samoa,WSM,2019,0.07,,0.02,0.0,0.05
Samoa,WSM,2020,0.07,,0.02,0.0,0.05
Samoa,WSM,2021,0.08,,0.02,0.0,0.05
Samoa,WSM,2022,0.07,,0.02,0.0,0.04
Samoa,WSM,2023,0.06,,0.02,0.0,0.03
Samoa,WSM,2024,0.07,,0.03,0.0,0.03
Sao Tome and Principe,STP,2000,0.01,,0.0,0.0,0.01
Sao Tome and Principe,STP,2001,0.0,,0.0,0.0,0.0
Sao Tome and Principe,STP,2002,0.01,,0.0,0.0,0.01
Sao Tome and Principe,STP,2003,0.01,,0.0,0.0,0.01
Sao Tome and Principe,STP,2004,0.01,,0.0,0.0,0.01
Sao Tome and Principe,STP,2005,0.0,,0.0,0.0,0.0
Sao Tome and Principe,STP,2006,0.01,,0.0,0.0,0.01
Sao Tome and Principe,STP,2007,0.01,,0.0,0.0,0.01
Sao Tome and Principe,STP,2008,0.01,,0.0,0.0,0.01
Sao Tome and Principe,STP,2009,0.01,,0.0,0.0,0.01
Sao Tome and Principe,STP,2010,0.0,,0.0,0.0,0.0
Sao Tome and Principe,STP,2011,0.01,,0.0,0.0,0.01
Sao Tome and Principe,STP,2012,0.01,,0.0,0.0,0.01
Sao Tome and Principe,STP,2013,0.01,,0.0,0.0,0.01
Sao Tome and Principe,STP,2014,0.01,,0.0,0.0,0.01
Sao Tome and Principe,STP,2015,0.01,,0.0,0.0,0.01
Sao Tome and Principe,STP,2016,0.01,,0.0,0.0,0.01
Sao Tome and Principe,STP,2017,0.0,,0.0,0.0,0.0
Sao Tome and Principe,STP,2018,0.0,,0.0,0.0,0.0
Sao Tome and Principe,STP,2019,0.01,,0.0,0.0,0.01
Sao Tome and Principe,STP,2020,0.01,,0.0,0.0,0.01
Sao Tome and Principe,STP,2021,0.01,,0.0,0.0,0.01
Sao Tome and Principe,STP,2022,0.01,,0.0,0.0,0.01
Sao Tome and Principe,STP,2023,0.01,,0.0,0.0,0.01
Saudi Arabia,SAU,1965,0.0,0.0,0.0,0.0,0.0
Saudi Arabia,SAU,1966,0.0,0.0,0.0,0.0,0.0
Saudi Arabia,SAU,1967,0.0,0.0,0.0,0.0,0.0
Saudi Arabia,SAU,1968,0.0,0.0,0.0,0.0,0.0
Saudi Arabia,SAU,1969,0.0,0.0,0.0,0.0,0.0
Saudi Arabia,SAU,1970,0.0,0.0,0.0,0.0,0.0
Saudi Arabia,SAU,1971,0.0,0.0,0.0,0.0,0.0
Saudi Arabia,SAU,1972,0.0,0.0,0.0,0.0,0.0
Saudi Arabia,SAU,1973,0.0,0.0,0.0,0.0,0.0
Saudi Arabia,SAU,1974,0.0,0.0,0.0,0.0,0.0
Saudi Arabia,SAU,1975,0.0,0.0,0.0,0.0,0.0
Saudi Arabia,SAU,1976,0.0,0.0,0.0,0.0,0.0
Saudi Arabia,SAU,1977,0.0,0.0,0.0,0.0,0.0
Saudi Arabia,SAU,1978,0.0,0.0,0.0,0.0,0.0
Saudi Arabia,SAU,1979,0.0,0.0,0.0,0.0,0.0
Saudi Arabia,SAU,1980,0.0,0.0,0.0,0.0,0.0
Saudi Arabia,SAU,1981,0.0,0.0,0.0,0.0,0.0
Saudi Arabia,SAU,1982,0.0,0.0,0.0,0.0,0.0
Saudi Arabia,SAU,1983,0.0,0.0,0.0,0.0,0.0
Saudi Arabia,SAU,1984,0.0,0.0,0.0,0.0,0.0
Saudi Arabia,SAU,1985,0.0,0.0,0.0,0.0,0.0
Saudi Arabia,SAU,1986,0.0,0.0,0.0,0.0,0.0
Saudi Arabia,SAU,1987,0.0,0.0,0.0,0.0,0.0
Saudi Arabia,SAU,1988,0.0,0.0,0.0,0.0,0.0
Saudi Arabia,SAU,1989,0.0,0.0,0.0,0.0,0.0
Saudi Arabia,SAU,1990,0.0,0.0,0.0,0.0,0.0
Saudi Arabia,SAU,1991,0.0,0.0,0.0,0.0,0.0
Saudi Arabia,SAU,1992,0.0,0.0,0.0,0.0,0.0
Saudi Arabia,SAU,1993,0.0,0.0,0.0,0.0,0.0
Saudi Arabia,SAU,1994,0.0,0.0,0.0,0.0,0.0
Saudi Arabia,SAU,1995,0.0,0.0,0.0,0.0,0.0
Saudi Arabia,SAU,1996,0.0,0.0,0.0,0.0,0.0
Saudi Arabia,SAU,1997,0.0,0.0,0.0,0.0,0.0
Saudi Arabia,SAU,1998,0.0,0.0,0.0,0.0,0.0
Saudi Arabia,SAU,1999,0.0,0.0,0.0,0.0,0.0
Saudi Arabia,SAU,2000,0.0,0.0,0.0,0.0,0.0
Saudi Arabia,SAU,2001,0.0,0.0,0.0,0.0,0.0
Saudi Arabia,SAU,2002,0.0,0.0,0.0,0.0,0.0
Saudi Arabia,SAU,2003,0.0,0.0,0.0,0.0,0.0
Saudi Arabia,SAU,2004,0.0,0.0,0.0,0.0,0.0
Saudi Arabia,SAU,2005,0.0,0.0,0.0,0.0,0.0
Saudi Arabia,SAU,2006,0.0,0.0,0.0,0.0,0.0
Saudi Arabia,SAU,2007,0.0,0.0,0.0,0.0,0.0
Saudi Arabia,SAU,2008,0.0,0.0,0.0,0.0,0.0
Saudi Arabia,SAU,2009,0.0,0.0,0.0,0.0,0.0
Saudi Arabia,SAU,2010,0.0,0.0,0.0,0.0,0.0
Saudi Arabia,SAU,2011,0.01,0.001,0.01,0.0,0.0
Saudi Arabia,SAU,2012,0.03,0.002,0.03,0.0,0.0
Saudi Arabia,SAU,2013,0.04,0.004,0.04,0.0,0.0
Saudi Arabia,SAU,2014,0.05,0.004,0.05,0.0,0.0
Saudi Arabia,SAU,2015,0.05,0.004,0.05,0.0,0.0
Saudi Arabia,SAU,2016,0.05,0.004,0.05,0.0,0.0
Saudi Arabia,SAU,2017,0.07,0.005,0.07,0.0,0.0
Saudi Arabia,SAU,2018,0.16,0.013,0.16,0.0,0.0
Saudi Arabia,SAU,2019,0.22,0.018,0.21,0.01,0.0
Saudi Arabia,SAU,2020,0.92,0.078,0.91,0.01,0.0
Saudi Arabia,SAU,2021,1.0,0.083,0.99,0.01,0.0
Saudi Arabia,SAU,2022,2.01,0.157,1.22,0.79,0.0
Saudi Arabia,SAU,2023,4.72,0.359,3.13,1.59,0.0
Saudi Arabia,SAU,2024,9.82,0.728,8.23,1.59,0.0
Senegal,SEN,2000,0.05,,0.0,0.0,0.0
Senegal,SEN,2001,0.06,,0.0,0.0,0.0
Senegal,SEN,2002,0.26,,0.0,0.0,0.19
Senegal,SEN,2003,0.38,,0.0,0.0,0.33
Senegal,SEN,2004,0.33,,0.0,0.0,0.29
Senegal,SEN,2005,0.31,,0.0,0.0,0.26
Senegal,SEN,2006,0.28,,0.0,0.0,0.23
Senegal,SEN,2007,0.22,,0.0,0.0,0.18
Senegal,SEN,2008,0.27,,0.0,0.0,0.23
Senegal,SEN,2009,0.29,,0.0,0.0,0.24
Senegal,SEN,2010,0.32,,0.0,0.0,0.25
Senegal,SEN,2011,0.33,,0.0,0.0,0.25
Senegal,SEN,2012,0.34,,0.0,0.0,0.29
Senegal,SEN,2013,0.37,,0.0,0.0,0.31
Senegal,SEN,2014,0.38,,0.0,0.0,0.31
Senegal,SEN,2015,0.4,,0.0,0.0,0.33
Senegal,SEN,2016,0.43,,0.01,0.0,0.36
Senegal,SEN,2017,0.53,,0.09,0.0,0.36
Senegal,SEN,2018,0.7,,0.25,0.0,0.36
Senegal,SEN,2019,0.78,,0.33,0.02,0.31
Senegal,SEN,2020,1.02,,0.38,0.22,0.31
Senegal,SEN,2021,1.35,,0.54,0.4,0.31
Senegal,SEN,2022,1.41,,0.59,0.4,0.31
Senegal,SEN,2023,1.39,,0.59,0.38,0.31
Senegal,SEN,2024,1.51,,0.68,0.41,0.31
Serbia,SRB,1990,7.49,,0.0,0.0,7.49
Serbia,SRB,1991,9.57,,0.0,0.0,9.57
Serbia,SRB,1992,9.17,,0.0,0.0,9.17
Serbia,SRB,1993,8.06,,0.0,0.0,8.06
Serbia,SRB,1994,8.92,,0.0,0.0,8.92
Serbia,SRB,1995,9.9,,0.0,0.0,9.9
Serbia,SRB,1996,11.48,,0.0,0.0,11.48
Serbia,SRB,1997,10.5,,0.0,0.0,10.5
Serbia,SRB,1998,10.32,,0.0,0.0,10.32
Serbia,SRB,1999,11.14,,0.0,0.0,11.14
Serbia,SRB,2000,9.82,,0.0,0.0,9.82
Serbia,SRB,2001,9.89,,0.0,0.0,9.89
Serbia,SRB,2002,9.93,,0.0,0.0,9.93
Serbia,SRB,2003,8.74,,0.0,0.0,8.74
Serbia,SRB,2004,10.62,,0.0,0.0,10.62
Serbia,SRB,2005,11.41,,0.0,0.0,11.41
Serbia,SRB,2006,10.35,,0.0,0.0,10.35
Serbia,SRB,2007,9.46,,0.0,0.0,9.46
Serbia,SRB,2008,9.56,,0.0,0.0,9.56
Serbia,SRB,2009,10.54,,0.0,0.0,10.54
Serbia,SRB,2010,11.89,,0.0,0.0,11.89
Serbia,SRB,2011,8.67,,0.0,0.0,8.67
Serbia,SRB,2012,9.3,,0.0,0.0,9.29
Serbia,SRB,2013,10.22,,0.0,0.0,10.2
Serbia,SRB,2014,11.03,,0.01,0.0,11.0
Serbia,SRB,2015,10.11,,0.01,0.0,10.08
Serbia,SRB,2016,10.86,,0.01,0.03,10.79
Serbia,SRB,2017,9.29,,0.01,0.05,9.15
Serbia,SRB,2018,10.9,,0.01,0.15,10.64
Serbia,SRB,2019,10.51,,0.01,0.9,9.46
Serbia,SRB,2020,10.16,,0.01,0.98,8.98
Serbia,SRB,2021,12.55,,0.01,1.08,11.21
Serbia,SRB,2022,9.82,,0.02,0.95,8.6
Serbia,SRB,2023,13.75,,0.05,1.07,12.38
Serbia,SRB,2024,11.85,,0.16,1.25,10.1
Serbia,SRB,2025,10.18,,0.16,1.47,8.14
Seychelles,SYC,2000,0.0,,0.0,0.0,0.0
Seychelles,SYC,2001,0.0,,0.0,0.0,0.0
Seychelles,SYC,2002,0.0,,0.0,0.0,0.0
Seychelles,SYC,2003,0.0,,0.0,0.0,0.0
Seychelles,SYC,2004,0.0,,0.0,0.0,0.0
Seychelles,SYC,2005,0.0,,0.0,0.0,0.0
Seychelles,SYC,2006,0.0,,0.0,0.0,0.0
Seychelles,SYC,2007,0.0,,0.0,0.0,0.0
Seychelles,SYC,2008,0.0,,0.0,0.0,0.0
Seychelles,SYC,2009,0.0,,0.0,0.0,0.0
Seychelles,SYC,2010,0.0,,0.0,0.0,0.0
Seychelles,SYC,2011,0.0,,0.0,0.0,0.0
Seychelles,SYC,2012,0.0,,0.0,0.0,0.0
Seychelles,SYC,2013,0.01,,0.0,0.01,0.0
Seychelles,SYC,2014,0.01,,0.0,0.01,0.0
Seychelles,SYC,2015,0.01,,0.0,0.01,0.0
Seychelles,SYC,2016,0.01,,0.0,0.01,0.0
Seychelles,SYC,2017,0.01,,0.0,0.01,0.0
Seychelles,SYC,2018,0.01,,0.0,0.01,0.0
Seychelles,SYC,2019,0.04,,0.04,0.0,0.0
Seychelles,SYC,2020,0.07,,0.06,0.01,0.0
Seychelles,SYC,2021,0.08,,0.07,0.01,0.0
Seychelles,SYC,2022,0.09,,0.08,0.01,0.0
Seychelles,SYC,2023,0.09,,0.08,0.01,0.0
Seychelles,SYC,2024,0.1,,0.09,0.01,0.0
Sierra Leone,SLE,2000,0.01,,0.0,0.0,0.01
Sierra Leone,SLE,2001,0.01,,0.0,0.0,0.01
Sierra Leone,SLE,2002,0.02,,0.0,0.0,0.02
Sierra Leone,SLE,2003,0.02,,0.0,0.0,0.02
Sierra Leone,SLE,2004,0.02,,0.0,0.0,0.02
Sierra Leone,SLE,2005,0.02,,0.0,0.0,0.02
Sierra Leone,SLE,2006,0.0,,0.0,0.0,0.0
Sierra Leone,SLE,2007,0.02,,0.0,0.0,0.02
Sierra Leone,SLE,2008,0.02,,0.0,0.0,0.02
Sierra Leone,SLE,2009,0.02,,0.0,0.0,0.02
Sierra Leone,SLE,2010,0.12,,0.0,0.0,0.12
Sierra Leone,SLE,2011,0.15,,0.0,0.0,0.15
Sierra Leone,SLE,2012,0.12,,0.0,0.0,0.12
Sierra Leone,SLE,2013,0.1,,0.0,0.0,0.1
Sierra Leone,SLE,2014,0.12,,0.0,0.0,0.12
Sierra Leone,SLE,2015,0.12,,0.0,0.0,0.12
Sierra Leone,SLE,2016,0.13,,0.0,0.0,0.13
Sierra Leone,SLE,2017,0.14,,0.01,0.0,0.13
Sierra Leone,SLE,2018,0.18,,0.01,0.0,0.17
Sierra Leone,SLE,2019,0.19,,0.01,0.0,0.18
Sierra Leone,SLE,2020,0.19,,0.01,0.0,0.18
Sierra Leone,SLE,2021,0.19,,0.01,0.0,0.18
Sierra Leone,SLE,2022,0.19,,0.01,0.0,0.18
Sierra Leone,SLE,2023,0.2,,0.02,0.0,0.18
Sierra Leone,SLE,2024,0.2,,0.02,0.0,0.18
Singapore,SGP,1965,0.0,0.0,0.0,0.0,0.0
Singapore,SGP,1966,0.0,0.0,0.0,0.0,0.0
Singapore,SGP,1967,0.0,0.0,0.0,0.0,0.0
Singapore,SGP,1968,0.0,0.0,0.0,0.0,0.0
Singapore,SGP,1969,0.0,0.0,0.0,0.0,0.0
Singapore,SGP,1970,0.0,0.0,0.0,0.0,0.0
Singapore,SGP,1971,0.0,0.0,0.0,0.0,0.0
Singapore,SGP,1972,0.0,0.0,0.0,0.0,0.0
Singapore,SGP,1973,0.0,0.0,0.0,0.0,0.0
Singapore,SGP,1974,0.0,0.0,0.0,0.0,0.0
Singapore,SGP,1975,0.0,0.0,0.0,0.0,0.0
Singapore,SGP,1976,0.0,0.0,0.0,0.0,0.0
Singapore,SGP,1977,0.0,0.0,0.0,0.0,0.0
Singapore,SGP,1978,0.0,0.0,0.0,0.0,0.0
Singapore,SGP,1979,0.0,0.0,0.0,0.0,0.0
Singapore,SGP,1980,0.0,0.0,0.0,0.0,0.0
Singapore,SGP,1981,0.0,0.0,0.0,0.0,0.0
Singapore,SGP,1982,0.0,0.0,0.0,0.0,0.0
Singapore,SGP,1983,0.0,0.0,0.0,0.0,0.0
Singapore,SGP,1984,0.0,0.0,0.0,0.0,0.0
Singapore,SGP,1985,0.0,0.0,0.0,0.0,0.0
Singapore,SGP,1986,0.085,0.161,0.0,0.0,0.0
Singapore,SGP,1987,0.085,0.153,0.0,0.0,0.0
Singapore,SGP,1988,0.085,0.133,0.0,0.0,0.0
Singapore,SGP,1989,0.085,0.116,0.0,0.0,0.0
Singapore,SGP,1990,0.085,0.097,0.0,0.0,0.0
Singapore,SGP,1991,0.245,0.275,0.0,0.0,0.0
Singapore,SGP,1992,0.245,0.256,0.0,0.0,0.0
Singapore,SGP,1993,0.245,0.235,0.0,0.0,0.0
Singapore,SGP,1994,0.245,0.205,0.0,0.0,0.0
Singapore,SGP,1995,0.245,0.197,0.0,0.0,0.0
Singapore,SGP,1996,0.245,0.195,0.0,0.0,0.0
Singapore,SGP,1997,0.245,0.185,0.0,0.0,0.0
Singapore,SGP,1998,0.245,0.183,0.0,0.0,0.0
Singapore,SGP,1999,0.245,0.185,0.0,0.0,0.0
Singapore,SGP,2000,0.49,0.173,0.0,0.0,0.0
Singapore,SGP,2001,0.69,0.295,0.0,0.0,0.0
Singapore,SGP,2002,0.77,0.307,0.0,0.0,0.0
Singapore,SGP,2003,0.99,0.341,0.0,0.0,0.0
Singapore,SGP,2004,0.96,0.292,0.0,0.0,0.0
Singapore,SGP,2005,0.96,0.275,0.0,0.0,0.0
Singapore,SGP,2006,0.95,0.247,0.0,0.0,0.0
Singapore,SGP,2007,0.99,0.238,0.0,0.0,0.0
Singapore,SGP,2008,1.04,0.236,0.0,0.0,0.0
Singapore,SGP,2009,1.05,0.223,0.0,0.0,0.0
Singapore,SGP,2010,1.18,0.233,0.0,0.0,0.0
Singapore,SGP,2011,1.2,0.231,0.0,0.0,0.0
Singapore,SGP,2012,1.27,0.242,0.0,0.0,0.0
Singapore,SGP,2013,1.69,0.265,0.0,0.0,0.0
Singapore,SGP,2014,1.38,0.277,0.0,0.0,0.0
Singapore,SGP,2015,1.46,0.292,0.0,0.0,0.0
Singapore,SGP,2016,1.5,0.284,0.09,0.0,0.0
Singapore,SGP,2017,1.51,0.277,0.12,0.0,0.0
Singapore,SGP,2018,1.49,0.274,0.14,0.0,0.0
Singapore,SGP,2019,1.51,0.293,0.19,0.0,0.0
Singapore,SGP,2020,1.49,0.314,0.3,0.0,0.0
Singapore,SGP,2021,1.62,0.338,0.4,0.0,0.0
Singapore,SGP,2022,2.33,0.521,0.67,0.0,0.0
Singapore,SGP,2023,2.6,0.493,0.94,0.0,0.0
Singapore,SGP,2024,2.94,0.545,1.28,0.0,0.0
Singapore,SGP,2025,3.3,0.545,1.64,0.0,0.0
Slovakia,SVK,1965,2.223,5.801,0.0,0.0,2.223
Slovakia,SVK,1966,2.13,5.369,0.0,0.0,2.13
Slovakia,SVK,1967,1.825,4.574,0.0,0.0,1.825
Slovakia,SVK,1968,1.675,3.802,0.0,0.0,1.675
Slovakia,SVK,1969,1.304,2.832,0.0,0.0,1.304
Slovakia,SVK,1970,1.967,3.864,0.0,0.0,1.967
Slovakia,SVK,1971,1.476,2.703,0.0,0.0,1.476
Slovakia,SVK,1972,1.546,2.693,0.0,0.0,1.546
Slovakia,SVK,1973,1.322,2.213,0.0,0.0,1.322
Slovakia,SVK,1974,2.223,3.538,0.0,0.0,2.223
Slovakia,SVK,1975,2.002,3.044,0.0,0.0,2.002
Slovakia,SVK,1976,2.019,2.959,0.0,0.0,2.019
Slovakia,SVK,1977,2.408,3.358,0.0,0.0,2.408
Slovakia,SVK,1978,2.259,3.002,0.0,0.0,2.259
Slovakia,SVK,1979,1.884,2.434,0.0,0.0,1.884
Slovakia,SVK,1980,2.257,2.871,0.0,0.0,2.257
Slovakia,SVK,1981,1.966,2.52,0.0,0.0,1.966
Slovakia,SVK,1982,1.726,2.237,0.0,0.0,1.726
Slovakia,SVK,1983,1.832,2.368,0.0,0.0,1.832
Slovakia,SVK,1984,1.555,1.865,0.0,0.0,1.555
Slovakia,SVK,1985,2.117,2.463,0.0,0.0,2.117
Slovakia,SVK,1986,1.675,1.967,0.0,0.0,1.675
Slovakia,SVK,1987,1.932,2.218,0.0,0.0,1.932
Slovakia,SVK,1988,1.755,2.005,0.0,0.0,1.755
Slovakia,SVK,1989,1.962,2.21,0.0,0.0,1.962
Slovakia,SVK,1990,1.88,2.112,0.0,0.0,1.88
Slovakia,SVK,1991,1.41,1.768,0.0,0.0,1.41
Slovakia,SVK,1992,1.94,2.529,0.0,0.0,1.94
Slovakia,SVK,1993,3.47,4.615,0.0,0.0,3.47
Slovakia,SVK,1994,4.36,5.892,0.0,0.0,4.36
Slovakia,SVK,1995,4.88,6.511,0.0,0.0,4.88
Slovakia,SVK,1996,4.23,5.597,0.0,0.0,4.23
Slovakia,SVK,1997,4.06,5.482,0.0,0.0,4.06
Slovakia,SVK,1998,4.27,5.696,0.0,0.0,4.27
Slovakia,SVK,1999,4.47,5.926,0.0,0.0,4.47
Slovakia,SVK,2000,4.61,5.923,0.0,0.0,4.61
Slovakia,SVK,2001,5.08,6.48,0.0,0.0,4.93
Slovakia,SVK,2002,5.42,6.658,0.0,0.0,5.27
Slovakia,SVK,2003,3.58,4.499,0.0,0.0,3.48
Slovakia,SVK,2004,4.13,5.248,0.0,0.01,4.1
Slovakia,SVK,2005,4.68,5.658,0.0,0.01,4.64
Slovakia,SVK,2006,4.81,6.177,0.0,0.01,4.4
Slovakia,SVK,2007,4.93,6.844,0.0,0.01,4.45
Slovakia,SVK,2008,4.57,6.238,0.0,0.01,4.04
Slovakia,SVK,2009,4.92,7.41,0.0,0.01,4.37
Slovakia,SVK,2010,5.95,8.314,0.02,0.01,5.26
Slovakia,SVK,2011,5.0,7.51,0.4,0.0,3.78
Slovakia,SVK,2012,5.47,8.349,0.42,0.01,4.1
Slovakia,SVK,2013,6.36,9.315,0.59,0.01,4.85
Slovakia,SVK,2014,6.24,10.176,0.6,0.01,4.21
Slovakia,SVK,2015,6.05,9.931,0.51,0.01,3.87
Slovakia,SVK,2016,6.63,10.577,0.53,0.01,4.36
Slovakia,SVK,2017,6.54,9.896,0.51,0.01,4.32
Slovakia,SVK,2018,5.81,9.047,0.58,0.01,3.59
Slovakia,SVK,2019,6.65,10.549,0.59,0.01,4.36
Slovakia,SVK,2020,6.85,11.039,0.66,0.0,4.52
Slovakia,SVK,2021,6.77,10.213,0.67,0.0,4.26
Slovakia,SVK,2022,5.82,9.672,0.65,0.0,3.68
Slovakia,SVK,2023,6.71,10.553,0.61,0.0,4.69
Slovakia,SVK,2024,7.1,11.295,0.69,0.0,4.83
Slovakia,SVK,2025,5.45,11.295,0.7,0.0,3.16
Slovenia,SVN,1990,2.95,12.088,0.0,0.0,2.95
Slovenia,SVN,1991,3.61,14.667,0.0,0.0,3.61
Slovenia,SVN,1992,3.42,14.881,0.0,0.0,3.42
Slovenia,SVN,1993,3.04,12.808,0.0,0.0,3.04
Slovenia,SVN,1994,3.4,13.491,0.0,0.0,3.4
Slovenia,SVN,1995,3.25,12.293,0.0,0.0,3.25
Slovenia,SVN,1996,3.67,13.217,0.0,0.0,3.67
Slovenia,SVN,1997,3.09,10.88,0.0,0.0,3.09
Slovenia,SVN,1998,3.45,12.121,0.0,0.0,3.45
Slovenia,SVN,1999,3.77,13.415,0.0,0.0,3.74
Slovenia,SVN,2000,3.9,14.026,0.0,0.0,3.83
Slovenia,SVN,2001,3.87,13.181,0.0,0.0,3.8
Slovenia,SVN,2002,3.41,11.619,0.0,0.0,3.31
Slovenia,SVN,2003,3.08,10.627,0.0,0.0,2.96
Slovenia,SVN,2004,4.21,13.64,0.0,0.0,4.09
Slovenia,SVN,2005,3.57,11.438,0.0,0.0,3.46
Slovenia,SVN,2006,3.7,11.735,0.0,0.0,3.59
Slovenia,SVN,2007,3.38,10.853,0.0,0.0,3.27
Slovenia,SVN,2008,4.31,12.746,0.0,0.0,4.02
Slovenia,SVN,2009,4.9,15.641,0.0,0.0,4.71
Slovenia,SVN,2010,4.75,15.228,0.01,0.0,4.52
Slovenia,SVN,2011,3.88,12.763,0.07,0.0,3.56
Slovenia,SVN,2012,4.33,14.747,0.16,0.0,3.9
Slovenia,SVN,2013,5.11,17.451,0.22,0.0,4.63
Slovenia,SVN,2014,6.6,21.441,0.26,0.0,6.09
Slovenia,SVN,2015,4.35,15.619,0.27,0.01,3.81
Slovenia,SVN,2016,5.06,16.631,0.27,0.01,4.5
Slovenia,SVN,2017,4.44,14.55,0.28,0.01,3.87
Slovenia,SVN,2018,5.22,17.278,0.25,0.01,4.7
Slovenia,SVN,2019,5.04,17.43,0.3,0.01,4.48
Slovenia,SVN,2020,5.58,19.778,0.37,0.01,4.93
Slovenia,SVN,2021,5.44,19.61,0.45,0.01,4.71
Slovenia,SVN,2022,4.07,15.912,0.65,0.01,3.15
Slovenia,SVN,2023,6.3,23.026,0.98,0.01,5.02
Slovenia,SVN,2024,6.87,24.736,1.27,0.01,5.34
Slovenia,SVN,2025,5.88,24.736,1.54,0.01,4.04
Solomon Islands,SLB,2000,0.0,,0.0,0.0,0.0
Solomon Islands,SLB,2001,0.0,,0.0,0.0,0.0
Solomon Islands,SLB,2002,0.0,,0.0,0.0,0.0
Solomon Islands,SLB,2003,0.0,,0.0,0.0,0.0
Solomon Islands,SLB,2004,0.0,,0.0,0.0,0.0
Solomon Islands,SLB,2005,0.0,,0.0,0.0,0.0
Solomon Islands,SLB,2006,0.0,,0.0,0.0,0.0
Solomon Islands,SLB,2007,0.0,,0.0,0.0,0.0
Solomon Islands,SLB,2008,0.0,,0.0,0.0,0.0
Solomon Islands,SLB,2009,0.0,,0.0,0.0,0.0
Solomon Islands,SLB,2010,0.0,,0.0,0.0,0.0
Solomon Islands,SLB,2011,0.0,,0.0,0.0,0.0
Solomon Islands,SLB,2012,0.0,,0.0,0.0,0.0
Solomon Islands,SLB,2013,0.0,,0.0,0.0,0.0
Solomon Islands,SLB,2014,0.0,,0.0,0.0,0.0
Solomon Islands,SLB,2015,0.0,,0.0,0.0,0.0
Solomon Islands,SLB,2016,0.0,,0.0,0.0,0.0
Solomon Islands,SLB,2017,0.0,,0.0,0.0,0.0
Solomon Islands,SLB,2018,0.0,,0.0,0.0,0.0
Solomon Islands,SLB,2019,0.0,,0.0,0.0,0.0
Solomon Islands,SLB,2020,0.0,,0.0,0.0,0.0
Solomon Islands,SLB,2021,0.0,,0.0,0.0,0.0
Solomon Islands,SLB,2022,0.01,,0.01,0.0,0.0
Solomon Islands,SLB,2023,0.01,,0.01,0.0,0.0
Solomon Islands,SLB,2024,0.01,,0.01,0.0,0.0
Somalia,SOM,2000,0.0,,0.0,0.0,0.0
Somalia,SOM,2001,0.0,,0.0,0.0,0.0
Somalia,SOM,2002,0.0,,0.0,0.0,0.0
Somalia,SOM,2003,0.0,,0.0,0.0,0.0
Somalia,SOM,2004,0.0,,0.0,0.0,0.0
Somalia,SOM,2005,0.0,,0.0,0.0,0.0
Somalia,SOM,2006,0.0,,0.0,0.0,0.0
Somalia,SOM,2007,0.0,,0.0,0.0,0.0
Somalia,SOM,2008,0.0,,0.0,0.0,0.0
Somalia,SOM,2009,0.0,,0.0,0.0,0.0
Somalia,SOM,2010,0.0,,0.0,0.0,0.0
Somalia,SOM,2011,0.0,,0.0,0.0,0.0
Somalia,SOM,2012,0.0,,0.0,0.0,0.0
Somalia,SOM,2013,0.0,,0.0,0.0,0.0
Somalia,SOM,2014,0.0,,0.0,0.0,0.0
Somalia,SOM,2015,0.0,,0.0,0.0,0.0
Somalia,SOM,2016,0.01,,0.01,0.0,0.0
Somalia,SOM,2017,0.02,,0.01,0.01,0.0
Somalia,SOM,2018,0.02,,0.01,0.01,0.0
Somalia,SOM,2019,0.02,,0.01,0.01,0.0
Somalia,SOM,2020,0.03,,0.02,0.01,0.0
Somalia,SOM,2021,0.04,,0.03,0.01,0.0
Somalia,SOM,2022,0.08,,0.07,0.01,0.0
Somalia,SOM,2023,0.08,,0.07,0.01,0.0
Somalia,SOM,2024,0.09,,0.08,0.01,0.0
South Korea,KOR,1965,0.71,2.642,0.0,0.0,0.71
South Korea,KOR,1966,0.985,3.021,0.0,0.0,0.985
South Korea,KOR,1967,0.953,2.543,0.0,0.0,0.953
South Korea,KOR,1968,0.929,2.163,0.0,0.0,0.929
South Korea,KOR,1969,1.429,2.754,0.0,0.0,1.429
South Korea,KOR,1970,1.221,2.027,0.0,0.0,1.221
South Korea,KOR,1971,1.32,2.026,0.0,0.0,1.32
South Korea,KOR,1972,1.368,2.026,0.0,0.0,1.368
South Korea,KOR,1973,1.284,1.537,0.0,0.0,1.284
South Korea,KOR,1974,1.906,2.195,0.0,0.0,1.906
South Korea,KOR,1975,1.683,1.762,0.0,0.0,1.683
South Korea,KOR,1976,1.789,1.674,0.0,0.0,1.789
South Korea,KOR,1977,1.393,1.133,0.0,0.0,1.393
South Korea,KOR,1978,1.808,1.314,0.0,0.0,1.808
South Korea,KOR,1979,2.296,1.448,0.0,0.0,2.296
South Korea,KOR,1980,1.92,1.176,0.0,0.0,1.92
South Korea,KOR,1981,2.598,1.52,0.0,0.0,2.598
South Korea,KOR,1982,1.715,1.003,0.0,0.0,1.715
South Korea,KOR,1983,2.294,1.235,0.0,0.0,2.294
South Korea,KOR,1984,1.998,0.985,0.0,0.0,1.998
South Korea,KOR,1985,3.185,1.421,0.0,0.0,3.185
South Korea,KOR,1986,3.11,1.237,0.0,0.0,3.11
South Korea,KOR,1987,3.965,1.424,0.0,0.0,3.965
South Korea,KOR,1988,1.987,0.639,0.0,0.0,1.987
South Korea,KOR,1989,2.964,0.877,0.0,0.0,2.964
South Korea,KOR,1990,4.685,1.211,0.001,0.0,4.684
South Korea,KOR,1991,3.487,0.793,0.001,0.0,3.486
South Korea,KOR,1992,3.099,0.627,0.002,0.0,3.097
South Korea,KOR,1993,4.231,0.78,0.002,0.001,4.228
South Korea,KOR,1994,2.349,0.401,0.002,0.001,2.346
South Korea,KOR,1995,3.012,0.476,0.002,0.0,2.76
South Korea,KOR,1996,2.83,0.408,0.003,0.0,2.424
South Korea,KOR,1997,2.896,0.377,0.003,0.001,2.814
South Korea,KOR,1998,4.343,0.617,0.004,0.002,4.279
South Korea,KOR,1999,4.257,0.556,0.005,0.006,4.159
South Korea,KOR,2000,4.12,0.508,0.01,0.02,4.01
South Korea,KOR,2001,2.44,0.293,0.01,0.01,2.33
South Korea,KOR,2002,3.43,0.393,0.01,0.01,3.23
South Korea,KOR,2003,5.11,0.562,0.01,0.02,4.89
South Korea,KOR,2004,4.66,0.499,0.01,0.05,4.31
South Korea,KOR,2005,4.07,0.421,0.01,0.13,3.67
South Korea,KOR,2006,3.98,0.42,0.03,0.24,3.47
South Korea,KOR,2007,4.46,0.477,0.07,0.38,3.63
South Korea,KOR,2008,4.44,0.502,0.28,0.44,3.07
South Korea,KOR,2009,4.61,0.545,0.57,0.69,2.81
South Korea,KOR,2010,5.69,0.63,0.77,0.82,3.68
South Korea,KOR,2011,7.4,0.743,0.92,0.86,4.6
South Korea,KOR,2012,8.17,0.816,1.13,0.91,3.97
South Korea,KOR,2013,10.23,0.999,1.67,1.15,4.29
South Korea,KOR,2014,12.89,1.259,2.69,1.15,2.75
South Korea,KOR,2015,15.2,1.451,4.23,1.34,2.15
South Korea,KOR,2016,18.13,1.65,5.52,1.68,2.85
South Korea,KOR,2017,22.33,1.971,7.74,2.17,2.81
South Korea,KOR,2018,27.8,2.384,10.17,2.46,3.36
South Korea,KOR,2019,33.01,2.807,14.19,2.68,2.79
South Korea,KOR,2020,40.4,3.466,19.34,3.15,3.88
South Korea,KOR,2021,48.1,3.877,24.72,3.18,3.05
South Korea,KOR,2022,55.49,4.333,30.73,3.37,3.54
South Korea,KOR,2023,59.07,4.66,33.24,3.39,3.72
South Korea,KOR,2024,60.72,4.748,32.72,3.36,4.3
South Korea,KOR,2025,64.93,4.748,37.8,3.64,3.8
South Sudan,SSD,2012,0.0,,0.0,0.0,0.0
South Sudan,SSD,2013,0.0,,0.0,0.0,0.0
South Sudan,SSD,2014,0.0,,0.0,0.0,0.0
South Sudan,SSD,2015,0.0,,0.0,0.0,0.0
South Sudan,SSD,2016,0.0,,0.0,0.0,0.0
South Sudan,SSD,2017,0.0,,0.0,0.0,0.0
South Sudan,SSD,2018,0.0,,0.0,0.0,0.0
South Sudan,SSD,2019,0.0,,0.0,0.0,0.0
South Sudan,SSD,2020,0.01,,0.01,0.0,0.0
South Sudan,SSD,2021,0.01,,0.01,0.0,0.0
South Sudan,SSD,2022,0.01,,0.01,0.0,0.0
South Sudan,SSD,2023,0.01,,0.01,0.0,0.0
South Sudan,SSD,2024,0.01,,0.01,0.0,0.0
Spain,ESP,1965,19.687,16.379,0.0,0.0,19.687
Spain,ESP,1966,27.258,20.088,0.0,0.0,27.258
Spain,ESP,1967,22.657,15.445,0.0,0.0,22.657
Spain,ESP,1968,24.388,15.804,0.0,0.0,24.388
Spain,ESP,1969,30.603,17.539,0.0,0.0,30.603
Spain,ESP,1970,27.819,14.758,0.0,0.0,27.772
Spain,ESP,1971,31.868,15.362,0.0,0.0,31.816
Spain,ESP,1972,35.53,15.847,0.0,0.0,35.469
Spain,ESP,1973,28.968,11.773,0.0,0.0,28.912
Spain,ESP,1974,30.619,11.957,0.0,0.0,30.568
Spain,ESP,1975,26.178,9.943,0.0,0.0,26.065
Spain,ESP,1976,21.119,7.499,0.0,0.0,20.932
Spain,ESP,1977,39.937,13.73,0.0,0.0,39.628
Spain,ESP,1978,40.567,13.892,0.0,0.0,40.251
Spain,ESP,1979,46.648,14.835,0.0,0.0,46.397
Spain,ESP,1980,29.912,9.441,0.0,0.0,29.55
Spain,ESP,1981,22.366,7.0,0.0,0.0,21.942
Spain,ESP,1982,26.818,8.403,0.0,0.0,26.331
Spain,ESP,1983,27.607,8.454,0.0,0.0,27.047
Spain,ESP,1984,32.034,9.666,0.0,0.0,31.484
Spain,ESP,1985,31.898,9.707,0.0,0.0,31.287
Spain,ESP,1986,27.032,8.054,0.0,0.0,26.494
Spain,ESP,1987,27.946,8.032,0.0,0.0,27.383
Spain,ESP,1988,35.919,9.898,0.0,0.0,35.246
Spain,ESP,1989,19.946,5.238,0.006,0.013,19.349
Spain,ESP,1990,26.03,6.819,0.01,0.01,25.47
Spain,ESP,1991,27.81,7.06,0.01,0.01,27.25
Spain,ESP,1992,19.6,4.743,0.01,0.1,18.92
Spain,ESP,1993,25.13,6.274,0.01,0.12,24.42
Spain,ESP,1994,29.06,6.927,0.01,0.17,28.24
Spain,ESP,1995,24.38,5.624,0.02,0.27,23.08
Spain,ESP,1996,41.25,9.156,0.02,0.36,39.79
Spain,ESP,1997,36.97,7.897,0.02,0.74,34.75
Spain,ESP,1998,36.89,7.534,0.02,1.35,33.99
Spain,ESP,1999,27.21,5.341,0.03,2.74,22.82
Spain,ESP,2000,34.49,6.598,0.01,4.73,28.26
Spain,ESP,2001,49.3,8.709,0.02,6.76,40.89
Spain,ESP,2002,33.17,6.016,0.02,9.34,21.22
Spain,ESP,2003,55.75,9.207,0.02,12.07,40.48
Spain,ESP,2004,50.13,8.02,0.02,15.7,31.08
Spain,ESP,2005,42.27,6.442,0.05,21.18,18.39
Spain,ESP,2006,52.15,7.933,0.12,23.3,25.96
Spain,ESP,2007,58.3,8.869,0.52,27.57,27.31
Spain,ESP,2008,62.15,9.972,2.58,32.95,23.36
Spain,ESP,2009,74.08,12.913,6.06,38.12,26.41
Spain,ESP,2010,97.77,16.49,7.19,44.27,42.3
Spain,ESP,2011,87.53,15.329,9.4,42.92,30.6
Spain,ESP,2012,86.97,15.917,11.97,49.47,20.55
Spain,ESP,2013,111.41,19.29,13.1,55.64,36.87
Spain,ESP,2014,110.26,19.445,13.67,52.01,39.17
Spain,ESP,2015,97.08,16.977,13.86,49.32,28.14
Spain,ESP,2016,104.63,18.117,13.64,48.9,36.4
Spain,ESP,2017,87.93,15.319,14.4,49.13,18.32
Spain,ESP,2018,103.87,17.923,12.74,50.89,34.33
Spain,ESP,2019,100.99,17.063,15.1,55.65,24.65
Spain,ESP,2020,113.79,21.929,20.67,56.44,30.51
Spain,ESP,2021,125.75,22.272,27.1,62.06,29.63
Spain,ESP,2022,122.91,20.877,35.72,62.78,17.59
Spain,ESP,2023,143.78,24.822,48.59,64.28,25.0
Spain,ESP,2024,161.08,25.863,58.29,62.2,34.41
Spain,ESP,2025,160.81,25.863,62.9,58.76,32.74
Sri Lanka,LKA,1965,0.365,9.76,0.0,0.0,0.365
Sri Lanka,LKA,1966,0.399,10.349,0.0,0.0,0.399
Sri Lanka,LKA,1967,0.41,10.379,0.0,0.0,0.41
Sri Lanka,LKA,1968,0.474,11.552,0.0,0.0,0.474
Sri Lanka,LKA,1969,0.549,12.893,0.0,0.0,0.549
Sri Lanka,LKA,1970,0.74,10.475,0.0,0.0,0.74
Sri Lanka,LKA,1971,0.826,11.475,0.0,0.0,0.826
Sri Lanka,LKA,1972,0.847,11.224,0.0,0.0,0.847
Sri Lanka,LKA,1973,0.696,8.893,0.0,0.0,0.696
Sri Lanka,LKA,1974,0.998,14.912,0.0,0.0,0.998
Sri Lanka,LKA,1975,1.077,15.429,0.0,0.0,1.077
Sri Lanka,LKA,1976,1.11,16.179,0.0,0.0,1.11
Sri Lanka,LKA,1977,1.214,16.479,0.0,0.0,1.214
Sri Lanka,LKA,1978,1.366,17.699,0.0,0.0,1.366
Sri Lanka,LKA,1979,1.462,18.008,0.0,0.0,1.462
Sri Lanka,LKA,1980,1.48,18.073,0.0,0.0,1.48
Sri Lanka,LKA,1981,1.572,18.28,0.0,0.0,1.572
Sri Lanka,LKA,1982,1.608,17.347,0.0,0.0,1.608
Sri Lanka,LKA,1983,1.217,13.283,0.0,0.0,1.217
Sri Lanka,LKA,1984,2.092,21.653,0.0,0.0,2.092
Sri Lanka,LKA,1985,2.396,26.337,0.0,0.0,2.396
Sri Lanka,LKA,1986,2.645,27.65,0.0,0.0,2.645
Sri Lanka,LKA,1987,2.177,22.052,0.0,0.0,2.177
Sri Lanka,LKA,1988,2.597,26.665,0.0,0.0,2.597
Sri Lanka,LKA,1989,2.801,29.593,0.0,0.0,2.801
Sri Lanka,LKA,1990,3.145,29.79,0.0,0.0,3.145
Sri Lanka,LKA,1991,3.117,29.579,0.0,0.0,3.117
Sri Lanka,LKA,1992,2.9,25.59,0.0,0.0,2.9
Sri Lanka,LKA,1993,3.796,30.813,0.0,0.0,3.796
Sri Lanka,LKA,1994,4.089,30.635,0.0,0.0,4.089
Sri Lanka,LKA,1995,4.514,31.403,0.0,0.0,4.514
Sri Lanka,LKA,1996,3.252,21.369,0.0,0.0,3.252
Sri Lanka,LKA,1997,3.447,21.955,0.0,0.0,3.447
Sri Lanka,LKA,1998,3.915,23.41,0.0,0.0,3.915
Sri Lanka,LKA,1999,4.181,23.242,0.0,0.004,4.177
Sri Lanka,LKA,2000,3.21,16.823,0.0,0.0,3.21
Sri Lanka,LKA,2001,3.12,16.752,0.0,0.0,3.12
Sri Lanka,LKA,2002,2.7,13.979,0.0,0.0,2.7
Sri Lanka,LKA,2003,3.32,16.628,0.0,0.0,3.32
Sri Lanka,LKA,2004,2.97,15.216,0.0,0.0,2.97
Sri Lanka,LKA,2005,3.47,15.244,0.01,0.0,3.46
Sri Lanka,LKA,2006,4.65,18.984,0.01,0.0,4.64
Sri Lanka,LKA,2007,3.97,15.797,0.01,0.0,3.96
Sri Lanka,LKA,2008,4.16,17.442,0.01,0.0,4.14
Sri Lanka,LKA,2009,3.92,16.162,0.01,0.0,3.89
Sri Lanka,LKA,2010,5.73,21.793,0.01,0.05,5.64
Sri Lanka,LKA,2011,4.76,16.358,0.01,0.09,4.63
Sri Lanka,LKA,2012,3.47,11.61,0.01,0.14,3.3
Sri Lanka,LKA,2013,7.21,23.64,0.02,0.23,6.93
Sri Lanka,LKA,2014,4.9,14.695,0.03,0.27,4.56
Sri Lanka,LKA,2015,6.44,18.069,0.04,0.34,6.0
Sri Lanka,LKA,2016,4.72,11.92,0.05,0.35,4.25
Sri Lanka,LKA,2017,4.62,11.102,0.15,0.37,4.03
Sri Lanka,LKA,2018,7.05,16.029,0.22,0.33,6.41
Sri Lanka,LKA,2019,5.63,12.824,0.34,0.35,4.82
Sri Lanka,LKA,2020,5.87,14.89,0.46,0.33,4.98
Sri Lanka,LKA,2021,8.65,21.005,0.64,0.65,7.23
Sri Lanka,LKA,2022,8.43,23.449,0.84,0.74,6.77
Sri Lanka,LKA,2023,7.96,20.969,1.0,0.82,5.98
Sri Lanka,LKA,2024,9.43,23.25,1.31,0.87,7.01
Sri Lanka,LKA,2025,10.63,23.25,2.84,0.93,6.59
Sudan,SDN,2000,1.27,,0.0,0.0,1.17
Sudan,SDN,2001,1.36,,0.0,0.0,1.25
Sudan,SDN,2002,1.39,,0.0,0.0,1.27
Sudan,SDN,2003,1.28,,0.0,0.0,1.15
Sudan,SDN,2004,1.24,,0.0,0.0,1.1
Sudan,SDN,2005,1.39,,0.0,0.0,1.25
Sudan,SDN,2006,1.5,,0.0,0.0,1.36
Sudan,SDN,2007,1.59,,0.0,0.0,1.44
Sudan,SDN,2008,1.6,,0.0,0.0,1.45
Sudan,SDN,2009,3.35,,0.0,0.0,3.2
Sudan,SDN,2010,6.28,,0.0,0.0,6.14
Sudan,SDN,2011,6.52,,0.0,0.0,6.4
Sudan,SDN,2012,6.68,,0.01,0.0,6.55
Sudan,SDN,2013,8.38,,0.01,0.0,8.23
Sudan,SDN,2014,8.95,,0.01,0.0,8.82
Sudan,SDN,2015,8.46,,0.01,0.0,8.34
Sudan,SDN,2016,8.19,,0.02,0.0,8.05
Sudan,SDN,2017,9.5,,0.02,0.0,9.35
Sudan,SDN,2018,9.8,,0.02,0.0,9.66
Sudan,SDN,2019,10.34,,0.02,0.0,10.21
Sudan,SDN,2020,11.15,,0.03,0.0,11.01
Sudan,SDN,2021,11.09,,0.03,0.0,10.95
Sudan,SDN,2022,12.04,,0.13,0.0,11.8
Sudan,SDN,2023,11.75,,0.14,0.0,11.5
Sudan,SDN,2024,11.77,,0.16,0.0,11.5
Suriname,SUR,2000,0.71,,0.0,0.0,0.71
Suriname,SUR,2001,0.73,,0.0,0.0,0.73
Suriname,SUR,2002,0.74,,0.0,0.0,0.74
Suriname,SUR,2003,0.75,,0.0,0.0,0.75
Suriname,SUR,2004,0.76,,0.0,0.0,0.76
Suriname,SUR,2005,0.82,,0.0,0.0,0.82
Suriname,SUR,2006,0.86,,0.0,0.0,0.86
Suriname,SUR,2007,0.86,,0.0,0.0,0.86
Suriname,SUR,2008,0.86,,0.0,0.0,0.86
Suriname,SUR,2009,0.86,,0.0,0.0,0.86
Suriname,SUR,2010,1.2,,0.0,0.0,1.2
Suriname,SUR,2011,1.03,,0.0,0.0,1.03
Suriname,SUR,2012,0.82,,0.0,0.0,0.82
Suriname,SUR,2013,0.83,,0.0,0.0,0.83
Suriname,SUR,2014,0.55,,0.0,0.0,0.55
Suriname,SUR,2015,0.49,,0.01,0.0,0.47
Suriname,SUR,2016,0.8,,0.01,0.0,0.78
Suriname,SUR,2017,0.94,,0.01,0.0,0.92
Suriname,SUR,2018,1.01,,0.01,0.0,0.99
Suriname,SUR,2019,0.97,,0.01,0.0,0.95
Suriname,SUR,2020,0.99,,0.01,0.0,0.97
Suriname,SUR,2021,1.01,,0.01,0.0,0.99
Suriname,SUR,2022,0.94,,0.01,0.0,0.92
Suriname,SUR,2023,0.92,,0.01,0.0,0.9
Suriname,SUR,2024,0.92,,0.01,0.0,0.9
Sweden,SWE,1965,46.423,33.526,0.0,0.0,46.423
Sweden,SWE,1966,45.489,30.753,0.0,0.0,45.489
Sweden,SWE,1967,49.286,32.567,0.0,0.0,49.286
Sweden,SWE,1968,48.739,30.112,0.0,0.0,48.739
Sweden,SWE,1969,41.83,25.774,0.0,0.0,41.83
Sweden,SWE,1970,41.619,24.141,0.0,0.0,41.489
Sweden,SWE,1971,52.172,29.832,0.0,0.0,52.012
Sweden,SWE,1972,53.969,29.969,0.0,0.0,53.743
Sweden,SWE,1973,60.271,31.677,0.0,0.0,59.872
Sweden,SWE,1974,57.622,32.748,0.0,0.0,57.265
Sweden,SWE,1975,57.958,31.076,0.0,0.0,57.648
Sweden,SWE,1976,55.186,27.796,0.0,0.0,54.832
Sweden,SWE,1977,53.855,27.494,0.0,0.0,53.495
Sweden,SWE,1978,58.029,25.438,0.0,0.0,57.753
Sweden,SWE,1979,61.427,25.528,0.0,0.0,61.08
Sweden,SWE,1980,59.589,26.362,0.0,0.0,58.868
Sweden,SWE,1981,60.674,27.101,0.0,0.0,59.753
Sweden,SWE,1982,56.068,26.339,0.0,0.0,55.066
Sweden,SWE,1983,64.994,30.82,0.0,0.003,63.544
Sweden,SWE,1984,69.759,31.29,0.0,0.005,67.906
Sweden,SWE,1985,72.796,30.037,0.0,0.006,70.988
Sweden,SWE,1986,62.919,25.006,0.0,0.006,60.933
Sweden,SWE,1987,73.819,30.041,0.0,0.006,71.854
Sweden,SWE,1988,71.929,29.966,0.0,0.005,69.883
Sweden,SWE,1989,73.944,31.528,0.0,0.005,71.75
Sweden,SWE,1990,74.45,33.094,0.0,0.01,72.5
Sweden,SWE,1991,65.11,28.996,0.0,0.01,63.24
Sweden,SWE,1992,76.37,33.494,0.0,0.03,74.33
Sweden,SWE,1993,76.87,34.016,0.0,0.05,74.65
Sweden,SWE,1994,61.4,26.997,0.0,0.07,59.1
Sweden,SWE,1995,70.55,30.274,0.0,0.1,68.1
Sweden,SWE,1996,54.0,23.689,0.0,0.14,51.74
Sweden,SWE,1997,72.03,30.62,0.0,0.2,69.06
Sweden,SWE,1998,78.1,31.589,0.0,0.32,75.0
Sweden,SWE,1999,74.75,31.011,0.0,0.36,71.69
Sweden,SWE,2000,83.14,36.656,0.0,0.46,78.58
Sweden,SWE,2001,83.32,34.203,0.0,0.48,79.06
Sweden,SWE,2002,71.15,31.103,0.0,0.61,66.36
Sweden,SWE,2003,58.73,27.305,0.0,0.68,53.54
Sweden,SWE,2004,68.18,29.336,0.0,0.86,60.12
Sweden,SWE,2005,81.22,33.911,0.0,0.93,72.8
Sweden,SWE,2006,71.06,31.833,0.0,0.98,61.72
Sweden,SWE,2007,77.43,34.16,0.0,1.43,66.16
Sweden,SWE,2008,81.41,36.048,0.0,2.0,69.07
Sweden,SWE,2009,79.81,38.656,0.01,2.49,65.85
Sweden,SWE,2010,82.09,37.37,0.01,3.49,66.4
Sweden,SWE,2011,84.09,38.676,0.01,6.11,66.43
Sweden,SWE,2012,98.31,42.346,0.02,7.17,78.93
Sweden,SWE,2013,82.69,38.22,0.04,9.84,61.36
Sweden,SWE,2014,85.75,39.703,0.05,11.24,63.76
Sweden,SWE,2015,102.5,45.535,0.1,16.32,75.31
Sweden,SWE,2016,89.13,40.906,0.14,15.48,62.02
Sweden,SWE,2017,95.06,41.625,0.23,17.61,65.14
Sweden,SWE,2018,91.15,41.607,0.41,16.62,62.21
Sweden,SWE,2019,98.94,43.747,0.68,19.85,65.37
Sweden,SWE,2020,112.14,51.056,1.05,27.52,72.39
Sweden,SWE,2021,115.75,50.01,1.53,27.25,73.89
Sweden,SWE,2022,118.23,52.434,1.98,33.25,69.87
Sweden,SWE,2023,115.25,52.459,3.11,34.25,66.19
Sweden,SWE,2024,119.4,51.318,4.16,40.45,64.61
Sweden,SWE,2025,121.53,51.318,4.43,38.9,68.24
Switzerland,CHE,1965,24.097,37.573,0.0,0.0,24.097
Switzerland,CHE,1966,27.519,39.985,0.0,0.0,27.519
Switzerland,CHE,1967,29.85,40.627,0.0,0.0,29.85
Switzerland,CHE,1968,29.515,38.187,0.0,0.0,29.515
Switzerland,CHE,1969,28.245,35.266,0.0,0.0,28.245
Switzerland,CHE,1970,29.173,33.248,0.0,0.0,29.173
Switzerland,CHE,1971,29.044,32.326,0.0,0.0,29.044
Switzerland,CHE,1972,24.234,27.31,0.0,0.0,24.234
Switzerland,CHE,1973,26.587,27.101,0.0,0.0,26.587
Switzerland,CHE,1974,27.85,29.753,0.0,0.0,27.85
Switzerland,CHE,1975,32.236,33.251,0.0,0.0,32.236
Switzerland,CHE,1976,25.849,27.828,0.0,0.0,25.849
Switzerland,CHE,1977,34.89,33.928,0.0,0.0,34.89
Switzerland,CHE,1978,31.659,31.216,0.0,0.0,31.561
Switzerland,CHE,1979,29.971,29.669,0.0,0.0,29.684
Switzerland,CHE,1980,33.621,31.113,0.0,0.0,33.448
Switzerland,CHE,1981,35.561,33.01,0.0,0.0,35.125
Switzerland,CHE,1982,36.361,34.476,0.0,0.0,35.971
Switzerland,CHE,1983,35.459,32.286,0.0,0.0,35.063
Switzerland,CHE,1984,30.263,28.391,0.0,0.0,29.894
Switzerland,CHE,1985,32.417,28.476,0.0,0.0,32.052
Switzerland,CHE,1986,33.363,27.912,0.0,0.0,32.905
Switzerland,CHE,1987,35.186,29.649,0.0,0.0,34.675
Switzerland,CHE,1988,36.308,30.374,0.0,0.0,35.795
Switzerland,CHE,1989,30.304,27.088,0.0,0.0,29.775
Switzerland,CHE,1990,30.237,25.902,0.001,0.0,29.798
Switzerland,CHE,1991,32.518,27.136,0.002,0.0,32.08
Switzerland,CHE,1992,33.192,27.266,0.003,0.0,32.704
Switzerland,CHE,1993,36.276,29.895,0.004,0.0,35.781
Switzerland,CHE,1994,39.628,31.106,0.005,0.0,39.073
Switzerland,CHE,1995,35.752,29.6,0.006,0.0,35.172
Switzerland,CHE,1996,29.37,25.121,0.007,0.001,28.748
Switzerland,CHE,1997,34.713,27.801,0.007,0.002,34.046
Switzerland,CHE,1998,34.175,27.211,0.008,0.003,33.475
Switzerland,CHE,1999,40.77,31.122,0.01,0.003,40.008
Switzerland,CHE,2000,37.68,29.476,0.01,0.0,36.83
Switzerland,CHE,2001,42.2,30.748,0.01,0.0,41.31
Switzerland,CHE,2002,36.1,28.021,0.01,0.0,35.17
Switzerland,CHE,2003,35.72,27.866,0.02,0.0,34.76
Switzerland,CHE,2004,34.76,27.041,0.02,0.01,33.75
Switzerland,CHE,2005,32.29,26.14,0.02,0.01,31.23
Switzerland,CHE,2006,32.13,25.217,0.02,0.01,30.96
Switzerland,CHE,2007,36.48,28.119,0.03,0.02,35.25
Switzerland,CHE,2008,37.33,27.972,0.04,0.02,36.04
Switzerland,CHE,2009,37.03,28.184,0.05,0.02,35.72
Switzerland,CHE,2010,37.47,27.969,0.09,0.04,36.06
Switzerland,CHE,2011,34.02,27.144,0.17,0.07,32.39
Switzerland,CHE,2012,40.53,30.448,0.3,0.09,38.6
Switzerland,CHE,2013,40.67,29.926,0.5,0.09,38.46
Switzerland,CHE,2014,40.67,31.115,0.84,0.1,38.04
Switzerland,CHE,2015,41.12,32.122,1.12,0.11,38.26
Switzerland,CHE,2016,37.81,31.376,1.33,0.11,34.62
Switzerland,CHE,2017,37.76,31.293,1.68,0.13,34.09
Switzerland,CHE,2018,38.88,31.434,1.95,0.12,34.98
Switzerland,CHE,2019,42.25,32.559,2.18,0.15,38.04
Switzerland,CHE,2020,42.61,35.598,2.6,0.15,37.87
Switzerland,CHE,2021,42.01,37.276,2.84,0.14,36.96
Switzerland,CHE,2022,35.99,31.096,3.86,0.15,29.9
Switzerland,CHE,2023,44.26,35.636,4.62,0.17,37.39
Switzerland,CHE,2024,52.86,39.868,5.66,0.18,44.94
Switzerland,CHE,2025,44.1,39.868,7.89,0.14,33.99
Syria,SYR,2000,3.26,,0.0,0.0,3.23
Syria,SYR,2001,3.44,,0.0,0.0,3.41
Syria,SYR,2002,2.48,,0.0,0.0,2.45
Syria,SYR,2003,2.79,,0.0,0.0,2.76
Syria,SYR,2004,4.21,,0.0,0.0,4.18
Syria,SYR,2005,4.35,,0.0,0.0,4.32
Syria,SYR,2006,3.97,,0.0,0.0,3.94
Syria,SYR,2007,3.51,,0.0,0.0,3.48
Syria,SYR,2008,2.9,,0.0,0.0,2.87
Syria,SYR,2009,1.9,,0.0,0.0,1.87
Syria,SYR,2010,2.62,,0.0,0.0,2.59
Syria,SYR,2011,3.03,,0.0,0.0,3.0
Syria,SYR,2012,2.99,,0.0,0.0,2.96
Syria,SYR,2013,3.03,,0.0,0.0,3.0
Syria,SYR,2014,2.37,,0.0,0.0,2.34
Syria,SYR,2015,0.44,,0.0,0.0,0.41
Syria,SYR,2016,0.96,,0.0,0.0,0.93
Syria,SYR,2017,0.78,,0.0,0.0,0.75
Syria,SYR,2018,0.78,,0.0,0.0,0.75
Syria,SYR,2019,0.78,,0.0,0.0,0.75
Syria,SYR,2020,0.8,,0.02,0.0,0.75
Syria,SYR,2021,0.84,,0.06,0.0,0.75
Syria,SYR,2022,0.88,,0.1,0.0,0.75
Syria,SYR,2023,0.88,,0.1,0.0,0.75
Syria,SYR,2024,0.88,,0.1,0.0,0.75
Taiwan,TWN,1965,2.586,10.277,0.0,0.0,2.586
Taiwan,TWN,1966,2.661,9.869,0.0,0.0,2.661
Taiwan,TWN,1967,2.634,8.945,0.0,0.0,2.634
Taiwan,TWN,1968,3.864,11.441,0.0,0.0,3.864
Taiwan,TWN,1969,3.052,8.618,0.0,0.0,3.052
Taiwan,TWN,1970,2.865,7.426,0.0,0.0,2.865
Taiwan,TWN,1971,3.091,6.376,0.0,0.0,3.091
Taiwan,TWN,1972,3.636,7.023,0.0,0.0,3.636
Taiwan,TWN,1973,3.399,5.613,0.0,0.0,3.399
Taiwan,TWN,1974,4.705,8.126,0.0,0.0,4.705
Taiwan,TWN,1975,5.261,8.248,0.0,0.0,5.261
Taiwan,TWN,1976,4.282,5.504,0.0,0.0,4.282
Taiwan,TWN,1977,4.023,4.71,0.0,0.0,4.023
Taiwan,TWN,1978,4.966,4.925,0.0,0.0,4.966
Taiwan,TWN,1979,4.567,4.267,0.0,0.0,4.567
Taiwan,TWN,1980,2.926,2.591,0.0,0.0,2.926
Taiwan,TWN,1981,4.791,4.539,0.0,0.0,4.791
Taiwan,TWN,1982,4.79,4.082,0.0,0.0,4.781
Taiwan,TWN,1983,4.992,3.832,0.0,0.0,4.988
Taiwan,TWN,1984,4.389,3.231,0.0,0.0,4.385
Taiwan,TWN,1985,6.004,4.227,0.0,0.0,6.001
Taiwan,TWN,1986,6.134,3.966,0.0,0.0,6.13
Taiwan,TWN,1987,5.512,3.292,0.0,0.0,5.509
Taiwan,TWN,1988,4.677,2.526,0.0,0.0,4.674
Taiwan,TWN,1989,5.059,2.587,0.0,0.0,4.863
Taiwan,TWN,1990,6.593,3.164,0.0,0.0,6.381
Taiwan,TWN,1991,4.097,1.866,0.0,0.0,3.854
Taiwan,TWN,1992,6.818,2.916,0.0,0.0,6.556
Taiwan,TWN,1993,4.342,1.757,0.0,0.0,4.109
Taiwan,TWN,1994,5.318,2.026,0.0,0.0,5.062
Taiwan,TWN,1995,5.223,1.878,0.0,0.0,4.839
Taiwan,TWN,1996,5.213,1.804,0.0,0.0,4.743
Taiwan,TWN,1997,5.771,1.887,0.0,0.0,5.245
Taiwan,TWN,1998,6.809,2.103,0.0,0.0,6.202
Taiwan,TWN,1999,5.81,1.723,0.0,0.0,5.051
Taiwan,TWN,2000,5.61,1.566,0.0,0.0,4.56
Taiwan,TWN,2001,6.42,1.734,0.0,0.01,5.09
Taiwan,TWN,2002,4.4,1.158,0.0,0.02,2.78
Taiwan,TWN,2003,4.82,1.214,0.0,0.02,3.03
Taiwan,TWN,2004,5.09,1.222,0.0,0.03,3.21
Taiwan,TWN,2005,6.01,1.409,0.0,0.09,4.07
Taiwan,TWN,2006,6.22,1.411,0.0,0.28,4.09
Taiwan,TWN,2007,6.74,1.531,0.0,0.44,4.42
Taiwan,TWN,2008,6.72,1.513,0.0,0.59,4.31
Taiwan,TWN,2009,6.3,1.468,0.01,0.79,3.75
Taiwan,TWN,2010,7.07,1.532,0.02,1.03,4.19
Taiwan,TWN,2011,7.38,1.604,0.06,1.49,4.0
Taiwan,TWN,2012,9.07,1.971,0.16,1.41,5.67
Taiwan,TWN,2013,9.23,1.964,0.32,1.64,5.42
Taiwan,TWN,2014,8.27,1.688,0.53,1.5,4.32
Taiwan,TWN,2015,8.79,1.76,0.85,1.53,4.47
Taiwan,TWN,2016,11.04,2.162,1.11,1.46,6.56
Taiwan,TWN,2017,10.7,2.089,1.67,1.72,5.45
Taiwan,TWN,2018,10.86,2.094,2.7,1.71,4.48
Taiwan,TWN,2019,13.44,2.611,4.02,1.89,5.54
Taiwan,TWN,2020,13.4,2.676,6.07,2.31,3.02
Taiwan,TWN,2021,15.72,2.932,7.97,2.27,3.47
Taiwan,TWN,2022,22.09,4.235,10.68,3.58,5.84
Taiwan,TWN,2023,25.12,5.005,12.91,6.24,3.96
Taiwan,TWN,2024,31.51,6.268,14.9,10.33,4.21
Taiwan,TWN,2025,35.3,6.268,15.68,12.01,5.51
Tajikistan,TJK,2000,14.02,,0.0,0.0,14.02
Tajikistan,TJK,2001,14.21,,0.0,0.0,14.21
Tajikistan,TJK,2002,15.16,,0.0,0.0,15.16
Tajikistan,TJK,2003,16.34,,0.0,0.0,16.34
Tajikistan,TJK,2004,16.34,,0.0,0.0,16.34
Tajikistan,TJK,2005,16.97,,0.0,0.0,16.97
Tajikistan,TJK,2006,16.7,,0.0,0.0,16.7
Tajikistan,TJK,2007,17.11,,0.0,0.0,17.11
Tajikistan,TJK,2008,15.8,,0.0,0.0,15.8
Tajikistan,TJK,2009,15.9,,0.0,0.0,15.9
Tajikistan,TJK,2010,16.4,,0.0,0.0,16.4
Tajikistan,TJK,2011,16.2,,0.0,0.0,16.2
Tajikistan,TJK,2012,16.9,,0.0,0.0,16.9
Tajikistan,TJK,2013,17.07,,0.0,0.0,17.07
Tajikistan,TJK,2014,16.0,,0.0,0.0,16.0
Tajikistan,TJK,2015,17.0,,0.0,0.0,17.0
Tajikistan,TJK,2016,16.63,,0.0,0.0,16.63
Tajikistan,TJK,2017,17.13,,0.0,0.0,17.13
Tajikistan,TJK,2018,18.39,,0.0,0.0,18.39
Tajikistan,TJK,2019,19.17,,0.0,0.0,19.17
Tajikistan,TJK,2020,18.11,,0.0,0.0,18.11
Tajikistan,TJK,2021,18.66,,0.0,0.0,18.66
Tajikistan,TJK,2022,19.92,,0.0,0.0,19.92
Tajikistan,TJK,2023,20.0,,0.0,0.0,20.0
Tajikistan,TJK,2024,21.0,,0.0,0.0,21.0
Tajikistan,TJK,2025,23.28,,0.0,0.0,23.28
Tanzania,TZA,2000,2.16,,0.0,0.0,2.13
Tanzania,TZA,2001,2.68,,0.0,0.0,2.64
Tanzania,TZA,2002,2.76,,0.0,0.0,2.72
Tanzania,TZA,2003,2.6,,0.0,0.0,2.55
Tanzania,TZA,2004,2.06,,0.0,0.0,2.01
Tanzania,TZA,2005,1.83,,0.0,0.0,1.78
Tanzania,TZA,2006,1.5,,0.0,0.0,1.44
Tanzania,TZA,2007,2.58,,0.0,0.0,2.52
Tanzania,TZA,2008,2.71,,0.0,0.0,2.65
Tanzania,TZA,2009,2.7,,0.0,0.0,2.64
Tanzania,TZA,2010,2.78,,0.01,0.0,2.7
Tanzania,TZA,2011,2.07,,0.01,0.0,1.99
Tanzania,TZA,2012,1.84,,0.01,0.0,1.77
Tanzania,TZA,2013,1.8,,0.01,0.0,1.72
Tanzania,TZA,2014,2.67,,0.02,0.0,2.59
Tanzania,TZA,2015,2.19,,0.02,0.0,2.11
Tanzania,TZA,2016,2.47,,0.03,0.0,2.37
Tanzania,TZA,2017,2.46,,0.04,0.0,2.35
Tanzania,TZA,2018,2.32,,0.03,0.0,2.23
Tanzania,TZA,2019,2.58,,0.03,0.0,2.48
Tanzania,TZA,2020,3.24,,0.03,0.0,3.14
Tanzania,TZA,2021,3.19,,0.03,0.0,3.09
Tanzania,TZA,2022,2.92,,0.03,0.0,2.82
Tanzania,TZA,2023,2.8,,0.03,0.0,2.7
Tanzania,TZA,2024,2.91,,0.04,0.0,2.8
Thailand,THA,1965,0.841,7.645,0.0,0.0,0.841
Thailand,THA,1966,1.064,8.119,0.0,0.0,1.064
Thailand,THA,1967,1.368,9.171,0.0,0.0,1.368
Thailand,THA,1968,1.405,7.333,0.0,0.0,1.405
Thailand,THA,1969,1.046,5.162,0.0,0.0,1.046
Thailand,THA,1970,1.787,7.414,0.0,0.0,1.787
Thailand,THA,1971,2.048,7.672,0.0,0.0,2.048
Thailand,THA,1972,1.728,5.326,0.0,0.0,1.728
Thailand,THA,1973,1.88,5.465,0.0,0.0,1.88
Thailand,THA,1974,2.458,6.874,0.0,0.0,2.458
Thailand,THA,1975,3.399,8.622,0.0,0.0,3.399
Thailand,THA,1976,3.637,8.737,0.0,0.0,3.637
Thailand,THA,1977,3.265,7.122,0.0,0.0,3.265
Thailand,THA,1978,2.11,4.308,0.0,0.0,2.11
Thailand,THA,1979,3.263,6.276,0.0,0.0,3.263
Thailand,THA,1980,1.273,2.436,0.0,0.0,1.273
Thailand,THA,1981,2.974,5.671,0.0,0.0,2.974
Thailand,THA,1982,3.836,7.145,0.0,0.0,3.836
Thailand,THA,1983,3.66,6.215,0.0,0.0,3.66
Thailand,THA,1984,4.081,6.25,0.0,0.0,4.081
Thailand,THA,1985,3.691,5.407,0.0,0.0,3.691
Thailand,THA,1986,5.532,7.626,0.0,0.0,5.532
Thailand,THA,1987,4.061,4.897,0.0,0.0,4.056
Thailand,THA,1988,3.748,4.017,0.0,0.0,3.718
Thailand,THA,1989,5.534,5.126,0.0,0.0,5.512
Thailand,THA,1990,4.925,3.878,0.0,0.0,4.9
Thailand,THA,1991,4.535,3.236,0.0,0.0,4.505
Thailand,THA,1992,4.18,2.724,0.0,0.0,4.159
Thailand,THA,1993,3.642,2.092,0.0,0.0,3.613
Thailand,THA,1994,4.454,2.278,0.0,0.0,4.404
Thailand,THA,1995,6.736,3.056,0.0,0.0,6.593
Thailand,THA,1996,7.422,2.978,0.0,0.0,7.215
Thailand,THA,1997,7.356,2.807,0.0,0.0,7.082
Thailand,THA,1998,5.398,2.24,0.0,0.0,5.089
Thailand,THA,1999,3.857,1.521,0.0,0.0,3.41
Thailand,THA,2000,6.42,2.432,0.0,0.0,5.89
Thailand,THA,2001,6.79,2.432,0.0,0.0,6.17
Thailand,THA,2002,8.12,2.662,0.0,0.0,7.37
Thailand,THA,2003,8.44,2.58,0.0,0.0,7.21
Thailand,THA,2004,7.74,2.204,0.0,0.0,5.9
Thailand,THA,2005,7.53,2.108,0.0,0.0,5.67
Thailand,THA,2006,9.98,2.724,0.04,0.0,7.95
Thailand,THA,2007,10.42,2.832,0.04,0.0,7.96
Thailand,THA,2008,9.13,2.862,0.04,0.0,6.95
Thailand,THA,2009,9.26,2.98,0.04,0.0,6.97
Thailand,THA,2010,8.77,2.75,0.06,0.0,5.35
Thailand,THA,2011,12.0,3.442,0.09,0.0,7.93
Thailand,THA,2012,13.65,3.781,0.5,0.02,8.43
Thailand,THA,2013,12.65,3.8,1.26,0.35,5.41
Thailand,THA,2014,14.21,4.24,1.93,0.4,5.16
Thailand,THA,2015,13.81,4.202,2.38,0.33,3.76
Thailand,THA,2016,16.07,4.617,3.55,0.38,3.54
Thailand,THA,2017,19.63,5.318,4.54,1.11,4.69
Thailand,THA,2018,25.52,6.379,4.54,1.64,7.6
Thailand,THA,2019,27.72,6.951,5.15,3.67,6.31
Thailand,THA,2020,25.08,6.97,5.03,3.22,4.54
Thailand,THA,2021,26.47,7.034,4.99,3.53,4.54
Thailand,THA,2022,28.48,7.248,5.03,2.99,6.6
Thailand,THA,2023,29.76,7.608,5.14,3.74,6.59
Thailand,THA,2024,29.61,7.403,5.43,3.38,6.41
Thailand,THA,2025,31.2,7.403,9.98,3.41,7.62
Togo,TGO,2000,0.1,,0.0,0.0,0.1
Togo,TGO,2001,0.05,,0.0,0.0,0.05
Togo,TGO,2002,0.09,,0.0,0.0,0.09
Togo,TGO,2003,0.12,,0.0,0.0,0.12
Togo,TGO,2004,0.08,,0.0,0.0,0.08
Togo,TGO,2005,0.07,,0.0,0.0,0.07
Togo,TGO,2006,0.09,,0.0,0.0,0.09
Togo,TGO,2007,0.1,,0.0,0.0,0.09
Togo,TGO,2008,0.09,,0.0,0.0,0.09
Togo,TGO,2009,0.11,,0.0,0.0,0.11
Togo,TGO,2010,0.09,,0.0,0.0,0.09
Togo,TGO,2011,0.1,,0.0,0.0,0.1
Togo,TGO,2012,0.09,,0.0,0.0,0.09
Togo,TGO,2013,0.04,,0.0,0.0,0.04
Togo,TGO,2014,0.12,,0.0,0.0,0.12
Togo,TGO,2015,0.06,,0.0,0.0,0.06
Togo,TGO,2016,0.2,,0.0,0.0,0.2
Togo,TGO,2017,0.21,,0.0,0.0,0.21
Togo,TGO,2018,0.21,,0.01,0.0,0.2
Togo,TGO,2019,0.13,,0.01,0.0,0.12
Togo,TGO,2020,0.09,,0.01,0.0,0.08
Togo,TGO,2021,0.16,,0.07,0.0,0.09
Togo,TGO,2022,0.18,,0.1,0.0,0.08
Togo,TGO,2023,0.19,,0.11,0.0,0.08
Togo,TGO,2024,0.21,,0.13,0.0,0.08
Tonga,TON,2000,0.0,,0.0,0.0,0.0
Tonga,TON,2001,0.0,,0.0,0.0,0.0
Tonga,TON,2002,0.0,,0.0,0.0,0.0
Tonga,TON,2003,0.0,,0.0,0.0,0.0
Tonga,TON,2004,0.0,,0.0,0.0,0.0
Tonga,TON,2005,0.0,,0.0,0.0,0.0
Tonga,TON,2006,0.0,,0.0,0.0,0.0
Tonga,TON,2007,0.0,,0.0,0.0,0.0
Tonga,TON,2008,0.0,,0.0,0.0,0.0
Tonga,TON,2009,0.0,,0.0,0.0,0.0
Tonga,TON,2010,0.0,,0.0,0.0,0.0
Tonga,TON,2011,0.0,,0.0,0.0,0.0
Tonga,TON,2012,0.0,,0.0,0.0,0.0
Tonga,TON,2013,0.0,,0.0,0.0,0.0
Tonga,TON,2014,0.0,,0.0,0.0,0.0
Tonga,TON,2015,0.0,,0.0,0.0,0.0
Tonga,TON,2016,0.0,,0.0,0.0,0.0
Tonga,TON,2017,0.01,,0.01,0.0,0.0
Tonga,TON,2018,0.01,,0.01,0.0,0.0
Tonga,TON,2019,0.01,,0.01,0.0,0.0
Tonga,TON,2020,0.01,,0.01,0.0,0.0
Tonga,TON,2021,0.01,,0.01,0.0,0.0
Tonga,TON,2022,0.01,,0.01,0.0,0.0
Tonga,TON,2023,0.01,,0.01,0.0,0.0
Tonga,TON,2024,0.01,,0.01,0.0,0.0
Trinidad and Tobago,TTO,1965,0.0,0.0,0.0,0.0,0.0
Trinidad and Tobago,TTO,1966,0.0,0.0,0.0,0.0,0.0
Trinidad and Tobago,TTO,1967,0.0,0.0,0.0,0.0,0.0
Trinidad and Tobago,TTO,1968,0.0,0.0,0.0,0.0,0.0
Trinidad and Tobago,TTO,1969,0.0,0.0,0.0,0.0,0.0
Trinidad and Tobago,TTO,1970,0.0,0.0,0.0,0.0,0.0
Trinidad and Tobago,TTO,1971,0.035,0.242,0.0,0.0,0.0
Trinidad and Tobago,TTO,1972,0.035,0.176,0.0,0.0,0.0
Trinidad and Tobago,TTO,1973,0.029,0.147,0.0,0.0,0.0
Trinidad and Tobago,TTO,1974,0.025,0.131,0.0,0.0,0.0
Trinidad and Tobago,TTO,1975,0.023,0.15,0.0,0.0,0.0
Trinidad and Tobago,TTO,1976,0.019,0.11,0.0,0.0,0.0
Trinidad and Tobago,TTO,1977,0.023,0.128,0.0,0.0,0.0
Trinidad and Tobago,TTO,1978,0.029,0.161,0.0,0.0,0.0
Trinidad and Tobago,TTO,1979,0.029,0.182,0.0,0.0,0.0
Trinidad and Tobago,TTO,1980,0.026,0.169,0.0,0.0,0.0
Trinidad and Tobago,TTO,1981,0.019,0.117,0.0,0.0,0.0
Trinidad and Tobago,TTO,1982,0.018,0.095,0.0,0.0,0.0
Trinidad and Tobago,TTO,1983,0.016,0.086,0.0,0.0,0.0
Trinidad and Tobago,TTO,1984,0.013,0.071,0.0,0.0,0.0
Trinidad and Tobago,TTO,1985,0.017,0.09,0.0,0.0,0.0
Trinidad and Tobago,TTO,1986,0.026,0.132,0.0,0.0,0.0
Trinidad and Tobago,TTO,1987,0.031,0.167,0.0,0.0,0.0
Trinidad and Tobago,TTO,1988,0.027,0.132,0.0,0.0,0.0
Trinidad and Tobago,TTO,1989,0.026,0.13,0.0,0.0,0.0
Trinidad and Tobago,TTO,1990,0.031,0.139,0.0,0.0,0.0
Trinidad and Tobago,TTO,1991,0.025,0.113,0.0,0.0,0.0
Trinidad and Tobago,TTO,1992,0.03,0.128,0.0,0.0,0.0
Trinidad and Tobago,TTO,1993,0.028,0.113,0.0,0.0,0.0
Trinidad and Tobago,TTO,1994,0.032,0.122,0.0,0.0,0.0
Trinidad and Tobago,TTO,1995,0.033,0.116,0.0,0.0,0.0
Trinidad and Tobago,TTO,1996,0.017,0.053,0.0,0.0,0.0
Trinidad and Tobago,TTO,1997,0.018,0.056,0.0,0.0,0.0
Trinidad and Tobago,TTO,1998,0.018,0.055,0.0,0.0,0.0
Trinidad and Tobago,TTO,1999,0.018,0.049,0.0,0.0,0.0
Trinidad and Tobago,TTO,2000,0.02,0.054,0.0,0.0,0.0
Trinidad and Tobago,TTO,2001,0.03,0.074,0.0,0.0,0.0
Trinidad and Tobago,TTO,2002,0.03,0.06,0.0,0.0,0.0
Trinidad and Tobago,TTO,2003,0.01,0.028,0.0,0.0,0.0
Trinidad and Tobago,TTO,2004,0.02,0.046,0.0,0.0,0.0
Trinidad and Tobago,TTO,2005,0.02,0.041,0.0,0.0,0.0
Trinidad and Tobago,TTO,2006,0.03,0.041,0.0,0.0,0.0
Trinidad and Tobago,TTO,2007,0.02,0.031,0.0,0.0,0.0
Trinidad and Tobago,TTO,2008,0.02,0.033,0.0,0.0,0.0
Trinidad and Tobago,TTO,2009,0.02,0.032,0.0,0.0,0.0
Trinidad and Tobago,TTO,2010,0.0,0.005,0.0,0.0,0.0
Trinidad and Tobago,TTO,2011,0.0,0.005,0.0,0.0,0.0
Trinidad and Tobago,TTO,2012,0.0,0.007,0.0,0.0,0.0
Trinidad and Tobago,TTO,2013,0.0,0.007,0.0,0.0,0.0
Trinidad and Tobago,TTO,2014,0.0,0.007,0.0,0.0,0.0
Trinidad and Tobago,TTO,2015,0.01,0.007,0.01,0.0,0.0
Trinidad and Tobago,TTO,2016,0.01,0.008,0.01,0.0,0.0
Trinidad and Tobago,TTO,2017,0.01,0.008,0.01,0.0,0.0
Trinidad and Tobago,TTO,2018,0.01,0.008,0.01,0.0,0.0
Trinidad and Tobago,TTO,2019,0.01,0.008,0.01,0.0,0.0
Trinidad and Tobago,TTO,2020,0.01,0.009,0.01,0.0,0.0
Trinidad and Tobago,TTO,2021,0.01,0.009,0.01,0.0,0.0
Trinidad and Tobago,TTO,2022,0.01,0.009,0.01,0.0,0.0
Trinidad and Tobago,TTO,2023,0.01,0.009,0.01,0.0,0.0
Trinidad and Tobago,TTO,2024,0.01,0.011,0.01,0.0,0.0
Tunisia,TUN,2000,0.08,,0.0,0.02,0.06
Tunisia,TUN,2001,0.07,,0.0,0.02,0.05
Tunisia,TUN,2002,0.09,,0.0,0.03,0.06
Tunisia,TUN,2003,0.19,,0.0,0.03,0.16
Tunisia,TUN,2004,0.19,,0.0,0.04,0.15
Tunisia,TUN,2005,0.18,,0.0,0.04,0.14
Tunisia,TUN,2006,0.13,,0.0,0.04,0.09
Tunisia,TUN,2007,0.09,,0.0,0.04,0.05
Tunisia,TUN,2008,0.07,,0.0,0.04,0.03
Tunisia,TUN,2009,0.18,,0.0,0.1,0.08
Tunisia,TUN,2010,0.19,,0.0,0.14,0.05
Tunisia,TUN,2011,0.16,,0.0,0.11,0.05
Tunisia,TUN,2012,0.31,,0.0,0.2,0.11
Tunisia,TUN,2013,0.43,,0.01,0.36,0.06
Tunisia,TUN,2014,0.59,,0.03,0.51,0.05
Tunisia,TUN,2015,0.58,,0.06,0.45,0.07
Tunisia,TUN,2016,0.63,,0.11,0.47,0.05
Tunisia,TUN,2017,0.6,,0.13,0.45,0.02
Tunisia,TUN,2018,0.55,,0.08,0.45,0.02
Tunisia,TUN,2019,0.69,,0.12,0.5,0.07
Tunisia,TUN,2020,0.67,,0.15,0.47,0.05
Tunisia,TUN,2021,0.68,,0.22,0.43,0.03
Tunisia,TUN,2022,0.65,,0.32,0.32,0.01
Tunisia,TUN,2023,0.84,,0.49,0.34,0.01
Tunisia,TUN,2024,0.94,,0.56,0.37,0.01
Tunisia,TUN,2025,0.9,,0.56,0.33,0.01
Turkey,TUR,1965,2.279,6.992,0.0,0.0,2.179
Turkey,TUR,1966,2.46,6.581,0.0,0.0,2.338
Turkey,TUR,1967,2.555,6.62,0.0,0.0,2.382
Turkey,TUR,1968,3.354,7.452,0.0,0.0,3.175
Turkey,TUR,1969,3.623,7.369,0.0,0.0,3.445
Turkey,TUR,1970,3.199,6.12,0.0,0.0,3.033
Turkey,TUR,1971,2.772,4.791,0.0,0.0,2.61
Turkey,TUR,1972,3.379,5.224,0.0,0.0,3.204
Turkey,TUR,1973,2.8,3.826,0.0,0.0,2.603
Turkey,TUR,1974,3.563,4.768,0.0,0.0,3.356
Turkey,TUR,1975,6.124,7.345,0.0,0.0,5.904
Turkey,TUR,1976,8.536,9.082,0.0,0.0,8.375
Turkey,TUR,1977,8.79,8.548,0.0,0.0,8.572
Turkey,TUR,1978,9.472,8.689,0.0,0.0,9.335
Turkey,TUR,1979,10.434,10.173,0.0,0.0,10.289
Turkey,TUR,1980,11.484,10.777,0.0,0.0,11.348
Turkey,TUR,1981,12.726,11.839,0.0,0.0,12.616
Turkey,TUR,1982,14.167,12.066,0.0,0.0,14.167
Turkey,TUR,1983,11.343,9.331,0.0,0.0,11.343
Turkey,TUR,1984,13.448,10.516,0.0,0.0,13.426
Turkey,TUR,1985,12.051,8.719,0.0,0.0,12.045
Turkey,TUR,1986,11.916,7.911,0.0,0.0,11.873
Turkey,TUR,1987,18.676,10.896,0.0,0.0,18.618
Turkey,TUR,1988,29.018,15.44,0.0,0.0,28.95
Turkey,TUR,1989,18.002,9.725,0.0,0.0,17.94
Turkey,TUR,1990,23.23,11.585,0.0,0.0,23.15
Turkey,TUR,1991,22.8,11.138,0.0,0.0,22.68
Turkey,TUR,1992,26.69,12.401,0.0,0.0,26.57
Turkey,TUR,1993,34.09,14.592,0.0,0.0,33.95
Turkey,TUR,1994,30.72,13.571,0.0,0.0,30.59
Turkey,TUR,1995,35.85,14.165,0.0,0.0,35.54
Turkey,TUR,1996,40.73,14.756,0.0,0.0,40.47
Turkey,TUR,1997,40.19,13.917,0.0,0.0,39.82
Turkey,TUR,1998,42.56,14.377,0.0,0.0,42.23
Turkey,TUR,1999,34.91,12.09,0.0,0.02,34.68
Turkey,TUR,2000,31.16,10.096,0.0,0.03,30.88
Turkey,TUR,2001,24.34,8.632,0.0,0.06,24.01
Turkey,TUR,2002,33.96,10.918,0.0,0.05,33.68
Turkey,TUR,2003,35.56,10.734,0.0,0.06,35.33
Turkey,TUR,2004,46.31,13.0,0.0,0.06,46.08
Turkey,TUR,2005,39.74,10.807,0.0,0.06,39.56
Turkey,TUR,2006,44.52,10.874,0.0,0.13,44.24
Turkey,TUR,2007,36.46,8.326,0.0,0.36,35.85
Turkey,TUR,2008,34.42,7.784,0.0,0.85,33.27
Turkey,TUR,2009,38.15,8.472,0.0,1.5,35.96
Turkey,TUR,2010,55.72,11.71,0.0,2.92,51.8
Turkey,TUR,2011,58.09,11.392,0.0,4.72,52.34
Turkey,TUR,2012,65.21,12.031,0.0,5.86,57.86
Turkey,TUR,2013,69.22,13.033,0.0,7.56,59.42
Turkey,TUR,2014,52.62,9.501,0.02,8.52,40.64
Turkey,TUR,2015,83.65,13.673,0.19,11.65,67.15
Turkey,TUR,2016,90.24,13.986,1.04,15.52,67.23
Turkey,TUR,2017,87.24,12.632,2.89,17.9,58.22
Turkey,TUR,2018,96.82,14.13,7.8,19.86,59.75
Turkey,TUR,2019,131.47,18.384,9.57,21.63,88.64
Turkey,TUR,2020,127.33,18.103,11.2,24.61,77.86
Turkey,TUR,2021,116.07,15.696,13.28,31.02,55.51
Turkey,TUR,2022,134.35,18.036,15.16,34.69,66.66
Turkey,TUR,2023,134.34,18.326,18.4,33.88,63.72
Turkey,TUR,2024,155.65,19.786,25.67,36.53,74.57
Turkey,TUR,2025,153.07,19.786,37.25,39.42,57.27
Turkmenistan,TKM,1985,0.003,0.006,0.0,0.0,0.003
Turkmenistan,TKM,1986,0.003,0.005,0.0,0.0,0.003
Turkmenistan,TKM,1987,0.003,0.005,0.0,0.0,0.003
Turkmenistan,TKM,1988,0.003,0.005,0.0,0.0,0.003
Turkmenistan,TKM,1989,0.003,0.005,0.0,0.0,0.003
Turkmenistan,TKM,1990,0.003,0.005,0.0,0.0,0.003
Turkmenistan,TKM,1991,0.003,0.006,0.0,0.0,0.003
Turkmenistan,TKM,1992,0.004,0.008,0.0,0.0,0.004
Turkmenistan,TKM,1993,0.005,0.011,0.0,0.0,0.005
Turkmenistan,TKM,1994,0.004,0.008,0.0,0.0,0.004
Turkmenistan,TKM,1995,0.004,0.011,0.0,0.0,0.004
Turkmenistan,TKM,1996,0.005,0.009,0.0,0.0,0.005
Turkmenistan,TKM,1997,0.005,0.011,0.0,0.0,0.005
Turkmenistan,TKM,1998,0.006,0.012,0.0,0.0,0.006
Turkmenistan,TKM,1999,0.005,0.011,0.0,0.0,0.005
Turkmenistan,TKM,2000,0.0,0.007,0.0,0.0,0.0
Turkmenistan,TKM,2001,0.0,0.006,0.0,0.0,0.0
Turkmenistan,TKM,2002,0.0,0.007,0.0,0.0,0.0
Turkmenistan,TKM,2003,0.0,0.005,0.0,0.0,0.0
Turkmenistan,TKM,2004,0.0,0.005,0.0,0.0,0.0
Turkmenistan,TKM,2005,0.0,0.005,0.0,0.0,0.0
Turkmenistan,TKM,2006,0.0,0.005,0.0,0.0,0.0
Turkmenistan,TKM,2007,0.0,0.005,0.0,0.0,0.0
Turkmenistan,TKM,2008,0.0,0.005,0.0,0.0,0.0
Turkmenistan,TKM,2009,0.0,0.004,0.0,0.0,0.0
Turkmenistan,TKM,2010,0.0,0.003,0.0,0.0,0.0
Turkmenistan,TKM,2011,0.0,0.004,0.0,0.0,0.0
Turkmenistan,TKM,2012,0.0,0.003,0.0,0.0,0.0
Turkmenistan,TKM,2013,0.0,0.005,0.0,0.0,0.0
Turkmenistan,TKM,2014,0.0,0.006,0.0,0.0,0.0
Turkmenistan,TKM,2015,0.0,0.007,0.0,0.0,0.0
Turkmenistan,TKM,2016,0.0,0.007,0.0,0.0,0.0
Turkmenistan,TKM,2017,0.0,0.008,0.0,0.0,0.0
Turkmenistan,TKM,2018,0.0,0.007,0.0,0.0,0.0
Turkmenistan,TKM,2019,0.0,0.007,0.0,0.0,0.0
Turkmenistan,TKM,2020,0.0,0.006,0.0,0.0,0.0
Turkmenistan,TKM,2021,0.01,0.006,0.0,0.0,0.01
Turkmenistan,TKM,2022,0.01,0.005,0.0,0.0,0.01
Turkmenistan,TKM,2023,0.01,0.006,0.0,0.0,0.01
Turkmenistan,TKM,2024,0.01,0.007,0.0,0.0,0.01
Turks and Caicos Islands,TCA,2000,0.0,,0.0,0.0,0.0
Turks and Caicos Islands,TCA,2001,0.0,,0.0,0.0,0.0
Turks and Caicos Islands,TCA,2002,0.0,,0.0,0.0,0.0
Turks and Caicos Islands,TCA,2003,0.0,,0.0,0.0,0.0
Turks and Caicos Islands,TCA,2004,0.0,,0.0,0.0,0.0
Turks and Caicos Islands,TCA,2005,0.0,,0.0,0.0,0.0
Turks and Caicos Islands,TCA,2006,0.0,,0.0,0.0,0.0
Turks and Caicos Islands,TCA,2007,0.0,,0.0,0.0,0.0
Turks and Caicos Islands,TCA,2008,0.0,,0.0,0.0,0.0
Turks and Caicos Islands,TCA,2009,0.0,,0.0,0.0,0.0
Turks and Caicos Islands,TCA,2010,0.0,,0.0,0.0,0.0
Turks and Caicos Islands,TCA,2011,0.0,,0.0,0.0,0.0
Turks and Caicos Islands,TCA,2012,0.0,,0.0,0.0,0.0
Turks and Caicos Islands,TCA,2013,0.0,,0.0,0.0,0.0
Turks and Caicos Islands,TCA,2014,0.0,,0.0,0.0,0.0
Turks and Caicos Islands,TCA,2015,0.0,,0.0,0.0,0.0
Turks and Caicos Islands,TCA,2016,0.0,,0.0,0.0,0.0
Turks and Caicos Islands,TCA,2017,0.0,,0.0,0.0,0.0
Turks and Caicos Islands,TCA,2018,0.0,,0.0,0.0,0.0
Turks and Caicos Islands,TCA,2019,0.0,,0.0,0.0,0.0
Turks and Caicos Islands,TCA,2020,0.0,,0.0,0.0,0.0
Turks and Caicos Islands,TCA,2021,0.0,,0.0,0.0,0.0
Turks and Caicos Islands,TCA,2022,0.0,,0.0,0.0,0.0
Turks and Caicos Islands,TCA,2023,0.0,,0.0,0.0,0.0
Turks and Caicos Islands,TCA,2024,0.01,,0.01,0.0,0.0
Uganda,UGA,2000,1.58,,0.0,0.0,1.55
Uganda,UGA,2001,1.58,,0.0,0.0,1.55
Uganda,UGA,2002,1.71,,0.0,0.0,1.67
Uganda,UGA,2003,1.79,,0.0,0.0,1.75
Uganda,UGA,2004,1.94,,0.0,0.0,1.89
Uganda,UGA,2005,1.89,,0.0,0.0,1.84
Uganda,UGA,2006,1.22,,0.01,0.0,1.16
Uganda,UGA,2007,1.46,,0.01,0.0,1.4
Uganda,UGA,2008,1.73,,0.02,0.0,1.63
Uganda,UGA,2009,1.54,,0.02,0.0,1.4
Uganda,UGA,2010,1.63,,0.02,0.0,1.49
Uganda,UGA,2011,1.63,,0.02,0.0,1.53
Uganda,UGA,2012,2.61,,0.03,0.0,2.45
Uganda,UGA,2013,3.07,,0.03,0.0,2.87
Uganda,UGA,2014,3.14,,0.03,0.0,2.87
Uganda,UGA,2015,3.47,,0.03,0.0,3.09
Uganda,UGA,2016,3.7,,0.04,0.0,3.3
Uganda,UGA,2017,3.71,,0.06,0.0,3.44
Uganda,UGA,2018,3.99,,0.07,0.0,3.64
Uganda,UGA,2019,4.44,,0.13,0.0,4.04
Uganda,UGA,2020,4.48,,0.14,0.0,4.08
Uganda,UGA,2021,5.14,,0.13,0.0,4.64
Uganda,UGA,2022,5.6,,0.15,0.0,4.98
Uganda,UGA,2023,5.6,,0.15,0.0,4.98
Uganda,UGA,2024,5.64,,0.17,0.0,5.0
Ukraine,UKR,1985,10.713,1.072,0.0,0.0,10.713
Ukraine,UKR,1986,10.655,1.061,0.0,0.0,10.655
Ukraine,UKR,1987,9.595,0.936,0.0,0.0,9.595
Ukraine,UKR,1988,11.932,1.163,0.0,0.0,11.932
Ukraine,UKR,1989,10.129,1.032,0.0,0.0,10.129
Ukraine,UKR,1990,10.51,0.916,0.0,0.0,10.51
Ukraine,UKR,1991,11.71,1.089,0.0,0.0,11.71
Ukraine,UKR,1992,7.88,0.867,0.0,0.0,7.88
Ukraine,UKR,1993,11.04,1.386,0.0,0.0,11.04
Ukraine,UKR,1994,12.12,1.781,0.0,0.0,12.12
Ukraine,UKR,1995,9.95,1.5,0.0,0.0,9.95
Ukraine,UKR,1996,8.63,1.396,0.0,0.0,8.63
Ukraine,UKR,1997,9.86,1.653,0.0,0.0,9.86
Ukraine,UKR,1998,15.74,2.738,0.0,0.0,15.74
Ukraine,UKR,1999,14.32,2.529,0.0,0.0,14.32
Ukraine,UKR,2000,11.28,1.985,0.0,0.01,11.27
Ukraine,UKR,2001,12.05,2.138,0.0,0.02,12.03
Ukraine,UKR,2002,9.65,1.709,0.0,0.02,9.63
Ukraine,UKR,2003,9.27,1.593,0.0,0.03,9.24
Ukraine,UKR,2004,11.78,2.023,0.0,0.03,11.75
Ukraine,UKR,2005,12.4,2.086,0.0,0.04,12.36
Ukraine,UKR,2006,12.93,2.136,0.0,0.04,12.89
Ukraine,UKR,2007,10.47,1.736,0.0,0.05,10.14
Ukraine,UKR,2008,11.82,2.014,0.0,0.05,11.51
Ukraine,UKR,2009,12.12,2.408,0.0,0.04,11.94
Ukraine,UKR,2010,13.39,2.464,0.0,0.05,13.15
Ukraine,UKR,2011,11.19,1.981,0.03,0.09,10.94
Ukraine,UKR,2012,11.23,2.021,0.33,0.29,10.48
Ukraine,UKR,2013,15.11,2.878,0.57,0.64,13.8
Ukraine,UKR,2014,10.17,2.199,0.43,1.13,8.48
Ukraine,UKR,2015,7.1,1.85,0.48,1.08,5.4
Ukraine,UKR,2016,9.26,2.277,0.49,0.95,7.68
Ukraine,UKR,2017,10.86,2.87,0.72,0.98,8.95
Ukraine,UKR,2018,13.03,3.282,1.11,1.19,10.43
Ukraine,UKR,2019,11.87,3.22,2.93,2.02,6.51
Ukraine,UKR,2020,16.95,4.707,5.37,3.26,7.56
Ukraine,UKR,2021,21.67,5.89,6.5,3.82,10.44
Ukraine,UKR,2022,18.3,7.503,5.08,1.42,11.02
Ukraine,UKR,2023,18.3,8.777,5.08,1.42,11.02
Ukraine,UKR,2024,18.3,8.299,5.08,1.42,11.02
United Arab Emirates,ARE,1965,0.0,0.0,0.0,0.0,0.0
United Arab Emirates,ARE,1966,0.0,0.0,0.0,0.0,0.0
United Arab Emirates,ARE,1967,0.0,0.0,0.0,0.0,0.0
United Arab Emirates,ARE,1968,0.0,0.0,0.0,0.0,0.0
United Arab Emirates,ARE,1969,0.0,0.0,0.0,0.0,0.0
United Arab Emirates,ARE,1970,0.0,0.0,0.0,0.0,0.0
United Arab Emirates,ARE,1971,0.0,0.0,0.0,0.0,0.0
United Arab Emirates,ARE,1972,0.0,0.0,0.0,0.0,0.0
United Arab Emirates,ARE,1973,0.0,0.0,0.0,0.0,0.0
United Arab Emirates,ARE,1974,0.0,0.0,0.0,0.0,0.0
United Arab Emirates,ARE,1975,0.0,0.0,0.0,0.0,0.0
United Arab Emirates,ARE,1976,0.0,0.0,0.0,0.0,0.0
United Arab Emirates,ARE,1977,0.0,0.0,0.0,0.0,0.0
United Arab Emirates,ARE,1978,0.0,0.0,0.0,0.0,0.0
United Arab Emirates,ARE,1979,0.0,0.0,0.0,0.0,0.0
United Arab Emirates,ARE,1980,0.0,0.0,0.0,0.0,0.0
United Arab Emirates,ARE,1981,0.0,0.0,0.0,0.0,0.0
United Arab Emirates,ARE,1982,0.0,0.0,0.0,0.0,0.0
United Arab Emirates,ARE,1983,0.0,0.0,0.0,0.0,0.0
United Arab Emirates,ARE,1984,0.0,0.0,0.0,0.0,0.0
United Arab Emirates,ARE,1985,0.0,0.0,0.0,0.0,0.0
United Arab Emirates,ARE,1986,0.0,0.0,0.0,0.0,0.0
United Arab Emirates,ARE,1987,0.0,0.0,0.0,0.0,0.0
United Arab Emirates,ARE,1988,0.0,0.0,0.0,0.0,0.0
United Arab Emirates,ARE,1989,0.0,0.0,0.0,0.0,0.0
United Arab Emirates,ARE,1990,0.0,0.0,0.0,0.0,0.0
United Arab Emirates,ARE,1991,0.0,0.0,0.0,0.0,0.0
United Arab Emirates,ARE,1992,0.0,0.0,0.0,0.0,0.0
United Arab Emirates,ARE,1993,0.0,0.0,0.0,0.0,0.0
United Arab Emirates,ARE,1994,0.0,0.0,0.0,0.0,0.0
United Arab Emirates,ARE,1995,0.0,0.0,0.0,0.0,0.0
United Arab Emirates,ARE,1996,0.0,0.0,0.0,0.0,0.0
United Arab Emirates,ARE,1997,0.0,0.0,0.0,0.0,0.0
United Arab Emirates,ARE,1998,0.0,0.0,0.0,0.0,0.0
United Arab Emirates,ARE,1999,0.0,0.0,0.0,0.0,0.0
United Arab Emirates,ARE,2000,0.0,0.0,0.0,0.0,0.0
United Arab Emirates,ARE,2001,0.0,0.0,0.0,0.0,0.0
United Arab Emirates,ARE,2002,0.0,0.0,0.0,0.0,0.0
United Arab Emirates,ARE,2003,0.0,0.0,0.0,0.0,0.0
United Arab Emirates,ARE,2004,0.0,0.0,0.0,0.0,0.0
United Arab Emirates,ARE,2005,0.0,0.0,0.0,0.0,0.0
United Arab Emirates,ARE,2006,0.0,0.0,0.0,0.0,0.0
United Arab Emirates,ARE,2007,0.0,0.0,0.0,0.0,0.0
United Arab Emirates,ARE,2008,0.0,0.0,0.0,0.0,0.0
United Arab Emirates,ARE,2009,0.01,0.002,0.01,0.0,0.0
United Arab Emirates,ARE,2010,0.02,0.005,0.02,0.0,0.0
United Arab Emirates,ARE,2011,0.02,0.005,0.02,0.0,0.0
United Arab Emirates,ARE,2012,0.02,0.006,0.02,0.0,0.0
United Arab Emirates,ARE,2013,0.09,0.02,0.09,0.0,0.0
United Arab Emirates,ARE,2014,0.31,0.07,0.31,0.0,0.0
United Arab Emirates,ARE,2015,0.3,0.062,0.3,0.0,0.0
United Arab Emirates,ARE,2016,0.32,0.063,0.32,0.0,0.0
United Arab Emirates,ARE,2017,0.75,0.154,0.75,0.0,0.0
United Arab Emirates,ARE,2018,1.2,0.263,1.2,0.0,0.0
United Arab Emirates,ARE,2019,3.66,0.744,3.66,0.0,0.0
United Arab Emirates,ARE,2020,5.18,1.082,5.18,0.0,0.0
United Arab Emirates,ARE,2021,6.25,1.243,6.25,0.0,0.0
United Arab Emirates,ARE,2022,7.75,1.411,7.74,0.0,0.0
United Arab Emirates,ARE,2023,14.67,2.514,14.4,0.06,0.0
United Arab Emirates,ARE,2024,15.62,2.519,15.21,0.2,0.0
United Kingdom,GBR,1965,4.612,0.554,0.0,0.0,4.612
United Kingdom,GBR,1966,4.536,0.542,0.0,0.0,4.536
United Kingdom,GBR,1967,4.885,0.583,0.0,0.0,4.885
United Kingdom,GBR,1968,3.722,0.429,0.0,0.0,3.722
United Kingdom,GBR,1969,3.256,0.362,0.0,0.0,3.256
United Kingdom,GBR,1970,4.536,0.494,0.0,0.0,4.536
United Kingdom,GBR,1971,3.373,0.375,0.0,0.0,3.373
United Kingdom,GBR,1972,3.373,0.369,0.0,0.0,3.373
United Kingdom,GBR,1973,3.838,0.4,0.0,0.0,3.838
United Kingdom,GBR,1974,4.071,0.447,0.0,0.0,4.071
United Kingdom,GBR,1975,3.838,0.447,0.0,0.0,3.838
United Kingdom,GBR,1976,4.536,0.518,0.0,0.0,4.536
United Kingdom,GBR,1977,3.954,0.443,0.0,0.0,3.954
United Kingdom,GBR,1978,4.071,0.453,0.0,0.0,4.071
United Kingdom,GBR,1979,4.303,0.458,0.0,0.0,4.303
United Kingdom,GBR,1980,3.954,0.462,0.0,0.0,3.954
United Kingdom,GBR,1981,4.419,0.531,0.0,0.0,4.419
United Kingdom,GBR,1982,4.536,0.552,0.0,0.0,4.536
United Kingdom,GBR,1983,4.536,0.55,0.0,0.0,4.536
United Kingdom,GBR,1984,4.537,0.55,0.001,0.0,4.536
United Kingdom,GBR,1985,3.955,0.46,0.001,0.0,3.954
United Kingdom,GBR,1986,4.769,0.54,0.001,0.0,4.768
United Kingdom,GBR,1987,4.187,0.475,0.0,0.0,4.187
United Kingdom,GBR,1988,4.886,0.547,0.001,0.0,4.885
United Kingdom,GBR,1989,4.777,0.534,0.0,0.009,4.768
United Kingdom,GBR,1990,5.73,0.643,0.0,0.01,5.12
United Kingdom,GBR,1991,5.24,0.578,0.0,0.01,4.54
United Kingdom,GBR,1992,6.31,0.704,0.0,0.03,5.35
United Kingdom,GBR,1993,5.72,0.635,0.0,0.22,4.3
United Kingdom,GBR,1994,6.98,0.785,0.0,0.34,5.12
United Kingdom,GBR,1995,6.68,0.752,0.0,0.39,4.65
United Kingdom,GBR,1996,5.69,0.615,0.0,0.49,3.4
United Kingdom,GBR,1997,7.18,0.788,0.0,0.67,4.4
United Kingdom,GBR,1998,8.65,0.943,0.0,0.88,5.12
United Kingdom,GBR,1999,9.62,1.06,0.0,0.85,5.34
United Kingdom,GBR,2000,9.91,1.087,0.0,0.94,5.09
United Kingdom,GBR,2001,9.54,1.043,0.0,0.96,4.05
United Kingdom,GBR,2002,11.12,1.237,0.0,1.25,4.79
United Kingdom,GBR,2003,10.69,1.194,0.0,1.29,3.23
United Kingdom,GBR,2004,14.14,1.549,0.0,1.94,4.84
United Kingdom,GBR,2005,16.93,1.86,0.01,2.9,4.92
United Kingdom,GBR,2006,18.1,2.047,0.01,4.22,4.59
United Kingdom,GBR,2007,19.68,2.337,0.01,5.27,5.08
United Kingdom,GBR,2008,21.94,2.81,0.02,7.13,5.14
United Kingdom,GBR,2009,25.24,2.989,0.02,9.28,5.23
United Kingdom,GBR,2010,26.18,3.043,0.04,10.29,3.59
United Kingdom,GBR,2011,35.2,4.268,0.24,15.96,5.69
United Kingdom,GBR,2012,41.24,4.869,1.35,19.84,5.31
United Kingdom,GBR,2013,53.21,6.655,2.01,28.4,4.7
United Kingdom,GBR,2014,64.51,8.506,4.05,31.95,5.89
United Kingdom,GBR,2015,83.36,10.562,7.53,40.27,6.3
United Kingdom,GBR,2016,83.01,10.659,10.41,37.16,5.37
United Kingdom,GBR,2017,98.89,12.44,11.46,49.65,5.88
United Kingdom,GBR,2018,110.14,13.98,12.67,56.91,5.44
United Kingdom,GBR,2019,119.74,15.684,12.42,63.84,5.93
United Kingdom,GBR,2020,133.63,19.068,12.55,75.62,6.88
United Kingdom,GBR,2021,122.49,17.482,12.13,64.93,5.42
United Kingdom,GBR,2022,135.06,19.072,13.34,80.21,5.66
United Kingdom,GBR,2023,135.67,19.976,13.88,82.15,5.54
United Kingdom,GBR,2024,143.92,21.293,14.79,83.28,5.76
United Kingdom,GBR,2025,151.92,21.293,19.32,85.84,5.55
United States,USA,1965,212.306,4.127,0.0,0.0,198.974
United States,USA,1966,213.999,3.94,0.0,0.0,199.937
United States,USA,1967,241.294,4.29,0.0,0.0,227.221
United States,USA,1968,243.701,4.092,0.0,0.0,228.155
United States,USA,1969,272.256,4.345,0.0,0.0,256.029
United States,USA,1970,269.728,4.157,0.0,0.0,253.492
United States,USA,1971,288.838,4.359,0.0,0.0,272.254
United States,USA,1972,297.389,4.278,0.0,0.0,278.716
United States,USA,1973,298.202,4.118,0.0,0.0,278.213
United States,USA,1974,327.689,4.638,0.0,0.0,307.285
United States,USA,1975,325.969,4.738,0.0,0.0,306.215
United States,USA,1976,312.387,4.311,0.0,0.0,289.822
United States,USA,1977,249.393,3.364,0.0,0.0,225.857
United States,USA,1978,311.007,4.098,0.0,0.0,286.329
United States,USA,1979,311.691,4.065,0.0,0.0,285.935
United States,USA,1980,308.658,4.19,0.0,0.0,282.002
United States,USA,1981,293.887,4.114,0.0,0.0,266.51
United States,USA,1982,341.934,4.983,0.0,0.0,315.529
United States,USA,1983,368.488,5.393,0.003,0.003,338.678
United States,USA,1984,363.194,5.066,0.005,0.007,327.587
United States,USA,1985,323.592,4.533,0.011,0.006,287.182
United States,USA,1986,335.695,4.661,0.014,0.004,296.975
United States,USA,1987,298.09,4.017,0.011,0.004,255.41
United States,USA,1988,270.789,3.495,0.009,0.001,228.385
United States,USA,1989,325.965,4.106,0.253,2.133,274.724
United States,USA,1990,352.928,4.516,0.371,2.817,292.281
United States,USA,1991,351.337,4.519,0.478,2.981,287.326
United States,USA,1992,319.567,4.083,0.409,2.917,251.426
United States,USA,1993,349.687,4.377,0.475,3.036,279.251
United States,USA,1994,329.68,4.076,0.502,3.482,259.341
United States,USA,1995,378.196,4.551,0.514,3.196,311.22
United States,USA,1996,416.184,4.791,0.541,3.267,347.549
United States,USA,1997,425.647,4.884,0.533,3.321,355.973
United States,USA,1998,391.287,4.489,0.525,3.056,322.089
United States,USA,1999,388.135,4.383,0.518,4.533,316.605
United States,USA,2000,350.93,3.856,0.49,5.59,270.03
United States,USA,2001,280.06,3.287,0.54,6.74,208.14
United States,USA,2002,336.34,3.851,0.55,10.35,255.59
United States,USA,2003,349.18,4.012,0.53,11.19,267.27
United States,USA,2004,345.14,3.944,0.58,14.14,259.93
United States,USA,2005,353.04,4.055,0.55,17.81,263.76
United States,USA,2006,381.16,4.502,0.51,26.59,282.69
United States,USA,2007,347.91,4.222,0.61,34.45,240.61
United States,USA,2008,377.11,4.833,0.86,55.36,248.54
United States,USA,2009,415.56,5.601,0.89,73.89,268.82
United States,USA,2010,424.48,5.642,1.21,94.65,254.7
United States,USA,2011,509.74,6.653,1.82,120.18,312.93
United States,USA,2012,492.32,6.652,4.33,140.82,271.29
United States,USA,2013,520.38,6.888,9.04,167.84,263.88
United States,USA,2014,546.83,7.015,28.92,181.65,253.19
United States,USA,2015,556.49,7.219,39.03,190.72,243.99
United States,USA,2016,624.91,7.993,54.87,226.99,261.13
United States,USA,2017,707.19,8.755,77.28,254.3,293.84
United States,USA,2018,733.17,8.64,93.36,272.67,286.62
United States,USA,2019,760.76,8.967,106.89,295.88,282.61
United States,USA,2020,821.4,10.123,130.72,337.94,279.95
United States,USA,2021,861.58,10.116,164.42,378.2,246.47
United States,USA,2022,958.14,10.875,205.07,434.3,248.76
United States,USA,2023,964.74,11.212,238.94,421.14,239.01
United States,USA,2024,1056.63,12.05,303.75,451.9,237.04
United States,USA,2025,1158.8,12.05,388.82,464.39,241.7
United States Virgin Islands,VIR,2000,0.0,,0.0,0.0,0.0
United States Virgin Islands,VIR,2001,0.0,,0.0,0.0,0.0
United States Virgin Islands,VIR,2002,0.0,,0.0,0.0,0.0
United States Virgin Islands,VIR,2003,0.0,,0.0,0.0,0.0
United States Virgin Islands,VIR,2004,0.0,,0.0,0.0,0.0
United States Virgin Islands,VIR,2005,0.0,,0.0,0.0,0.0
United States Virgin Islands,VIR,2006,0.0,,0.0,0.0,0.0
United States Virgin Islands,VIR,2007,0.0,,0.0,0.0,0.0
United States Virgin Islands,VIR,2008,0.0,,0.0,0.0,0.0
United States Virgin Islands,VIR,2009,0.0,,0.0,0.0,0.0
United States Virgin Islands,VIR,2010,0.0,,0.0,0.0,0.0
United States Virgin Islands,VIR,2011,0.0,,0.0,0.0,0.0
United States Virgin Islands,VIR,2012,0.0,,0.0,0.0,0.0
United States Virgin Islands,VIR,2013,0.0,,0.0,0.0,0.0
United States Virgin Islands,VIR,2014,0.01,,0.01,0.0,0.0
United States Virgin Islands,VIR,2015,0.01,,0.01,0.0,0.0
United States Virgin Islands,VIR,2016,0.01,,0.01,0.0,0.0
United States Virgin Islands,VIR,2017,0.01,,0.01,0.0,0.0
United States Virgin Islands,VIR,2018,0.01,,0.01,0.0,0.0
United States Virgin Islands,VIR,2019,0.01,,0.01,0.0,0.0
United States Virgin Islands,VIR,2020,0.01,,0.01,0.0,0.0
United States Virgin Islands,VIR,2021,0.02,,0.02,0.0,0.0
United States Virgin Islands,VIR,2022,0.02,,0.02,0.0,0.0
United States Virgin Islands,VIR,2023,0.02,,0.02,0.0,0.0
Uruguay,URY,2000,7.09,,0.0,0.0,7.05
Uruguay,URY,2001,9.23,,0.0,0.0,9.19
Uruguay,URY,2002,9.57,,0.0,0.0,9.53
Uruguay,URY,2003,8.57,,0.0,0.0,8.53
Uruguay,URY,2004,4.82,,0.0,0.0,4.78
Uruguay,URY,2005,6.72,,0.0,0.0,6.68
Uruguay,URY,2006,3.6,,0.0,0.0,3.55
Uruguay,URY,2007,8.16,,0.0,0.0,8.02
Uruguay,URY,2008,5.37,,0.0,0.0,4.5
Uruguay,URY,2009,5.91,,0.0,0.04,5.06
Uruguay,URY,2010,9.58,,0.0,0.07,8.41
Uruguay,URY,2011,7.72,,0.0,0.11,6.48
Uruguay,URY,2012,6.85,,0.0,0.11,5.42
Uruguay,URY,2013,9.81,,0.0,0.14,8.21
Uruguay,URY,2014,12.3,,0.0,0.73,9.65
Uruguay,URY,2015,12.8,,0.05,2.07,8.27
Uruguay,URY,2016,13.43,,0.15,2.99,7.84
Uruguay,URY,2017,14.13,,0.27,3.77,7.52
Uruguay,URY,2018,14.25,,0.41,4.73,6.56
Uruguay,URY,2019,15.79,,0.42,4.75,8.11
Uruguay,URY,2020,12.76,,0.46,5.48,4.09
Uruguay,URY,2021,13.53,,0.48,4.99,5.27
Uruguay,URY,2022,13.49,,0.5,4.78,5.69
Uruguay,URY,2023,11.85,,0.49,4.76,3.52
Uruguay,URY,2024,13.22,,0.56,5.16,4.5
Uruguay,URY,2025,11.68,,0.61,4.85,3.25
Uzbekistan,UZB,1985,5.431,3.244,0.0,0.0,5.431
Uzbekistan,UZB,1986,4.618,2.81,0.0,0.0,4.618
Uzbekistan,UZB,1987,6.771,3.956,0.0,0.0,6.771
Uzbekistan,UZB,1988,7.164,4.159,0.0,0.0,7.164
Uzbekistan,UZB,1989,5.502,3.084,0.0,0.0,5.502
Uzbekistan,UZB,1990,6.648,3.562,0.0,0.0,6.648
Uzbekistan,UZB,1991,6.031,3.278,0.0,0.0,6.031
Uzbekistan,UZB,1992,6.281,3.602,0.0,0.0,6.281
Uzbekistan,UZB,1993,7.358,4.049,0.0,0.0,7.358
Uzbekistan,UZB,1994,7.156,3.981,0.0,0.0,7.156
Uzbekistan,UZB,1995,6.188,3.398,0.0,0.0,6.188
Uzbekistan,UZB,1996,6.525,3.479,0.0,0.0,6.525
Uzbekistan,UZB,1997,5.777,3.104,0.0,0.0,5.777
Uzbekistan,UZB,1998,5.758,3.093,0.0,0.0,5.758
Uzbekistan,UZB,1999,5.692,2.725,0.0,0.0,5.692
Uzbekistan,UZB,2000,3.53,2.75,0.0,0.0,3.53
Uzbekistan,UZB,2001,4.36,2.793,0.0,0.0,4.36
Uzbekistan,UZB,2002,6.02,2.778,0.0,0.0,6.02
Uzbekistan,UZB,2003,8.17,3.532,0.0,0.0,8.17
Uzbekistan,UZB,2004,6.1,3.172,0.0,0.0,6.1
Uzbekistan,UZB,2005,8.93,3.298,0.0,0.0,8.93
Uzbekistan,UZB,2006,4.65,2.986,0.0,0.0,4.65
Uzbekistan,UZB,2007,4.67,3.086,0.0,0.0,4.67
Uzbekistan,UZB,2008,4.49,2.215,0.0,0.0,4.49
Uzbekistan,UZB,2009,6.48,3.253,0.0,0.0,6.48
Uzbekistan,UZB,2010,8.19,4.069,0.0,0.0,8.19
Uzbekistan,UZB,2011,5.7,2.7,0.0,0.0,5.7
Uzbekistan,UZB,2012,6.65,3.02,0.0,0.0,6.65
Uzbekistan,UZB,2013,5.7,2.945,0.0,0.0,5.7
Uzbekistan,UZB,2014,6.07,2.785,0.0,0.0,6.07
Uzbekistan,UZB,2015,6.82,2.827,0.0,0.0,6.82
Uzbekistan,UZB,2016,6.86,3.319,0.0,0.0,6.86
Uzbekistan,UZB,2017,7.94,3.698,0.01,0.0,7.93
Uzbekistan,UZB,2018,5.91,2.73,0.01,0.0,5.9
Uzbekistan,UZB,2019,6.47,2.96,0.01,0.0,6.46
Uzbekistan,UZB,2020,5.01,2.293,0.01,0.0,5.0
Uzbekistan,UZB,2021,5.02,2.167,0.05,0.0,4.97
Uzbekistan,UZB,2022,6.92,2.387,0.44,0.0,6.48
Uzbekistan,UZB,2023,7.6,3.104,0.45,0.55,6.6
Uzbekistan,UZB,2024,13.0,4.582,2.9,1.9,8.2
Uzbekistan,UZB,2025,16.8,4.582,6.5,4.0,6.3
Vanuatu,VUT,2000,0.0,,0.0,0.0,0.0
Vanuatu,VUT,2001,0.0,,0.0,0.0,0.0
Vanuatu,VUT,2002,0.0,,0.0,0.0,0.0
Vanuatu,VUT,2003,0.0,,0.0,0.0,0.0
Vanuatu,VUT,2004,0.0,,0.0,0.0,0.0
Vanuatu,VUT,2005,0.0,,0.0,0.0,0.0
Vanuatu,VUT,2006,0.0,,0.0,0.0,0.0
Vanuatu,VUT,2007,0.0,,0.0,0.0,0.0
Vanuatu,VUT,2008,0.0,,0.0,0.0,0.0
Vanuatu,VUT,2009,0.0,,0.0,0.0,0.0
Vanuatu,VUT,2010,0.0,,0.0,0.0,0.0
Vanuatu,VUT,2011,0.0,,0.0,0.0,0.0
Vanuatu,VUT,2012,0.0,,0.0,0.0,0.0
Vanuatu,VUT,2013,0.01,,0.0,0.01,0.0
Vanuatu,VUT,2014,0.01,,0.0,0.01,0.0
Vanuatu,VUT,2015,0.01,,0.0,0.01,0.0
Vanuatu,VUT,2016,0.01,,0.0,0.01,0.0
Vanuatu,VUT,2017,0.0,,0.0,0.0,0.0
Vanuatu,VUT,2018,0.02,,0.01,0.0,0.01
Vanuatu,VUT,2019,0.03,,0.01,0.01,0.01
Vanuatu,VUT,2020,0.03,,0.01,0.01,0.01
Vanuatu,VUT,2021,0.02,,0.01,0.0,0.01
Vanuatu,VUT,2022,0.02,,0.01,0.0,0.01
Vanuatu,VUT,2023,0.02,,0.01,0.0,0.01
Venezuela,VEN,1965,1.369,1.988,0.0,0.0,1.369
Venezuela,VEN,1966,1.395,2.007,0.0,0.0,1.395
Venezuela,VEN,1967,1.636,2.233,0.0,0.0,1.636
Venezuela,VEN,1968,2.748,3.479,0.0,0.0,2.748
Venezuela,VEN,1969,3.19,3.995,0.0,0.0,3.19
Venezuela,VEN,1970,4.104,5.095,0.0,0.0,4.104
Venezuela,VEN,1971,5.39,6.589,0.0,0.0,5.39
Venezuela,VEN,1972,6.02,6.963,0.0,0.0,6.02
Venezuela,VEN,1973,6.225,6.29,0.0,0.0,6.225
Venezuela,VEN,1974,7.707,7.534,0.0,0.0,7.707
Venezuela,VEN,1975,8.931,8.4,0.0,0.0,8.931
Venezuela,VEN,1976,10.578,9.103,0.0,0.0,10.578
Venezuela,VEN,1977,12.163,9.393,0.0,0.0,12.163
Venezuela,VEN,1978,12.232,9.244,0.0,0.0,12.232
Venezuela,VEN,1979,14.24,9.764,0.0,0.0,14.24
Venezuela,VEN,1980,14.587,8.933,0.0,0.0,14.587
Venezuela,VEN,1981,15.088,8.906,0.0,0.0,15.088
Venezuela,VEN,1982,15.814,9.155,0.0,0.0,15.814
Venezuela,VEN,1983,18.063,10.503,0.0,0.0,18.063
Venezuela,VEN,1984,20.243,11.551,0.0,0.0,20.243
Venezuela,VEN,1985,22.648,12.589,0.0,0.0,22.648
Venezuela,VEN,1986,25.159,13.021,0.0,0.0,25.159
Venezuela,VEN,1987,30.843,16.005,0.0,0.0,30.843
Venezuela,VEN,1988,34.203,17.051,0.0,0.0,34.203
Venezuela,VEN,1989,34.666,17.139,0.0,0.0,34.666
Venezuela,VEN,1990,36.983,17.21,0.0,0.0,36.983
Venezuela,VEN,1991,44.542,20.633,0.0,0.0,44.542
Venezuela,VEN,1992,47.271,20.228,0.0,0.0,47.271
Venezuela,VEN,1993,47.478,20.538,0.0,0.0,47.478
Venezuela,VEN,1994,51.284,20.434,0.0,0.0,51.284
Venezuela,VEN,1995,51.45,19.9,0.0,0.0,51.45
Venezuela,VEN,1996,53.847,21.392,0.0,0.0,53.847
Venezuela,VEN,1997,57.268,21.523,0.0,0.0,57.268
Venezuela,VEN,1998,57.923,21.702,0.0,0.0,57.923
Venezuela,VEN,1999,60.6,23.347,0.0,0.0,60.6
Venezuela,VEN,2000,62.89,22.962,0.0,0.0,62.89
Venezuela,VEN,2001,60.44,20.705,0.0,0.0,60.44
Venezuela,VEN,2002,59.53,20.257,0.0,0.0,59.53
Venezuela,VEN,2003,60.53,22.8,0.0,0.0,60.53
Venezuela,VEN,2004,70.07,23.593,0.0,0.0,70.07
Venezuela,VEN,2005,77.23,24.798,0.0,0.0,77.23
Venezuela,VEN,2006,81.6,23.661,0.0,0.0,81.6
Venezuela,VEN,2007,83.06,22.963,0.0,0.0,83.06
Venezuela,VEN,2008,86.84,23.217,0.0,0.0,86.84
Venezuela,VEN,2009,85.96,22.612,0.0,0.0,85.96
Venezuela,VEN,2010,76.78,21.151,0.0,0.0,76.78
Venezuela,VEN,2011,83.67,21.631,0.0,0.0,83.67
Venezuela,VEN,2012,82.06,20.228,0.0,0.05,82.01
Venezuela,VEN,2013,83.63,20.392,0.0,0.09,83.54
Venezuela,VEN,2014,64.38,20.501,0.0,0.09,64.29
Venezuela,VEN,2015,75.0,19.806,0.01,0.09,74.9
Venezuela,VEN,2016,63.06,18.015,0.01,0.09,62.96
Venezuela,VEN,2017,60.61,20.355,0.01,0.09,60.51
Venezuela,VEN,2018,58.2,22.65,0.01,0.04,58.15
Venezuela,VEN,2019,49.71,24.05,0.01,0.06,49.64
Venezuela,VEN,2020,62.54,32.081,0.01,0.02,62.51
Venezuela,VEN,2021,65.71,28.157,0.01,0.02,65.68
Venezuela,VEN,2022,64.54,26.484,0.01,0.02,64.51
Venezuela,VEN,2023,65.01,25.759,0.01,0.02,64.98
Venezuela,VEN,2024,73.03,25.84,0.01,0.02,73.0
Vietnam,VNM,1965,0.34,3.213,0.0,0.0,0.34
Vietnam,VNM,1966,0.39,2.107,0.0,0.0,0.39
Vietnam,VNM,1967,0.43,1.686,0.0,0.0,0.43
Vietnam,VNM,1968,0.48,1.815,0.0,0.0,0.48
Vietnam,VNM,1969,0.54,1.728,0.0,0.0,0.54
Vietnam,VNM,1970,0.6,1.841,0.0,0.0,0.6
Vietnam,VNM,1971,0.614,2.113,0.0,0.0,0.614
Vietnam,VNM,1972,0.422,1.498,0.0,0.0,0.422
Vietnam,VNM,1973,0.42,1.412,0.0,0.0,0.42
Vietnam,VNM,1974,0.42,1.9,0.0,0.0,0.42
Vietnam,VNM,1975,0.5,2.035,0.0,0.0,0.5
Vietnam,VNM,1976,0.557,3.92,0.0,0.0,0.557
Vietnam,VNM,1977,0.6,3.948,0.0,0.0,0.6
Vietnam,VNM,1978,0.8,5.078,0.0,0.0,0.8
Vietnam,VNM,1979,1.0,5.893,0.0,0.0,1.0
Vietnam,VNM,1980,1.488,7.671,0.0,0.0,1.488
Vietnam,VNM,1981,1.507,7.751,0.0,0.0,1.507
Vietnam,VNM,1982,1.56,7.511,0.0,0.0,1.56
Vietnam,VNM,1983,1.223,5.626,0.0,0.0,1.223
Vietnam,VNM,1984,1.599,7.299,0.0,0.0,1.599
Vietnam,VNM,1985,1.477,6.684,0.0,0.0,1.477
Vietnam,VNM,1986,1.407,5.87,0.0,0.0,1.407
Vietnam,VNM,1987,1.384,5.126,0.0,0.0,1.384
Vietnam,VNM,1988,1.791,6.643,0.0,0.0,1.791
Vietnam,VNM,1989,3.838,15.016,0.0,0.0,3.838
Vietnam,VNM,1990,5.369,19.581,0.0,0.0,5.369
Vietnam,VNM,1991,6.317,22.676,0.0,0.0,6.317
Vietnam,VNM,1992,7.228,23.761,0.0,0.0,7.228
Vietnam,VNM,1993,7.965,22.917,0.0,0.0,7.965
Vietnam,VNM,1994,9.243,23.82,0.0,0.0,9.243
Vietnam,VNM,1995,10.582,23.467,0.0,0.0,10.582
Vietnam,VNM,1996,12.008,23.225,0.0,0.0,12.008
Vietnam,VNM,1997,11.657,19.526,0.0,0.0,11.657
Vietnam,VNM,1998,11.095,17.158,0.0,0.0,11.095
Vietnam,VNM,1999,13.774,20.617,0.0,0.0,13.774
Vietnam,VNM,2000,14.55,19.107,0.0,0.0,14.55
Vietnam,VNM,2001,18.21,21.061,0.0,0.0,18.21
Vietnam,VNM,2002,18.2,19.066,0.0,0.0,18.2
Vietnam,VNM,2003,18.99,18.345,0.0,0.0,18.99
Vietnam,VNM,2004,17.82,14.008,0.0,0.0,17.82
Vietnam,VNM,2005,16.58,12.158,0.0,0.0,16.53
Vietnam,VNM,2006,19.77,15.766,0.0,0.0,19.71
Vietnam,VNM,2007,22.52,16.349,0.0,0.0,22.44
Vietnam,VNM,2008,26.03,15.182,0.0,0.0,25.98
Vietnam,VNM,2009,30.05,17.054,0.0,0.01,29.98
Vietnam,VNM,2010,28.62,13.931,0.01,0.04,28.52
Vietnam,VNM,2011,41.19,18.079,0.01,0.04,41.08
Vietnam,VNM,2012,53.42,22.488,0.01,0.04,53.31
Vietnam,VNM,2013,57.96,22.935,0.01,0.07,57.82
Vietnam,VNM,2014,62.3,22.221,0.01,0.07,62.16
Vietnam,VNM,2015,56.32,17.797,0.01,0.12,56.12
Vietnam,VNM,2016,64.27,18.653,0.01,0.2,63.94
Vietnam,VNM,2017,86.51,23.117,0.01,0.35,85.94
Vietnam,VNM,2018,84.08,19.655,0.02,0.49,83.08
Vietnam,VNM,2019,72.01,14.914,4.82,0.72,66.12
Vietnam,VNM,2020,84.95,17.276,10.76,0.98,72.87
Vietnam,VNM,2021,108.48,22.16,26.15,3.34,78.67
Vietnam,VNM,2022,131.13,25.312,25.75,9.09,95.91
Vietnam,VNM,2023,118.77,21.388,25.69,11.59,80.62
Vietnam,VNM,2024,128.36,21.534,25.86,12.75,88.72
Vietnam,VNM,2025,140.79,21.534,23.04,14.37,102.35
Western Sahara,ESH,2000,0.0,,0.0,0.0,0.0
Western Sahara,ESH,2001,0.0,,0.0,0.0,0.0
Western Sahara,ESH,2002,0.0,,0.0,0.0,0.0
Western Sahara,ESH,2003,0.0,,0.0,0.0,0.0
Western Sahara,ESH,2004,0.0,,0.0,0.0,0.0
Western Sahara,ESH,2005,0.0,,0.0,0.0,0.0
Western Sahara,ESH,2006,0.0,,0.0,0.0,0.0
Western Sahara,ESH,2007,0.0,,0.0,0.0,0.0
Western Sahara,ESH,2008,0.0,,0.0,0.0,0.0
Western Sahara,ESH,2009,0.0,,0.0,0.0,0.0
Western Sahara,ESH,2010,0.0,,0.0,0.0,0.0
Western Sahara,ESH,2011,0.0,,0.0,0.0,0.0
Western Sahara,ESH,2012,0.0,,0.0,0.0,0.0
Western Sahara,ESH,2013,0.0,,0.0,0.0,0.0
Western Sahara,ESH,2014,0.0,,0.0,0.0,0.0
Western Sahara,ESH,2015,0.0,,0.0,0.0,0.0
Western Sahara,ESH,2016,0.0,,0.0,0.0,0.0
Western Sahara,ESH,2017,0.0,,0.0,0.0,0.0
Western Sahara,ESH,2018,0.0,,0.0,0.0,0.0
Western Sahara,ESH,2019,0.0,,0.0,0.0,0.0
Western Sahara,ESH,2020,0.0,,0.0,0.0,0.0
Western Sahara,ESH,2021,0.0,,0.0,0.0,0.0
Western Sahara,ESH,2022,0.0,,0.0,0.0,0.0
Western Sahara,ESH,2023,0.0,,0.0,0.0,0.0
Yemen,YEM,2000,0.0,,0.0,0.0,0.0
Yemen,YEM,2001,0.0,,0.0,0.0,0.0
Yemen,YEM,2002,0.0,,0.0,0.0,0.0
Yemen,YEM,2003,0.0,,0.0,0.0,0.0
Yemen,YEM,2004,0.0,,0.0,0.0,0.0
Yemen,YEM,2005,0.0,,0.0,0.0,0.0
Yemen,YEM,2006,0.0,,0.0,0.0,0.0
Yemen,YEM,2007,0.0,,0.0,0.0,0.0
Yemen,YEM,2008,0.0,,0.0,0.0,0.0
Yemen,YEM,2009,0.0,,0.0,0.0,0.0
Yemen,YEM,2010,0.0,,0.0,0.0,0.0
Yemen,YEM,2011,0.0,,0.0,0.0,0.0
Yemen,YEM,2012,0.0,,0.0,0.0,0.0
Yemen,YEM,2013,0.0,,0.0,0.0,0.0
Yemen,YEM,2014,0.01,,0.01,0.0,0.0
Yemen,YEM,2015,0.12,,0.12,0.0,0.0
Yemen,YEM,2016,0.16,,0.16,0.0,0.0
Yemen,YEM,2017,0.19,,0.19,0.0,0.0
Yemen,YEM,2018,0.48,,0.48,0.0,0.0
Yemen,YEM,2019,0.48,,0.48,0.0,0.0
Yemen,YEM,2020,0.49,,0.49,0.0,0.0
Yemen,YEM,2021,0.5,,0.5,0.0,0.0
Yemen,YEM,2022,0.51,,0.51,0.0,0.0
Yemen,YEM,2023,0.52,,0.52,0.0,0.0
Yemen,YEM,2024,0.59,,0.59,0.0,0.0
Zambia,ZMB,2000,7.67,,0.0,0.0,7.67
Zambia,ZMB,2001,7.89,,0.0,0.0,7.89
Zambia,ZMB,2002,8.1,,0.0,0.0,8.1
Zambia,ZMB,2003,8.26,,0.0,0.0,8.26
Zambia,ZMB,2004,8.46,,0.0,0.0,8.46
Zambia,ZMB,2005,8.88,,0.0,0.0,8.88
Zambia,ZMB,2006,9.67,,0.0,0.0,9.67
Zambia,ZMB,2007,9.63,,0.0,0.0,9.63
Zambia,ZMB,2008,9.52,,0.0,0.0,9.52
Zambia,ZMB,2009,9.88,,0.0,0.0,9.88
Zambia,ZMB,2010,10.44,,0.0,0.0,10.44
Zambia,ZMB,2011,11.48,,0.0,0.0,11.48
Zambia,ZMB,2012,12.35,,0.0,0.0,12.35
Zambia,ZMB,2013,13.28,,0.0,0.0,13.28
Zambia,ZMB,2014,14.11,,0.0,0.0,14.04
Zambia,ZMB,2015,13.11,,0.0,0.0,13.04
Zambia,ZMB,2016,11.1,,0.0,0.0,11.02
Zambia,ZMB,2017,12.57,,0.0,0.0,12.49
Zambia,ZMB,2018,13.78,,0.0,0.0,13.71
Zambia,ZMB,2019,12.52,,0.12,0.0,12.33
Zambia,ZMB,2020,13.02,,0.15,0.0,12.79
Zambia,ZMB,2021,16.3,,0.15,0.0,16.07
Zambia,ZMB,2022,17.31,,0.14,0.0,17.09
Zambia,ZMB,2023,17.32,,0.15,0.0,17.09
Zambia,ZMB,2024,17.25,,0.17,0.0,17.0
Zimbabwe,ZWE,2000,3.19,,0.0,0.0,3.19
Zimbabwe,ZWE,2001,2.96,,0.0,0.0,2.96
Zimbabwe,ZWE,2002,3.81,,0.0,0.0,3.81
Zimbabwe,ZWE,2003,5.34,,0.0,0.0,5.34
Zimbabwe,ZWE,2004,5.5,,0.0,0.0,5.5
Zimbabwe,ZWE,2005,4.91,,0.0,0.0,4.91
Zimbabwe,ZWE,2006,5.41,,0.0,0.0,5.31
Zimbabwe,ZWE,2007,5.44,,0.0,0.0,5.38
Zimbabwe,ZWE,2008,5.79,,0.0,0.0,5.71
Zimbabwe,ZWE,2009,5.52,,0.0,0.0,5.46
Zimbabwe,ZWE,2010,5.87,,0.0,0.0,5.8
Zimbabwe,ZWE,2011,5.29,,0.0,0.0,5.2
Zimbabwe,ZWE,2012,5.51,,0.0,0.0,5.39
Zimbabwe,ZWE,2013,5.13,,0.0,0.0,5.0
Zimbabwe,ZWE,2014,5.44,,0.0,0.0,5.43
Zimbabwe,ZWE,2015,5.04,,0.01,0.0,4.99
Zimbabwe,ZWE,2016,3.22,,0.01,0.0,2.98
Zimbabwe,ZWE,2017,4.13,,0.01,0.0,3.97
Zimbabwe,ZWE,2018,5.25,,0.01,0.0,5.05
Zimbabwe,ZWE,2019,4.38,,0.02,0.0,4.17
Zimbabwe,ZWE,2020,3.93,,0.02,0.0,3.81
Zimbabwe,ZWE,2021,6.06,,0.02,0.0,5.93
Zimbabwe,ZWE,2022,6.02,,0.03,0.0,5.88
Zimbabwe,ZWE,2023,5.61,,0.03,0.0,5.46
Zimbabwe,ZWE,2024,5.86,,0.04,0.0,5.7
